layer_id,profile_id,texture_class,alpha_kpa,n,thetar,thetas,sand,silt,clay,ksat_cmh,depth_cm,lat,lon,source_db,oc,porosity,bd,rmse,n_points,thetar_m,thetas_m,alpha_kpa_m,n_m,m,rmse_m,sample_type,sample_type_source
HB_FSUJ_001,HB_Friedrich_Schiller_Universitaet_Jena_51.1090_10.4120,silt loam,0.089178650309797,1.2180676993745987,6.879212307535997e-28,0.4294919552789784,15.8841158841159,70.1298701298701,13.986013986014,17.369557625000002,27.5,51.109,10.412,Hohenbrink,0.97,0.47,1.41,0.0208030300919734,15,1.022776442956841e-31,0.4305436382533327,0.0623138298569647,1.01,0.2372195251327161,0.0192339711475603,undisturbed,Hohenbrink et al. 2023: HYPROP and KSAT on undisturbed cores; WP4 dewpoint for the dry end
HB_FSUJ_002,HB_Friedrich_Schiller_Universitaet_Jena_51.1090_10.4120,silt loam,0.0549691548678235,1.2718297437010169,3.9412937477636956e-31,0.4544879227611667,13.2867132867133,67.6323676323676,19.0809190809191,48.95406479166667,27.5,51.109,10.412,Hohenbrink,1.08,0.5,1.32,0.0242879607801305,18,4.5297518604780626e-27,0.4557727582417125,0.0336695430884994,1.01,0.3138472788418527,0.0218221543706567,undisturbed,Hohenbrink et al. 2023: HYPROP and KSAT on undisturbed cores; WP4 dewpoint for the dry end
HB_FSUJ_003,HB_Friedrich_Schiller_Universitaet_Jena_51.1090_10.4130,silt loam,0.0612335974818099,1.280597813377138,9.764743520290438e-34,0.4403272297874541,10.0,74.3,15.7,28.826290458333332,27.5,51.109,10.413,Hohenbrink,1.0,0.48,1.38,0.0229789349330569,17,1.6912262889501734e-25,0.4430591577646149,0.0411446660389395,1.01,0.3136954347639405,0.0203968269430928,undisturbed,Hohenbrink et al. 2023: HYPROP and KSAT on undisturbed cores; WP4 dewpoint for the dry end
HB_FSUJ_004,HB_Friedrich_Schiller_Universitaet_Jena_51.1080_10.4130,silt loam,0.0038990577042451,1.773726780900051,0.0020298763996676,0.3248957996227128,8.99100899100899,69.5304695304695,21.4785214785215,2.9497740833333332,27.5,51.108,10.413,Hohenbrink,1.35,0.46,1.44,0.0189471917652247,9,0.0041002017380798,0.3381148088806448,0.0021010313240367,1.01,0.98,0.0150036627489554,undisturbed,Hohenbrink et al. 2023: HYPROP and KSAT on undisturbed cores; WP4 dewpoint for the dry end
HB_FSUJ_005,HB_Friedrich_Schiller_Universitaet_Jena_51.1080_10.4130,silt,0.0542738447401513,1.2703592435329316,1.5665323811947697e-30,0.394726792935293,13.2,84.4,2.4,9.32800475,27.5,51.108,10.413,Hohenbrink,0.88,0.45,1.45,0.0212783850950807,13,9.531366636619066e-29,0.3973619103224208,0.036661857945589,1.01,0.3008929817811772,0.0193611582871801,undisturbed,Hohenbrink et al. 2023: HYPROP and KSAT on undisturbed cores; WP4 dewpoint for the dry end
HB_FSUJ_006,HB_Friedrich_Schiller_Universitaet_Jena_51.1080_10.4130,silt,0.1116344429831568,1.246957461956395,1.902457126745855e-30,0.4704208831151138,7.4,85.7,6.9,12.583132166666667,27.5,51.108,10.413,Hohenbrink,1.28,0.52,1.26,0.0215480894050354,17,2.8706328242596145e-29,0.4723195905826187,0.0776559730778009,1.01,0.2722382548544614,0.019470827203579,undisturbed,Hohenbrink et al. 2023: HYPROP and KSAT on undisturbed cores; WP4 dewpoint for the dry end
HB_FSUJ_007,HB_Friedrich_Schiller_Universitaet_Jena_51.1080_10.4130,silty clay loam,0.1350117589985535,1.1927884758567482,3.3707079582395673e-31,0.4642102951949108,9.9,62.5,27.6,52.455225500000005,27.5,51.108,10.413,Hohenbrink,1.18,0.51,1.31,0.0247909407029206,13,4.933465309613997e-44,0.4643159680720605,0.092525673113315,1.01,0.2088184893701908,0.0234375185152125,undisturbed,Hohenbrink et al. 2023: HYPROP and KSAT on undisturbed cores; WP4 dewpoint for the dry end
HB_FSUJ_008,HB_Friedrich_Schiller_Universitaet_Jena_51.1090_10.4120,silt loam,0.0212106185781037,1.3735563924130132,8.385351763352354e-34,0.4021899612199732,9.7,70.4,19.9,3.7135455833333335,27.5,51.109,10.412,Hohenbrink,0.94,0.45,1.47,0.0205540349682972,13,5.0372282619341565e-27,0.4047354554654287,0.0103319101218107,1.01,0.4690283885396344,0.0167639074881682,undisturbed,Hohenbrink et al. 2023: HYPROP and KSAT on undisturbed cores; WP4 dewpoint for the dry end
HB_FSUJ_009,HB_Friedrich_Schiller_Universitaet_Jena_51.1090_10.4120,silt loam,0.0575109684607444,1.2827699878905574,4.162344982363078e-28,0.4287043633407348,8.40840840840841,69.3693693693694,22.2222222222222,77.58696404166666,27.5,51.109,10.412,Hohenbrink,1.08,0.47,1.4,0.0201254613263472,15,2.829033194985292e-30,0.4310477706713839,0.0371341738994831,1.01,0.3206493923906485,0.0176026470111589,undisturbed,Hohenbrink et al. 2023: HYPROP and KSAT on undisturbed cores; WP4 dewpoint for the dry end
HB_FSUJ_010,HB_Friedrich_Schiller_Universitaet_Jena_51.1090_10.4120,silt loam,0.0059121231543903,1.3746375072739796,3.4805537879936595e-17,0.4440399034033216,22.6,63.1,14.3,,27.5,51.109,10.412,Hohenbrink,1.02,0.47,1.41,0.0156148985836155,9,4.095413038786323e-20,0.4484636995546127,0.0037017108898862,1.01,0.42337255924056,0.0132875623587904,undisturbed,Hohenbrink et al. 2023: HYPROP and KSAT on undisturbed cores; WP4 dewpoint for the dry end
HB_FSUJ_011,HB_Friedrich_Schiller_Universitaet_Jena_51.1090_10.4120,silt loam,0.0349568833001457,1.2699036098048946,8.577352514527799e-51,0.4195372432063023,33.2,66.7,0.1,18.611816333333337,27.5,51.109,10.412,Hohenbrink,1.04,0.48,1.38,0.0265700532964905,13,3.9333112375861665e-120,0.4126041771114188,0.0073917960402168,1.01,0.4383766916792645,0.0237105624413701,undisturbed,Hohenbrink et al. 2023: HYPROP and KSAT on undisturbed cores; WP4 dewpoint for the dry end
HB_FSUJ_012,HB_Friedrich_Schiller_Universitaet_Jena_51.1090_10.4120,silt loam,0.0367727005906696,1.281384037971343,5.029072332515131e-32,0.4135395120092417,11.6116116116116,69.8698698698699,18.5185185185185,2.5691458333333332,27.5,51.109,10.412,Hohenbrink,1.28,0.45,1.46,0.0233695625403927,14,1.1137316228634587e-30,0.4148949404003771,0.0216455098923998,1.01,0.3272595778654965,0.0210382162254592,undisturbed,Hohenbrink et al. 2023: HYPROP and KSAT on undisturbed cores; WP4 dewpoint for the dry end
HB_FSUJ_013,HB_Friedrich_Schiller_Universitaet_Jena_51.1090_10.4120,silty clay loam,0.0060277045030474,1.419865742012297,7.074016523272802e-13,0.4052095217352766,9.4,63.3,27.3,8.313592958333333,27.5,51.109,10.412,Hohenbrink,1.53,0.47,1.41,0.0195788077735329,10,0.0472806360252956,0.4089356872700364,0.0018808961039613,1.01,0.9162989799524978,0.0171215281942221,undisturbed,Hohenbrink et al. 2023: HYPROP and KSAT on undisturbed cores; WP4 dewpoint for the dry end
HB_FSUJ_014,HB_Friedrich_Schiller_Universitaet_Jena_51.1090_10.4120,silt loam,0.0352864330094951,1.3113071387103838,5.6674884957295e-34,0.4030386299105042,11.1,72.5,16.4,33.86793816666667,27.5,51.109,10.412,Hohenbrink,0.93,0.46,1.42,0.02653461630269,15,1.3775118717180845e-30,0.4056949042274746,0.0212329162577205,1.01,0.3621804033163573,0.0240531348878376,undisturbed,Hohenbrink et al. 2023: HYPROP and KSAT on undisturbed cores; WP4 dewpoint for the dry end
HB_FSUJ_015,HB_Friedrich_Schiller_Universitaet_Jena_51.1090_10.4120,silt loam,0.4207950005960124,1.0799954890480368,2.6581190267442228e-11,0.4857997136028185,12.6126126126126,74.1741741741742,13.2132132132132,12.583132166666667,27.5,51.109,10.412,Hohenbrink,0.96,0.49,1.36,0.0033467283160976,16,2.6325091868246244e-14,0.4862253953111784,0.3882376571609793,1.01,0.0809875881536745,0.003199704038209,undisturbed,Hohenbrink et al. 2023: HYPROP and KSAT on undisturbed cores; WP4 dewpoint for the dry end
HB_FSUJ_016,HB_Friedrich_Schiller_Universitaet_Jena_51.1090_10.4120,silt loam,0.0057557388399806,1.4477151622891502,1.2904374260817828e-38,0.5445752630609348,8.608608608608609,75.57557557557558,15.815815815815798,15.480634541666667,27.5,51.109,10.412,Hohenbrink,1.25,0.59,1.09,0.0280601406163077,13,0.0559578328568968,0.5500325529677081,0.0016916232680386,1.01,0.9799999999999996,0.0237013756986999,undisturbed,Hohenbrink et al. 2023: HYPROP and KSAT on undisturbed cores; WP4 dewpoint for the dry end
HB_FSUJ_017,HB_Friedrich_Schiller_Universitaet_Jena_51.1080_10.4130,silt loam,0.0349376133082044,1.2410713828921172,8.094311252809611e-35,0.4862511243571746,15.2,61.8,23.0,28.826290458333332,27.5,51.108,10.413,Hohenbrink,1.24,0.52,1.28,0.0235517313887948,10,6.583223678331866e-32,0.4879419208142373,0.0219990420894864,1.01,0.2755575778423544,0.0209561848641993,undisturbed,Hohenbrink et al. 2023: HYPROP and KSAT on undisturbed cores; WP4 dewpoint for the dry end
HB_FSUJ_018,HB_Friedrich_Schiller_Universitaet_Jena_51.1080_10.4130,silt,0.1412777386199389,1.2141213422977597,1.8879372933785133e-22,0.4081209780105434,9.2,80.2,10.6,23.430888541666665,27.5,51.108,10.413,Hohenbrink,1.11,0.46,1.44,0.0139790100775478,19,4.5122583527749444e-18,0.4094929806514373,0.1090900440327494,1.0100000000000242,0.2269216433438964,0.0129015066655095,undisturbed,Hohenbrink et al. 2023: HYPROP and KSAT on undisturbed cores; WP4 dewpoint for the dry end
HB_FSUJ_019,HB_Friedrich_Schiller_Universitaet_Jena_51.1090_10.4130,silt loam,0.0358457350846676,1.304729963944105,1.6491982867580916e-27,0.4181148203750647,8.3,77.2,14.5,52.455225500000005,27.5,51.109,10.413,Hohenbrink,0.92,0.45,1.46,0.0219612920572567,19,4.326985118397563e-28,0.419268059560707,0.0199456754179092,1.01,0.3647719524428985,0.0196662725077698,undisturbed,Hohenbrink et al. 2023: HYPROP and KSAT on undisturbed cores; WP4 dewpoint for the dry end
HB_FSUJ_020,HB_Friedrich_Schiller_Universitaet_Jena_51.1080_10.4120,silt,0.0239395773686199,1.3568639090191277,4.493833605372933e-30,0.4217791143476678,10.6,85.2,4.2,74.09497541666667,27.5,51.108,10.412,Hohenbrink,0.78,0.46,1.43,0.0179670483673139,13,3.2504033322120957e-20,0.4245411497925008,0.0118877468478654,1.01,0.4568449349718056,0.0144868483632781,undisturbed,Hohenbrink et al. 2023: HYPROP and KSAT on undisturbed cores; WP4 dewpoint for the dry end
HB_FSUJ_022,HB_Friedrich_Schiller_Universitaet_Jena_46.2115_-75.0475,sandy loam,0.9663701296809188,1.1371827375242909,4.025536989396963e-20,0.6558281406731672,61.4,38.5,0.1,104.66193466666664,27.5,46.2115,-75.0475,Hohenbrink,5.38,0.71,0.76,0.0144739720218161,14,2.2875381410918092e-20,0.660675797417487,0.9171239163239,1.0100000000000189,0.1388757284992323,0.0141649895989274,undisturbed,Hohenbrink et al. 2023: HYPROP and KSAT on undisturbed cores; WP4 dewpoint for the dry end
HB_FSUJ_023,HB_Friedrich_Schiller_Universitaet_Jena_46.2115_-75.0475,loamy sand,0.2371408173358502,1.3594190900572245,0.0077337781919116,0.4687286215308159,75.3,24.6,0.1,2.752889375,27.5,46.2115,-75.0475,Hohenbrink,1.38,0.53,1.24,0.0081216227734966,12,4.865780722850197e-20,0.4537405175263374,0.3326483205109683,3.192670702996212,0.093712450568624,0.0039647895088868,undisturbed,Hohenbrink et al. 2023: HYPROP and KSAT on undisturbed cores; WP4 dewpoint for the dry end
HB_FSUJ_024,HB_Friedrich_Schiller_Universitaet_Jena_46.2115_-75.0475,silt loam,0.0520486407444242,1.3752889353155178,1.834114894696852e-19,0.5966194851554618,19.8,70.0,10.2,213.69224333333332,27.5,46.2115,-75.0475,Hohenbrink,2.13,0.66,0.91,0.0153039323731181,18,6.783133675882526e-16,0.60220325216909,0.031724548505626,1.0100000000000104,0.4397935374091254,0.0109495268330083,undisturbed,Hohenbrink et al. 2023: HYPROP and KSAT on undisturbed cores; WP4 dewpoint for the dry end
HB_FSUJ_025,HB_Friedrich_Schiller_Universitaet_Jena_46.2115_-75.0475,loam,0.1505794760822959,1.2448335074764956,2.9963812981896253e-25,0.5964902773577324,45.5,38.2,16.3,37.13545575,27.5,46.2115,-75.0475,Hohenbrink,2.14,0.67,0.87,0.0126816490454571,12,8.769373262076669e-25,0.6028580956826399,0.1129764623747612,1.01,0.2687633955429186,0.0105397946459076,undisturbed,Hohenbrink et al. 2023: HYPROP and KSAT on undisturbed cores; WP4 dewpoint for the dry end
HB_FSUJ_026,HB_Friedrich_Schiller_Universitaet_Jena_46.2115_-75.0475,loam,0.0601935285626685,1.251192389014812,3.7111241675584513e-34,0.660791044205754,39.9,47.7,12.4,4.363035625,27.5,46.2115,-75.0475,Hohenbrink,7.73,0.72,0.73,0.0290151748066966,13,1.7613476416116938e-25,0.6651172289609887,0.0411410918578459,1.01,0.2832636330273629,0.0254726479774423,undisturbed,Hohenbrink et al. 2023: HYPROP and KSAT on undisturbed cores; WP4 dewpoint for the dry end
HB_FSUJ_028,HB_Friedrich_Schiller_Universitaet_Jena_46.2115_-75.0475,sandy loam,0.3762505318455987,1.184369570858253,5.902580694692464e-23,0.6392029297525058,67.1,27.6,5.3,42.637208,27.5,46.2115,-75.0475,Hohenbrink,9.28,0.8,0.54,0.0226319318848867,15,2.5225197905991697e-22,0.6420053381409981,0.30049115601117,1.01,0.1947304649788016,0.0211253485034323,undisturbed,Hohenbrink et al. 2023: HYPROP and KSAT on undisturbed cores; WP4 dewpoint for the dry end
HB_FSUJ_029,HB_Friedrich_Schiller_Universitaet_Jena_46.2115_-75.0475,sandy loam,0.086738378050376,1.3104255394497974,1.2787332718263656e-21,0.7431845711000944,57.8,35.2,7.0,4.363035625,27.5,46.2115,-75.0475,Hohenbrink,9.91,0.79,0.56,0.0209491336976731,16,8.86343593591728e-21,0.7468569812986556,0.0498841346858457,1.01,0.377845072099491,0.0157866671484716,undisturbed,Hohenbrink et al. 2023: HYPROP and KSAT on undisturbed cores; WP4 dewpoint for the dry end
HB_FSUJ_030,HB_Friedrich_Schiller_Universitaet_Jena_46.2115_-75.0475,sandy loam,0.6926729105046173,1.1244801015794432,4.688666507103699e-21,0.7068965053503753,62.8,37.1,0.1,18.188159666666667,27.5,46.2115,-75.0475,Hohenbrink,8.5,0.8,0.54,0.003155592600906,11,1.2441843004563111e-11,0.7105351329091508,0.6352417941321966,1.01,0.1275937202178176,0.0027025750734294,undisturbed,Hohenbrink et al. 2023: HYPROP and KSAT on undisturbed cores; WP4 dewpoint for the dry end
HB_FSUJ_031,HB_Friedrich_Schiller_Universitaet_Jena_46.2115_-75.0475,sandy loam,0.297857805024462,1.1815474167402171,0.0223874450503905,0.7625394517250643,52.05205205205204,38.03803803803804,9.90990990990992,30.184831666666668,27.5,46.2115,-75.0475,Hohenbrink,9.24,0.82,0.47,0.0082258754854366,13,4.345264095998319e-25,0.7512682957890365,0.3699168666664983,1.8724048087108136,0.0860227076012554,0.0069536370226192,undisturbed,Hohenbrink et al. 2023: HYPROP and KSAT on undisturbed cores; WP4 dewpoint for the dry end
HB_FSUJ_032,HB_Friedrich_Schiller_Universitaet_Jena_46.2115_-75.0475,sandy loam,0.4762880563071963,1.1793283419129397,0.0573747176155241,0.8010945917716327,69.2,28.6,2.2,41.666666666666664,27.5,46.2115,-75.0475,Hohenbrink,12.29,0.84,0.43,0.004574709599777,12,6.005687929360682e-21,0.7893019691583797,0.5888371696899609,1.7251438984213483,0.0861573678867689,0.0033969850538658,undisturbed,Hohenbrink et al. 2023: HYPROP and KSAT on undisturbed cores; WP4 dewpoint for the dry end
HB_FSUJ_033,HB_Friedrich_Schiller_Universitaet_Jena_46.2115_-75.0475,silt loam,0.2855688932829741,1.1494717057461217,1.763377012395644e-17,0.7787975186429569,20.6,71.6,7.8,3.0887926666666665,27.5,46.2115,-75.0475,Hohenbrink,11.44,0.83,0.45,0.009599572032021,12,2.9673752340056023e-28,0.7780592356826294,0.2921564718413491,1.18096867791347,0.1256019531805693,0.0095972409446464,undisturbed,Hohenbrink et al. 2023: HYPROP and KSAT on undisturbed cores; WP4 dewpoint for the dry end
HB_FSUJ_034,HB_Friedrich_Schiller_Universitaet_Jena_46.2115_-75.0475,silt loam,0.2027094357951253,1.236912969505273,2.9388391643175244e-25,0.6015514962100841,20.5,60.3,19.2,35.46408491666667,27.5,46.2115,-75.0475,Hohenbrink,4.2,0.67,0.88,0.0147738463793919,13,9.459684892541383e-21,0.6084640343310567,0.1608606672729381,1.01,0.2534052273587085,0.0125511484100566,undisturbed,Hohenbrink et al. 2023: HYPROP and KSAT on undisturbed cores; WP4 dewpoint for the dry end
HB_FSUJ_035,HB_Friedrich_Schiller_Universitaet_Jena_46.2115_-75.0475,silt,0.0411645431443131,1.3909340057082331,2.5956596749668987e-19,0.593492562247827,8.3,84.2,7.5,5.367706458333333,27.5,46.2115,-75.0475,Hohenbrink,1.19,0.65,0.93,0.0113433917242539,14,0.0172839982369007,0.6005405394412724,0.0201865302090826,1.01,0.5510430001567265,0.0078090862349897,undisturbed,Hohenbrink et al. 2023: HYPROP and KSAT on undisturbed cores; WP4 dewpoint for the dry end
HB_FSUJ_037,HB_Friedrich_Schiller_Universitaet_Jena_46.2115_-75.0475,silt loam,0.0410089341829159,1.335096960941306,2.8461270702874105e-30,0.5366764885905109,7.6,77.0,15.4,12.876230958333332,27.5,46.2115,-75.0475,Hohenbrink,1.69,0.63,0.98,0.0206004870253094,17,2.2900582680293303e-20,0.540012316806589,0.0224297130040629,1.01,0.4205737039513608,0.0162466297866309,undisturbed,Hohenbrink et al. 2023: HYPROP and KSAT on undisturbed cores; WP4 dewpoint for the dry end
HB_FSUJ_038,HB_Friedrich_Schiller_Universitaet_Jena_46.2115_-75.0475,silt,0.0720433266410748,1.2983963218229435,8.529853871447887e-22,0.5798238258650803,12.1,81.2,6.7,223.7632485,27.5,46.2115,-75.0475,Hohenbrink,1.55,0.69,0.81,0.010553456890167,15,9.57957618597243e-19,0.585023420889858,0.0490260117418683,1.01,0.3374932181966237,0.006945748606723,undisturbed,Hohenbrink et al. 2023: HYPROP and KSAT on undisturbed cores; WP4 dewpoint for the dry end
HB_FSUJ_039,HB_Friedrich_Schiller_Universitaet_Jena_46.2115_-75.0475,silt loam,0.0267001691922068,1.3833072719911832,1.481277735688311e-21,0.578837093208748,7.3,70.1,22.6,7.409497541666667,27.5,46.2115,-75.0475,Hohenbrink,1.76,0.64,0.95,0.0149798712416143,13,1.5219280299008664e-18,0.585789238447983,0.0148833838263573,1.0100000000000002,0.4748729214559977,0.0096358816506546,undisturbed,Hohenbrink et al. 2023: HYPROP and KSAT on undisturbed cores; WP4 dewpoint for the dry end
HB_FSUJ_040,HB_Friedrich_Schiller_Universitaet_Jena_46.2115_-75.0475,silt loam,0.2569801795669852,1.2153249333121827,1.2115531314571127e-20,0.5654521322681131,22.2777222777223,65.2347652347652,12.4875124875125,173.6955764583333,27.5,46.2115,-75.0475,Hohenbrink,3.84,0.67,0.87,0.0148256342359408,16,6.681696194893956e-20,0.5690523078149967,0.2071166161683411,1.010000000000001,0.2266936297224001,0.0139766610913923,undisturbed,Hohenbrink et al. 2023: HYPROP and KSAT on undisturbed cores; WP4 dewpoint for the dry end
HB_FSUJ_041,HB_Friedrich_Schiller_Universitaet_Jena_46.2115_-75.0475,silt loam,0.0912037786042132,1.2477367632032232,6.737782580072283e-24,0.6067215607040705,26.5,51.0,22.5,616.29516175,27.5,46.2115,-75.0475,Hohenbrink,4.59,0.67,0.88,0.0139141877699853,21,1.2610835582077456e-20,0.6087531345541781,0.0629338237320545,1.01,0.2759232886388229,0.0108049625049846,undisturbed,Hohenbrink et al. 2023: HYPROP and KSAT on undisturbed cores; WP4 dewpoint for the dry end
HB_FSUJ_043,HB_Friedrich_Schiller_Universitaet_Jena_46.2115_-75.0475,silt loam,0.0744300179144722,1.3778620600766525,4.492158280113619e-15,0.5346441133344424,8.6,76.9,14.5,112.1472835,27.5,46.2115,-75.0475,Hohenbrink,3.93,0.68,0.86,0.0125862732668176,17,0.0178578064884992,0.5391163842816743,0.0361802956575378,1.01,0.5285980248879536,0.0080515301120456,undisturbed,Hohenbrink et al. 2023: HYPROP and KSAT on undisturbed cores; WP4 dewpoint for the dry end
HB_FSUJ_044,HB_Friedrich_Schiller_Universitaet_Jena_46.2115_-75.0475,silt loam,0.1105373595000446,1.2928440039092677,5.719682697828556e-12,0.6057071580049276,13.5,66.8,19.7,8.908175375,27.5,46.2115,-75.0475,Hohenbrink,4.77,0.67,0.87,0.007145688724412,18,2.540898771022687e-16,0.608030040126773,0.0946055841070298,1.1351399819447627,0.2713382459754928,0.0068358982907461,undisturbed,Hohenbrink et al. 2023: HYPROP and KSAT on undisturbed cores; WP4 dewpoint for the dry end
HB_FSUJ_045,HB_Friedrich_Schiller_Universitaet_Jena_46.2115_-75.0475,silt loam,0.141520536364726,1.270706505322532,2.6842293666150737e-30,0.6214496373255674,8.1,78.8,13.1,89.08175375,27.5,46.2115,-75.0475,Hohenbrink,5.07,0.69,0.81,0.0172388695884732,15,1.3318650611153806e-16,0.6279868052139811,0.1028328572911167,1.0100000000000058,0.2985814588401461,0.0142256962071639,undisturbed,Hohenbrink et al. 2023: HYPROP and KSAT on undisturbed cores; WP4 dewpoint for the dry end
HB_FSUJ_046,HB_Friedrich_Schiller_Universitaet_Jena_46.2115_-75.0475,silt loam,0.0966354958576276,1.2932129777507195,1.878235926751529e-17,0.6395506857232014,12.6,77.2,10.2,15.480634541666667,27.5,46.2115,-75.0475,Hohenbrink,1.75,0.71,0.78,0.0099388739325656,16,7.245778735517737e-20,0.6449020047348972,0.0672881444497268,1.0100000000013518,0.3273861687908762,0.0074244868158385,undisturbed,Hohenbrink et al. 2023: HYPROP and KSAT on undisturbed cores; WP4 dewpoint for the dry end
HB_FSUJ_047,HB_Friedrich_Schiller_Universitaet_Jena_46.2115_-75.0475,silt loam,0.1211031248677886,1.2817900976917969,4.0609395176126306e-27,0.658839813182631,16.5,74.8,8.7,25.691458416666663,27.5,46.2115,-75.0475,Hohenbrink,1.79,0.67,0.87,0.0100838508313975,14,8.05080929489764e-22,0.666383225949656,0.0886858818644811,1.01,0.3101790578657705,0.0073124811815575,undisturbed,Hohenbrink et al. 2023: HYPROP and KSAT on undisturbed cores; WP4 dewpoint for the dry end
HB_FSUJ_048,HB_Friedrich_Schiller_Universitaet_Jena_46.2115_-75.0475,silt loam,0.1296682874694517,1.239093709538068,1.8932661725304283e-28,0.603461974330279,8.0,77.9,14.1,41.666666666666664,27.5,46.2115,-75.0475,Hohenbrink,1.64,0.65,0.92,0.0048919576199756,16,2.2688645569387803e-19,0.6082871744400921,0.1019188755487922,1.0100000018002602,0.2548983644290627,0.0035769897306544,undisturbed,Hohenbrink et al. 2023: HYPROP and KSAT on undisturbed cores; WP4 dewpoint for the dry end
HB_FSUJ_049,HB_Friedrich_Schiller_Universitaet_Jena_46.2115_-75.0475,silt loam,0.0327637791488715,1.394453438912581,0.0236023796393871,0.5481987003524077,19.3806193806194,60.7392607392607,19.8801198801199,,27.5,46.2115,-75.0475,Hohenbrink,1.14,0.61,1.03,0.018187829642434,15,0.0469375952634351,0.5523287125135976,0.0120392428713771,1.01,0.6754401332545708,0.0138131737473199,undisturbed,Hohenbrink et al. 2023: HYPROP and KSAT on undisturbed cores; WP4 dewpoint for the dry end
HB_KIT_001,HB_Karlsruher_Institut_fuer_Technologie_50.7492_13.6744,silt loam,2.1668140679699093,1.161497480490009,1.1854311707653905e-18,0.5872905934730268,22.8,53.6,23.6,,,50.74916,13.674412,Hohenbrink,4.55,0.64,0.95,0.0185868379869314,18,5.139841493190171e-94,0.5788508124673204,3.068607421431335,4.146165523270268,0.0354824892505652,0.0181556659877606,undisturbed,Hohenbrink et al. 2023: HYPROP and KSAT on undisturbed cores; WP4 dewpoint for the dry end
HB_KIT_002,HB_Karlsruher_Institut_fuer_Technologie_49.7076_5.8952,sandy loam,0.347169771676625,1.6447695127497948,0.0080000009999999,0.5764782007625621,74.5,10.9,14.6,48.95406479166667,42.5,49.707583,5.895247,Hohenbrink,0.92,0.57,1.13,0.0280798518572155,14,0.0080000009999999,0.5511993692871505,0.4859873267918744,10.999999999392278,0.0490668418999082,0.0187335164977106,undisturbed,Hohenbrink et al. 2023: HYPROP and KSAT on undisturbed cores; WP4 dewpoint for the dry end
HB_KIT_003,HB_Karlsruher_Institut_fuer_Technologie_49.7503_5.8680,silt loam,0.0396440445256071,1.289166394704321,8.96315438733224e-18,0.4381869370921667,15.7,60.4,23.9,21.8669775,12.5,49.75031,5.868029,Hohenbrink,1.16,0.45,1.47,0.011216274724434,17,2.4816485925265293e-14,0.4408691729823182,0.0281332893352552,1.01,0.3121905359436328,0.0089887875952039,undisturbed,Hohenbrink et al. 2023: HYPROP and KSAT on undisturbed cores; WP4 dewpoint for the dry end
HB_KIT_004,HB_Karlsruher_Institut_fuer_Technologie_nan_nan,loamy sand,0.2120136952936939,3.7879671168657527,0.1323500009999998,0.4091109485542836,81.9,7.1,11.0,,,,,Hohenbrink,1.48,0.41,1.57,0.0070908062661392,10,0.1268350281640972,0.406517971174945,0.3082532438411691,10.99999973969723,0.1425322724477105,0.0014177728239203,undisturbed,Hohenbrink et al. 2023: HYPROP and KSAT on undisturbed cores; WP4 dewpoint for the dry end
HB_KIT_005,HB_Karlsruher_Institut_fuer_Technologie_49.8096_5.8029,silty clay loam,0.104845643454283,1.259644992716928,5.78215597701995e-26,0.4411357008167572,19.9,44.3,35.8,165.87798775000002,4.5,49.809598,5.802939,Hohenbrink,2.9,0.56,1.17,0.0211073765506426,16,7.9036205306143005e-22,0.4448894333558251,0.0803203369703683,1.01,0.2750380845402669,0.0189320360433185,undisturbed,Hohenbrink et al. 2023: HYPROP and KSAT on undisturbed cores; WP4 dewpoint for the dry end
HB_KIT_006,HB_Karlsruher_Institut_fuer_Technologie_49.7503_5.8680,silt loam,0.0651313719575814,1.2411701503714383,1.0469004627624257e-24,0.5654926192597517,15.1,58.1,26.8,16.587798791666668,4.5,49.75031,5.868029,Hohenbrink,2.97,0.58,1.12,0.0096378497880432,14,3.206598562149665e-20,0.5686529873297287,0.0491181690598069,1.01,0.2542256117729965,0.0080002462112818,undisturbed,Hohenbrink et al. 2023: HYPROP and KSAT on undisturbed cores; WP4 dewpoint for the dry end
HB_KIT_007,HB_Karlsruher_Institut_fuer_Technologie_49.8256_5.8028,silty clay loam,0.2038897029518377,1.8213370936440532,0.0175000009999999,0.4280449463457351,13.313313313313312,47.047047047047045,39.63963963963964,81.24352499999999,12.5,49.825617,5.802813,Hohenbrink,3.83,0.45,1.47,0.0205922135315489,18,0.0175000009999999,0.4217188870724062,0.3163791412644192,10.120825403796998,0.0636787788984616,0.0154238904773946,undisturbed,Hohenbrink et al. 2023: HYPROP and KSAT on undisturbed cores; WP4 dewpoint for the dry end
HB_KIT_008,HB_Karlsruher_Institut_fuer_Technologie_49.7164_5.9047,clay,0.0273268170514097,1.3835014210651146,3.992438925275473e-23,0.5358544215760201,40.0,18.9,41.1,11.743262208333334,12.5,49.716359,5.90473,Hohenbrink,4.25,0.54,1.21,0.0061991279682551,9,1.1789291384762757e-18,0.5436031685052958,0.0171462620283771,1.0100000000000944,0.4161015430569151,0.0034584107844979,undisturbed,Hohenbrink et al. 2023: HYPROP and KSAT on undisturbed cores; WP4 dewpoint for the dry end
HB_KIT_009,HB_Karlsruher_Institut_fuer_Technologie_49.8260_5.8034,silty clay,0.4748291703726356,1.235869782320462,2.9605619555059673e-19,0.6648428953816103,4.5,55.5,40.0,177.74146616666667,12.5,49.825977,5.803403,Hohenbrink,4.27,0.66,0.89,0.0114696434605921,14,1.1136188350487423e-20,0.6683303124543276,0.4503282736421168,1.1349801576837977,0.2115588416332484,0.0114191500800475,undisturbed,Hohenbrink et al. 2023: HYPROP and KSAT on undisturbed cores; WP4 dewpoint for the dry end
HB_KIT_010,HB_Karlsruher_Institut_fuer_Technologie_49.1353_8.7441,silty clay loam,0.2531608147253656,1.2285934575372583,2.518661868302013e-21,0.4794066502780154,8.4,63.3,28.3,,,49.135256,8.744089,Hohenbrink,2.78,0.49,1.34,0.0134752172954527,13,1.3148168101417852e-16,0.4839174694149553,0.208121901733791,1.0100000000000524,0.2357163760979346,0.0120117135398079,undisturbed,Hohenbrink et al. 2023: HYPROP and KSAT on undisturbed cores; WP4 dewpoint for the dry end
HB_KIT_011,HB_Karlsruher_Institut_fuer_Technologie_49.7084_5.8953,sandy loam,0.1444547588527036,1.647872720615548,0.0177000009999998,0.4713416939374178,77.5,11.7,10.8,181.88159675,4.5,49.70835,5.895283,Hohenbrink,1.6,0.49,1.34,0.0159651528898963,13,0.0148437368134374,0.4563140349340678,0.2305273931994449,10.99999999999617,0.0454961210897491,0.0069991830770611,undisturbed,Hohenbrink et al. 2023: HYPROP and KSAT on undisturbed cores; WP4 dewpoint for the dry end
HB_KIT_012,HB_Karlsruher_Institut_fuer_Technologie_49.7130_5.8969,sandy loam,0.4407075446308018,1.2661311225746723,2.2706089698468807e-19,0.4320195491145418,62.7,19.5,17.8,18.188159666666667,13.5,49.713042,5.89689,Hohenbrink,0.75,0.46,1.42,0.0083545321052325,14,2.1365192086558324e-33,0.4268724668822176,0.4799165516252324,1.5520706098484782,0.1664021619959313,0.0082476310925747,undisturbed,Hohenbrink et al. 2023: HYPROP and KSAT on undisturbed cores; WP4 dewpoint for the dry end
HB_KIT_013,HB_Karlsruher_Institut_fuer_Technologie_49.8073_5.8057,silty clay,0.659866589251985,1.3304929931975775,0.0051999832518878,0.7419731291987363,15.484515484515486,41.658341658341655,42.857142857142854,269.02259541666666,4.5,49.807317,5.80571,Hohenbrink,19.26,0.86,0.37,0.0100740784994365,12,4.1590901362472915e-21,0.711799564762395,0.7130619021601418,2.0269887591041513,0.1510396661844792,0.0088944797791316,undisturbed,Hohenbrink et al. 2023: HYPROP and KSAT on undisturbed cores; WP4 dewpoint for the dry end
HB_KIT_014,HB_Karlsruher_Institut_fuer_Technologie_49.8068_5.8046,silty clay loam,3.038062172187498,1.2251055328908769,1.3310163236590767e-20,0.6747503150028863,7.9,52.7,39.4,954.5281886666668,4.5,49.806808,5.804593,Hohenbrink,8.55,0.78,0.59,0.0080580220734373,13,0.0049578330136595,0.6918192092518526,2.8661917101243564,1.01,0.2348425748564185,0.0073735247723787,undisturbed,Hohenbrink et al. 2023: HYPROP and KSAT on undisturbed cores; WP4 dewpoint for the dry end
HB_KIT_015,HB_Karlsruher_Institut_fuer_Technologie_49.7076_5.8952,sandy loam,0.2870361781225408,1.6674558449909922,0.0068000009999998,0.5510960259128299,74.6,11.0,14.4,25.691458416666663,52.5,49.707583,5.895247,Hohenbrink,0.79,0.54,1.21,0.0248317572492034,14,0.0068000009999999,0.5337429950342165,0.4433415528225238,10.999999998195674,0.0483797366780362,0.0146341433736453,undisturbed,Hohenbrink et al. 2023: HYPROP and KSAT on undisturbed cores; WP4 dewpoint for the dry end
HB_KIT_016,HB_Karlsruher_Institut_fuer_Technologie_49.0161_8.5129,silt loam,0.0596230379004654,1.353559665175968,2.187671279136309e-17,0.4517977823969878,30.5,51.2,18.3,8.313592958333333,,49.016062,8.512867,Hohenbrink,2.92,0.46,1.42,0.0065773806645974,17,1.192661156544011e-13,0.4557785316723767,0.0394705381290592,1.0100000000000162,0.3931851204660774,0.0036324319189711,undisturbed,Hohenbrink et al. 2023: HYPROP and KSAT on undisturbed cores; WP4 dewpoint for the dry end
HB_KIT_017,HB_Karlsruher_Institut_fuer_Technologie_49.8256_5.8028,clay loam,0.2410601279715029,1.9726290911189497,0.0029000009999999,0.3031934570275167,37.53753753753754,34.83483483483484,27.627627627627625,,3.5,49.825617,5.802813,Hohenbrink,9.07,0.4,1.6,0.0099607227173808,14,0.0029000009999999,0.2952688428312541,0.3831968293533837,6.360747853249031,0.1115362121751493,0.0061286450001874,undisturbed,Hohenbrink et al. 2023: HYPROP and KSAT on undisturbed cores; WP4 dewpoint for the dry end
HB_KIT_018,HB_Karlsruher_Institut_fuer_Technologie_49.7677_5.9531,clay,0.0673778559741078,1.282245644708476,4.933619574907858e-23,0.6518293747437272,8.208208208208218,37.23723723723724,54.55455455455454,281.70123975,4.5,49.767683,5.953117,Hohenbrink,8.32,0.71,0.78,0.0112098425647609,10,1.5181083966303673e-20,0.6638279811176669,0.0554523358655768,1.01,0.2952386705266132,0.0084114890980014,undisturbed,Hohenbrink et al. 2023: HYPROP and KSAT on undisturbed cores; WP4 dewpoint for the dry end
HB_KIT_019,HB_Karlsruher_Institut_fuer_Technologie_34.9634_135.9950,sandy loam,3.5777798086878807,1.20086919323956,3.796131324639937e-20,0.5263171285892593,67.8678678678679,13.013013013013,19.1191191191191,58.855731041666665,,34.963426,135.995046,Hohenbrink,1.15,0.47,1.4,0.0146075686330612,14,8.742512959571236e-37,0.4407519469043166,1.6199492953952506,9.87324830329539,0.0200000000003956,0.0137749948572379,undisturbed,Hohenbrink et al. 2023: HYPROP and KSAT on undisturbed cores; WP4 dewpoint for the dry end
HB_KIT_020,HB_Karlsruher_Institut_fuer_Technologie_48.9365_8.4861,silt loam,0.053248316603369,1.3419942299137675,2.4998026110700153e-21,0.5883957893433142,9.090909090909092,67.73226773226772,23.1768231768232,2.1369224166666667,,48.93655,8.486083,Hohenbrink,4.01,0.6,1.05,0.0132010797617608,19,2.2768940970381033e-15,0.5925226308328736,0.035320420073771,1.01,0.3798396322105395,0.0089484524262426,undisturbed,Hohenbrink et al. 2023: HYPROP and KSAT on undisturbed cores; WP4 dewpoint for the dry end
HB_KIT_021,HB_Karlsruher_Institut_fuer_Technologie_49.8256_5.8028,clay loam,0.3692100668788823,1.2226344352922094,1.3629549691602194e-19,0.5909516738850534,20.2,44.2,35.6,39.79135775,14.5,49.825617,5.802813,Hohenbrink,4.19,0.61,1.03,0.0143680228937832,18,2.0054703069024638e-17,0.5952558678883156,0.3078214002231773,1.0100000000501934,0.2313652989197389,0.0140450500307436,undisturbed,Hohenbrink et al. 2023: HYPROP and KSAT on undisturbed cores; WP4 dewpoint for the dry end
HB_KIT_022,HB_Karlsruher_Institut_fuer_Technologie_49.8078_5.8060,silty clay loam,1.371446359281549,1.2014084063465096,2.3298165021960053e-17,0.5626358925982243,8.4,54.8,36.8,199.429205125,4.5,49.807812,5.805961,Hohenbrink,4.69,0.6,1.07,0.0129843200830008,17,1.2959535910315412e-21,0.5489307678842077,1.641695631556353,2.791594714906932,0.0674497753267427,0.0106895141768367,undisturbed,Hohenbrink et al. 2023: HYPROP and KSAT on undisturbed cores; WP4 dewpoint for the dry end
HB_KIT_023,HB_Karlsruher_Institut_fuer_Technologie_49.8260_5.8034,silty clay loam,0.9369602525310612,1.1822808439124923,3.1132192515110132e-27,0.5646070110045521,9.0,51.7,39.3,199.429205125,41.5,49.825977,5.803403,Hohenbrink,1.16,0.57,1.15,0.026096581459932,14,1.0830360482483728e-24,0.5680411179306839,0.7977724830090911,1.01,0.1882091607973752,0.0252425299667889,undisturbed,Hohenbrink et al. 2023: HYPROP and KSAT on undisturbed cores; WP4 dewpoint for the dry end
HB_KIT_024,HB_Karlsruher_Institut_fuer_Technologie_49.1353_8.7441,silty clay loam,0.2124106284086633,1.2390690471505268,1.6707305917487754e-20,0.4718334750920615,8.8,62.0,29.2,,,49.135256,8.744089,Hohenbrink,2.83,0.54,1.23,0.0086235166722971,14,3.3184116008327854e-20,0.4809942904369164,0.1946557503249271,1.0100000000000002,0.2446768031166598,0.0075311273334099,undisturbed,Hohenbrink et al. 2023: HYPROP and KSAT on undisturbed cores; WP4 dewpoint for the dry end
HB_KIT_025,HB_Karlsruher_Institut_fuer_Technologie_49.7075_5.9000,sandy loam,0.1298822483843023,1.2699652840489624,6.879806300658104e-17,0.3611014051953906,67.6,15.9,16.5,1.861181625,17.5,49.707483,5.9,Hohenbrink,0.66,0.41,1.56,0.0100495007509447,17,5.014204677542493e-38,0.3637495323695491,0.1029025833780539,1.026289239810404,0.2785172297371414,0.009916539055678,undisturbed,Hohenbrink et al. 2023: HYPROP and KSAT on undisturbed cores; WP4 dewpoint for the dry end
HB_KIT_026,HB_Karlsruher_Institut_fuer_Technologie_49.7505_5.8658,silt loam,0.0909713081524094,1.2934668845159147,1.5031804249540578e-23,0.4634199419331291,12.8,66.9,20.3,21.369224333333335,9.5,49.750538,5.865752,Hohenbrink,1.78,0.53,1.24,0.0130262290048614,20,6.010513650708031e-20,0.4661596760923377,0.064236894166209,1.01,0.319498043970365,0.0099771949949966,undisturbed,Hohenbrink et al. 2023: HYPROP and KSAT on undisturbed cores; WP4 dewpoint for the dry end
HB_KIT_027,HB_Karlsruher_Institut_fuer_Technologie_49.8260_5.8029,silty clay loam,1.3517391171666255,1.206997573630354,5.1389417604126424e-20,0.6468537602358876,16.9,45.1,38.0,,19.5,49.826008,5.80286,Hohenbrink,,0.69,0.83,0.01540388897286,13,9.206532055810822e-26,0.5891899179535374,1.0244012568321292,3.61510346445696,0.0550238753004036,0.0143339653665172,undisturbed,Hohenbrink et al. 2023: HYPROP and KSAT on undisturbed cores; WP4 dewpoint for the dry end
HB_KIT_028,HB_Karlsruher_Institut_fuer_Technologie_49.8260_5.8034,silty clay,0.6602078870341098,1.1726708548077291,2.6731227584864574e-27,0.5177374084464731,7.307307307307317,52.152152152152155,40.54054054054053,91.15673433333336,41.5,49.825977,5.803403,Hohenbrink,1.46,0.53,1.25,0.0203405734776883,20,1.3121790285624325e-22,0.5199201733469266,0.5672576323249222,1.01,0.1768027879640175,0.0193962079070896,undisturbed,Hohenbrink et al. 2023: HYPROP and KSAT on undisturbed cores; WP4 dewpoint for the dry end
HB_KIT_029,HB_Karlsruher_Institut_fuer_Technologie_49.7668_5.9542,silty clay loam,0.0595771423555381,1.333124822508419,3.2615547828863434e-22,0.621847140265158,11.6,54.9,33.5,50.094351458333335,4.5,49.76685,5.954183,Hohenbrink,3.62,0.67,0.87,0.0152561326292284,15,8.331428845962975e-24,0.6281927945542769,0.0402333170263765,1.01,0.3700566416850373,0.010296112618021,undisturbed,Hohenbrink et al. 2023: HYPROP and KSAT on undisturbed cores; WP4 dewpoint for the dry end
HB_KIT_030,HB_Karlsruher_Institut_fuer_Technologie_49.8223_5.8067,clay loam,1.2232614695601938,1.212825101793449,1.6509669996948041e-22,0.5948279186232324,22.7,41.1,36.2,128.76230970833333,16.5,49.822265,5.806696,Hohenbrink,3.92,0.66,0.9,0.0140489594947289,14,1.044297842902006e-28,0.5527645059392375,1.0356946293621407,2.8678879920180016,0.0715097738130965,0.0135129289618594,undisturbed,Hohenbrink et al. 2023: HYPROP and KSAT on undisturbed cores; WP4 dewpoint for the dry end
HB_KIT_031,HB_Karlsruher_Institut_fuer_Technologie_49.7505_5.8658,silt loam,0.1007694119847971,1.2650444436516473,4.245444399806275e-20,0.4729264962328826,17.5,63.1,19.4,20.407450791666665,9.5,49.750538,5.865752,Hohenbrink,1.55,0.51,1.31,0.0116510851376614,12,1.0312057228956848e-20,0.4777941445332861,0.0711894295470225,1.01,0.298510749038084,0.008961425960451,undisturbed,Hohenbrink et al. 2023: HYPROP and KSAT on undisturbed cores; WP4 dewpoint for the dry end
HB_KIT_032,HB_Karlsruher_Institut_fuer_Technologie_49.7685_5.9527,silty clay loam,0.0949975475594772,1.3255865744326645,1.9707135140031687e-18,0.6303030974265723,15.9,49.5,34.6,151.28252283333333,4.5,49.76845,5.952683,Hohenbrink,5.22,0.71,0.78,0.0116943581222022,10,2.023078897622321e-19,0.637515811318105,0.0624307027054075,1.01,0.3656856255950071,0.0079950146122075,undisturbed,Hohenbrink et al. 2023: HYPROP and KSAT on undisturbed cores; WP4 dewpoint for the dry end
HB_KIT_033,HB_Karlsruher_Institut_fuer_Technologie_34.9634_135.9950,sandy loam,1.1901830531141775,1.3129563863622902,0.0089738021785697,0.6641939853048484,65.5344655344655,16.1838161838162,18.2817182817183,45.6865915,,34.963426,135.995046,Hohenbrink,6.52,0.68,0.85,0.0102592740401608,10,4.797356241815746e-26,0.5957319892663734,1.165830942239904,6.56048144407229,0.0413541839491948,0.0057131768599315,undisturbed,Hohenbrink et al. 2023: HYPROP and KSAT on undisturbed cores; WP4 dewpoint for the dry end
HB_KIT_034,HB_Karlsruher_Institut_fuer_Technologie_49.7076_5.8952,sandy loam,0.3338376305252069,1.4932224040373474,0.0034000009999999,0.5280467292938315,77.3,10.8,11.9,5.751601083333333,12.5,49.707583,5.895247,Hohenbrink,1.24,0.52,1.28,0.0226495193022629,14,0.0031204467665736,0.5065330590915874,0.464200226356076,10.999999999997042,0.0384065007949175,0.0142276152311306,undisturbed,Hohenbrink et al. 2023: HYPROP and KSAT on undisturbed cores; WP4 dewpoint for the dry end
HB_KIT_035,HB_Karlsruher_Institut_fuer_Technologie_49.1353_8.7441,silty clay loam,0.045344687792122,1.2683966553658317,1.303411486659276e-16,0.4261390486010505,8.8,62.2,29.0,,,49.135256,8.744089,Hohenbrink,2.94,0.46,1.44,0.0096103420762332,9,5.979697085802079e-22,0.437422114518729,0.040754928897046,1.0100000000000025,0.2764267568152692,0.0092697599997658,undisturbed,Hohenbrink et al. 2023: HYPROP and KSAT on undisturbed cores; WP4 dewpoint for the dry end
HB_KIT_036,HB_Karlsruher_Institut_fuer_Technologie_49.7077_5.8954,sandy loam,0.3358903868722314,1.42463924481575,0.0107000009999999,0.5313538382046642,78.7,10.7,10.6,15.128252291666668,4.5,49.70765,5.8954,Hohenbrink,2.56,0.59,1.09,0.0180559836864215,18,0.0017488860501381,0.517104928558736,0.4860031674724347,10.999999999989097,0.0323029819277443,0.0110281710301314,undisturbed,Hohenbrink et al. 2023: HYPROP and KSAT on undisturbed cores; WP4 dewpoint for the dry end
HB_KIT_037,HB_Karlsruher_Institut_fuer_Technologie_49.7505_5.8916,loam,0.1119399897003838,1.2718173685067575,8.690363496389781e-20,0.3969295545616089,40.5,39.4,20.1,41.666666666666664,16.5,49.750516,5.8916,Hohenbrink,1.07,0.43,1.5,0.0074018941390696,15,4.413551376974617e-19,0.4006038042928891,0.086499489628831,1.010000000000001,0.2859115201104567,0.0058093334366635,undisturbed,Hohenbrink et al. 2023: HYPROP and KSAT on undisturbed cores; WP4 dewpoint for the dry end
HB_KIT_038,HB_Karlsruher_Institut_fuer_Technologie_49.7673_5.9538,loam,0.6558171425702654,1.17497043709777,1.0914517407464191e-22,0.4761885740843684,35.4,44.7,19.9,,62.5,49.767277,5.953773,Hohenbrink,1.32,0.53,1.25,0.0159828311345583,14,3.416104358518305e-18,0.479085612767295,0.5598750340460805,1.01,0.1812987272454454,0.0151069476816227,undisturbed,Hohenbrink et al. 2023: HYPROP and KSAT on undisturbed cores; WP4 dewpoint for the dry end
HB_KIT_039,HB_Karlsruher_Institut_fuer_Technologie_49.8260_5.8034,silty clay loam,0.4792434912576166,1.2587171387655336,0.0234477162333202,0.7294849917587528,3.4,58.4,38.2,8.705400541666666,4.5,49.825977,5.803403,Hohenbrink,9.88,0.65,0.94,0.0204557934428995,11,0.0096616603497876,0.6454358003475658,0.3661424668662266,6.487642078522924,0.0360700216064359,0.0176053196795915,undisturbed,Hohenbrink et al. 2023: HYPROP and KSAT on undisturbed cores; WP4 dewpoint for the dry end
HB_KIT_040,HB_Karlsruher_Institut_fuer_Technologie_49.7645_5.9748,sandy loam,0.2066571588664018,1.4076891101720213,0.0113000009999999,0.4324361188479265,77.3,3.2,19.5,19.488964208333332,4.5,49.764482,5.97479,Hohenbrink,0.14,0.44,1.49,0.011889151724577,14,0.0028191888189289,0.4238739385708226,0.3144446855260269,3.1836667107499785,0.1019263279145481,0.0098537082575897,undisturbed,Hohenbrink et al. 2023: HYPROP and KSAT on undisturbed cores; WP4 dewpoint for the dry end
HB_KIT_041,HB_Karlsruher_Institut_fuer_Technologie_49.8260_5.8029,silty clay,1.109554742102857,1.2240330329701483,1.3206377832453138e-19,0.6146144627957475,7.5,49.7,42.8,,24.5,49.826008,5.80286,Hohenbrink,3.23,0.65,0.93,0.0176572038093637,17,3.07766351574127e-30,0.6117864973626411,1.1866004901840956,1.3690541278209614,0.1604147142976739,0.0176220547276314,undisturbed,Hohenbrink et al. 2023: HYPROP and KSAT on undisturbed cores; WP4 dewpoint for the dry end
HB_KIT_042,HB_Karlsruher_Institut_fuer_Technologie_49.8054_5.8021,silty clay loam,2.4495292207622397,1.166812152334174,4.198264192881911e-24,0.5484954381227332,12.5,48.5,39.0,549.2736410833334,4.5,49.805448,5.802123,Hohenbrink,3.3,0.57,1.13,0.0236265809805754,15,3.3662073445645705e-15,0.5546362366291999,2.343352271933699,1.01,0.1684717587888432,0.0233254773306196,undisturbed,Hohenbrink et al. 2023: HYPROP and KSAT on undisturbed cores; WP4 dewpoint for the dry end
HB_KIT_043,HB_Karlsruher_Institut_fuer_Technologie_49.7496_5.9360,sandy loam,0.0902508814756671,1.288797422507262,2.930448799411435e-18,0.3881634769245569,59.54045954045951,22.3776223776224,18.0819180819181,,,49.74962,5.936,Hohenbrink,0.74,0.47,1.4,0.0051726679365432,19,1.2402200897410994e-28,0.3904924656788791,0.0679682771969846,1.02625164018276,0.3038835509266943,0.0045247417613338,undisturbed,Hohenbrink et al. 2023: HYPROP and KSAT on undisturbed cores; WP4 dewpoint for the dry end
HB_KIT_044,HB_Karlsruher_Institut_fuer_Technologie_49.8073_5.8057,silty clay,0.9879694987527488,1.25619567277594,4.4083395948330615e-19,0.6469270196431629,12.5,45.9,41.6,234.3088855,4.5,49.807317,5.80571,Hohenbrink,9.46,0.73,0.71,0.0090306658899256,19,5.6772795984392535e-24,0.6525401188644204,0.7793675022159415,1.01,0.2715063100773512,0.0073640965582441,undisturbed,Hohenbrink et al. 2023: HYPROP and KSAT on undisturbed cores; WP4 dewpoint for the dry end
HB_KIT_045,HB_Karlsruher_Institut_fuer_Technologie_49.7434_5.8885,clay loam,0.0175604456826779,1.3056055411185932,3.2383931632030774e-24,0.4477676704096578,21.5,47.0,31.5,4.263720791666667,4.5,49.743444,5.8885,Hohenbrink,3.26,0.48,1.37,0.0102254907175549,11,3.927494633855441e-22,0.4512538239278715,0.0110023138607719,1.01,0.3360056097502107,0.0080701253034402,undisturbed,Hohenbrink et al. 2023: HYPROP and KSAT on undisturbed cores; WP4 dewpoint for the dry end
HB_KIT_046,HB_Karlsruher_Institut_fuer_Technologie_49.7066_5.8955,loamy sand,0.2930184712953187,1.682139681371948,0.0069000009999999,0.4930589698631538,83.6,6.9,9.5,239.76664054166667,22.5,49.706633,5.895522,Hohenbrink,0.85,0.55,1.2,0.0245770839806385,17,0.0069000009999999,0.4826623460860368,0.4352247543613944,10.99999999985713,0.0512460696090331,0.0167760748038943,undisturbed,Hohenbrink et al. 2023: HYPROP and KSAT on undisturbed cores; WP4 dewpoint for the dry end
HB_KIT_047,HB_Karlsruher_Institut_fuer_Technologie_49.7673_5.9538,clay,0.0026624769728246,1.3776612516464128,1.3174057694094329e-17,0.3869194421094662,9.5,32.6,57.9,,42.5,49.767277,5.953773,Hohenbrink,0.47,0.43,1.52,0.0126439592698157,9,6.969697033937672e-19,0.3892246279541628,0.0016951121829971,1.01,0.4233107055043696,0.0106548680739788,undisturbed,Hohenbrink et al. 2023: HYPROP and KSAT on undisturbed cores; WP4 dewpoint for the dry end
HB_KIT_048,HB_Karlsruher_Institut_fuer_Technologie_49.7076_5.8952,sandy loam,0.3084871287566211,1.6169679201537284,0.0079000009999999,0.5579339987822272,76.2762762762763,10.8108108108108,12.9129129129129,36.29014958333333,27.5,49.707583,5.895247,Hohenbrink,0.83,0.54,1.23,0.0264667417179352,13,0.0079000009999999,0.5374553028085169,0.4559438657893938,10.999999999694335,0.0455615425173457,0.0166224563502184,undisturbed,Hohenbrink et al. 2023: HYPROP and KSAT on undisturbed cores; WP4 dewpoint for the dry end
HB_KIT_049,HB_Karlsruher_Institut_fuer_Technologie_49.1353_8.7441,silty clay loam,0.0828311338967554,1.248880499573469,2.0127406639552215e-24,0.4575641014175084,9.0,61.7,29.3,,,49.135256,8.744089,Hohenbrink,2.93,0.51,1.3,0.0107688832940481,14,3.356665917275557e-20,0.4626746172407946,0.0682402483211259,1.01,0.2595947682636718,0.0091095676258329,undisturbed,Hohenbrink et al. 2023: HYPROP and KSAT on undisturbed cores; WP4 dewpoint for the dry end
HB_KIT_050,HB_Karlsruher_Institut_fuer_Technologie_49.7075_5.9000,sandy loam,0.3135120979855576,1.3006186496375922,2.7937052606659866e-18,0.5588211740770163,68.7,15.7,15.6,173.6955764583333,4.5,49.707483,5.9,Hohenbrink,3.86,0.71,0.78,0.0158398167466742,13,1.9037004938387227e-27,0.5722416940734641,0.2613194833601635,1.01,0.3166786395651471,0.0143840208867728,undisturbed,Hohenbrink et al. 2023: HYPROP and KSAT on undisturbed cores; WP4 dewpoint for the dry end
HB_KIT_051,HB_Karlsruher_Institut_fuer_Technologie_48.9365_8.4861,silt loam,0.1042871227486926,1.2958214902287084,3.1757308245635547e-16,0.47758587237047,9.509509509509508,68.66866866866869,21.821821821821796,22.897536416666668,,48.93655,8.486083,Hohenbrink,1.48,0.52,1.27,0.0095630915734861,16,2.6481931148817604e-15,0.4822547479510148,0.0786365279902773,1.0100000000000036,0.3167090337505858,0.007292101830306,undisturbed,Hohenbrink et al. 2023: HYPROP and KSAT on undisturbed cores; WP4 dewpoint for the dry end
HB_KIT_052,HB_Karlsruher_Institut_fuer_Technologie_49.7673_5.9538,silty clay loam,0.0722214929614665,1.179410740774934,1.3650890767170608e-26,0.3753391276191805,18.1,47.2,34.7,489.5406478750001,17.5,49.767277,5.953773,Hohenbrink,1.08,0.42,1.53,0.0136652176237995,10,1.9673433301936622e-20,0.3777322556885717,0.0607340758745875,1.01,0.1863209016409167,0.0130613361744333,undisturbed,Hohenbrink et al. 2023: HYPROP and KSAT on undisturbed cores; WP4 dewpoint for the dry end
HB_KIT_053,HB_Karlsruher_Institut_fuer_Technologie_nan_nan,sandy loam,0.4973312426992692,1.4198788811983662,0.0085000009999999,0.4384937240235852,72.7,12.6,14.7,26.902259541666663,,,,Hohenbrink,0.5,0.51,1.3,0.0084500874252211,16,0.0058497380557094,0.431256771392888,0.7370610459867729,2.8948409750408564,0.1219230988003341,0.0050472058418452,undisturbed,Hohenbrink et al. 2023: HYPROP and KSAT on undisturbed cores; WP4 dewpoint for the dry end
HB_KIT_054,HB_Karlsruher_Institut_fuer_Technologie_49.1313_8.4412,sandy loam,0.2089233598907965,1.3287311713283492,2.591957052185507e-22,0.4472093826705328,79.8,7.9,12.3,6.6037216249999995,,49.1313,8.4412,Hohenbrink,1.6,0.44,1.48,0.0070833579972417,13,9.661968873048863e-29,0.437843973232319,0.2559855602930082,2.0483085405409476,0.1481460825952223,0.0062519094908543,undisturbed,Hohenbrink et al. 2023: HYPROP and KSAT on undisturbed cores; WP4 dewpoint for the dry end
HB_KIT_055,HB_Karlsruher_Institut_fuer_Technologie_49.7508_5.8689,silty clay loam,0.0594973213363816,1.2793441593866857,7.133177495547767e-21,0.6058887745177621,18.8,50.4,30.8,204.0745080833333,4.5,49.750807,5.868928,Hohenbrink,3.26,0.62,1.0,0.0145651754864595,13,4.925655990188322e-19,0.6099098387197585,0.0387147707440227,1.01,0.3227545484936822,0.0106883145372111,undisturbed,Hohenbrink et al. 2023: HYPROP and KSAT on undisturbed cores; WP4 dewpoint for the dry end
HB_KIT_056,HB_Karlsruher_Institut_fuer_Technologie_49.7076_5.8952,sandy loam,0.3613611634037219,1.4847647660444525,0.007700001,0.5163638190414331,77.1,10.3,12.6,8.507241416666666,27.5,49.707583,5.895247,Hohenbrink,0.81,0.5,1.32,0.025974872313492,15,0.007700001,0.4981934347654558,0.4938807994193299,10.999999999987464,0.0384061783000804,0.0177333171372973,undisturbed,Hohenbrink et al. 2023: HYPROP and KSAT on undisturbed cores; WP4 dewpoint for the dry end
HB_KIT_057,HB_Karlsruher_Institut_fuer_Technologie_49.1353_8.7441,silty clay loam,0.4486286652197038,1.2203467004683652,2.4139600121326398e-24,0.5116521477597152,8.1,62.4,29.5,,,49.135256,8.744089,Hohenbrink,2.79,0.55,1.18,0.0132586397500026,14,5.8948937184275724e-30,0.5216477316352198,0.4169387609158489,1.01,0.2255706782466202,0.0121602639504887,undisturbed,Hohenbrink et al. 2023: HYPROP and KSAT on undisturbed cores; WP4 dewpoint for the dry end
HB_KIT_058,HB_Karlsruher_Institut_fuer_Technologie_49.7069_5.8954,sandy loam,0.0791680238540128,1.3099703837187824,2.6164551901686064e-20,0.3702010731384849,59.2,25.1,15.7,0.1777414583333333,17.5,49.70695,5.895417,Hohenbrink,0.83,0.42,1.54,0.007742161111408,14,8.089298244236846e-18,0.3753189235847421,0.0598217030997996,1.0100000000000082,0.3302994990844831,0.0069022047333642,undisturbed,Hohenbrink et al. 2023: HYPROP and KSAT on undisturbed cores; WP4 dewpoint for the dry end
HB_KIT_059,HB_Karlsruher_Institut_fuer_Technologie_49.7478_5.8935,clay,0.1683651306627452,1.2015554606398622,9.238573466451628e-23,0.4962922456264563,26.3,29.6,44.1,27.528893666666665,17.5,49.747827,5.893523,Hohenbrink,3.23,0.52,1.27,0.0116437627965443,11,4.085770472295368e-20,0.4983059127557424,0.1299216027552656,1.010000000000001,0.2067740405760531,0.0112559890500214,undisturbed,Hohenbrink et al. 2023: HYPROP and KSAT on undisturbed cores; WP4 dewpoint for the dry end
HB_KIT_060,HB_Karlsruher_Institut_fuer_Technologie_49.8236_5.8013,clay loam,0.4275216852805569,1.1593242420236156,1.452088144968113e-20,0.4852690123880488,25.225225225225223,38.93893893893893,35.83583583583584,112.1472835,27.5,49.823618,5.801268,Hohenbrink,1.22,0.5,1.33,0.0206810173612082,17,6.850701576554666e-18,0.486213720689453,0.3478435512057908,1.01,0.1661163134169241,0.0199237176801407,undisturbed,Hohenbrink et al. 2023: HYPROP and KSAT on undisturbed cores; WP4 dewpoint for the dry end
HB_KIT_061,HB_Karlsruher_Institut_fuer_Technologie_49.7505_5.8658,silt loam,0.2435059998375347,1.2527167094787697,1.9540117376157897e-34,0.4567877293270349,17.1828171828172,62.6373626373626,20.1798201798202,208.828014,4.5,49.750538,5.865752,Hohenbrink,2.92,0.66,0.9,0.0239404829195115,13,2.314101213712997e-29,0.4593931958234154,0.1622386514548013,1.01,0.2862428734832827,0.0215059129923442,undisturbed,Hohenbrink et al. 2023: HYPROP and KSAT on undisturbed cores; WP4 dewpoint for the dry end
HB_KIT_062,HB_Karlsruher_Institut_fuer_Technologie_49.7669_5.9536,silty clay loam,0.2900468499696545,1.2095505522382966,2.510794810117761e-24,0.6084070741253923,18.4,48.1,33.5,208.828014,7.5,49.766897,5.953605,Hohenbrink,4.37,0.62,1.0,0.0226781850023312,14,4.9169307622031754e-20,0.6138529211871983,0.2463657460002031,1.01,0.2163153121574735,0.0210907205456895,undisturbed,Hohenbrink et al. 2023: HYPROP and KSAT on undisturbed cores; WP4 dewpoint for the dry end
HB_KIT_063,HB_Karlsruher_Institut_fuer_Technologie_49.7669_5.9536,sand,0.212244906179045,2.413353047276307,0.0178000009999999,0.3063054147317661,99.9,0.0,0.1,131.76156916666667,62.5,49.766897,5.953605,Hohenbrink,5.9,0.4,1.59,0.0084165494680614,15,0.0178000009999999,0.303417851537336,0.3305041000502381,6.707601672052415,0.1465334830148297,0.004801307059499,undisturbed,Hohenbrink et al. 2023: HYPROP and KSAT on undisturbed cores; WP4 dewpoint for the dry end
HB_KIT_064,HB_Karlsruher_Institut_fuer_Technologie_49.8096_5.8029,clay loam,0.0801276632381815,1.2283068960154069,1.010565836749322e-33,0.4184134334587035,22.8,42.9,34.3,114.75952929166668,17.5,49.809598,5.802939,Hohenbrink,2.51,0.5,1.33,0.0210220082142558,14,7.18140972767294e-26,0.420504018572189,0.057366977521006,1.01,0.250789262562926,0.0190640149022115,undisturbed,Hohenbrink et al. 2023: HYPROP and KSAT on undisturbed cores; WP4 dewpoint for the dry end
HB_KIT_065,HB_Karlsruher_Institut_fuer_Technologie_49.7505_5.8916,loam,0.1985221459578041,1.2477574652293484,2.956524455023517e-25,0.3860990911922444,37.0,42.3,20.7,20.407450791666665,26.5,49.750516,5.8916,Hohenbrink,0.8,0.4,1.59,0.0081000863609481,15,2.3789431541341632e-24,0.3895948140840509,0.1614999766095098,1.0100000000000005,0.2558551342045703,0.0077801025187625,undisturbed,Hohenbrink et al. 2023: HYPROP and KSAT on undisturbed cores; WP4 dewpoint for the dry end
HB_KIT_066,HB_Karlsruher_Institut_fuer_Technologie_49.7069_5.8954,sandy loam,0.1543420133473168,1.3173636010793883,2.9643190414207628e-21,0.5093030955455182,59.0,25.2,15.8,39.79135775,4.5,49.70695,5.895417,Hohenbrink,3.88,0.59,1.09,0.0125218909030318,17,6.773477649094646e-26,0.5157905426279502,0.1158112951687608,1.0100000007849208,0.3396812519847295,0.0118954052900971,undisturbed,Hohenbrink et al. 2023: HYPROP and KSAT on undisturbed cores; WP4 dewpoint for the dry end
HB_KIT_067,HB_Karlsruher_Institut_fuer_Technologie_52.2964_10.4361,sandy loam,0.2090955356009013,1.364896473605666,1.3809780326572797e-21,0.3752940855818942,59.2,28.7,12.1,3.3867938333333334,,52.2964,10.4361,Hohenbrink,0.75,0.37,1.66,0.0056822171559642,16,3.5941782314168547e-25,0.3703501816706069,0.2904275132942553,2.327682399249637,0.1382264335251262,0.0038860150848658,undisturbed,Hohenbrink et al. 2023: HYPROP and KSAT on undisturbed cores; WP4 dewpoint for the dry end
HB_KIT_068,HB_Karlsruher_Institut_fuer_Technologie_49.8223_5.8068,silty clay loam,0.296726988919096,1.2434332952756038,1.994722901452859e-15,0.6452390641044558,17.5,44.9,37.6,45.6865915,5.5,49.822276,5.806843,Hohenbrink,5.06,0.65,0.94,0.0153683566595295,12,2.1688673186089296e-21,0.6556274716358707,0.2574429137125036,1.010000000000128,0.2521328749724602,0.0137228537593846,undisturbed,Hohenbrink et al. 2023: HYPROP and KSAT on undisturbed cores; WP4 dewpoint for the dry end
HB_KIT_069,HB_Karlsruher_Institut_fuer_Technologie_49.8236_5.8013,clay loam,0.7664624961574668,1.1370008821575484,2.1833635753934816e-18,0.4543955359292252,21.8,40.2,38.0,,23.5,49.823618,5.801268,Hohenbrink,1.35,0.5,1.32,0.0224379313076964,18,1.1577843836020429e-18,0.4552631127556338,0.6660965576538262,1.01,0.1399193484570471,0.0220576027979796,undisturbed,Hohenbrink et al. 2023: HYPROP and KSAT on undisturbed cores; WP4 dewpoint for the dry end
HB_KIT_070,HB_Karlsruher_Institut_fuer_Technologie_nan_nan,loam,0.9425595181310006,1.167335013035438,3.8701804312455743e-19,0.6579195368043498,30.2,46.4,23.4,,,,,Hohenbrink,4.34,0.7,0.79,0.0244034928572302,17,2.907567641064823e-19,0.6625830635061841,0.8479378636760552,1.01,0.1706083013163218,0.0237357555813015,undisturbed,Hohenbrink et al. 2023: HYPROP and KSAT on undisturbed cores; WP4 dewpoint for the dry end
HB_KIT_071,HB_Karlsruher_Institut_fuer_Technologie_49.7076_5.8952,sandy loam,0.4263728076348945,1.611041626683777,0.0091000009999999,0.5609564338700275,74.4255744255744,12.0879120879121,13.4865134865135,46.750768916666665,42.5,49.707583,5.895247,Hohenbrink,0.82,0.56,1.16,0.0245647346853079,14,0.0091000009999999,0.5394942775184967,0.608912078524059,7.514867571571272,0.0678127086356419,0.0161270895950558,undisturbed,Hohenbrink et al. 2023: HYPROP and KSAT on undisturbed cores; WP4 dewpoint for the dry end
HB_KIT_072,HB_Karlsruher_Institut_fuer_Technologie_49.8090_5.8030,clay loam,0.957443982712393,1.1458694029849503,6.241411881417109e-21,0.5446408493911947,21.12112112112112,42.74274274274275,36.13613613613614,77.58696404166666,17.5,49.808995,5.802996,Hohenbrink,3.65,0.57,1.15,0.0108674394135145,12,3.272315364887108e-17,0.5498934521265503,0.9260270488616732,1.01,0.1473233590088386,0.0104644291932013,undisturbed,Hohenbrink et al. 2023: HYPROP and KSAT on undisturbed cores; WP4 dewpoint for the dry end
HB_KIT_073,HB_Karlsruher_Institut_fuer_Technologie_49.7162_5.9047,sandy clay loam,0.0503889011661887,1.2840764439044268,6.633862361258859e-20,0.5240428793192867,46.7,20.8,32.5,,7.5,49.716222,5.904689,Hohenbrink,2.65,0.54,1.23,0.0102114313774134,16,1.350164575206964e-18,0.5264912241637294,0.0320282389412814,1.01,0.3291548506626267,0.0069899127479385,undisturbed,Hohenbrink et al. 2023: HYPROP and KSAT on undisturbed cores; WP4 dewpoint for the dry end
HB_KIT_074,HB_Karlsruher_Institut_fuer_Technologie_49.8059_5.8020,silty clay,0.1782496813261978,1.2312149908065693,3.659324681478543e-24,0.5802661088295581,5.8,53.8,40.4,63.065052,4.5,49.80592,5.801984,Hohenbrink,5.96,0.67,0.88,0.0186987168369745,18,1.6355257364503477e-21,0.5832676734360731,0.1379314531194122,1.01,0.2443385340996061,0.0162945786925512,undisturbed,Hohenbrink et al. 2023: HYPROP and KSAT on undisturbed cores; WP4 dewpoint for the dry end
HB_KIT_075,HB_Karlsruher_Institut_fuer_Technologie_49.7075_5.8998,sandy loam,0.2167576522208491,1.3552666187037985,0.0016893977244162,0.596235493365722,73.2,14.0,12.8,,,49.707545,5.89977,Hohenbrink,2.74,0.63,0.97,0.0054426322448532,18,0.0102743083533852,0.5991634951454736,0.164192279634729,1.1448426398579774,0.354273164207019,0.0048096951204909,undisturbed,Hohenbrink et al. 2023: HYPROP and KSAT on undisturbed cores; WP4 dewpoint for the dry end
HB_KIT_076,HB_Karlsruher_Institut_fuer_Technologie_49.8099_5.8029,clay loam,0.0975616742200937,1.2043557399954208,7.780535808601392e-27,0.4480067148167553,20.9,44.7,34.4,228.97536412500003,4.5,49.809927,5.802905,Hohenbrink,3.37,0.54,1.21,0.0172086502179026,16,7.462445172276565e-25,0.4496662973567464,0.0734351159172449,1.01,0.2204131612930025,0.0157882936320986,undisturbed,Hohenbrink et al. 2023: HYPROP and KSAT on undisturbed cores; WP4 dewpoint for the dry end
HB_KIT_077,HB_Karlsruher_Institut_fuer_Technologie_48.9365_8.4861,silt loam,0.0625033674082431,1.3281775439648058,7.524275640482274e-19,0.5160001559326576,9.0,68.4,22.6,43.630356166666665,,48.93655,8.486083,Hohenbrink,2.3,0.54,1.22,0.0102116501860172,19,7.561368673529215e-16,0.5200067419496769,0.0444085254807155,1.0100000000000056,0.3537534103384104,0.0079657183081053,undisturbed,Hohenbrink et al. 2023: HYPROP and KSAT on undisturbed cores; WP4 dewpoint for the dry end
HB_KIT_078,HB_Karlsruher_Institut_fuer_Technologie_49.7508_5.8689,clay loam,6.650344595864843,1.1377945606502164,6.4733855797938005e-21,0.5047889457453099,24.3,41.5,34.2,,4.5,49.750807,5.868928,Hohenbrink,3.84,0.6,1.05,0.0169638969025419,17,5.9201516479541735e-127,0.4730087001276102,5.0801066164101005,6.6447073660219775,0.020000000000007,0.0165863223528879,undisturbed,Hohenbrink et al. 2023: HYPROP and KSAT on undisturbed cores; WP4 dewpoint for the dry end
HB_KIT_079,HB_Karlsruher_Institut_fuer_Technologie_50.7492_13.6744,silty clay loam,0.046163864078578,1.322320252087868,2.0640949011225277e-18,0.6218473696094017,19.3,52.8,27.9,104.66193466666664,,50.74916,13.674412,Hohenbrink,3.47,0.64,0.95,0.0177514146990549,20,2.0936676118815104e-19,0.6256747890664925,0.031336461792599,1.01,0.3519450823382187,0.013775560544281,undisturbed,Hohenbrink et al. 2023: HYPROP and KSAT on undisturbed cores; WP4 dewpoint for the dry end
HB_KIT_080,HB_Karlsruher_Institut_fuer_Technologie_49.8090_5.8030,silty clay loam,0.0482236434798253,1.2753424602001282,3.8369324017467235e-24,0.5282322967569073,19.1,43.7,37.2,173.6955764583333,4.5,49.808995,5.802996,Hohenbrink,5.2,0.59,1.08,0.0141286800886332,12,1.6240056435593169e-18,0.5340194281512342,0.036681647168261,1.0100000000000018,0.2917689844047388,0.0121722287802394,undisturbed,Hohenbrink et al. 2023: HYPROP and KSAT on undisturbed cores; WP4 dewpoint for the dry end
HB_KIT_081,HB_Karlsruher_Institut_fuer_Technologie_49.8225_5.8025,silty clay,0.1183585833046837,1.263028449241571,2.4974846235159756e-16,0.5109638471727004,8.491508491508483,49.150849150849155,42.35764235764236,,,49.82255,5.80253,Hohenbrink,4.41,0.66,0.9,0.0108322270054782,12,1.10046598825676e-27,0.5194698573185537,0.1001659079722294,1.0100000000000002,0.2735776933539195,0.0093869137330453,undisturbed,Hohenbrink et al. 2023: HYPROP and KSAT on undisturbed cores; WP4 dewpoint for the dry end
HB_KIT_082,HB_Karlsruher_Institut_fuer_Technologie_49.7673_5.9538,silty clay loam,0.0388628543725929,1.1729110095611606,3.6275120937678694e-20,0.4041784974455523,18.8,48.3,32.9,,17.5,49.767277,5.953773,Hohenbrink,0.94,0.43,1.5,0.0080171855020289,7,7.145729213346581e-23,0.4073666435036255,0.0338084729517046,1.01,0.1777212871588665,0.0070740881432461,undisturbed,Hohenbrink et al. 2023: HYPROP and KSAT on undisturbed cores; WP4 dewpoint for the dry end
HB_KIT_083,HB_Karlsruher_Institut_fuer_Technologie_49.7066_5.8955,loamy sand,0.2878953053155852,1.7799898607229785,0.0072000009999999,0.5574924322863795,82.91708291708291,6.39360639360639,10.689310689310702,43.630356166666665,37.5,49.706633,5.895522,Hohenbrink,0.97,0.58,1.12,0.0264110335935977,15,0.0072000009999999,0.5445556038014793,0.4528942196336017,10.999999999999556,0.0546589927102913,0.0176411223505586,undisturbed,Hohenbrink et al. 2023: HYPROP and KSAT on undisturbed cores; WP4 dewpoint for the dry end
HB_KIT_084,HB_Karlsruher_Institut_fuer_Technologie_49.8099_5.8029,clay loam,0.1253164959532959,1.2124582806810271,1.9417696640876463e-31,0.442640063524174,21.6,44.1,34.3,87.05400545833334,17.5,49.809927,5.802905,Hohenbrink,2.97,0.52,1.26,0.0215397306710451,12,1.9496584762916704e-29,0.4457667572034554,0.0976747285003395,1.01,0.2270242687628974,0.0198828754311196,undisturbed,Hohenbrink et al. 2023: HYPROP and KSAT on undisturbed cores; WP4 dewpoint for the dry end
HB_KIT_085,HB_Karlsruher_Institut_fuer_Technologie_49.8260_5.8029,clay loam,0.815191168393682,1.2525055321177203,0.0017219875230086,0.6317602219303708,28.2,41.1,30.7,,4.5,49.826008,5.80286,Hohenbrink,6.71,0.66,0.9,0.0143562148282174,11,6.512611584182102e-24,0.5745432363490051,0.6857947703087037,3.612669795207789,0.0658319537470942,0.012193887740295,undisturbed,Hohenbrink et al. 2023: HYPROP and KSAT on undisturbed cores; WP4 dewpoint for the dry end
HB_KIT_086,HB_Karlsruher_Institut_fuer_Technologie_49.8073_5.8057,silty clay loam,0.5149204083276099,1.3154896309454291,0.0612635198473824,0.628614282258524,7.8,55.1,37.1,308.8792672083333,4.5,49.807317,5.80571,Hohenbrink,8.4,0.71,0.78,0.0096140633467868,20,0.0707817238483368,0.632722111915119,0.3486200729148724,1.0342659647508423,0.3586879325754172,0.0087468017382595,undisturbed,Hohenbrink et al. 2023: HYPROP and KSAT on undisturbed cores; WP4 dewpoint for the dry end
HB_KIT_087,HB_Karlsruher_Institut_fuer_Technologie_49.7076_5.8952,sandy loam,0.3130537890822721,1.7771323188346655,0.0096000009999999,0.5692497598001667,74.0,11.2,14.8,48.95406479166667,52.5,49.707583,5.895247,Hohenbrink,0.99,0.58,1.11,0.0281243962864531,14,0.0096000009999999,0.5549832183871967,0.4947832217981036,10.999999999907631,0.0544109898703863,0.017379342780884,undisturbed,Hohenbrink et al. 2023: HYPROP and KSAT on undisturbed cores; WP4 dewpoint for the dry end
HB_KIT_088,HB_Karlsruher_Institut_fuer_Technologie_49.7659_5.9542,silty clay loam,0.07582155282768,1.305488438808862,4.635904392664559e-24,0.5881153021199486,19.7802197802198,46.053946053946,34.1658341658342,288.26290454166667,4.5,49.76595,5.954217,Hohenbrink,5.35,0.7,0.8,0.0116135485698726,13,1.0058722782290565e-21,0.5961826782972248,0.0568050042099217,1.01,0.3284481463335584,0.0077981274643227,undisturbed,Hohenbrink et al. 2023: HYPROP and KSAT on undisturbed cores; WP4 dewpoint for the dry end
HB_KIT_089,HB_Karlsruher_Institut_fuer_Technologie_49.7075_5.8998,sandy loam,0.1066650968770946,1.4004709582303372,2.2480454897745916e-23,0.5019867092663837,77.8,10.8,11.4,,,49.707545,5.89977,Hohenbrink,2.01,0.53,1.24,0.0068799120328673,14,5.930471235338644e-22,0.5001401830966155,0.1135748632692879,1.5104279606578557,0.2590309878385127,0.0068205759568517,undisturbed,Hohenbrink et al. 2023: HYPROP and KSAT on undisturbed cores; WP4 dewpoint for the dry end
HB_KIT_090,HB_Karlsruher_Institut_fuer_Technologie_49.7669_5.9536,silty clay loam,0.1945997630781424,1.206338341162424,2.860206124106451e-21,0.5426159258235194,18.2,47.7,34.1,128.76230970833333,7.5,49.766897,5.953605,Hohenbrink,4.23,0.58,1.1,0.0106371932861043,16,3.763574363287519e-21,0.5446914237186423,0.1481258385032983,1.01,0.2224504305263019,0.0084888077051291,undisturbed,Hohenbrink et al. 2023: HYPROP and KSAT on undisturbed cores; WP4 dewpoint for the dry end
HB_KIT_091,HB_Karlsruher_Institut_fuer_Technologie_49.7130_5.8969,sandy loam,0.302563925205085,1.2693868656342933,1.2426018621787019e-23,0.438559534704981,64.6,18.0,17.4,4.363035625,13.5,49.713039,5.896902,Hohenbrink,0.78,0.44,1.49,0.0081915927123565,18,1.6071387540261904e-26,0.4362005456847839,0.3540277722316448,1.6021127795138836,0.1613499098001382,0.0079381438784555,undisturbed,Hohenbrink et al. 2023: HYPROP and KSAT on undisturbed cores; WP4 dewpoint for the dry end
HB_KIT_092,HB_Karlsruher_Institut_fuer_Technologie_49.8241_5.8019,silty clay loam,8.60035995263904,1.1243016297707444,4.241723359259968e-16,0.5226452524714131,11.2,49.2,39.6,467.5076892916666,12.5,49.824079,5.801883,Hohenbrink,2.38,0.53,1.24,0.0206070592786142,17,1.8326283509737938e-17,0.5284800026680185,8.952574203008059,1.0100000000005398,0.1239897016715854,0.0205512580613481,undisturbed,Hohenbrink et al. 2023: HYPROP and KSAT on undisturbed cores; WP4 dewpoint for the dry end
HB_KIT_094,HB_Karlsruher_Institut_fuer_Technologie_49.7478_5.8935,clay,0.3409059913052863,1.1588794813890262,1.4857878721168905e-17,0.5903733346085118,25.0,28.1,46.9,40.71821754166667,3.5,49.747827,5.893523,Hohenbrink,5.56,0.6,1.05,0.0173460018083057,18,1.2274137334770544e-15,0.592620578640571,0.3038065999457109,1.0100000000007163,0.1610927987888915,0.0164054975293673,undisturbed,Hohenbrink et al. 2023: HYPROP and KSAT on undisturbed cores; WP4 dewpoint for the dry end
HB_KIT_095,HB_Karlsruher_Institut_fuer_Technologie_49.7075_5.8998,sandy loam,0.1773009616792286,1.3710528901505474,0.0042787255007319,0.4227092534722071,68.3,17.0,14.7,,,49.707545,5.89977,Hohenbrink,1.14,0.46,1.44,0.0084255656919929,19,3.716770882502229e-33,0.4174027546951597,0.2631209816725515,3.060868340698627,0.1028321815632729,0.0062445286941293,undisturbed,Hohenbrink et al. 2023: HYPROP and KSAT on undisturbed cores; WP4 dewpoint for the dry end
HB_KIT_096,HB_Karlsruher_Institut_fuer_Technologie_49.7673_5.9538,silty clay loam,0.103470894436568,1.178940346664895,1.5315766029302151e-24,0.559015883595984,18.8,50.2,31.0,,7.5,49.767277,5.953773,Hohenbrink,3.9,0.57,1.15,0.0045201886197038,14,1.3207667194245094e-14,0.5608610871927626,0.0795315922975892,1.01,0.1939306384185512,0.0033238164687982,undisturbed,Hohenbrink et al. 2023: HYPROP and KSAT on undisturbed cores; WP4 dewpoint for the dry end
HB_KIT_097,HB_Karlsruher_Institut_fuer_Technologie_49.8068_5.8046,silty clay loam,0.6190829385102724,1.290527497535055,0.0076339126116498,0.6617375162415674,7.392607392607391,54.045954045954005,38.56143856143861,524.5522549166667,4.5,49.806808,5.804593,Hohenbrink,10.56,0.72,0.75,0.006224622181326,17,0.0154214299169246,0.6648116321851589,0.4878532539509297,1.1061153912440926,0.2909962380653816,0.0057199914243506,undisturbed,Hohenbrink et al. 2023: HYPROP and KSAT on undisturbed cores; WP4 dewpoint for the dry end
HB_KIT_098,HB_Karlsruher_Institut_fuer_Technologie_49.8222_5.8070,silty clay loam,0.0155192571211738,1.4337364883344597,1.5697820074725085e-21,0.5668283679154544,6.4,57.4,36.2,28.170123958333335,31.5,49.822244,5.807039,Hohenbrink,2.84,0.64,0.96,0.0165236225316422,16,8.707465676724154e-16,0.5713263398705208,0.0077888169088436,1.01,0.5260730694204785,0.0132213222634021,undisturbed,Hohenbrink et al. 2023: HYPROP and KSAT on undisturbed cores; WP4 dewpoint for the dry end
HB_KIT_099,HB_Karlsruher_Institut_fuer_Technologie_49.7164_5.9047,clay,0.1443786216592694,1.192155522451954,1.0832803975738769e-18,0.4771906524473664,37.4,20.4,42.2,53.677064666666666,27.5,49.716359,5.90473,Hohenbrink,1.62,0.48,1.39,0.0165297966407094,17,4.0398274836669314e-14,0.4739106607197872,0.1715683303741197,1.6209984736389351,0.1135655280280292,0.0162996212028133,undisturbed,Hohenbrink et al. 2023: HYPROP and KSAT on undisturbed cores; WP4 dewpoint for the dry end
HB_KIT_100,HB_Karlsruher_Institut_fuer_Technologie_49.7066_5.8955,loamy sand,0.261813913814059,1.9173662886016745,0.0052000009999999,0.5026217673346887,84.7,5.4,9.9,61.62951616666667,52.5,49.706633,5.895522,Hohenbrink,0.3,0.53,1.25,0.0273087266447196,15,0.0052000009999999,0.4917360834837607,0.3995874405392934,10.999999999999998,0.0646223310149169,0.0191623322195922,undisturbed,Hohenbrink et al. 2023: HYPROP and KSAT on undisturbed cores; WP4 dewpoint for the dry end
HB_KIT_101,HB_Karlsruher_Institut_fuer_Technologie_49.7491_5.8927,clay,0.0724190931839421,1.2417278096904856,7.4161735778385315e-22,0.6653665494546502,13.1,36.1,50.8,0.976762,5.5,49.749092,5.892749,Hohenbrink,7.44,0.67,0.87,0.0107419437365033,9,3.13561065707251e-19,0.6767741580634273,0.0634541397868335,1.010000000000012,0.2472139549168797,0.010039135100809,undisturbed,Hohenbrink et al. 2023: HYPROP and KSAT on undisturbed cores; WP4 dewpoint for the dry end
HB_KIT_102,HB_Karlsruher_Institut_fuer_Technologie_49.8241_5.8019,silty clay,2.8120225741874973,1.4550650688270843,0.2526156705574844,0.5354180813359268,7.6,51.5,40.9,416.6666666666667,4.5,49.824079,5.801883,Hohenbrink,3.29,0.59,1.09,0.0047148026108173,15,0.2298620871107335,0.5250288290453535,4.39065843877585,4.832467845836927,0.0665141515670852,0.002396347836092,undisturbed,Hohenbrink et al. 2023: HYPROP and KSAT on undisturbed cores; WP4 dewpoint for the dry end
HB_KIT_103,HB_Karlsruher_Institut_fuer_Technologie_49.8226_5.8027,sandy clay loam,1.3423986174847826,1.2340387401594044,3.507188896988142e-17,0.5149835633100232,45.2,27.9,26.9,323.4362985833333,4.5,49.822625,5.802672,Hohenbrink,2.35,0.65,0.92,0.0158383141681541,18,4.252677172671198e-26,0.5041879181933306,1.5511722704633937,2.056230742710068,0.1079347791213002,0.0153716151818894,undisturbed,Hohenbrink et al. 2023: HYPROP and KSAT on undisturbed cores; WP4 dewpoint for the dry end
HB_KIT_104,HB_Karlsruher_Institut_fuer_Technologie_nan_nan,sandy clay loam,0.46025869399157,1.2299682473735412,5.259270957036331e-20,0.5254000845445133,58.0,19.0,23.0,45.6865915,,,,Hohenbrink,3.37,0.57,1.13,0.0106331728503223,14,6.816392412536952e-30,0.5346732809020766,0.4279035892470316,1.010000000000001,0.2340488864694435,0.0101413672068272,undisturbed,Hohenbrink et al. 2023: HYPROP and KSAT on undisturbed cores; WP4 dewpoint for the dry end
HB_KIT_105,HB_Karlsruher_Institut_fuer_Technologie_49.8238_5.8029,clay loam,1.534044060739879,1.1633286620670131,3.86730358601201e-28,0.4512063621347789,21.2,42.9,35.9,602.266571125,4.5,49.823758,5.802858,Hohenbrink,3.38,0.58,1.1,0.0219636170561401,13,8.189229600963877e-30,0.4527646283548273,1.3437657272745225,1.01,0.1668423839315359,0.021623104770478,undisturbed,Hohenbrink et al. 2023: HYPROP and KSAT on undisturbed cores; WP4 dewpoint for the dry end
HB_KIT_106,HB_Karlsruher_Institut_fuer_Technologie_49.8068_5.8046,silty clay,0.9680942638516944,1.2517284433001632,2.2109287789911523e-22,0.6479376459029004,12.1,45.8,42.1,275.28893666666664,4.5,49.806808,5.804593,Hohenbrink,,0.78,0.58,0.0070663019479182,12,8.557949691493685e-15,0.6705635938530085,0.9677977911970902,1.0100000000000642,0.2564650096639153,0.0061246364763808,undisturbed,Hohenbrink et al. 2023: HYPROP and KSAT on undisturbed cores; WP4 dewpoint for the dry end
HB_KIT_107,HB_Karlsruher_Institut_fuer_Technologie_49.8128_5.9414,sandy loam,0.0523784829120923,1.3370042013486043,5.752047923238724e-12,0.3598836808635518,60.9,22.8,16.3,72.408367875,3.5,49.812833,5.941417,Hohenbrink,1.24,0.38,1.63,0.0059719226909923,15,3.164229145063971e-23,0.361637112436687,0.0313294003645978,1.010000000000001,0.3692267847057549,0.0043541124634334,undisturbed,Hohenbrink et al. 2023: HYPROP and KSAT on undisturbed cores; WP4 dewpoint for the dry end
HB_KIT_108,HB_Karlsruher_Institut_fuer_Technologie_49.8087_5.8031,clay loam,9.362814841353709,1.1695560748362988,2.19376794315445e-30,0.6700832778670708,27.52752752752753,37.73773773773774,34.73473473473474,125.83132166666668,17.5,49.808735,5.803051,Hohenbrink,4.65,0.6,1.05,0.0203834755074104,14,1.6310669299157242e-33,0.6564810947841726,7.547787694840241,1.01,0.1704060461886769,0.0202982878374503,undisturbed,Hohenbrink et al. 2023: HYPROP and KSAT on undisturbed cores; WP4 dewpoint for the dry end
HB_KIT_109,HB_Karlsruher_Institut_fuer_Technologie_49.8223_5.8068,silty clay loam,0.3815659401305774,1.2108815948476586,2.4322731420059128e-27,0.5190176923793949,18.981018981018984,43.256743256743256,37.76223776223776,64.53402579166666,28.5,49.822276,5.806843,Hohenbrink,2.2,0.58,1.11,0.0219612937252819,12,3.019821387147837e-20,0.5232343999363578,0.3089345915901387,1.01,0.2224068331273999,0.020713754157377,undisturbed,Hohenbrink et al. 2023: HYPROP and KSAT on undisturbed cores; WP4 dewpoint for the dry end
HB_KIT_110,HB_Karlsruher_Institut_fuer_Technologie_49.7162_5.9047,sandy clay loam,0.0919173359331632,1.2718155627158385,3.155686099604795e-23,0.5099821421391343,45.8,21.3,32.9,,7.5,49.716222,5.904689,Hohenbrink,2.98,0.53,1.25,0.0171621646737303,16,9.641378585985408e-18,0.5129506203773223,0.0652001377507196,1.0100000000000071,0.2935940473889764,0.0150044861359063,undisturbed,Hohenbrink et al. 2023: HYPROP and KSAT on undisturbed cores; WP4 dewpoint for the dry end
HB_KIT_111,HB_Karlsruher_Institut_fuer_Technologie_49.8083_5.8061,silty clay loam,0.3660500241953608,1.220815956380903,1.1812987739452659e-31,0.550374854916369,9.5,52.5,38.0,239.76664054166667,4.5,49.808318,5.80611,Hohenbrink,5.19,0.77,0.6,0.0257764273478632,15,9.294746818437574e-26,0.5531043697960757,0.2680999048016749,1.01,0.2408658289233952,0.0232490763407427,undisturbed,Hohenbrink et al. 2023: HYPROP and KSAT on undisturbed cores; WP4 dewpoint for the dry end
HB_KIT_112,HB_Karlsruher_Institut_fuer_Technologie_49.8093_5.8030,clay loam,1.5099272045400631,1.157263806193266,2.191395199477769e-34,0.4155150676096543,27.6,38.5,33.9,99.951371625,34.5,49.809263,5.803026,Hohenbrink,3.39,0.59,1.09,0.0176587784736731,12,1.2399333416481849e-39,0.4163494976005515,1.3069767586950396,1.01,0.160806152809169,0.0173482763563845,undisturbed,Hohenbrink et al. 2023: HYPROP and KSAT on undisturbed cores; WP4 dewpoint for the dry end
HB_KIT_113,HB_Karlsruher_Institut_fuer_Technologie_34.9634_135.9950,sandy clay loam,2.9227519104371167,1.2563829295297275,0.047964947546501,0.618262157232278,64.1,15.0,20.9,44.64663770833334,,34.963426,135.995046,Hohenbrink,2.6,0.5,1.33,0.0137554053467205,12,0.0490831408193176,0.4983686396420343,1.2494747075305903,10.99999999999986,0.0231251394666019,0.0113633417376993,undisturbed,Hohenbrink et al. 2023: HYPROP and KSAT on undisturbed cores; WP4 dewpoint for the dry end
HB_KIT_114,HB_Karlsruher_Institut_fuer_Technologie_49.7491_5.8927,clay,0.0164334418932761,1.2178434483278917,1.0636041461136253e-36,0.4525229018429865,16.8,35.5,47.7,0.1948896249999999,21.5,49.749092,5.892749,Hohenbrink,1.57,0.47,1.4,0.0157206803283753,16,2.74874739959268e-31,0.4544501871021665,0.0124047814994664,1.01,0.2303074227974718,0.0141203662409913,undisturbed,Hohenbrink et al. 2023: HYPROP and KSAT on undisturbed cores; WP4 dewpoint for the dry end
HB_KIT_115,HB_Karlsruher_Institut_fuer_Technologie_49.8241_5.8019,silty clay loam,0.1329259754733203,1.2420852422339512,2.9333075556369096e-25,0.5853963900475084,13.2,47.0,39.8,512.6119878333333,12.5,49.824079,5.801883,Hohenbrink,2.46,0.6,1.06,0.0200923088294581,17,2.939542043043343e-26,0.5879685941917631,0.0949289070959933,1.01,0.2645672538061541,0.017358563614135,undisturbed,Hohenbrink et al. 2023: HYPROP and KSAT on undisturbed cores; WP4 dewpoint for the dry end
HB_KIT_116,HB_Karlsruher_Institut_fuer_Technologie_49.8241_5.8019,silty clay loam,1.5220372304643888,1.16234563992187,1.5546106961817337e-18,0.5121066119683145,14.8,47.4,37.8,380.0045164166667,4.5,49.824079,5.801883,Hohenbrink,3.32,0.6,1.06,0.0205280617057819,16,1.8539149651584452e-17,0.5146054596877471,1.338367213873659,1.0100000000001896,0.1661761381577761,0.0201589395749229,undisturbed,Hohenbrink et al. 2023: HYPROP and KSAT on undisturbed cores; WP4 dewpoint for the dry end
HB_KIT_117,HB_Karlsruher_Institut_fuer_Technologie_49.8260_5.8034,silty clay loam,0.93042463699236,1.1663867059142947,3.8032627256430585e-27,0.5072937992932908,7.9,52.5,39.6,911.5673432916666,35.5,49.825977,5.803403,Hohenbrink,1.66,0.54,1.23,0.0247420098812973,16,1.9207902891185091e-28,0.5110277003455949,0.8420270544048124,1.01,0.1693697718840867,0.0241979249822468,undisturbed,Hohenbrink et al. 2023: HYPROP and KSAT on undisturbed cores; WP4 dewpoint for the dry end
HB_KIT_118,HB_Karlsruher_Institut_fuer_Technologie_49.7130_5.8969,sandy loam,0.1249424274538577,1.3001197474016677,5.165001275573249e-18,0.433142501758505,64.2,19.8,16.0,0.6306505,3.5,49.713042,5.89689,Hohenbrink,1.84,0.47,1.41,0.007068903010886,15,1.0042083576057163e-31,0.4376762384468349,0.0955365413093008,1.0220464683829973,0.3163395780768555,0.0065791669806073,undisturbed,Hohenbrink et al. 2023: HYPROP and KSAT on undisturbed cores; WP4 dewpoint for the dry end
HB_KIT_119,HB_Karlsruher_Institut_fuer_Technologie_49.8241_5.8019,silty clay loam,0.0184236221822308,1.2951666060927114,5.2578827042843056e-24,0.3559490311965534,11.0,49.9,39.1,354.64084925,4.5,49.824079,5.801883,Hohenbrink,3.47,0.57,1.13,0.0086778532292217,8,1.3648052294760964e-19,0.3605559426116609,0.0125631270643191,1.01,0.3280634848657615,0.0068719491781611,undisturbed,Hohenbrink et al. 2023: HYPROP and KSAT on undisturbed cores; WP4 dewpoint for the dry end
HB_KIT_120,HB_Karlsruher_Institut_fuer_Technologie_49.7491_5.9363,sandy loam,0.1511535970795126,1.2985739161739478,2.209355403927557e-23,0.4737069455386862,60.6,20.5,18.9,22.37632483333333,3.5,49.749111,5.936278,Hohenbrink,2.66,0.54,1.21,0.0079876552816507,11,2.574169519907535e-20,0.4822050192940162,0.118566048047735,1.01,0.3193871160180452,0.0052497382266069,undisturbed,Hohenbrink et al. 2023: HYPROP and KSAT on undisturbed cores; WP4 dewpoint for the dry end
HB_KIT_121,HB_Karlsruher_Institut_fuer_Technologie_49.7246_5.8962,sandy loam,0.129668030342389,1.2851552311766,5.106108084482929e-22,0.3724751178561432,70.5,13.2,16.3,,7.5,49.724639,5.896203,Hohenbrink,0.66,0.37,1.67,0.0069483352333365,8,4.33197837704752e-19,0.3922560785385912,0.1357349422047777,1.0100000000000016,0.2887365126670927,0.0066533187486049,undisturbed,Hohenbrink et al. 2023: HYPROP and KSAT on undisturbed cores; WP4 dewpoint for the dry end
HB_KIT_122,HB_Karlsruher_Institut_fuer_Technologie_49.7496_5.9360,sandy clay loam,0.2539444055273397,1.2168188147518988,3.807348787432634e-17,0.3452932932450108,65.2,12.6,22.2,,,49.74962,5.936,Hohenbrink,0.37,0.4,1.58,0.0116822619185352,15,6.655724503133634e-33,0.3521207145953711,0.2461920932140551,1.0100000000000005,0.2189917288803978,0.0116347512937243,undisturbed,Hohenbrink et al. 2023: HYPROP and KSAT on undisturbed cores; WP4 dewpoint for the dry end
HB_KIT_123,HB_Karlsruher_Institut_fuer_Technologie_49.8226_5.8027,sandy clay loam,2.1608055783902715,1.2076729034990867,1.4634050489155986e-16,0.5472483207029197,47.6,26.1,26.3,999.51371625,4.5,49.822625,5.802672,Hohenbrink,2.51,0.65,0.92,0.0134822648176732,17,1.714619602868517e-36,0.5334605884437952,2.671837350907524,2.824288424954702,0.0680244487824777,0.012406615726486,undisturbed,Hohenbrink et al. 2023: HYPROP and KSAT on undisturbed cores; WP4 dewpoint for the dry end
HB_KIT_124,HB_Karlsruher_Institut_fuer_Technologie_nan_nan,sandy clay loam,0.904605113316948,1.239946585411125,2.5897547213420376e-23,0.5359095621590797,57.6576576576577,20.8208208208208,21.5215215215215,30.887926708333335,,,,Hohenbrink,2.83,0.6,1.05,0.0106844564279586,18,6.895087315878948e-20,0.5410726467831316,0.752586013675384,1.010000000000001,0.250195674490108,0.0089618658226322,undisturbed,Hohenbrink et al. 2023: HYPROP and KSAT on undisturbed cores; WP4 dewpoint for the dry end
HB_KIT_125,HB_Karlsruher_Institut_fuer_Technologie_49.1313_8.4412,sandy loam,0.1781858255562196,1.4461506586873498,0.0169373191601714,0.410483604774045,79.9,8.0,12.1,5.885573083333333,,49.1313,8.4412,Hohenbrink,1.75,0.41,1.57,0.0050305192420077,13,0.0053635868705098,0.4007359706638638,0.2593199840983222,2.6888868984213907,0.1319585412553077,0.0022823412056236,undisturbed,Hohenbrink et al. 2023: HYPROP and KSAT on undisturbed cores; WP4 dewpoint for the dry end
HB_KIT_126,HB_Karlsruher_Institut_fuer_Technologie_49.8238_5.8029,silty clay,3.540749154961107,1.1413471654438478,1.4388801261945197e-21,0.5362621408807825,8.7,50.5,40.8,147.83891216666666,4.5,49.823758,5.802858,Hohenbrink,3.48,0.54,1.21,0.0133525669212229,14,7.183179314997139e-21,0.509590708816994,3.104411817668227,6.741898423446169,0.02,0.0114743024287981,undisturbed,Hohenbrink et al. 2023: HYPROP and KSAT on undisturbed cores; WP4 dewpoint for the dry end
HB_KIT_127,HB_Karlsruher_Institut_fuer_Technologie_49.7076_5.8952,sandy clay loam,0.1886784786649926,1.2189831789026,8.060528575789109e-23,0.4290194841378993,53.0,19.8,27.2,1.3483069166666668,,49.707583,5.895247,Hohenbrink,0.14,0.43,1.5,0.0077310328210117,16,1.117928806995284e-19,0.4314511581069623,0.1531223847101149,1.010000000000004,0.2289490169771184,0.0069399171939106,undisturbed,Hohenbrink et al. 2023: HYPROP and KSAT on undisturbed cores; WP4 dewpoint for the dry end
HB_KIT_128,HB_Karlsruher_Institut_fuer_Technologie_49.1353_8.7441,silty clay loam,0.5002093529685869,1.2166404750881998,1.7511972681306263e-30,0.5198341886004474,8.7,62.4,28.9,,,49.135256,8.744089,Hohenbrink,2.99,0.58,1.11,0.0195507258613748,14,2.086999934929286e-30,0.5262405495401296,0.4319038489715987,1.01,0.2240673025046662,0.0180798712819106,undisturbed,Hohenbrink et al. 2023: HYPROP and KSAT on undisturbed cores; WP4 dewpoint for the dry end
HB_KIT_129,HB_Karlsruher_Institut_fuer_Technologie_nan_nan,silty clay loam,0.0856031976817015,1.2766214026388174,8.026222603427301e-20,0.6019902233806663,9.090909090909092,54.745254745254705,36.1638361638362,30.887926708333335,,,,Hohenbrink,2.94,0.62,1.0,0.0158729736932904,10,2.638160365993511e-20,0.6061332256529939,0.057088313201369,1.01,0.2964075500671578,0.0138039365251359,undisturbed,Hohenbrink et al. 2023: HYPROP and KSAT on undisturbed cores; WP4 dewpoint for the dry end
HB_KIT_130,HB_Karlsruher_Institut_fuer_Technologie_49.8241_5.8019,silty clay loam,0.4408653573556276,1.1484569185251394,9.772786874385072e-24,0.4369428297699351,13.2132132132132,47.4474474474475,39.3393393393393,25.106649416666663,12.5,49.824079,5.801883,Hohenbrink,2.18,0.48,1.37,0.0210110256942039,19,3.1833237623983075e-22,0.4373494402084761,0.3587241417260114,1.01,0.1540838544404522,0.0203274643847044,undisturbed,Hohenbrink et al. 2023: HYPROP and KSAT on undisturbed cores; WP4 dewpoint for the dry end
HB_KIT_131,HB_Karlsruher_Institut_fuer_Technologie_49.0161_8.5129,silt loam,0.138542799721716,1.3270961557540368,2.3845228261909773e-21,0.4526722083548102,29.6,52.1,18.3,0.3234362916666666,,49.016062,8.512867,Hohenbrink,2.66,0.45,1.46,0.0068360851375636,8,9.820885340253352e-88,0.3757597003024064,0.0948058483185538,10.999999999158051,0.0282373513715848,0.0049684014706364,undisturbed,Hohenbrink et al. 2023: HYPROP and KSAT on undisturbed cores; WP4 dewpoint for the dry end
HB_KIT_132,HB_Karlsruher_Institut_fuer_Technologie_49.8238_5.8029,silty clay loam,2.9384561633362702,1.145262793832177,7.601525791986016e-15,0.5203498390252821,13.3,47.5,39.2,125.83132166666668,4.5,49.823758,5.802858,Hohenbrink,3.96,0.54,1.23,0.0207108889600968,12,1.7597039936872222e-14,0.5251770812707417,2.8362320890401596,1.0100000000000369,0.1466961186855756,0.0205283594362134,undisturbed,Hohenbrink et al. 2023: HYPROP and KSAT on undisturbed cores; WP4 dewpoint for the dry end
HB_KIT_133,HB_Karlsruher_Institut_fuer_Technologie_49.7479_5.8937,loam,0.1900350202669384,1.2467359895288337,6.26040014383395e-27,0.3844371361910859,42.6,37.1,20.3,173.6955764583333,27.5,49.747945,5.893678,Hohenbrink,0.65,0.39,1.62,0.0055200774497613,19,8.751599903770256e-28,0.3872513686335161,0.1552654879267229,1.0100000000023523,0.2562241152356816,0.0049679971748781,undisturbed,Hohenbrink et al. 2023: HYPROP and KSAT on undisturbed cores; WP4 dewpoint for the dry end
HB_KIT_134,HB_Karlsruher_Institut_fuer_Technologie_49.7505_5.8916,loam,0.0387290113243096,1.3294911512166556,1.0521906857356844e-24,0.4911400558681577,43.6,37.3,19.1,0.4363035416666667,5.5,49.750516,5.8916,Hohenbrink,2.83,0.51,1.29,0.006928166858532,15,2.1636396018794092e-20,0.4959251965849834,0.026847773596604,1.010000000000001,0.3550079306098592,0.0047361637705146,undisturbed,Hohenbrink et al. 2023: HYPROP and KSAT on undisturbed cores; WP4 dewpoint for the dry end
HB_KIT_135,HB_Karlsruher_Institut_fuer_Technologie_49.8074_5.9633,loam,0.0506052867645279,1.3261902971585442,3.0553916002211303e-26,0.4402781578837395,29.2,49.6,21.2,9.767620083333332,3.5,49.807389,5.963306,Hohenbrink,1.95,0.46,1.42,0.0194113182190512,17,1.836890828343999e-18,0.4438386570284078,0.0333962265292249,1.01,0.3679086587461316,0.0161366197343316,undisturbed,Hohenbrink et al. 2023: HYPROP and KSAT on undisturbed cores; WP4 dewpoint for the dry end
HB_KIT_136,HB_Karlsruher_Institut_fuer_Technologie_49.1313_8.4412,sandy loam,0.3091444541900289,1.4787705333914507,0.0082000009999999,0.284554512317426,80.51948051948051,7.692307692307691,11.788211788211802,33.86793816666667,,49.1313,8.4412,Hohenbrink,0.63,0.34,1.74,0.0103016177118734,19,0.0082000009999999,0.2800176080945403,0.4640065324291866,10.999999999994747,0.0369286305292789,0.0065356583544136,undisturbed,Hohenbrink et al. 2023: HYPROP and KSAT on undisturbed cores; WP4 dewpoint for the dry end
HB_KIT_137,HB_Karlsruher_Institut_fuer_Technologie_49.8260_5.8029,silty clay loam,0.4355971606807145,1.3059605775074965,0.0042408302718085,0.6839685569248669,7.292707292707291,56.44355644355641,36.263736263736305,,3.5,49.826008,5.80286,Hohenbrink,9.28,0.73,0.72,0.0095764646752985,16,6.4019590035851636e-21,0.6764204099904008,0.5673003282445562,1.95855531590257,0.140558940424292,0.0074016886107982,undisturbed,Hohenbrink et al. 2023: HYPROP and KSAT on undisturbed cores; WP4 dewpoint for the dry end
HB_KIT_138,HB_Karlsruher_Institut_fuer_Technologie_49.8054_5.8021,silty clay loam,2.6165852631956477,1.16021443175175,1.0786768419439809e-23,0.5721443858376,15.7,46.0,38.3,228.97536412500003,4.5,49.805448,5.802123,Hohenbrink,3.36,0.58,1.11,0.0287219288512412,14,5.154123302171101e-19,0.5763065281317836,2.4226914216910487,1.01,0.1622660001189182,0.0284079754427036,undisturbed,Hohenbrink et al. 2023: HYPROP and KSAT on undisturbed cores; WP4 dewpoint for the dry end
HB_KIT_139,HB_Karlsruher_Institut_fuer_Technologie_49.7162_5.9047,sandy clay loam,0.1779224478865891,1.1862022625584367,1.0630711323320292e-18,0.4093249012255556,47.25274725274719,22.4775224775225,30.2697302697303,30.184831666666668,22.5,49.716222,5.904689,Hohenbrink,1.03,0.42,1.54,0.0101463244572368,17,6.8238779453412395e-18,0.4107573894306709,0.1479498873461293,1.01,0.1918336083154343,0.0094676236777485,undisturbed,Hohenbrink et al. 2023: HYPROP and KSAT on undisturbed cores; WP4 dewpoint for the dry end
HB_KIT_140,HB_Karlsruher_Institut_fuer_Technologie_nan_nan,clay loam,2.6526649368197304,1.1901838650621013,0.0134791537663401,0.6799238350953841,37.4,34.1,28.5,,,,,Hohenbrink,10.1,0.78,0.57,0.0184243306407382,17,2.5590808448488454e-26,0.6629396579178343,3.312689299636404,6.285342867033751,0.0269303910852535,0.0134030147886651,undisturbed,Hohenbrink et al. 2023: HYPROP and KSAT on undisturbed cores; WP4 dewpoint for the dry end
HB_KIT_141,HB_Karlsruher_Institut_fuer_Technologie_49.8260_5.8034,silty clay loam,0.9376920640269616,1.2085260491975875,8.551239321504056e-26,0.6206340373319577,9.5,54.7,35.8,173.6955764583333,24.5,49.825977,5.803403,Hohenbrink,3.35,0.65,0.93,0.0092880004571047,21,2.7075754865493312e-21,0.6190453276665134,1.0140761930230102,1.3582957526373625,0.1505310412873762,0.0091804947997312,undisturbed,Hohenbrink et al. 2023: HYPROP and KSAT on undisturbed cores; WP4 dewpoint for the dry end
HB_KIT_142,HB_Karlsruher_Institut_fuer_Technologie_49.7491_5.8927,clay,0.0035704241698821,1.2832356903524675,5.728021686973916e-16,0.3770796649965641,15.4,35.8,48.8,0.1121472916666666,32.5,49.749092,5.892749,Hohenbrink,0.97,0.44,1.49,0.0111389164508181,9,5.841029921593912e-27,0.3793922827920948,0.0024955779290432,1.01,0.3084491927046526,0.0097330349987632,undisturbed,Hohenbrink et al. 2023: HYPROP and KSAT on undisturbed cores; WP4 dewpoint for the dry end
HB_KIT_143,HB_Karlsruher_Institut_fuer_Technologie_49.8256_5.8028,sandy loam,0.8297626959396652,1.3037298334081933,0.0065000009578069,0.2814588300976533,62.6,20.8,16.6,,92.5,49.825617,5.802813,Hohenbrink,0.2,0.6,1.07,0.0124700338095293,13,0.005291207593934,0.2558236562362527,0.7114777027371848,4.299723164191159,0.0673349683682378,0.0113911354101163,undisturbed,Hohenbrink et al. 2023: HYPROP and KSAT on undisturbed cores; WP4 dewpoint for the dry end
HB_KIT_144,HB_Karlsruher_Institut_fuer_Technologie_49.8059_5.8020,silty clay loam,0.0735023478143003,1.2742788326002956,1.4883807973302174e-26,0.6131233221938053,6.693306693306691,56.843156843156805,36.4635364635365,151.28252283333333,4.5,49.80592,5.801984,Hohenbrink,6.44,0.66,0.89,0.0178144208065534,16,2.4909648046383508e-17,0.6171614314908651,0.0527148141932156,1.01,0.2976759437043165,0.0143452750666479,undisturbed,Hohenbrink et al. 2023: HYPROP and KSAT on undisturbed cores; WP4 dewpoint for the dry end
HB_KIT_145,HB_Karlsruher_Institut_fuer_Technologie_49.7076_5.8952,sandy loam,0.3755380061990205,1.5603410297482745,0.007000001,0.5782408561239847,74.4,10.5,15.1,162.10214375,42.5,49.707583,5.895247,Hohenbrink,1.05,0.57,1.14,0.028815727309566,13,0.007000001,0.5424785199230684,0.4703462309125036,10.999999999839234,0.0448851633832135,0.0197537040139582,undisturbed,Hohenbrink et al. 2023: HYPROP and KSAT on undisturbed cores; WP4 dewpoint for the dry end
HB_KIT_146,HB_Karlsruher_Institut_fuer_Technologie_nan_nan,clay loam,0.1321236435229518,1.1867170726190346,6.234988744774461e-17,0.4380493982375746,22.9,41.5,35.6,301.84831670833336,,,,Hohenbrink,2.14,0.49,1.35,0.0126866813463618,18,1.6337866010169694e-18,0.4395085078612209,0.1099806332754105,1.01,0.1917845542453618,0.0114653168726987,undisturbed,Hohenbrink et al. 2023: HYPROP and KSAT on undisturbed cores; WP4 dewpoint for the dry end
HB_KIT_147,HB_Karlsruher_Institut_fuer_Technologie_49.7478_5.8935,clay,0.7336672258709737,1.1319167479204455,8.441442774589003e-26,0.4768749471020668,24.3,29.4,46.3,48.95406479166667,27.5,49.747827,5.893523,Hohenbrink,2.23,0.48,1.38,0.0180878343142292,17,7.493779299161535e-18,0.4786071922103756,0.6840351362900766,1.0100000000000675,0.1325150036623058,0.0179853031814369,undisturbed,Hohenbrink et al. 2023: HYPROP and KSAT on undisturbed cores; WP4 dewpoint for the dry end
HB_KIT_148,HB_Karlsruher_Institut_fuer_Technologie_49.7162_5.9047,clay,0.0158876739309061,1.2750934010043105,4.4881186972210576e-30,0.4187662022445436,32.06793206793206,17.982017982017982,49.950049950049944,20.882801416666663,57.5,49.716222,5.904689,Hohenbrink,0.3,0.46,1.44,0.0125129708384257,8,1.318863334379607e-21,0.4240138721334992,0.011431360425707,1.01,0.3023904407224764,0.0100774872314878,undisturbed,Hohenbrink et al. 2023: HYPROP and KSAT on undisturbed cores; WP4 dewpoint for the dry end
HB_KIT_149,HB_Karlsruher_Institut_fuer_Technologie_49.7077_5.8954,sandy loam,0.2903629009633473,1.5401431165132713,0.0055000009999999,0.4831319024205359,78.0,10.9,11.1,40.71821754166667,17.5,49.70765,5.8954,Hohenbrink,1.57,0.55,1.19,0.0193398665257068,17,0.0055000009999999,0.4722541893212306,0.4538971910998692,10.999999990932132,0.0394270266227048,0.0134633427153646,undisturbed,Hohenbrink et al. 2023: HYPROP and KSAT on undisturbed cores; WP4 dewpoint for the dry end
HB_KIT_150,HB_Karlsruher_Institut_fuer_Technologie_49.7645_5.9748,sandy clay loam,0.0421451310835163,1.2456905707132968,2.3175203422351494e-26,0.2897202426218662,47.9,22.2,29.9,102.27953816666668,12.5,49.764482,5.97479,Hohenbrink,0.66,0.4,1.6,0.010651357359801,10,4.924583495223224e-22,0.2936704861868697,0.0340697935605031,1.01,0.2579933494687858,0.0097753300146475,undisturbed,Hohenbrink et al. 2023: HYPROP and KSAT on undisturbed cores; WP4 dewpoint for the dry end
HB_KIT_151,HB_Karlsruher_Institut_fuer_Technologie_50.7491_13.6735,clay loam,0.0499395072893053,1.2737180599298965,3.860077748287278e-18,0.593196345862644,30.13013013013013,39.33933933933934,30.53053053053053,,,50.749097,13.673489,Hohenbrink,6.69,0.63,0.99,0.0143499942119926,14,4.3681858354315705e-15,0.5982441465891468,0.0375683454257947,1.01,0.2902347656646566,0.0111062573035593,undisturbed,Hohenbrink et al. 2023: HYPROP and KSAT on undisturbed cores; WP4 dewpoint for the dry end
HB_KIT_152,HB_Karlsruher_Institut_fuer_Technologie_49.7518_5.9411,sandy clay loam,0.6177004547747882,1.2319429897316307,2.6953913959364137e-17,0.4497819045974306,52.7472527472527,24.2757242757243,22.977022977023,20.407450791666665,5.5,49.751778,5.941055,Hohenbrink,1.55,0.55,1.18,0.0073787218283534,14,2.874262193546478e-20,0.4578479763297755,0.565753898827846,1.0100000000001537,0.2377388444879931,0.0071339088419623,undisturbed,Hohenbrink et al. 2023: HYPROP and KSAT on undisturbed cores; WP4 dewpoint for the dry end
HB_KIT_153,HB_Karlsruher_Institut_fuer_Technologie_49.7075_5.8998,sandy loam,0.1762633620320682,1.4279664107728234,0.0084000009999999,0.486796232760546,69.3,16.1,14.6,,,49.707545,5.89977,Hohenbrink,2.86,0.52,1.27,0.008077582350187,14,1.143499344645141e-20,0.4771769618338415,0.2601696381711187,2.8248696004342495,0.123234342875163,0.0052540199273921,undisturbed,Hohenbrink et al. 2023: HYPROP and KSAT on undisturbed cores; WP4 dewpoint for the dry end
HB_KIT_154,HB_Karlsruher_Institut_fuer_Technologie_49.7645_5.9748,sandy clay loam,0.1646350456903396,1.2203880835615406,8.376778537341577e-19,0.4250587079727065,50.6,22.5,26.9,,4.5,49.764482,5.97479,Hohenbrink,2.35,0.46,1.42,0.0109541651895798,16,9.332322719679296e-20,0.4275696347864156,0.1309680328761788,1.01,0.2321595644138817,0.0096150395533468,undisturbed,Hohenbrink et al. 2023: HYPROP and KSAT on undisturbed cores; WP4 dewpoint for the dry end
HB_KIT_155,HB_Karlsruher_Institut_fuer_Technologie_49.8260_5.8034,silty clay loam,0.3697062102501485,1.2952781340884665,0.0337000009995333,0.6937055406353798,10.9,52.0,37.1,14.44736875,3.5,49.825977,5.803403,Hohenbrink,9.83,0.67,0.88,0.0247423835488027,13,0.009678290663711,0.6617557491767645,0.4518533034005904,3.81638377043577,0.0643053457881377,0.0213648335090054,undisturbed,Hohenbrink et al. 2023: HYPROP and KSAT on undisturbed cores; WP4 dewpoint for the dry end
HB_KIT_156,HB_Karlsruher_Institut_fuer_Technologie_49.8087_5.8031,clay loam,0.1358554617892484,1.2220878190292248,1.940196700407211e-21,0.5181849320025362,22.9,40.4,36.7,380.0045164166667,4.5,49.808735,5.803051,Hohenbrink,6.31,0.63,0.97,0.0143611972115813,12,2.817866170186706e-20,0.5246615980580601,0.1161964650870969,1.0100000000000002,0.2312619215084649,0.0128193239745347,undisturbed,Hohenbrink et al. 2023: HYPROP and KSAT on undisturbed cores; WP4 dewpoint for the dry end
HB_KIT_157,HB_Karlsruher_Institut_fuer_Technologie_52.2964_10.4361,sandy loam,0.1914530170959558,1.410365680080952,0.0059000009999999,0.381616224227143,58.5,28.9,12.6,5.751601083333333,,52.2964,10.4361,Hohenbrink,1.22,0.38,1.65,0.0062896414321322,15,3.1112430808153957e-21,0.3751798305322164,0.2853149908494948,2.795495097011494,0.1204434930521707,0.0033904862449623,undisturbed,Hohenbrink et al. 2023: HYPROP and KSAT on undisturbed cores; WP4 dewpoint for the dry end
HB_KIT_158,HB_Karlsruher_Institut_fuer_Technologie_49.8222_5.8070,silty clay loam,0.0320263506831928,1.334049807811846,1.194852136251444e-21,0.5784814873689668,9.9,54.3,35.8,24.535152291666662,4.5,49.822244,5.807039,Hohenbrink,3.29,0.6,1.05,0.0220254272717435,19,1.3572675853316613e-18,0.5821902294126856,0.0207489756309986,1.01,0.3703781614776396,0.0181395522196139,undisturbed,Hohenbrink et al. 2023: HYPROP and KSAT on undisturbed cores; WP4 dewpoint for the dry end
HB_KIT_159,HB_Karlsruher_Institut_fuer_Technologie_49.7645_5.9748,sandy clay loam,0.9557387781663412,1.16488795588852,2.2057146700412493e-19,0.3522050163951235,48.3,21.9,29.8,69.14945445833334,12.5,49.764482,5.97479,Hohenbrink,0.73,0.39,1.61,0.0084834074630697,18,1.54074206758919e-13,0.3536835521354972,0.8449265946339024,1.0100000000001972,0.1683031554964172,0.0083402902495155,undisturbed,Hohenbrink et al. 2023: HYPROP and KSAT on undisturbed cores; WP4 dewpoint for the dry end
HB_KIT_160,HB_Karlsruher_Institut_fuer_Technologie_49.7076_5.8952,sandy loam,0.4510996794624572,1.4975768813009238,0.005400001,0.5075643120077878,79.7,10.5,9.8,91.15673433333336,12.5,49.707583,5.895247,Hohenbrink,1.56,0.53,1.25,0.0251232968991194,15,0.005400001,0.4862700110112411,0.58560569621735,10.95245444514328,0.04031037394786,0.018163025439528,undisturbed,Hohenbrink et al. 2023: HYPROP and KSAT on undisturbed cores; WP4 dewpoint for the dry end
HB_KIT_161,HB_Karlsruher_Institut_fuer_Technologie_49.7474_5.8955,sandy clay loam,0.1298786265102622,1.257493149905591,1.1394736055344736e-23,0.6109206479672932,54.7,13.9,31.4,14.783891208333332,4.5,49.747361,5.8955,Hohenbrink,5.0,0.62,1.02,0.0100780617711889,18,4.873435007554715e-25,0.6145849699716404,0.1010345951332724,1.01,0.2690457380631179,0.0075259870561849,undisturbed,Hohenbrink et al. 2023: HYPROP and KSAT on undisturbed cores; WP4 dewpoint for the dry end
HB_KIT_162,HB_Karlsruher_Institut_fuer_Technologie_49.7162_5.9047,sandy clay loam,0.202812761067433,1.177866102742262,2.0062922235296778e-21,0.3997572742599775,48.948948948949,18.7187187187187,32.3323323323323,144.47368770833333,22.5,49.716222,5.904689,Hohenbrink,0.99,0.42,1.54,0.0140678272961911,15,3.431660181661488e-23,0.4009256508963521,0.1617527523523963,1.01,0.1872583608688455,0.0131291661070377,undisturbed,Hohenbrink et al. 2023: HYPROP and KSAT on undisturbed cores; WP4 dewpoint for the dry end
HB_KIT_163,HB_Karlsruher_Institut_fuer_Technologie_49.7497_5.9387,sandy loam,0.3233103432089808,1.286315969200882,4.1262095399617826e-23,0.4781568710824321,68.6,14.8,16.6,58.855731041666665,3.5,49.74975,5.93875,Hohenbrink,2.68,0.56,1.16,0.004847675179178,19,1.357342775849827e-23,0.4812436995590129,0.2509074295614142,1.0437591299264013,0.2958325913592377,0.0039726419692471,undisturbed,Hohenbrink et al. 2023: HYPROP and KSAT on undisturbed cores; WP4 dewpoint for the dry end
HB_KIT_164,HB_Karlsruher_Institut_fuer_Technologie_49.8260_5.8034,silty clay,0.207730283384535,1.379929425932517,0.0666685740326787,0.6914642820844329,8.2,49.5,42.3,40.71821754166667,3.5,49.825977,5.803403,Hohenbrink,,0.71,0.76,0.0099421962157719,11,0.0371460820633082,0.6545524694411463,0.281753157345627,4.5023222937330365,0.0643495152594234,0.0061045786942158,undisturbed,Hohenbrink et al. 2023: HYPROP and KSAT on undisturbed cores; WP4 dewpoint for the dry end
HB_KIT_165,HB_Karlsruher_Institut_fuer_Technologie_49.8133_5.9414,sandy loam,0.3724027422770951,1.3492918159083631,0.0137819863592507,0.5844902890050291,56.343656343656306,25.7742257742258,17.8821178821179,11.475952916666666,3.5,49.813333,5.941389,Hohenbrink,4.6,0.63,0.97,0.0099040592654804,17,2.0976696786914313e-19,0.5740025632626105,0.5436615862778844,2.6861320796492527,0.1069346710922519,0.0066898490017439,undisturbed,Hohenbrink et al. 2023: HYPROP and KSAT on undisturbed cores; WP4 dewpoint for the dry end
HB_KIT_166,HB_Karlsruher_Institut_fuer_Technologie_49.7164_5.9047,clay,0.0168134691129888,1.265413468283443,2.3647910747030673e-31,0.3968258426018655,39.2,20.3,40.5,28.826290458333332,19.5,49.716359,5.90473,Hohenbrink,1.2,0.44,1.49,0.0146471115840298,7,4.745851477828155e-22,0.4024875216714325,0.0131777606153832,1.01,0.2839282080626912,0.0126125785221122,undisturbed,Hohenbrink et al. 2023: HYPROP and KSAT on undisturbed cores; WP4 dewpoint for the dry end
HB_KIT_167,HB_Karlsruher_Institut_fuer_Technologie_49.8093_5.8030,clay loam,0.0733987922962968,1.2842490835368858,5.0730264651456895e-22,0.4189040417573156,26.0,41.2,32.8,426.372080125,4.5,49.809263,5.803026,Hohenbrink,4.1,0.52,1.26,0.0128700199017081,13,2.028789757198845e-20,0.4242401292366962,0.0563091063634093,1.01,0.3039644301097514,0.0105438655052361,undisturbed,Hohenbrink et al. 2023: HYPROP and KSAT on undisturbed cores; WP4 dewpoint for the dry end
HB_KIT_168,HB_Karlsruher_Institut_fuer_Technologie_52.2964_10.4361,sandy loam,0.1643813014109509,1.47477264037561,0.0062000009999999,0.4046208595640539,57.6,29.7,12.7,3.160739916666667,,52.2964,10.4361,Hohenbrink,1.36,0.4,1.58,0.0090117086288964,12,2.614883352402631e-18,0.3918222543077675,0.264904390617015,5.1202736858771045,0.0697068842382652,0.0040973443766181,undisturbed,Hohenbrink et al. 2023: HYPROP and KSAT on undisturbed cores; WP4 dewpoint for the dry end
HB_KIT_169,HB_Karlsruher_Institut_fuer_Technologie_49.8223_5.8067,clay loam,0.4440685419901385,1.246543242766692,1.1928393378244123e-16,0.6002702892883531,25.3,39.8,34.9,20.407450791666665,4.5,49.822265,5.806696,Hohenbrink,4.61,0.63,0.98,0.0120528922553532,12,3.6667461636836055e-15,0.6170783072302107,0.4271510609369222,1.0100000000265057,0.2517852970779888,0.011909538018082,undisturbed,Hohenbrink et al. 2023: HYPROP and KSAT on undisturbed cores; WP4 dewpoint for the dry end
HB_KIT_170,HB_Karlsruher_Institut_fuer_Technologie_49.8083_5.8061,silty clay loam,1.907672963372382,1.1657298548845367,9.003636407490444e-16,0.6620882684396119,5.1,59.8,35.1,500.94351441666663,4.5,49.808318,5.80611,Hohenbrink,5.87,0.74,0.69,0.0241995586125657,19,3.8473804416160694e-16,0.6654676739971931,1.6921784574179537,1.010000000006308,0.1689246796502476,0.0238532311865193,undisturbed,Hohenbrink et al. 2023: HYPROP and KSAT on undisturbed cores; WP4 dewpoint for the dry end
HB_KIT_171,HB_Karlsruher_Institut_fuer_Technologie_49.8223_5.8068,silty clay loam,0.4848651581335896,1.2077051260852798,1.8143161807803504e-19,0.575554716531922,19.580419580419584,42.55744255744256,37.86213786213786,74.09497541666667,16.5,49.822276,5.806843,Hohenbrink,3.39,0.62,1.02,0.0174999439480505,13,1.0916454115596635e-20,0.5843376738761756,0.4482038708779339,1.010000000001409,0.2117806048470758,0.0168529065955215,undisturbed,Hohenbrink et al. 2023: HYPROP and KSAT on undisturbed cores; WP4 dewpoint for the dry end
HB_KIT_172,HB_Karlsruher_Institut_fuer_Technologie_49.7645_5.9748,sandy clay loam,0.2701553580561225,1.2051573117025995,1.7535966874083066e-31,0.454496668550161,49.3,24.2,26.5,35.46408491666667,4.5,49.764482,5.97479,Hohenbrink,2.51,0.49,1.34,0.0161482215380644,16,1.633146764857549e-29,0.4554616868777908,0.1879357268985287,1.01,0.2288792939851879,0.0142725455814408,undisturbed,Hohenbrink et al. 2023: HYPROP and KSAT on undisturbed cores; WP4 dewpoint for the dry end
HB_KIT_173,HB_Karlsruher_Institut_fuer_Technologie_49.7164_5.9047,clay,0.0514292667645101,1.2285108018363928,3.6027593085805698e-25,0.4880852327316674,39.9,18.8,41.3,52.455225500000005,12.5,49.716359,5.90473,Hohenbrink,4.51,0.55,1.19,0.0053271499379066,9,5.768877246366919e-20,0.492242993287918,0.0418859563068744,1.01,0.2348436590421327,0.0039023734413483,undisturbed,Hohenbrink et al. 2023: HYPROP and KSAT on undisturbed cores; WP4 dewpoint for the dry end
HB_KIT_174,HB_Karlsruher_Institut_fuer_Technologie_49.8260_5.8034,silty clay,0.8712012019603435,1.2308809199439077,1.551832837400566e-14,0.6722344891761982,7.792207792207784,50.84915084915086,41.35864135864136,69.14945445833334,23.5,49.825977,5.803403,Hohenbrink,3.69,0.66,0.9,0.0107936052157664,17,9.453910227189052e-21,0.6638526366012453,0.9623843515697578,1.597611081058735,0.1397063090277488,0.0103322320461059,undisturbed,Hohenbrink et al. 2023: HYPROP and KSAT on undisturbed cores; WP4 dewpoint for the dry end
HB_KIT_175,HB_Karlsruher_Institut_fuer_Technologie_49.7645_5.9748,sandy clay loam,0.2649437311167551,1.194920774415239,1.197020609812203e-18,0.4129478015016278,52.7472527472527,21.3786213786214,25.8741258741259,30.184831666666668,4.5,49.764482,5.97479,Hohenbrink,2.57,0.45,1.46,0.0098028515220752,18,1.3575551466548953e-21,0.4146318930486128,0.215262445326444,1.0100000000000051,0.2041860375072575,0.0086004788256412,undisturbed,Hohenbrink et al. 2023: HYPROP and KSAT on undisturbed cores; WP4 dewpoint for the dry end
HB_KIT_176,HB_Karlsruher_Institut_fuer_Technologie_49.7066_5.8955,loamy sand,0.1736500730629631,2.418259430601937,0.0049000009999999,0.4423275312177613,86.0,4.5,9.5,102.27953816666668,85.5,49.706633,5.895522,Hohenbrink,0.41,0.46,1.44,0.0229843678984779,13,0.0049000009999999,0.4346888561440919,0.2495289119966625,10.999999999670557,0.0976798173576807,0.0160201260873441,undisturbed,Hohenbrink et al. 2023: HYPROP and KSAT on undisturbed cores; WP4 dewpoint for the dry end
HB_KIT_177,HB_Karlsruher_Institut_fuer_Technologie_49.7673_5.9538,silty clay loam,0.0627108245028771,1.2597345966338616,2.826072605302287e-20,0.5364982369044922,17.9,49.5,32.6,,7.5,49.767277,5.953773,Hohenbrink,3.96,0.56,1.17,0.009968330128808,17,1.9309359728613733e-22,0.5398008866370269,0.0468529667853207,1.01,0.2772447879956838,0.0073783979597328,undisturbed,Hohenbrink et al. 2023: HYPROP and KSAT on undisturbed cores; WP4 dewpoint for the dry end
HB_KIT_178,HB_Karlsruher_Institut_fuer_Technologie_49.8260_5.8034,silty clay,1.6656584577849636,1.1621750830315076,1.1175467060978339e-17,0.5505790845921721,6.2,51.9,41.9,426.372080125,42.5,49.825977,5.803403,Hohenbrink,1.7,0.59,1.09,0.019270847760173,17,3.95199270775802e-16,0.5540050613553366,1.5129305747022437,1.010000000000002,0.164776803333628,0.0189113207361618,undisturbed,Hohenbrink et al. 2023: HYPROP and KSAT on undisturbed cores; WP4 dewpoint for the dry end
HB_KIT_179,HB_Karlsruher_Institut_fuer_Technologie_34.9634_135.9950,sandy loam,1.153478343633465,1.2586727926816297,0.0068330720443945,0.5337228094538412,65.7657657657658,15.8158158158158,18.4184184184184,40.71821754166667,,34.963426,135.995046,Hohenbrink,3.23,0.53,1.24,0.0092335373920771,13,4.669127662126983e-22,0.4995232752876647,1.24121064871633,5.1644579095744465,0.0447008671170407,0.0051366357215286,undisturbed,Hohenbrink et al. 2023: HYPROP and KSAT on undisturbed cores; WP4 dewpoint for the dry end
HB_KIT_180,HB_Karlsruher_Institut_fuer_Technologie_49.8223_5.8067,clay loam,0.5284084552478296,1.2010970469356606,2.210134757134144e-25,0.4821369376767974,24.524524524524523,39.73973973973974,35.73573573573574,72.408367875,26.5,49.822265,5.806696,Hohenbrink,2.7,0.55,1.19,0.0180222201258983,12,2.329283055780504e-17,0.4866233885126723,0.4478151789297835,1.01,0.2094806302306092,0.0169977756282841,undisturbed,Hohenbrink et al. 2023: HYPROP and KSAT on undisturbed cores; WP4 dewpoint for the dry end
HB_KIT_181,HB_Karlsruher_Institut_fuer_Technologie_nan_nan,sandy clay loam,0.1516034421105021,1.233958832455674,1.0123718195952e-18,0.4160677551317316,59.4405594405594,19.4805194805195,21.0789210789211,19.9429205,,,,Hohenbrink,1.03,0.42,1.54,0.0111932596652083,18,3.4010727944070505e-21,0.4181228207094375,0.1188960495110269,1.0100000000000002,0.2459194632737496,0.0102356371000054,undisturbed,Hohenbrink et al. 2023: HYPROP and KSAT on undisturbed cores; WP4 dewpoint for the dry end
HB_KIT_182,HB_Karlsruher_Institut_fuer_Technologie_49.7162_5.9047,clay,1.5610451946696164,1.169936761020599,1.1894432414803686e-20,0.5708729768978028,38.36163836163835,20.379620379620377,41.25874125874126,199.429205125,57.5,49.716222,5.904689,Hohenbrink,0.46,0.56,1.17,0.0131863079462384,15,4.080307737060002e-21,0.5755084083136423,1.4094865849943763,1.01,0.1737994769352696,0.0126509176216834,undisturbed,Hohenbrink et al. 2023: HYPROP and KSAT on undisturbed cores; WP4 dewpoint for the dry end
HB_KIT_183,HB_Karlsruher_Institut_fuer_Technologie_49.8256_5.8028,clay loam,0.3919380598136314,1.378278460068085,0.024596177802351,0.5705730623401012,25.4,39.3,35.3,,3.5,49.825617,5.802813,Hohenbrink,,0.71,0.77,0.0067972266753813,11,0.0231259028607413,0.5658958779410015,0.4172612473170048,1.5168072363563951,0.2408287944272901,0.0067359437758766,undisturbed,Hohenbrink et al. 2023: HYPROP and KSAT on undisturbed cores; WP4 dewpoint for the dry end
HB_KIT_184,HB_Karlsruher_Institut_fuer_Technologie_49.8260_5.8034,silty clay loam,0.6544488963815791,1.2183376485164643,1.1921234570093073e-18,0.6060772600813108,5.9,54.8,39.3,51.261198791666665,13.5,49.825977,5.803403,Hohenbrink,4.04,0.6,1.06,0.0075181581154721,13,1.247380834198565e-19,0.6207556748397192,0.6498418155858844,1.01000000201639,0.2210524709074594,0.0072557933288037,undisturbed,Hohenbrink et al. 2023: HYPROP and KSAT on undisturbed cores; WP4 dewpoint for the dry end
HB_KIT_185,HB_Karlsruher_Institut_fuer_Technologie_49.7645_5.9748,sandy clay loam,0.4424799205659107,1.165816355220137,2.3556117796476258e-21,0.3394951749103273,49.4,20.9,29.7,41.666666666666664,12.5,49.764482,5.97479,Hohenbrink,0.73,0.37,1.67,0.0114243814603705,13,4.4150824341589854e-21,0.3421538827328308,0.4055702667817963,1.010000000000002,0.1685352281673278,0.0110710940161965,undisturbed,Hohenbrink et al. 2023: HYPROP and KSAT on undisturbed cores; WP4 dewpoint for the dry end
HB_KIT_186,HB_Karlsruher_Institut_fuer_Technologie_49.7503_5.8680,silt loam,0.0243682849512374,1.3423767864286915,1.7125467264341976e-17,0.4227373584244042,16.0,60.8,23.2,28.170123958333335,12.5,49.75031,5.868029,Hohenbrink,1.21,0.44,1.49,0.0104576723239054,15,3.672850822907943e-18,0.4270356385388828,0.0161975833242971,1.01,0.3833721000834187,0.0078955675756077,undisturbed,Hohenbrink et al. 2023: HYPROP and KSAT on undisturbed cores; WP4 dewpoint for the dry end
HB_KIT_187,HB_Karlsruher_Institut_fuer_Technologie_49.1353_8.7441,silty clay loam,0.1884021659679695,1.221029431448348,3.5806895604763876e-27,0.4630173016990735,10.0,61.3,28.7,,,49.135256,8.744089,Hohenbrink,2.71,0.47,1.41,0.0121702145441087,20,7.989027145316436e-21,0.4658436180020699,0.1563866812374555,1.0100000000000002,0.2285298090502635,0.010730001910666,undisturbed,Hohenbrink et al. 2023: HYPROP and KSAT on undisturbed cores; WP4 dewpoint for the dry end
HB_KIT_188,HB_Karlsruher_Institut_fuer_Technologie_49.7174_5.9032,sandy clay loam,0.0553283967639178,1.2523328154157207,2.836453029511948e-18,0.3965252476714472,56.4,19.9,23.7,0.1994292083333333,12.5,49.717426,5.903189,Hohenbrink,1.42,0.41,1.56,0.0125538902076852,15,5.606543176958863e-31,0.3976772884410189,0.0362610192178311,1.01,0.2813210018026474,0.0110416593043502,undisturbed,Hohenbrink et al. 2023: HYPROP and KSAT on undisturbed cores; WP4 dewpoint for the dry end
HB_KIT_189,HB_Karlsruher_Institut_fuer_Technologie_49.7076_5.8952,sandy loam,0.4397750004088264,1.4969475946749855,0.007700001,0.5205634152698345,78.978978978979,10.6106106106106,10.4104104104104,42.637208,27.5,49.707583,5.895247,Hohenbrink,1.13,0.53,1.24,0.0291892274323583,19,0.007700001,0.5054338663340898,0.6009075033883441,8.55641696620038,0.0508333628120688,0.022691547238931,undisturbed,Hohenbrink et al. 2023: HYPROP and KSAT on undisturbed cores; WP4 dewpoint for the dry end
HB_KIT_190,HB_Karlsruher_Institut_fuer_Technologie_nan_nan,clay loam,0.0372169356368307,1.264508045191603,7.974279385960165e-22,0.456186630410799,23.17682317682318,42.15784215784216,34.66533466533467,5.751601083333333,,,,Hohenbrink,1.98,0.48,1.39,0.0145389159486812,16,2.5817706940166633e-22,0.4576380643431952,0.0241496401350506,1.01,0.2865761422826385,0.0126217996851909,undisturbed,Hohenbrink et al. 2023: HYPROP and KSAT on undisturbed cores; WP4 dewpoint for the dry end
HB_KIT_191,HB_Karlsruher_Institut_fuer_Technologie_49.7173_5.9038,sandy loam,0.2324145826041976,1.1839962772817365,0.0221433771743105,0.3861235023363655,60.1,21.7,18.2,33.097009791666665,32.5,49.717257,5.903786,Hohenbrink,0.7,0.39,1.61,0.0016566352806098,16,4.120952774028844e-12,0.3852120383907143,0.2753621046796056,1.347429643381875,0.1194453295494522,0.0014520766109694,undisturbed,Hohenbrink et al. 2023: HYPROP and KSAT on undisturbed cores; WP4 dewpoint for the dry end
HB_KIT_192,HB_Karlsruher_Institut_fuer_Technologie_49.7066_5.8955,sandy loam,0.1871916112635084,1.5672713047296811,0.0092000009999999,0.4279480830353639,78.5214785214785,4.7952047952048,16.6833166833167,,,49.706633,5.895522,Hohenbrink,0.36,0.43,1.52,0.0183114522106983,16,0.0092000009999999,0.4186845659680797,0.3009964324845479,8.628612822802005,0.0517459001472997,0.0123475056239572,undisturbed,Hohenbrink et al. 2023: HYPROP and KSAT on undisturbed cores; WP4 dewpoint for the dry end
HB_KIT_193,HB_Karlsruher_Institut_fuer_Technologie_nan_nan,sandy loam,0.5421784157469206,1.256932132856875,8.731122414967737e-22,0.5051937240498398,59.35935935935937,21.52152152152152,19.119119119119123,72.408367875,,,,Hohenbrink,2.55,0.57,1.13,0.0083589495158862,17,6.476188658390525e-21,0.5109274394285778,0.4512651107025747,1.0100000002066645,0.2676883338178019,0.0070617863094198,undisturbed,Hohenbrink et al. 2023: HYPROP and KSAT on undisturbed cores; WP4 dewpoint for the dry end
HB_KIT_194,HB_Karlsruher_Institut_fuer_Technologie_49.1313_8.4412,sandy loam,0.3581906302070241,1.5687830915472916,0.0078500009999999,0.3015145141267441,80.5,7.8,11.7,20.882801416666663,,49.1313,8.4412,Hohenbrink,0.76,0.39,1.61,0.0129133169103016,14,0.0078500009999999,0.2907395710130396,0.5187700372164418,10.999999997956468,0.043161215671767,0.0087751242692102,undisturbed,Hohenbrink et al. 2023: HYPROP and KSAT on undisturbed cores; WP4 dewpoint for the dry end
HB_KIT_195,HB_Karlsruher_Institut_fuer_Technologie_49.7178_5.8900,sandy loam,0.0423602219609915,1.3144237195329478,2.3540693804292225e-19,0.5497553521639911,60.3,20.6,19.1,67.57542070833334,4.5,49.717809,5.890013,Hohenbrink,3.57,0.57,1.15,0.0097346106947999,19,1.2589631777973109e-21,0.5529942293945741,0.0290917791385917,1.01,0.3397555889582576,0.006596951612767,undisturbed,Hohenbrink et al. 2023: HYPROP and KSAT on undisturbed cores; WP4 dewpoint for the dry end
HB_KIT_196,HB_Karlsruher_Institut_fuer_Technologie_49.7178_5.8900,sandy loam,0.0303695630938813,1.4411381149570346,1.0766272660260501e-23,0.5663018409180302,62.4,19.8,17.8,,4.5,49.717809,5.890013,Hohenbrink,3.73,0.6,1.07,0.0028647844016662,8,3.004254265380495e-26,0.5694038186338864,0.0285460460430305,1.3445574832480407,0.3352552550640678,0.0027642841543315,undisturbed,Hohenbrink et al. 2023: HYPROP and KSAT on undisturbed cores; WP4 dewpoint for the dry end
HB_KIT_197,HB_Karlsruher_Institut_fuer_Technologie_49.8260_5.8034,silty clay,1.2324224738319216,1.2102939292856354,0.0107892749997125,0.6588666923637901,3.3,55.7,41.0,122.967051125,13.5,49.825977,5.803403,Hohenbrink,4.17,0.65,0.92,0.0132195466926012,17,3.4834699833213863e-22,0.6450402288214586,1.58652611980241,2.7143906597052734,0.0693146043816187,0.0105624538155605,undisturbed,Hohenbrink et al. 2023: HYPROP and KSAT on undisturbed cores; WP4 dewpoint for the dry end
HB_KIT_198,HB_Karlsruher_Institut_fuer_Technologie_49.7505_5.8913,loam,0.0553674197580503,1.337654844544418,6.983523389005933e-22,0.5245035116522172,39.4,40.5,20.1,6.757542083333333,5.5,49.750528,5.891333,Hohenbrink,2.99,0.54,1.22,0.0149212297718412,17,1.068836975865117e-27,0.5293880376396531,0.0375006754442669,1.01,0.3732586578201701,0.0109629519292524,undisturbed,Hohenbrink et al. 2023: HYPROP and KSAT on undisturbed cores; WP4 dewpoint for the dry end
HB_KIT_199,HB_Karlsruher_Institut_fuer_Technologie_49.7174_5.9032,sandy loam,0.1353353687142068,1.2157617300968235,3.7767655521478817e-22,0.4199370876490766,60.1,21.0,18.9,18.188159666666667,12.5,49.717426,5.903189,Hohenbrink,1.32,0.46,1.42,0.0114615235178441,17,4.701052039127408e-18,0.4216114818276374,0.1041688146235661,1.0100000000000124,0.2300835512355193,0.0102791456619267,undisturbed,Hohenbrink et al. 2023: HYPROP and KSAT on undisturbed cores; WP4 dewpoint for the dry end
HB_KIT_200,HB_Karlsruher_Institut_fuer_Technologie_49.7503_5.8680,silty clay loam,0.0210343224589376,1.3502808504361887,2.0744138799181397e-24,0.5357880473581846,14.514514514514516,58.35835835835836,27.127127127127128,72.408367875,4.5,49.75031,5.868029,Hohenbrink,3.36,0.56,1.16,0.0065275060284366,8,3.622762202561036e-16,0.546358538433755,0.0147298988202635,1.0100000005224985,0.3787045331971502,0.0039276673877595,undisturbed,Hohenbrink et al. 2023: HYPROP and KSAT on undisturbed cores; WP4 dewpoint for the dry end
HB_KIT_201,HB_Karlsruher_Institut_fuer_Technologie_49.7178_5.8900,sandy clay loam,0.021184381862708,1.620210287699544,0.0167331881235304,0.5352383026243067,60.5394605394605,18.3816183816184,21.0789210789211,,4.5,49.717809,5.890013,Hohenbrink,3.43,0.55,1.19,0.00109460165467,7,0.019684645154072,0.5362794866783269,0.0097481014311031,1.4519434442320214,0.979999999684264,0.000845478195495,undisturbed,Hohenbrink et al. 2023: HYPROP and KSAT on undisturbed cores; WP4 dewpoint for the dry end
HB_KIT_202,HB_Karlsruher_Institut_fuer_Technologie_49.8054_5.8021,silty clay loam,5.013915703764603,1.1475400550852577,7.383600316305492e-19,0.5728719728761867,8.5,55.1,36.4,1229.670511125,4.5,49.805448,5.802123,Hohenbrink,3.72,0.62,1.01,0.0205853768628637,17,2.833198964769153e-23,0.5556067611231503,5.296886717187321,3.1766191674842252,0.0441068394184767,0.0197646308200991,undisturbed,Hohenbrink et al. 2023: HYPROP and KSAT on undisturbed cores; WP4 dewpoint for the dry end
HB_KIT_203,HB_Karlsruher_Institut_fuer_Technologie_49.7174_5.9032,sandy loam,0.0716413081540297,1.2329528184283918,9.650308914074082e-25,0.4582712995012751,58.4,21.9,19.7,39.79135775,12.5,49.717426,5.903189,Hohenbrink,1.63,0.47,1.4,0.0149831898899097,16,5.0858916004451463e-20,0.4600770208257139,0.0521007430392952,1.01,0.252857960201244,0.0133109945226896,undisturbed,Hohenbrink et al. 2023: HYPROP and KSAT on undisturbed cores; WP4 dewpoint for the dry end
HB_KIT_204,HB_Karlsruher_Institut_fuer_Technologie_49.7173_5.9038,sandy loam,0.1579828675290884,1.2128930676076095,1.993105245127068e-16,0.3771290845807767,61.0,21.4,17.6,14.44736875,32.5,49.717257,5.903786,Hohenbrink,0.61,0.39,1.61,0.0088132717767778,18,4.0514236325725093e-26,0.3787378907414528,0.1251539544928398,1.01,0.2248679884757438,0.0083605506448532,undisturbed,Hohenbrink et al. 2023: HYPROP and KSAT on undisturbed cores; WP4 dewpoint for the dry end
HB_KIT_205,HB_Karlsruher_Institut_fuer_Technologie_49.8260_5.8034,silty clay loam,1.186312197169915,1.2259087528567627,2.013667803683777e-23,0.6270167777545447,5.1,55.3,39.6,675.75420725,24.5,49.825977,5.803403,Hohenbrink,3.24,0.69,0.83,0.0118690871269869,14,1.962798649566396e-19,0.6093005492583244,1.2082108230015094,1.733391626868185,0.1262094214139899,0.0114518751328597,undisturbed,Hohenbrink et al. 2023: HYPROP and KSAT on undisturbed cores; WP4 dewpoint for the dry end
HB_KIT_206,HB_Karlsruher_Institut_fuer_Technologie_34.9634_135.9950,sandy loam,2.1519458083704235,1.2454630582214,0.008514164080588,0.5201208072890915,64.1,17.5,18.4,18.611816333333337,,34.963426,135.995046,Hohenbrink,2.37,0.55,1.2,0.0110543559199984,12,2.2907401106956748e-14,0.4719855478043072,1.8639872704046103,5.485003978781182,0.0404591239007476,0.0082574198192577,undisturbed,Hohenbrink et al. 2023: HYPROP and KSAT on undisturbed cores; WP4 dewpoint for the dry end
HB_KIT_207,HB_Karlsruher_Institut_fuer_Technologie_49.7485_5.9390,sandy loam,0.3381767299988304,1.394978978215625,0.006700001,0.527391701999219,72.3,13.5,14.2,39.79135775,4.5,49.748512,5.938958,Hohenbrink,2.0,0.54,1.23,0.0125691026609099,14,0.006700001,0.5149125560420114,0.4103864974496469,2.142711052581773,0.1689866416896765,0.0111824669424544,undisturbed,Hohenbrink et al. 2023: HYPROP and KSAT on undisturbed cores; WP4 dewpoint for the dry end
HB_KIT_208,HB_Karlsruher_Institut_fuer_Technologie_49.7424_5.9651,clay loam,0.2769665093588586,1.1965125578049365,6.447686014402114e-18,0.4765529998022805,21.8,41.9,36.3,1.9942920416666663,4.5,49.74236,5.965147,Hohenbrink,1.98,0.49,1.36,0.0178852350586147,17,1.2017750081488697e-17,0.4789424519536115,0.233279317154964,1.0100000000000064,0.2021085009575514,0.016895376907938,undisturbed,Hohenbrink et al. 2023: HYPROP and KSAT on undisturbed cores; WP4 dewpoint for the dry end
HB_KIT_209,HB_Karlsruher_Institut_fuer_Technologie_49.7424_5.9651,clay loam,0.0045482469083495,1.3575260629218686,2.198769470547901e-34,0.3572227116352577,23.7,41.6,34.7,7.409497541666667,4.5,49.74236,5.965147,Hohenbrink,1.81,0.44,1.49,0.0131300713452614,8,6.555720454774436e-31,0.3640374603501168,0.004280829175323,1.01,0.3630313781907942,0.0115178140956702,undisturbed,Hohenbrink et al. 2023: HYPROP and KSAT on undisturbed cores; WP4 dewpoint for the dry end
HB_KIT_210,HB_Karlsruher_Institut_fuer_Technologie_49.7495_5.9355,clay,0.049123382374988,1.2317991594972624,5.4152125935289844e-33,0.4178962952551501,12.1,34.0,53.9,954.5281886666668,4.5,49.749458,5.93554,Hohenbrink,5.96,0.7,0.8,0.0174828327073542,10,1.6053472097703542e-52,0.4197252436563529,0.0356338807540749,1.01,0.2435834561538283,0.0166415150875019,undisturbed,Hohenbrink et al. 2023: HYPROP and KSAT on undisturbed cores; WP4 dewpoint for the dry end
HB_KIT_211,HB_Karlsruher_Institut_fuer_Technologie_49.7074_5.8985,sandy loam,0.2695057290684779,1.285619023625895,2.8925324420495593e-21,0.4317513498791037,60.3,20.3,19.4,57.516011041666665,47.5,49.707414,5.898467,Hohenbrink,0.49,0.45,1.47,0.006599688677066,13,1.9324613754716928e-26,0.4413188706530049,0.2334912416979853,1.010000000000002,0.2959389811251398,0.0061424185656449,undisturbed,Hohenbrink et al. 2023: HYPROP and KSAT on undisturbed cores; WP4 dewpoint for the dry end
HB_KIT_212,HB_Karlsruher_Institut_fuer_Technologie_49.8019_5.9633,silt loam,0.0575546919439528,1.3235895714303356,7.638486264206338e-23,0.4770669850159359,25.8,50.4,23.8,15.128252291666668,4.5,49.801872,5.963287,Hohenbrink,3.24,0.58,1.12,0.0204973191039278,12,6.441674255610988e-19,0.4854017530644502,0.0428119429025236,1.01,0.3506162994885783,0.0176197889138951,undisturbed,Hohenbrink et al. 2023: HYPROP and KSAT on undisturbed cores; WP4 dewpoint for the dry end
HB_KIT_213,HB_Karlsruher_Institut_fuer_Technologie_49.7074_5.8985,loam,0.154102858939013,1.2710022100396543,1.3752418553602242e-25,0.5005184712419507,51.2,28.9,19.9,15.480634541666667,7.5,49.707414,5.898467,Hohenbrink,2.02,0.52,1.28,0.0141133213574406,18,1.784864631746825e-19,0.5040947545938441,0.1154415651445179,1.0100000000000044,0.2903046222994524,0.0114470077063722,undisturbed,Hohenbrink et al. 2023: HYPROP and KSAT on undisturbed cores; WP4 dewpoint for the dry end
HB_KIT_214,HB_Karlsruher_Institut_fuer_Technologie_49.7074_5.8985,loam,0.1983764948164638,1.2114692666133111,7.468961802037661e-32,0.4241206258854417,41.8,32.1,26.1,14.1185065,27.5,49.707414,5.898467,Hohenbrink,1.15,0.48,1.38,0.0234007210501843,16,3.2751843341286653e-25,0.4268268408906829,0.1604380528845954,1.01,0.2205020075873674,0.0221114038553114,undisturbed,Hohenbrink et al. 2023: HYPROP and KSAT on undisturbed cores; WP4 dewpoint for the dry end
HB_KIT_215,HB_Karlsruher_Institut_fuer_Technologie_52.2946_10.4361,sandy loam,0.2084319923759219,1.4111874202266788,0.0068000009999999,0.3844691863766979,61.7,32.2,6.1,,20.0,52.2946,10.4361,Hohenbrink,,0.4,1.58,0.0073723968398708,18,4.668455670064386e-18,0.3796567942814626,0.3251079552667908,3.1705676005792545,0.1048317774073427,0.0043658043454022,undisturbed,Hohenbrink et al. 2023: HYPROP and KSAT on undisturbed cores; WP4 dewpoint for the dry end
HB_KIT_216,HB_Karlsruher_Institut_fuer_Technologie_52.2946_10.4361,sandy loam,0.2006408320176101,1.4272104310201703,0.0068000009999999,0.3503615622102033,61.7,32.2,6.1,,20.0,52.2946,10.4361,Hohenbrink,,0.41,1.56,0.0091620439966997,16,0.0039487178026225,0.3431977541135906,0.304509057345901,4.544209158656027,0.0776127360615289,0.0057623334898488,undisturbed,Hohenbrink et al. 2023: HYPROP and KSAT on undisturbed cores; WP4 dewpoint for the dry end
HB_KIT_217,HB_Karlsruher_Institut_fuer_Technologie_52.2946_10.4361,sandy loam,0.2338655326489545,1.3108221477989677,4.105238757918833e-18,0.3081844875124536,61.7,32.2,6.1,,20.0,52.2946,10.4361,Hohenbrink,,0.39,1.62,0.0063039252299128,16,4.1350654273831487e-25,0.3048287270505855,0.2956190106878045,1.9405081349916795,0.1482861268946294,0.0058481586923961,undisturbed,Hohenbrink et al. 2023: HYPROP and KSAT on undisturbed cores; WP4 dewpoint for the dry end
HB_KIT_218,HB_Karlsruher_Institut_fuer_Technologie_52.2946_10.4361,sandy loam,0.1484292760284442,1.3569628142572825,8.897028424533431e-24,0.3426451545033878,61.7,32.2,6.1,,20.0,52.2946,10.4361,Hohenbrink,,0.39,1.61,0.0072254246997734,14,6.849715025487453e-39,0.3359298719701895,0.207462560770576,2.7816108003995277,0.113052212237235,0.006081040405139,undisturbed,Hohenbrink et al. 2023: HYPROP and KSAT on undisturbed cores; WP4 dewpoint for the dry end
HB_KIT_219,HB_Karlsruher_Institut_fuer_Technologie_52.2946_10.4361,sandy loam,0.2803268064789851,1.3001884151045933,1.0825742348672564e-21,0.3354658311144673,61.7,32.2,6.1,,20.0,52.2946,10.4361,Hohenbrink,,0.38,1.65,0.0058669267315924,13,4.6816049609046445e-25,0.3429279271775252,0.2301863559004067,1.010000002072067,0.3181127055638652,0.0055641538585134,undisturbed,Hohenbrink et al. 2023: HYPROP and KSAT on undisturbed cores; WP4 dewpoint for the dry end
HB_TUBS_001,HB_Technische_Universitaet_Braunschweig_52.1892_10.6201,silt loam,0.0450704732390286,1.4145010358547978,0.021563957849726,0.4005516054318011,12.6,72.7,14.7,,10.0,52.189174,10.620078,Hohenbrink,1.25,0.43,1.52,0.007727505134294,14,0.0124860155695815,0.3955035421192513,0.0596389288029942,2.042043813054198,0.1719795104316975,0.0070206206634799,undisturbed,Hohenbrink et al. 2023: HYPROP and KSAT on undisturbed cores; WP4 dewpoint for the dry end
HB_TUBS_002,HB_Technische_Universitaet_Braunschweig_52.1892_10.6201,silt loam,0.087913709755583,1.2982436863746258,3.661174852981009e-22,0.4185559613450429,11.0,73.9,15.1,,30.0,52.189174,10.620078,Hohenbrink,0.79,0.44,1.49,0.0075371499651097,18,1.6910986322152505e-17,0.4197658823796719,0.0806578868043307,1.1812038917752807,0.2582579659272598,0.0074537594274873,undisturbed,Hohenbrink et al. 2023: HYPROP and KSAT on undisturbed cores; WP4 dewpoint for the dry end
HB_TUBS_003,HB_Technische_Universitaet_Braunschweig_52.1892_10.6201,silt loam,0.0576846050542458,1.3490013446632745,0.0088314496970871,0.4245997991414008,13.1,72.8,14.1,,10.0,52.189174,10.620078,Hohenbrink,1.45,0.45,1.47,0.006371794667811,15,0.0091363150924716,0.4246828986278934,0.0571300716210774,1.3393504191084795,0.2618714642973709,0.0063714107169999,undisturbed,Hohenbrink et al. 2023: HYPROP and KSAT on undisturbed cores; WP4 dewpoint for the dry end
HB_TUBS_004,HB_Technische_Universitaet_Braunschweig_52.1892_10.6201,silt loam,0.1010979508397448,1.3075691422002391,2.041817917981814e-17,0.4161027740841895,11.8,73.0,15.2,,30.0,52.189174,10.620078,Hohenbrink,0.97,0.45,1.47,0.0057292323071828,19,0.0043610930646595,0.4173641317724615,0.0860786532019981,1.1713833570639645,0.2830566043258564,0.0056192854115406,undisturbed,Hohenbrink et al. 2023: HYPROP and KSAT on undisturbed cores; WP4 dewpoint for the dry end
HB_TUBS_005,HB_Technische_Universitaet_Braunschweig_52.1892_10.6201,silt loam,0.0927871342022207,1.3122363155644376,9.888564025483947e-20,0.4424995247464668,12.7,72.9,14.4,,10.0,52.189174,10.620078,Hohenbrink,1.3,0.46,1.42,0.007649473032863,17,0.0032801704571871,0.4448420819876753,0.0753279158209613,1.1052916280569205,0.3050892551903997,0.0073898709985134,undisturbed,Hohenbrink et al. 2023: HYPROP and KSAT on undisturbed cores; WP4 dewpoint for the dry end
HB_TUBS_006,HB_Technische_Universitaet_Braunschweig_52.1892_10.6201,silt loam,0.1026579706984561,1.3267685423936433,0.0006011094158885,0.4280250350512018,12.3,74.4,13.3,,30.0,52.189174,10.620078,Hohenbrink,0.9,0.46,1.42,0.0050331687295616,21,0.0054361219004343,0.4288349647557012,0.0871130155059323,1.198806988128586,0.2953341993680754,0.0049140262240334,undisturbed,Hohenbrink et al. 2023: HYPROP and KSAT on undisturbed cores; WP4 dewpoint for the dry end
HB_TUBS_007,HB_Technische_Universitaet_Braunschweig_52.1892_10.6201,silt loam,0.0710871521088673,1.3950887614817282,0.0144137755241396,0.4453449105209451,11.4,75.0,13.6,,10.0,52.189174,10.620078,Hohenbrink,1.38,0.48,1.38,0.0080387593304804,18,0.0131045584692065,0.4448910745898767,0.0745678431161998,1.4549303945143286,0.2652436668499219,0.0080241557765091,undisturbed,Hohenbrink et al. 2023: HYPROP and KSAT on undisturbed cores; WP4 dewpoint for the dry end
HB_TUBS_008,HB_Technische_Universitaet_Braunschweig_52.1892_10.6201,silt loam,0.1148437238950687,1.3469686227429376,0.0062114571128357,0.4369932548615803,11.4,75.5,13.1,,30.0,52.189174,10.620078,Hohenbrink,0.98,0.47,1.4,0.0064076689681324,17,0.0142595849356628,0.4403716629964803,0.0760808687822884,1.066990343453056,0.3930860825132545,0.0057307694056818,undisturbed,Hohenbrink et al. 2023: HYPROP and KSAT on undisturbed cores; WP4 dewpoint for the dry end
HB_TUBS_012,HB_Technische_Universitaet_Braunschweig_51.7496_9.5975,loam,0.0019774194575639,1.516539681665487,1.685727638877004e-20,0.3149500176497042,44.3,37.7,18.0,4.895406458333333,10.0,51.749648,9.59746,Hohenbrink,,0.35,1.73,0.0055719555510264,10,0.0081584716137212,0.3197022846602421,0.0009972623831786,1.010000000005328,0.7074343148227721,0.004282456240599,undisturbed,Hohenbrink et al. 2023: HYPROP and KSAT on undisturbed cores; WP4 dewpoint for the dry end
HB_TUBS_013,HB_Technische_Universitaet_Braunschweig_51.7496_9.5975,loam,0.0101412869748774,1.3617643521824605,2.328268950593881e-13,0.4037778035371389,44.3,37.7,18.0,1.2016797916666666,10.0,51.749649,9.597461,Hohenbrink,,0.44,1.48,0.0040590530602061,10,3.5457968394142546e-10,0.4094914009360288,0.0061595546986146,1.01000041525661,0.4138631780248871,0.001675442732098,undisturbed,Hohenbrink et al. 2023: HYPROP and KSAT on undisturbed cores; WP4 dewpoint for the dry end
HB_TUBS_014,HB_Technische_Universitaet_Braunschweig_51.7497_9.5975,loam,0.0101363103041652,1.3555653304255988,4.055123706070507e-25,0.383487892669185,44.3,37.7,18.0,4.783973416666666,10.0,51.74965,9.597462,Hohenbrink,,0.42,1.55,0.0056361596135568,11,0.0025272195454431,0.3890513436037021,0.0061849933427322,1.0100000000012637,0.4155239194382756,0.004416061532664,undisturbed,Hohenbrink et al. 2023: HYPROP and KSAT on undisturbed cores; WP4 dewpoint for the dry end
HB_TUBS_015,HB_Technische_Universitaet_Braunschweig_51.7497_9.5975,loam,0.0059612416590217,1.3539597883775665,7.436844805788801e-29,0.3329493744023108,44.3,37.7,18.0,0.3309700833333333,10.0,51.749651,9.597463,Hohenbrink,,0.37,1.67,0.0103571029160306,11,7.527844539933894e-18,0.3373801490784022,0.0039791955845097,1.01,0.40588949487147,0.0083286148119946,undisturbed,Hohenbrink et al. 2023: HYPROP and KSAT on undisturbed cores; WP4 dewpoint for the dry end
HB_TUBS_016,HB_Technische_Universitaet_Braunschweig_52.1812_10.8559,silt loam,0.018312869354685,1.3312037675318786,1.0712952750489756e-22,0.3473375452704663,8.1,77.7,14.2,0.0489540833333333,15.0,52.181195,10.855865,Hohenbrink,,0.36,1.7,0.006730562649119,12,9.683807160412751e-12,0.3517176377086489,0.0123670739652724,1.0100000024233615,0.3680151115460575,0.0043292584363606,undisturbed,Hohenbrink et al. 2023: HYPROP and KSAT on undisturbed cores; WP4 dewpoint for the dry end
HB_TUBS_017,HB_Technische_Universitaet_Braunschweig_52.1812_10.8559,silt loam,0.0099221419042753,1.3889476818796147,8.222445879427183e-20,0.3563037353022168,8.1,77.7,14.2,0.0181881666666666,15.0,52.181195,10.855865,Hohenbrink,,0.37,1.68,0.0075193285510533,15,6.800710374736471e-13,0.3596765871594822,0.0056052829086732,1.01,0.4518434862617445,0.0043391283928407,undisturbed,Hohenbrink et al. 2023: HYPROP and KSAT on undisturbed cores; WP4 dewpoint for the dry end
HB_TUBS_018,HB_Technische_Universitaet_Braunschweig_52.1812_10.8559,silt loam,0.015199581897859,1.3302641680178566,9.49012221420798e-19,0.3666533856142924,8.1,77.7,14.2,0.012583125,15.0,52.181195,10.855865,Hohenbrink,,0.37,1.66,0.0054014972633946,15,1.0521463840461001e-18,0.3699864035025689,0.0102106447590585,1.0100000000000002,0.3672222023582919,0.0031796987153535,undisturbed,Hohenbrink et al. 2023: HYPROP and KSAT on undisturbed cores; WP4 dewpoint for the dry end
HB_TUBS_019,HB_Technische_Universitaet_Braunschweig_52.1812_10.8559,silt loam,0.0103968271492337,1.3473924889924986,4.3558868811570915e-28,0.3588282376324861,8.1,77.7,14.2,0.0165877916666666,15.0,52.181195,10.855865,Hohenbrink,,0.37,1.68,0.00715860749526,12,6.2589044105560586e-21,0.3617297753346802,0.0059932456717034,1.01,0.4046411806651837,0.0038586743035006,undisturbed,Hohenbrink et al. 2023: HYPROP and KSAT on undisturbed cores; WP4 dewpoint for the dry end
HB_TUBS_020,HB_Technische_Universitaet_Braunschweig_52.1812_10.8559,silt loam,0.0102004028558516,1.3464178742085735,1.9253642232524627e-31,0.3739653865235532,8.1,77.7,14.2,0.012583125,15.0,52.181195,10.855865,Hohenbrink,,0.38,1.65,0.0100474430814702,11,1.1440588809287078e-23,0.3769123913615461,0.005618944048789,1.01,0.4107043006768935,0.0067168337738505,undisturbed,Hohenbrink et al. 2023: HYPROP and KSAT on undisturbed cores; WP4 dewpoint for the dry end
HB_TUBS_021,HB_Technische_Universitaet_Braunschweig_51.7497_9.5975,loam,0.0035395291647717,1.4411011331820065,2.824091731337846e-19,0.3237495303493086,47.9,40.8,11.3,1.2016797916666666,25.0,51.749652,9.597464,Hohenbrink,,0.37,1.68,0.0074522577313459,11,0.0031713100494824,0.3295469749224553,0.0017844112975125,1.01,0.5760590053497759,0.0041188938511425,undisturbed,Hohenbrink et al. 2023: HYPROP and KSAT on undisturbed cores; WP4 dewpoint for the dry end
HB_TUBS_022,HB_Technische_Universitaet_Braunschweig_51.7497_9.5975,loam,0.0115327156821068,1.3630107628250314,1.5135419976250282e-19,0.3444753553239584,47.9,40.8,11.3,0.316074,25.0,51.749653,9.597465,Hohenbrink,,0.4,1.58,0.0028404666074405,7,2.932282877041014e-19,0.3487963217752028,0.0071152354903619,1.0100000000000462,0.390676708310214,0.0015807741838223,undisturbed,Hohenbrink et al. 2023: HYPROP and KSAT on undisturbed cores; WP4 dewpoint for the dry end
HB_TUBS_023,HB_Technische_Universitaet_Braunschweig_51.7497_9.5975,loam,0.0048736878821578,1.3682603372165398,1.2798680389065674e-34,0.3259891858879968,47.9,40.8,11.3,0.3309700833333333,25.0,51.749654,9.597466,Hohenbrink,,0.37,1.68,0.0095557219812987,13,5.472745766637399e-17,0.3289533563394883,0.0025995719914893,1.01,0.4598276423754613,0.0065958252899065,undisturbed,Hohenbrink et al. 2023: HYPROP and KSAT on undisturbed cores; WP4 dewpoint for the dry end
HB_TUBS_024,HB_Technische_Universitaet_Braunschweig_51.7497_9.5975,loam,0.0065177316932629,1.3389840251244742,2.6228183315856397e-33,0.3670800303591973,47.9,40.8,11.3,0.6757542083333333,25.0,51.749655,9.597467,Hohenbrink,,0.39,1.62,0.0113841307714624,11,3.581699906607192e-18,0.3711804940736504,0.0040126723670769,1.01,0.401928125664603,0.009003269125783,undisturbed,Hohenbrink et al. 2023: HYPROP and KSAT on undisturbed cores; WP4 dewpoint for the dry end
HB_TUBS_025,HB_Technische_Universitaet_Braunschweig_52.1812_10.8559,silt loam,0.0382004266906492,1.2298342584114743,2.54063355266834e-21,0.394179458930691,7.1,73.8,19.1,0.0362901666666666,30.0,52.181195,10.855865,Hohenbrink,,0.4,1.59,0.0092444914045036,15,7.767721400697621e-21,0.3963433399821502,0.0297320764058107,1.0100000000000415,0.2422795956055508,0.0079997102514083,undisturbed,Hohenbrink et al. 2023: HYPROP and KSAT on undisturbed cores; WP4 dewpoint for the dry end
HB_TUBS_026,HB_Technische_Universitaet_Braunschweig_52.1812_10.8559,silt loam,0.0312555575480725,1.238636977828107,2.230037572412335e-20,0.3821701755847248,7.1,73.8,19.1,0.3309700833333333,30.0,52.181195,10.855865,Hohenbrink,,0.39,1.62,0.0065003549942407,13,1.9836780509923368e-21,0.3852463247141737,0.0249438059885415,1.01,0.2498351694629405,0.0057458787754193,undisturbed,Hohenbrink et al. 2023: HYPROP and KSAT on undisturbed cores; WP4 dewpoint for the dry end
HB_TUBS_027,HB_Technische_Universitaet_Braunschweig_52.1812_10.8559,silt loam,0.0275563673156085,1.2851261527264517,6.812085055937403e-17,0.3987349793454615,7.1,73.8,19.1,0.02949775,30.0,52.181195,10.855865,Hohenbrink,,0.4,1.58,0.0099606372216061,15,1.2724148030297921e-19,0.401290633636531,0.019301827325576,1.0100000000000016,0.3101931020191035,0.0089076039439204,undisturbed,Hohenbrink et al. 2023: HYPROP and KSAT on undisturbed cores; WP4 dewpoint for the dry end
HB_TUBS_028,HB_Technische_Universitaet_Braunschweig_52.1812_10.8559,silt loam,0.0249784768643651,1.2660369953861206,2.900733150532937e-22,0.3847276946708018,7.1,73.8,19.1,0.2040745,30.0,52.181195,10.855865,Hohenbrink,,0.39,1.62,0.0093585141878973,17,2.9579546399653884e-20,0.3860834628050948,0.0169235828776253,1.01,0.2879014164064909,0.0077123670557049,undisturbed,Hohenbrink et al. 2023: HYPROP and KSAT on undisturbed cores; WP4 dewpoint for the dry end
HB_TUBS_029,HB_Technische_Universitaet_Braunschweig_52.3648_10.6789,sandy loam,0.0246645131177727,1.2429969271852443,2.4306920726206143e-16,0.332575068159948,61.3,23.4,15.3,0.0288262916666666,10.0,52.364789,10.678926,Hohenbrink,1.66,0.36,1.69,0.0020620744222878,6,5.316095338477765e-07,0.3376440222101717,0.0201034551644977,1.0100000000567422,0.2549163649263129,0.001542058069812,undisturbed,Hohenbrink et al. 2023: HYPROP and KSAT on undisturbed cores; WP4 dewpoint for the dry end
HB_TUBS_030,HB_Technische_Universitaet_Braunschweig_52.3648_10.6789,sandy loam,0.0730461053475698,1.1875072585957218,1.9056708004305526e-17,0.3757429439395833,61.4,24.2,14.4,0.0793942083333333,10.0,52.364789,10.678926,Hohenbrink,1.63,0.39,1.62,0.0070191461970802,10,1.0954198118797427e-24,0.3782092985267998,0.0594841120757528,1.01,0.1984205563521011,0.0060534484914945,undisturbed,Hohenbrink et al. 2023: HYPROP and KSAT on undisturbed cores; WP4 dewpoint for the dry end
HB_TUBS_031,HB_Technische_Universitaet_Braunschweig_52.3648_10.6789,sandy loam,0.0987245343546348,1.2257806078440008,2.6374132548493697e-26,0.4147872058766557,61.5,23.2,15.3,0.3234362916666666,10.0,52.364789,10.678926,Hohenbrink,2.06,0.42,1.53,0.0075593240953564,13,1.9712848977634806e-16,0.4172337108451748,0.0750471978118161,1.01,0.2431925856562272,0.0058424043718508,undisturbed,Hohenbrink et al. 2023: HYPROP and KSAT on undisturbed cores; WP4 dewpoint for the dry end
HB_TUBS_032,HB_Technische_Universitaet_Braunschweig_52.3648_10.6789,sandy loam,0.0520641683943364,1.249571647099646,4.863031812230624e-22,0.3895980743108107,61.5,23.2,15.3,0.0831359166666666,10.0,52.364789,10.678926,Hohenbrink,2.06,0.41,1.57,0.0056324492943202,8,3.086331725324042e-13,0.3959502431528703,0.0433343536885662,1.0100000000127711,0.2621803446502856,0.0043969378873584,undisturbed,Hohenbrink et al. 2023: HYPROP and KSAT on undisturbed cores; WP4 dewpoint for the dry end
HB_TUBS_033,HB_Technische_Universitaet_Braunschweig_52.2351_10.4270,silt loam,0.0367368507459977,1.3773996578461207,0.0135464481693087,0.3592838913346426,25.4,62.3,12.3,0.1046619166666666,,52.235054,10.42697,Hohenbrink,0.46,0.45,1.46,0.0044638671671353,13,0.0015598778818668,0.3536535183216328,0.0530982300226422,2.2805031850177673,0.135718424285565,0.0029820034143781,undisturbed,Hohenbrink et al. 2023: HYPROP and KSAT on undisturbed cores; WP4 dewpoint for the dry end
HB_TUBS_034,HB_Technische_Universitaet_Braunschweig_52.2351_10.4270,silt loam,0.0678099872352678,1.356857357759915,0.0134438372687498,0.4059828992052449,25.4,62.3,12.3,0.9995137083333332,,52.235054,10.42697,Hohenbrink,0.46,0.43,1.5,0.0073268632466566,12,3.0610630437451577e-19,0.3883987722152324,0.095722662919775,4.62628385233147,0.0619862790096698,0.0019272692185774,undisturbed,Hohenbrink et al. 2023: HYPROP and KSAT on undisturbed cores; WP4 dewpoint for the dry end
HB_TUBS_035,HB_Technische_Universitaet_Braunschweig_52.2351_10.4270,silt loam,0.0688668362570554,1.3144402279662173,0.0011309388550952,0.4066626518528045,25.4,62.3,12.3,34.65682379166667,,52.235054,10.42697,Hohenbrink,0.46,0.47,1.41,0.0024028493914968,13,1.6863482993934812e-19,0.4013842522044881,0.0771630923471437,1.6425106975407555,0.1834698569555524,0.0015381305531279,undisturbed,Hohenbrink et al. 2023: HYPROP and KSAT on undisturbed cores; WP4 dewpoint for the dry end
HB_TUBS_036,HB_Technische_Universitaet_Braunschweig_52.2351_10.4270,silt loam,0.0842437323418548,1.3121185248982734,0.0034440566477197,0.406629882637775,25.4,62.3,12.3,,,52.235054,10.42697,Hohenbrink,0.46,0.46,1.44,0.0035138135028525,15,1.7199365102937526e-12,0.4028566944658704,0.1074539235043235,1.8462145101842984,0.1555803856726485,0.0018212565072872,undisturbed,Hohenbrink et al. 2023: HYPROP and KSAT on undisturbed cores; WP4 dewpoint for the dry end
HB_TUBS_037,HB_Technische_Universitaet_Braunschweig_52.2351_10.4270,silt loam,0.0431900359265982,1.3258219684987431,0.0034695120684588,0.3595492877959355,25.4,62.3,12.3,0.165878,,52.235054,10.42697,Hohenbrink,0.46,0.42,1.54,0.0064128847819018,10,4.263320642203787e-27,0.3342338072471358,0.0505128283897511,6.701296261121347,0.0434047722524112,0.0030258270121434,undisturbed,Hohenbrink et al. 2023: HYPROP and KSAT on undisturbed cores; WP4 dewpoint for the dry end
HB_TUBS_038,HB_Technische_Universitaet_Braunschweig_52.2351_10.4270,silt loam,0.0574880654492401,1.3717575128147443,0.0162961777576302,0.3862070403406007,25.4,62.3,12.3,0.2949774166666666,,52.235054,10.42697,Hohenbrink,0.46,0.43,1.51,0.0045898205074177,20,8.377248244784734e-11,0.3835754558486663,0.0907217907507927,2.4484562350506316,0.118859254588641,0.001812882031989,undisturbed,Hohenbrink et al. 2023: HYPROP and KSAT on undisturbed cores; WP4 dewpoint for the dry end
HB_TUBS_039,HB_Technische_Universitaet_Braunschweig_52.2351_10.4270,silt loam,0.0801341658628838,1.311508266774441,0.0033598499979874,0.3937531520798194,25.4,62.3,12.3,5.009435125,,52.235054,10.42697,Hohenbrink,0.46,0.5,1.33,0.006968043123745,17,0.01409542864494,0.3968917147658031,0.0574280264396934,1.066191468003396,0.3464975423991616,0.0066446378435656,undisturbed,Hohenbrink et al. 2023: HYPROP and KSAT on undisturbed cores; WP4 dewpoint for the dry end
HB_TUBS_040,HB_Technische_Universitaet_Braunschweig_52.2351_10.4270,silt loam,0.0803403297973609,1.3030109416982414,0.0006403118021397,0.3966590070689431,25.4,62.3,12.3,0.3713545416666666,,52.235054,10.42697,Hohenbrink,0.46,0.45,1.47,0.0021844711404235,14,7.143981968631526e-13,0.3942837092536932,0.0858377135459917,1.4545880131078472,0.2031908858933308,0.0019104513845082,undisturbed,Hohenbrink et al. 2023: HYPROP and KSAT on undisturbed cores; WP4 dewpoint for the dry end
HB_TUBS_041,HB_Technische_Universitaet_Braunschweig_52.2351_10.4270,silt loam,0.0678871893066759,1.3216509174544355,0.0056311145476269,0.3856472516530685,25.4,62.3,12.3,3.3867938333333334,,52.235054,10.42697,Hohenbrink,0.46,0.42,1.53,0.0034841599571781,16,2.1622336652854716e-22,0.383199429093939,0.0847838985774909,1.7173789646416926,0.1697524865652678,0.0026116388082547,undisturbed,Hohenbrink et al. 2023: HYPROP and KSAT on undisturbed cores; WP4 dewpoint for the dry end
HB_TUBS_042,HB_Technische_Universitaet_Braunschweig_52.1523_8.0712,silt loam,0.0629289618600734,1.4049013841810536,0.0109495901337043,0.4385667280944607,23.4,67.1,9.5,,10.0,52.152299,8.071206,Hohenbrink,1.44,0.44,1.49,0.0036929088549764,14,0.0051533325853313,0.4353071872899061,0.0787567756256993,1.7638616769890103,0.2034854385742382,0.0028879521930977,undisturbed,Hohenbrink et al. 2023: HYPROP and KSAT on undisturbed cores; WP4 dewpoint for the dry end
HB_TUBS_043,HB_Technische_Universitaet_Braunschweig_52.1523_8.0712,silt loam,0.0522036768327159,1.4410168048963925,0.0232000009999999,0.417909378227304,23.4,67.1,9.5,,10.0,52.152299,8.071206,Hohenbrink,1.44,0.43,1.51,0.0055948382062897,19,0.0100976911959856,0.4149058213484364,0.0814842857263696,2.4989281504998297,0.1376791444122733,0.0031781113673692,undisturbed,Hohenbrink et al. 2023: HYPROP and KSAT on undisturbed cores; WP4 dewpoint for the dry end
HB_TUBS_044,HB_Technische_Universitaet_Braunschweig_52.1523_8.0712,silt loam,0.088581735906312,1.353902784145255,0.0061765724245698,0.4305693474613109,24.0,68.7,7.3,,30.0,52.152299,8.071206,Hohenbrink,0.82,0.43,1.51,0.0046458374170329,13,0.0011799869661424,0.427519230077393,0.1051503751100884,1.6209416437931372,0.1994319906912327,0.0042662561271634,undisturbed,Hohenbrink et al. 2023: HYPROP and KSAT on undisturbed cores; WP4 dewpoint for the dry end
HB_TUBS_045,HB_Technische_Universitaet_Braunschweig_52.1523_8.0712,silt loam,0.0679491857222067,1.384942081088119,0.0161325029665687,0.4218240505727241,24.0,68.7,7.3,,30.0,52.152299,8.071206,Hohenbrink,0.82,0.42,1.53,0.0055831947932162,13,0.0065058951552356,0.4163120711199179,0.0877462429765373,1.9238440086102624,0.1723561515146041,0.0046927533059686,undisturbed,Hohenbrink et al. 2023: HYPROP and KSAT on undisturbed cores; WP4 dewpoint for the dry end
HB_TUBS_046,HB_Technische_Universitaet_Braunschweig_52.1523_8.0712,sandy loam,0.1056489109248596,1.4079325329177743,0.0162171166325096,0.4672530073490608,61.7,23.2,15.1,,10.0,52.152299,8.071206,Hohenbrink,0.98,0.47,1.4,0.0031009696092548,15,0.0151470198941418,0.4662019486598873,0.1112270462485656,1.476952761877403,0.2691243194004265,0.0030581938635763,undisturbed,Hohenbrink et al. 2023: HYPROP and KSAT on undisturbed cores; WP4 dewpoint for the dry end
HB_TUBS_047,HB_Technische_Universitaet_Braunschweig_52.1523_8.0712,sandy loam,0.1200373050859969,1.366047650921693,0.0106128608925013,0.4720367400372319,61.7,23.2,15.1,,10.0,52.152299,8.071206,Hohenbrink,0.98,0.48,1.39,0.0038114130897629,16,0.0055094156138233,0.4707091760670409,0.1413746567084022,1.5602838195820568,0.2156935323443279,0.0034732187508924,undisturbed,Hohenbrink et al. 2023: HYPROP and KSAT on undisturbed cores; WP4 dewpoint for the dry end
HB_TUBS_048,HB_Technische_Universitaet_Braunschweig_52.1523_8.0712,silt loam,0.0598845855926694,1.3608848855827045,0.0127479798513463,0.4153294150453643,22.0,69.1,8.9,,30.0,52.152299,8.071206,Hohenbrink,0.97,0.42,1.55,0.0084251181254974,14,5.2618204094957215e-17,0.407574633983053,0.0925074487599003,3.362140023123448,0.0854696960957784,0.0048403161368804,undisturbed,Hohenbrink et al. 2023: HYPROP and KSAT on undisturbed cores; WP4 dewpoint for the dry end
HB_TUBS_049,HB_Technische_Universitaet_Braunschweig_52.1523_8.0712,silt loam,0.0563335851016663,1.3832684397413637,0.0230828159297122,0.4050203959633799,22.0,69.1,8.9,,30.0,52.152299,8.071206,Hohenbrink,0.97,0.41,1.57,0.0069994526023526,13,0.0076138283093799,0.3972430560824874,0.0810783548468367,2.6196858619275134,0.1174193365819542,0.0048412081633311,undisturbed,Hohenbrink et al. 2023: HYPROP and KSAT on undisturbed cores; WP4 dewpoint for the dry end
HB_TUBS_050,HB_Technische_Universitaet_Braunschweig_52.1523_8.0712,silt loam,0.072280677011903,1.4438702624579098,0.0267000009999999,0.4295802285098681,24.175824175824204,65.93406593406591,9.890109890109892,,10.0,52.152299,8.071206,Hohenbrink,0.95,0.43,1.51,0.0079918238516553,19,0.0172088199169263,0.424971749436987,0.1179623364081427,3.3958218248609966,0.1021605261078897,0.0040194146721967,undisturbed,Hohenbrink et al. 2023: HYPROP and KSAT on undisturbed cores; WP4 dewpoint for the dry end
HB_TUBS_051,HB_Technische_Universitaet_Braunschweig_52.1523_8.0712,silt loam,0.0880201085973886,1.4511693108523855,0.0206213900667571,0.4444257993736294,24.175824175824204,65.93406593406591,9.890109890109892,,10.0,52.152299,8.071206,Hohenbrink,0.95,0.44,1.48,0.0074188055631847,17,0.0081568429245999,0.4385550589664979,0.1470056709879774,3.336873077956814,0.1022343369189856,0.0030651526795854,undisturbed,Hohenbrink et al. 2023: HYPROP and KSAT on undisturbed cores; WP4 dewpoint for the dry end
HB_TUBS_052,HB_Technische_Universitaet_Braunschweig_52.1523_8.0712,silt loam,0.1099619878458278,1.3526570914009404,0.0094256971355894,0.4249915190297347,24.5,66.9,8.6,,30.0,52.152299,8.071206,Hohenbrink,0.92,0.44,1.48,0.0076286240088098,16,0.0029349671305136,0.4219971138607546,0.1403983849122179,1.7873645008678416,0.1745501075447839,0.0071185069477669,undisturbed,Hohenbrink et al. 2023: HYPROP and KSAT on undisturbed cores; WP4 dewpoint for the dry end
HB_TUBS_053,HB_Technische_Universitaet_Braunschweig_52.1523_8.0712,silt loam,0.1280341418417396,1.3603143179099852,0.0175991249356204,0.4411005297538642,24.5,66.9,8.6,,30.0,52.152299,8.071206,Hohenbrink,0.92,0.45,1.47,0.0079980744988939,14,0.0153132694130534,0.4393434588568226,0.1368773525035209,1.4649831656113037,0.2370701301046531,0.0079612695932886,undisturbed,Hohenbrink et al. 2023: HYPROP and KSAT on undisturbed cores; WP4 dewpoint for the dry end
HB_TUBS_054,HB_Technische_Universitaet_Braunschweig_52.2729_10.5658,sandy loam,0.0956015888649507,1.4736681901149555,0.0115000009999999,0.3376539802523018,70.9,22.3,6.8,1.861181625,,52.272893,10.565801,Hohenbrink,,0.38,1.64,0.0077738779485959,19,0.003918423616388,0.3324942539404255,0.1612093099643727,10.999999999993666,0.0328768721233284,0.003122607239985,undisturbed,Hohenbrink et al. 2023: HYPROP and KSAT on undisturbed cores; WP4 dewpoint for the dry end
HB_TUBS_055,HB_Technische_Universitaet_Braunschweig_52.2729_10.5658,sandy loam,0.1416655802200301,1.4731333557342248,0.0115000009999999,0.3795130645049486,70.9,22.3,6.8,,,52.272893,10.565801,Hohenbrink,,0.44,1.49,0.0089991758249473,16,0.0071529189547305,0.3700786452984095,0.2185194743087731,5.3880409362139705,0.0705639978498053,0.0038345467957345,undisturbed,Hohenbrink et al. 2023: HYPROP and KSAT on undisturbed cores; WP4 dewpoint for the dry end
HB_TUBS_056,HB_Technische_Universitaet_Braunschweig_52.2729_10.5658,sandy loam,0.1037347700286921,1.506814222588354,0.0115000009999999,0.3533804156503187,70.9,22.3,6.8,1.5128252083333331,,52.272893,10.565801,Hohenbrink,,0.42,1.55,0.008343758128925,17,0.0088580354889142,0.346720653767429,0.1658893965429677,5.3317203317241795,0.0758099818720239,0.0033760965993146,undisturbed,Hohenbrink et al. 2023: HYPROP and KSAT on undisturbed cores; WP4 dewpoint for the dry end
HB_TUBS_057,HB_Technische_Universitaet_Braunschweig_52.2729_10.5658,sandy loam,0.1434979908361646,1.524677995986627,0.0115000009999999,0.3712363322490865,70.9,22.3,6.8,1.07099825,,52.272893,10.565801,Hohenbrink,,0.48,1.37,0.0079881283754659,15,0.0115000009999999,0.3627228148519764,0.2204724398516841,4.096508197341064,0.10370516935942,0.0039686430017507,undisturbed,Hohenbrink et al. 2023: HYPROP and KSAT on undisturbed cores; WP4 dewpoint for the dry end
HB_TUBS_058,HB_Technische_Universitaet_Braunschweig_52.2729_10.5658,sandy loam,0.1260262739642906,1.5194561540469385,0.0115000009999999,0.3679527535254407,70.9,22.3,6.8,1.379713,,52.272893,10.565801,Hohenbrink,,0.42,1.55,0.0092933604441375,17,0.0086104222343189,0.3618657831243645,0.2156209377817665,6.6083653527967074,0.059742288633733,0.00428223523975,undisturbed,Hohenbrink et al. 2023: HYPROP and KSAT on undisturbed cores; WP4 dewpoint for the dry end
HB_TUBS_059,HB_Technische_Universitaet_Braunschweig_52.2729_10.5658,sandy loam,0.0791366886891567,1.552302976709621,0.0115000009999999,0.3322581339286663,70.9,22.3,6.8,1.5841225,,52.272893,10.565801,Hohenbrink,,0.39,1.62,0.0086715608428325,17,0.0094608902587593,0.327293377252819,0.1374771001036775,10.999999999996426,0.0375994001813457,0.004023269230282,undisturbed,Hohenbrink et al. 2023: HYPROP and KSAT on undisturbed cores; WP4 dewpoint for the dry end
HB_TUBS_060,HB_Technische_Universitaet_Braunschweig_52.2729_10.5658,sandy loam,0.0797024381854125,1.4841130101258029,0.0115000009999869,0.3148102406355864,70.9,22.3,6.8,7.240836791666666,,52.272893,10.565801,Hohenbrink,,0.37,1.66,0.0067293742079101,15,0.0052624641485168,0.307102491010808,0.127632457689708,6.356074354590877,0.0591836155543543,0.0035040514609375,undisturbed,Hohenbrink et al. 2023: HYPROP and KSAT on undisturbed cores; WP4 dewpoint for the dry end
HB_TUBS_061,HB_Technische_Universitaet_Braunschweig_52.2729_10.5658,sandy loam,0.1045345370007337,1.544351730982724,0.0115000009999999,0.3495258829272977,70.9,22.3,6.8,15.128252291666668,,52.272893,10.565801,Hohenbrink,,0.4,1.59,0.0077783313604958,22,0.0099991179591753,0.346337296787638,0.1835621636628766,5.554142467234933,0.0739287482891144,0.003687358069685,undisturbed,Hohenbrink et al. 2023: HYPROP and KSAT on undisturbed cores; WP4 dewpoint for the dry end
HB_TUBS_062,HB_Technische_Universitaet_Braunschweig_52.2729_10.5658,sandy loam,0.1956873756068586,1.3352103384688736,0.0029544426030151,0.3651782807457338,64.8,29.0,6.2,1.3483069166666668,15.0,52.272893,10.565801,Hohenbrink,0.71,0.4,1.6,0.0076205619366999,19,5e-324,0.3587966495834191,0.2985945350679749,10.999999999998057,0.0261285165941199,0.004964710999506,undisturbed,Hohenbrink et al. 2023: HYPROP and KSAT on undisturbed cores; WP4 dewpoint for the dry end
HB_TUBS_063,HB_Technische_Universitaet_Braunschweig_52.2729_10.5658,sandy loam,0.1461780784951346,1.35006130382596,0.0014904655399164,0.3446099680782606,64.8,29.0,6.2,0.5009435,15.0,52.272893,10.565801,Hohenbrink,0.71,0.38,1.65,0.0068243304473452,15,6.418469448543805e-83,0.3374452302445223,0.2140524240509107,3.5235080250891464,0.0862903426722476,0.0053174399977204,undisturbed,Hohenbrink et al. 2023: HYPROP and KSAT on undisturbed cores; WP4 dewpoint for the dry end
HB_TUBS_064,HB_Technische_Universitaet_Braunschweig_52.2729_10.5658,sandy loam,0.1411131726464922,1.385014580539608,0.0085168446792077,0.3428150972579415,64.8,29.0,6.2,0.4568659166666666,15.0,52.272893,10.565801,Hohenbrink,0.71,0.37,1.68,0.0053322688917159,18,1.8764012040965601e-35,0.3375187306432552,0.2161786660411323,3.125473113861127,0.1006777887963631,0.0031742173328618,undisturbed,Hohenbrink et al. 2023: HYPROP and KSAT on undisturbed cores; WP4 dewpoint for the dry end
HB_TUBS_065,HB_Technische_Universitaet_Braunschweig_52.2729_10.5658,sandy loam,0.0997016322351275,1.3888759286174397,0.0065878780456925,0.3204842784365255,64.8,29.0,6.2,0.1258313333333333,15.0,52.272893,10.565801,Hohenbrink,0.71,0.35,1.72,0.0051162494186765,16,2.9162634617342334e-31,0.3169988528335438,0.1495448311966231,2.4659735720129783,0.1300655466906909,0.0039405877382104,undisturbed,Hohenbrink et al. 2023: HYPROP and KSAT on undisturbed cores; WP4 dewpoint for the dry end
HB_TUBS_066,HB_Technische_Universitaet_Braunschweig_52.2729_10.5658,sandy loam,0.1314437607429122,1.447144484047473,0.0245623731986477,0.3250171587953489,60.5,32.8,6.7,28.826290458333332,40.0,52.272893,10.565801,Hohenbrink,0.34,0.37,1.67,0.0057645997884807,16,0.0125553590251178,0.3222387966379096,0.1816657606474304,2.039636085252462,0.1771268010966659,0.0051923247118904,undisturbed,Hohenbrink et al. 2023: HYPROP and KSAT on undisturbed cores; WP4 dewpoint for the dry end
HB_TUBS_067,HB_Technische_Universitaet_Braunschweig_52.2729_10.5658,sandy loam,0.1007725883844089,1.442191826621203,0.0247259639748898,0.3167685337714777,60.5,32.8,6.7,0.1258313333333333,40.0,52.272893,10.565801,Hohenbrink,0.34,0.34,1.74,0.0082305319793242,15,0.0066810812150552,0.3108823141880112,0.1551068406823328,3.216383912246396,0.1018976170418053,0.0066008839673064,undisturbed,Hohenbrink et al. 2023: HYPROP and KSAT on undisturbed cores; WP4 dewpoint for the dry end
HB_TUBS_068,HB_Technische_Universitaet_Braunschweig_52.2729_10.5658,sandy loam,0.1166821083064931,1.4304585925429876,0.0219060189986949,0.3218382073410376,60.5,32.8,6.7,46.750768916666665,40.0,52.272893,10.565801,Hohenbrink,0.34,0.36,1.7,0.0070144677448281,15,0.0036063993219588,0.317515848908542,0.181569432170533,2.7595699517074292,0.1158989555444847,0.0054606088252083,undisturbed,Hohenbrink et al. 2023: HYPROP and KSAT on undisturbed cores; WP4 dewpoint for the dry end
HB_TUBS_069,HB_Technische_Universitaet_Braunschweig_52.2729_10.5658,sandy loam,0.1066330803933786,1.4784226481507556,0.0234000009999888,0.3271417319757805,60.5,32.8,6.7,173.6955764583333,40.0,52.272893,10.565801,Hohenbrink,0.34,0.35,1.71,0.0067347758139106,16,0.0127345326191912,0.3223177424211108,0.1639570551462593,3.089761181996788,0.1192748865444298,0.0047825288387966,undisturbed,Hohenbrink et al. 2023: HYPROP and KSAT on undisturbed cores; WP4 dewpoint for the dry end
HB_TUBS_070,HB_Technische_Universitaet_Braunschweig_52.2729_10.5658,sandy loam,0.1504839723870531,1.3935920791524092,0.0117000009999999,0.3399579672485477,59.7,32.6,7.7,165.87798775000002,70.0,52.272893,10.565801,Hohenbrink,0.22,0.4,1.6,0.0088347391985472,17,0.0117000009999999,0.3346311171719013,0.1849834540738743,2.2138386729539716,0.1654578648629359,0.0078482762449496,undisturbed,Hohenbrink et al. 2023: HYPROP and KSAT on undisturbed cores; WP4 dewpoint for the dry end
HB_TUBS_071,HB_Technische_Universitaet_Braunschweig_52.2729_10.5658,sandy loam,0.1107069320072064,1.4757129286462582,0.0276331852847035,0.3339586758575958,59.7,32.6,7.7,3.160739916666667,70.0,52.272893,10.565801,Hohenbrink,0.22,0.37,1.67,0.0052964043085973,16,0.0192251678315533,0.3319439445063927,0.14300477721471,1.8637834577767245,0.2160531704949929,0.0049473215275204,undisturbed,Hohenbrink et al. 2023: HYPROP and KSAT on undisturbed cores; WP4 dewpoint for the dry end
HB_TUBS_072,HB_Technische_Universitaet_Braunschweig_52.2729_10.5658,sandy loam,0.1856265110377405,1.4011253423881094,0.0199348182642946,0.3571179736019236,59.7,32.6,7.7,31.607398958333334,70.0,52.272893,10.565801,Hohenbrink,0.22,0.39,1.61,0.0062544951521572,13,0.0065636122846402,0.348145557415806,0.2429424821419268,2.1759203105892047,0.1510383786012628,0.0055687065947486,undisturbed,Hohenbrink et al. 2023: HYPROP and KSAT on undisturbed cores; WP4 dewpoint for the dry end
HB_TUBS_073,HB_Technische_Universitaet_Braunschweig_52.3005_10.4405,sandy loam,0.2381801694351712,1.41081131308452,0.0178531866603098,0.3699508085144304,68.8,24.8,6.4,7.582086916666667,10.0,52.300536,10.440477,Hohenbrink,0.97,0.38,1.63,0.0033687469717742,16,0.0147298713068085,0.3696941712618707,0.2508219088574706,1.4563010665567118,0.2719276275867619,0.0033602001026684,undisturbed,Hohenbrink et al. 2023: HYPROP and KSAT on undisturbed cores; WP4 dewpoint for the dry end
HB_TUBS_074,HB_Technische_Universitaet_Braunschweig_52.3005_10.4405,sandy loam,0.4052863574040844,1.311746175143726,7.854508858693734e-09,0.4166737495879693,68.8,24.8,6.4,8.908175375,10.0,52.300536,10.440477,Hohenbrink,0.97,0.43,1.51,0.0044073416894558,16,8.294751092893338e-20,0.4139633514902586,0.511172325218493,1.7372790194399013,0.1656035550424649,0.0037049630077566,undisturbed,Hohenbrink et al. 2023: HYPROP and KSAT on undisturbed cores; WP4 dewpoint for the dry end
HB_TUBS_075,HB_Technische_Universitaet_Braunschweig_52.3005_10.4405,sandy loam,0.3772627999694147,1.3997693517950744,0.0317415910558216,0.403327640094032,68.8,24.8,6.4,8.313592958333333,10.0,52.300536,10.440477,Hohenbrink,0.97,0.41,1.56,0.0064756442053751,14,2.52931694571242e-38,0.3964745268367939,0.6431977283192659,3.903687495993375,0.0718606990443091,0.0033151696582359,undisturbed,Hohenbrink et al. 2023: HYPROP and KSAT on undisturbed cores; WP4 dewpoint for the dry end
HB_TUBS_076,HB_Technische_Universitaet_Braunschweig_52.3005_10.4405,sandy loam,0.3219544513670409,1.3427053759943397,1.6788841685889652e-10,0.3436890763860879,67.8,26.3,5.9,25.106649416666663,30.0,52.300536,10.440477,Hohenbrink,0.73,0.38,1.65,0.0016272009706847,15,8.149596740597809e-07,0.3449451221566194,0.2637852161910171,1.181875270072793,0.3134186431436996,0.001235606467886,undisturbed,Hohenbrink et al. 2023: HYPROP and KSAT on undisturbed cores; WP4 dewpoint for the dry end
HB_TUBS_077,HB_Technische_Universitaet_Braunschweig_52.3005_10.4405,sandy loam,0.1113583474157216,1.5890957509893413,0.0494619566093916,0.318314185725447,67.8,26.3,5.9,25.106649416666663,30.0,52.300536,10.440477,Hohenbrink,0.73,0.34,1.75,0.0029580997253092,14,0.081437748371894,0.3192976995690098,0.0659900615469406,1.354065088579247,0.7455830988585967,0.0028197608397929,undisturbed,Hohenbrink et al. 2023: HYPROP and KSAT on undisturbed cores; WP4 dewpoint for the dry end
HB_TUBS_078,HB_Technische_Universitaet_Braunschweig_52.3005_10.4405,sandy loam,0.1871738409967448,1.3705582940826735,2.1730043509844242e-13,0.3319418682398957,67.8,26.3,5.9,1.5480634583333333,30.0,52.300536,10.440477,Hohenbrink,0.73,0.34,1.76,0.0031485982307172,13,0.0728862401571666,0.3350595214398231,0.0575767840628031,1.0100000000002087,0.9799866238307912,0.0020985868416068,undisturbed,Hohenbrink et al. 2023: HYPROP and KSAT on undisturbed cores; WP4 dewpoint for the dry end
HB_TUBS_079,HB_Technische_Universitaet_Braunschweig_52.3005_10.4405,loamy sand,2.538685563276606,1.9064050981813905,0.0687928604910875,0.9999999999999992,86.0,8.3,5.7,61.62951616666667,60.0,52.300536,10.440477,Hohenbrink,0.13,0.35,1.71,0.0086374130798197,7,0.0684171197805111,0.9999994909695286,2.6537906499863864,6.169514257094088,0.1445930299245248,0.008462365176318,undisturbed,Hohenbrink et al. 2023: HYPROP and KSAT on undisturbed cores; WP4 dewpoint for the dry end
HB_TUBS_080,HB_Technische_Universitaet_Braunschweig_52.3005_10.4405,loamy sand,0.4486031186347798,2.555169506675883,0.0273000009999999,0.2894321934483764,86.0,8.3,5.7,61.62951616666667,60.0,52.300536,10.440477,Hohenbrink,0.13,0.31,1.83,0.0090089364759425,15,0.0273000009999999,0.2862355699105139,0.6936761502437667,10.99999999999596,0.0967812729920541,0.0042310997302844,undisturbed,Hohenbrink et al. 2023: HYPROP and KSAT on undisturbed cores; WP4 dewpoint for the dry end
HB_TUBS_081,HB_Technische_Universitaet_Braunschweig_52.3007_10.4406,sandy loam,0.1236664186531197,1.5406336913014855,0.040961877481052,0.3500263138855393,72.47247247247249,19.019019019019,8.508508508508509,61.62951616666667,10.0,52.300741,10.440624,Hohenbrink,1.95,0.39,1.62,0.0017524285336736,10,0.0269164412256707,0.3467401264548251,0.1593196343921204,1.9112406262139603,0.229381457902572,0.0012559331736842,undisturbed,Hohenbrink et al. 2023: HYPROP and KSAT on undisturbed cores; WP4 dewpoint for the dry end
HB_TUBS_082,HB_Technische_Universitaet_Braunschweig_52.3007_10.4406,sandy loam,0.1053920010387311,1.6252304735256682,0.054611163207906,0.3488863185067551,72.47247247247249,19.019019019019,8.508508508508509,0.8313592916666667,10.0,52.300741,10.440624,Hohenbrink,1.95,0.38,1.64,0.0028303104099252,10,0.0394971265614157,0.3451004491446995,0.1434560757911711,2.162620585774378,0.2229217360716064,0.0022530927443596,undisturbed,Hohenbrink et al. 2023: HYPROP and KSAT on undisturbed cores; WP4 dewpoint for the dry end
HB_TUBS_083,HB_Technische_Universitaet_Braunschweig_52.3007_10.4406,sandy loam,0.1980100565771102,1.5213939488459152,3.7941895550939554e-23,0.3222301686389193,72.47247247247249,19.019019019019,8.508508508508509,0.8313592916666667,10.0,52.300741,10.440624,Hohenbrink,1.95,0.38,1.65,0.008980213587807,14,1.0313734160234769e-17,0.3285066444131562,0.085154607122506,1.01,0.743440153821214,0.0048114152116696,undisturbed,Hohenbrink et al. 2023: HYPROP and KSAT on undisturbed cores; WP4 dewpoint for the dry end
HB_TUBS_084,HB_Technische_Universitaet_Braunschweig_52.3007_10.4406,sandy loam,0.2621883936368526,1.4249564585819663,0.0268707724875681,0.3825857010975872,68.7,25.1,6.2,63.065052,20.0,52.300741,10.440624,Hohenbrink,1.79,0.39,1.61,0.0032147857347601,16,0.0451353494221859,0.3843821943474085,0.1735172832903876,1.17989107847317,0.4724879592455565,0.0027737106204984,undisturbed,Hohenbrink et al. 2023: HYPROP and KSAT on undisturbed cores; WP4 dewpoint for the dry end
HB_TUBS_085,HB_Technische_Universitaet_Braunschweig_52.3007_10.4406,sandy loam,0.2322428194540181,1.435689352074486,1.3048774163024012e-22,0.353485818577107,68.7,25.1,6.2,63.065052,20.0,52.300741,10.440624,Hohenbrink,1.79,0.37,1.66,0.0037123458961844,14,0.0040643437125548,0.3601437521557326,0.1452992405331001,1.0523111449376903,0.5058028496174745,0.0020677271160395,undisturbed,Hohenbrink et al. 2023: HYPROP and KSAT on undisturbed cores; WP4 dewpoint for the dry end
HB_TUBS_086,HB_Technische_Universitaet_Braunschweig_52.3007_10.4406,sandy loam,0.2016872970971456,1.461317825832723,0.0378191802190969,0.3403398965112897,68.7,25.1,6.2,38.885595875,20.0,52.300741,10.440624,Hohenbrink,1.79,0.38,1.63,0.0023396787507492,16,0.0499412926061917,0.3414723540514545,0.152130794632117,1.2745231034517344,0.4416011696258486,0.0020821306643693,undisturbed,Hohenbrink et al. 2023: HYPROP and KSAT on undisturbed cores; WP4 dewpoint for the dry end
HB_TUBS_087,HB_Technische_Universitaet_Braunschweig_52.3007_10.4406,sandy loam,0.1422756004306201,1.5650911814135884,0.1608152598492699,0.4302689674944517,69.9,23.9,6.2,38.885595875,30.0,52.300741,10.440624,Hohenbrink,1.51,0.43,1.51,0.0014760294595726,10,0.1494631470693552,0.4271520004339527,0.1825145295115097,1.954975528314487,0.2357467489515473,0.0010077011843894,undisturbed,Hohenbrink et al. 2023: HYPROP and KSAT on undisturbed cores; WP4 dewpoint for the dry end
HB_TUBS_088,HB_Technische_Universitaet_Braunschweig_52.3007_10.4406,sandy loam,0.1453002235133479,1.6369147441819074,0.0547749916152326,0.3397853948264299,69.9,23.9,6.2,0.8705400416666667,30.0,52.300741,10.440624,Hohenbrink,1.51,0.35,1.71,0.0036575795797277,14,0.0488375363848222,0.3388114181851359,0.1724670624657002,1.8684047411797808,0.2999682363811129,0.0035463831738886,undisturbed,Hohenbrink et al. 2023: HYPROP and KSAT on undisturbed cores; WP4 dewpoint for the dry end
HB_TUBS_089,HB_Technische_Universitaet_Braunschweig_52.3007_10.4406,sandy loam,0.1294749429183316,1.5577922532808348,0.0943939144566488,0.3726772377856351,69.9,23.9,6.2,0.8705400416666667,30.0,52.300741,10.440624,Hohenbrink,1.51,0.38,1.64,0.0030317605331665,14,0.1129590659071919,0.3753488103517045,0.0563685150187389,1.1497174910383063,0.8545519160234951,0.0020810991681159,undisturbed,Hohenbrink et al. 2023: HYPROP and KSAT on undisturbed cores; WP4 dewpoint for the dry end
HB_TUBS_090,HB_Technische_Universitaet_Braunschweig_52.3007_10.4406,sandy loam,0.461249199812504,1.601570620863748,0.1181362447602374,0.3556666293629472,73.2,22.3,4.5,10.959449958333332,60.0,52.300741,10.440624,Hohenbrink,0.18,0.36,1.69,0.0087165900989519,15,0.1025630011520597,0.3504824056553063,0.7781587896012787,10.999999999994127,0.0379324565923642,0.0048461978286492,undisturbed,Hohenbrink et al. 2023: HYPROP and KSAT on undisturbed cores; WP4 dewpoint for the dry end
HB_TUBS_091,HB_Technische_Universitaet_Braunschweig_52.3007_10.4406,sandy loam,0.5716851383651321,2.074956213349619,0.0184500009999999,0.276559401022529,73.2,22.3,4.5,10.959449958333332,60.0,52.300741,10.440624,Hohenbrink,0.18,0.29,1.89,0.0103455523679707,12,0.0090466199024814,0.2703425141893628,0.8784708834010811,10.999999999992784,0.0681525983333762,0.0067242912443847,undisturbed,Hohenbrink et al. 2023: HYPROP and KSAT on undisturbed cores; WP4 dewpoint for the dry end
HB_TUBS_092,HB_Technische_Universitaet_Braunschweig_52.3007_10.4406,sandy loam,0.5855750847681311,1.5414063716613184,0.0377510143393574,0.303281856173323,73.2,22.3,4.5,20.882801416666663,60.0,52.300741,10.440624,Hohenbrink,0.18,0.32,1.79,0.0070579895839659,15,0.0104741404579244,0.297297935580522,1.0512354316837749,7.117574481536425,0.0486663861383678,0.0031034641877239,undisturbed,Hohenbrink et al. 2023: HYPROP and KSAT on undisturbed cores; WP4 dewpoint for the dry end
HB_TUBS_093,HB_Technische_Universitaet_Braunschweig_52.3008_10.4397,sandy loam,0.2684342927943752,1.626370068937443,0.0996841701348602,0.3371063280708898,70.3,23.0,6.7,20.882801416666663,10.0,52.300759,10.439675,Hohenbrink,1.03,0.35,1.71,0.0035436527695562,9,0.0741707201017577,0.3189588869301615,0.3593979687053017,3.9080103781526856,0.1073057526923854,0.0025740859607077,undisturbed,Hohenbrink et al. 2023: HYPROP and KSAT on undisturbed cores; WP4 dewpoint for the dry end
HB_TUBS_094,HB_Technische_Universitaet_Braunschweig_52.3008_10.4397,sandy loam,0.2769994645079673,1.4442862545741133,0.0639623439365253,0.3116883727503894,70.3,23.0,6.7,5.367706458333333,10.0,52.300759,10.439675,Hohenbrink,1.03,0.36,1.69,0.0030861565526402,13,0.113152936270273,0.313492703490446,0.1043955213233741,1.136875912502234,0.9799995999508776,0.0025525019134255,undisturbed,Hohenbrink et al. 2023: HYPROP and KSAT on undisturbed cores; WP4 dewpoint for the dry end
HB_TUBS_095,HB_Technische_Universitaet_Braunschweig_52.3008_10.4397,sandy loam,0.2954525544582672,1.5150105844961952,0.0367182751298839,0.2846750056489071,70.3,23.0,6.7,5.367706458333333,10.0,52.300759,10.439675,Hohenbrink,1.03,0.35,1.73,0.0021559372795898,8,9.569320660655429e-08,0.2744261934764734,0.4030606455215946,2.3912249663081773,0.1427358493312005,0.001842473378827,undisturbed,Hohenbrink et al. 2023: HYPROP and KSAT on undisturbed cores; WP4 dewpoint for the dry end
HB_TUBS_096,HB_Technische_Universitaet_Braunschweig_52.3008_10.4397,sandy loam,0.2190506691211741,1.296576097066504,1.1961780285489817e-08,0.2841766824094312,47.2,48.4,4.4,3.3097009583333334,30.0,52.300759,10.439675,Hohenbrink,0.62,0.33,1.78,0.0007628944982225,14,3.753706704438359e-07,0.2841265866679799,0.2214741027886936,1.306187256846603,0.226048169805791,0.0007617867241595,undisturbed,Hohenbrink et al. 2023: HYPROP and KSAT on undisturbed cores; WP4 dewpoint for the dry end
HB_TUBS_097,HB_Technische_Universitaet_Braunschweig_52.3008_10.4397,sandy loam,0.2028170584845763,1.3235421200771036,0.0093499339814422,0.2939914557717979,47.2,48.4,4.4,3.3097009583333334,30.0,52.300759,10.439675,Hohenbrink,0.62,0.31,1.82,0.0011457722005034,13,4.624199594605201e-08,0.293725948316812,0.2197134023514487,1.375689964688873,0.2170118274318406,0.0011198127496898,undisturbed,Hohenbrink et al. 2023: HYPROP and KSAT on undisturbed cores; WP4 dewpoint for the dry end
HB_TUBS_098,HB_Technische_Universitaet_Braunschweig_52.3008_10.4397,sandy loam,0.4405361510793218,1.5083346344054882,0.0746259973634475,0.3141951442712481,47.2,48.4,4.4,10.466193458333334,30.0,52.300759,10.439675,Hohenbrink,0.62,0.35,1.73,0.002406583609585,13,0.0766617673580819,0.3143281885036235,0.4254420344631985,1.482906680722146,0.3539363474201598,0.002405186627314,undisturbed,Hohenbrink et al. 2023: HYPROP and KSAT on undisturbed cores; WP4 dewpoint for the dry end
HB_TUBS_099,HB_Technische_Universitaet_Braunschweig_52.3008_10.4397,sandy loam,0.2771605215222055,2.317498093806126,0.0268000009999999,0.3164295538960109,73.7,20.7,5.6,14.1185065,60.0,52.300759,10.439675,Hohenbrink,0.2,0.32,1.81,0.0131124826979528,13,0.0268000009999999,0.3119367033926482,0.4162180597289023,10.999999999973804,0.0897213893007983,0.0075569963501,undisturbed,Hohenbrink et al. 2023: HYPROP and KSAT on undisturbed cores; WP4 dewpoint for the dry end
HB_TUBS_100,HB_Technische_Universitaet_Braunschweig_52.3008_10.4397,sandy loam,0.2378135945322814,3.2458343579244344,0.0776000009999999,0.3318887724173304,73.7,20.7,5.6,14.1185065,60.0,52.300759,10.439675,Hohenbrink,0.2,0.34,1.74,0.0098179965960764,12,0.0776000009999999,0.3301086266528632,0.3535607826963902,10.999999999999998,0.1318287720610813,0.0044075130611396,undisturbed,Hohenbrink et al. 2023: HYPROP and KSAT on undisturbed cores; WP4 dewpoint for the dry end
HB_TUBS_101,HB_Technische_Universitaet_Braunschweig_52.3008_10.4397,sandy loam,0.3505472645969121,1.970751848252995,0.1320358646143794,0.34057047877692,73.7,20.7,5.6,14.1185065,60.0,52.300759,10.439675,Hohenbrink,0.2,0.35,1.71,0.0052502159341479,14,0.1101413358919016,0.3379729074184753,0.584452682185431,4.3364736572160325,0.1313133442102088,0.0035847569812061,undisturbed,Hohenbrink et al. 2023: HYPROP and KSAT on undisturbed cores; WP4 dewpoint for the dry end
HB_TUBS_102,HB_Technische_Universitaet_Braunschweig_52.3289_10.5827,clay,0.0079759000239383,1.269810821261161,3.790352305263323e-47,0.5221625115624509,7.507507507507516,33.63363363363363,58.85885885885885,14.1185065,30.0,52.328861,10.582666,Hohenbrink,1.16,0.55,1.19,0.0216446189916278,11,8.173467598425273e-30,0.5264489187616086,0.0058171938109899,1.01,0.2921068501680495,0.018585975575633,undisturbed,Hohenbrink et al. 2023: HYPROP and KSAT on undisturbed cores; WP4 dewpoint for the dry end
HB_TUBS_103,HB_Technische_Universitaet_Braunschweig_52.3284_10.5824,clay,0.1000745656573359,1.1889000568701489,3.8508621605186155e-17,0.5580024875315225,12.2,37.3,50.5,60.226657125,,52.328411,10.582363,Hohenbrink,1.95,0.57,1.15,0.0148509037750302,14,7.880308270206224e-17,0.5606080621627401,0.0841990153790713,1.0100000000000555,0.1932334934083228,0.0141262033434153,undisturbed,Hohenbrink et al. 2023: HYPROP and KSAT on undisturbed cores; WP4 dewpoint for the dry end
HB_TUBS_104,HB_Technische_Universitaet_Braunschweig_52.3284_10.5832,clay,0.0927627288769132,1.1996900652402072,1.0687108890699762e-24,0.536314392779449,19.0,35.6,45.4,0.2510665,,52.328375,10.583206,Hohenbrink,1.7,0.54,1.23,0.0105347948790537,15,3.3311974967548024e-18,0.5390988032793848,0.0776101333232699,1.01,0.205398689209831,0.0094376807280911,undisturbed,Hohenbrink et al. 2023: HYPROP and KSAT on undisturbed cores; WP4 dewpoint for the dry end
HB_TUBS_105,HB_Technische_Universitaet_Braunschweig_52.3284_10.5832,clay,0.1332031540265034,1.1930400215131567,6.719291513344813e-22,0.5465302389474703,19.0,35.6,45.4,0.74094975,,52.328375,10.583206,Hohenbrink,1.7,0.55,1.2,0.0098936766729833,18,9.68239599039775e-13,0.5485857128235273,0.1115623602514364,1.0100000000000091,0.1984288482229364,0.0087555351528435,undisturbed,Hohenbrink et al. 2023: HYPROP and KSAT on undisturbed cores; WP4 dewpoint for the dry end
HB_TUBS_106,HB_Technische_Universitaet_Braunschweig_52.3293_10.5831,clay,0.1675216242877035,1.1675384703092884,5.200898101427162e-23,0.6049819436715517,4.8048048048047995,28.828828828828797,66.3663663663664,0.0660372083333333,,52.329294,10.583117,Hohenbrink,1.29,0.61,1.04,0.0091460523916905,17,8.123460012459162e-26,0.6027712033023236,0.2001583645424043,1.4927630437190735,0.1081811903987516,0.0088995876710917,undisturbed,Hohenbrink et al. 2023: HYPROP and KSAT on undisturbed cores; WP4 dewpoint for the dry end
HB_TUBS_107,HB_Technische_Universitaet_Braunschweig_52.3293_10.5832,clay,0.0404666521482826,1.202305424517885,2.2535304002065538e-17,0.5760295379529138,9.0,35.4,55.6,0.0416666666666666,,52.329258,10.583212,Hohenbrink,1.76,0.59,1.09,0.0197667701057888,13,3.3747993749041273e-25,0.5776917354895016,0.0298955625152315,1.01,0.2155008417010947,0.0181365467923184,undisturbed,Hohenbrink et al. 2023: HYPROP and KSAT on undisturbed cores; WP4 dewpoint for the dry end
HB_TUBS_108,HB_Technische_Universitaet_Braunschweig_52.3293_10.5832,clay,0.0587080094709534,1.1910409515788458,3.8061795876549156e-24,0.5857826828540469,9.0,35.4,55.6,0.0251066666666666,,52.329258,10.583212,Hohenbrink,1.76,0.6,1.07,0.008621605238036,13,3.9027496127752535e-16,0.5886666123512819,0.0488306553200491,1.01,0.196679580155047,0.0074345682717179,undisturbed,Hohenbrink et al. 2023: HYPROP and KSAT on undisturbed cores; WP4 dewpoint for the dry end
HB_TUBS_109,HB_Technische_Universitaet_Braunschweig_52.3289_10.5827,clay,0.0023532590521443,1.413446389270998,2.4264731229569153e-18,0.4804517720468221,11.8,38.9,49.3,0.012583125,30.0,52.328861,10.582666,Hohenbrink,1.33,0.53,1.24,0.012239719592599,8,8.831367329744477e-16,0.4918217345034963,0.0016818341313327,1.0100000000000295,0.449322903191604,0.0098633546671013,undisturbed,Hohenbrink et al. 2023: HYPROP and KSAT on undisturbed cores; WP4 dewpoint for the dry end
HB_TUBS_110,HB_Technische_Universitaet_Braunschweig_52.3289_10.5827,clay,0.0572213655309846,1.2317921514964745,3.571846431433393e-17,0.5758845581234041,11.6,26.8,61.6,1.0466193333333331,10.0,52.328861,10.582666,Hohenbrink,3.1,0.58,1.12,0.0069777698066477,11,3.0281429549150915e-24,0.5800879373462972,0.0454645205350358,1.01,0.2390537114741866,0.0053100876307297,undisturbed,Hohenbrink et al. 2023: HYPROP and KSAT on undisturbed cores; WP4 dewpoint for the dry end
HB_TUBS_111,HB_Technische_Universitaet_Braunschweig_52.3289_10.5827,clay,0.01615991590614,1.2301269838408144,2.609488588447224e-28,0.4835927885975185,13.6,22.9,63.5,0.8313592916666667,30.0,52.328861,10.582666,Hohenbrink,0.76,0.51,1.31,0.0166538325027693,8,2.636793166774243e-21,0.487928620553842,0.0128193723103792,1.01,0.2430460686292213,0.0146720049285561,undisturbed,Hohenbrink et al. 2023: HYPROP and KSAT on undisturbed cores; WP4 dewpoint for the dry end
HB_TUBS_112,HB_Technische_Universitaet_Braunschweig_52.3289_10.5827,clay,0.0356255552722963,1.232105006018172,1.6429058378810756e-26,0.5718938863610146,20.4795204795205,20.3796203796204,59.1408591408591,1.022795375,30.0,52.328861,10.582666,Hohenbrink,2.0,0.59,1.09,0.0226852680950237,18,3.932243097387909e-25,0.5727623363321556,0.0235631537635084,1.01,0.2550630014015366,0.0202537768018613,undisturbed,Hohenbrink et al. 2023: HYPROP and KSAT on undisturbed cores; WP4 dewpoint for the dry end
HB_TUBS_113,HB_Technische_Universitaet_Braunschweig_52.3179_10.6936,sandy loam,0.1912167362904766,1.3086348056670636,0.0293399172261725,0.3464535948733793,75.0,15.0,10.0,3.0184831666666665,10.0,52.317884,10.693645,Hohenbrink,1.67,0.37,1.66,0.0033766058169,17,0.0085443549089586,0.3440972803512538,0.2832354229097555,1.947238499449396,0.1237170993859334,0.002518910154913,undisturbed,Hohenbrink et al. 2023: HYPROP and KSAT on undisturbed cores; WP4 dewpoint for the dry end
HB_TUBS_114,HB_Technische_Universitaet_Braunschweig_52.3179_10.6936,sandy loam,0.1761929343570768,1.3771206553610804,0.0448925973055272,0.3656892377980902,75.0,15.0,10.0,3.0184831666666665,10.0,52.317884,10.693645,Hohenbrink,1.67,0.39,1.61,0.0060418007719323,12,0.0128193822826131,0.3569008609212739,0.2885577829838059,3.4863010209347656,0.073646067645683,0.0037646379516587,undisturbed,Hohenbrink et al. 2023: HYPROP and KSAT on undisturbed cores; WP4 dewpoint for the dry end
HB_TUBS_115,HB_Technische_Universitaet_Braunschweig_52.3179_10.6936,sandy loam,0.1238750700179211,1.2769027044315928,0.0132791317449127,0.3344933109525686,76.9230769230769,12.7872127872128,10.2897102897103,0.039791375,10.0,52.317884,10.693645,Hohenbrink,1.89,0.35,1.72,0.002867733095153,16,5.0255757075997644e-20,0.3333334295214064,0.1644555366874355,1.6131779000154651,0.1453457496744032,0.002369038890304,undisturbed,Hohenbrink et al. 2023: HYPROP and KSAT on undisturbed cores; WP4 dewpoint for the dry end
HB_TUBS_116,HB_Technische_Universitaet_Braunschweig_52.3179_10.6936,sandy loam,0.2426078043758657,1.2502758792108395,1.2050507438514612e-23,0.3669234968845761,76.9230769230769,12.7872127872128,10.2897102897103,4.363035625,10.0,52.317884,10.693645,Hohenbrink,1.89,0.37,1.66,0.0073022697094085,13,1.8618434464719572e-23,0.3552690173771184,0.3142252104073607,3.3319286729853403,0.067382392986545,0.0055063225854381,undisturbed,Hohenbrink et al. 2023: HYPROP and KSAT on undisturbed cores; WP4 dewpoint for the dry end
HB_TUBS_117,HB_Technische_Universitaet_Braunschweig_52.3179_10.6936,sandy loam,0.21827332643011,1.475358111254632,0.0533000009999999,0.3688826448999966,75.9,13.7,10.4,30.184831666666668,10.0,52.317884,10.693645,Hohenbrink,,0.39,1.61,0.0085834393095696,13,0.0414589530921608,0.3564251031940255,0.3303298002414381,5.316337115779591,0.0677632008638209,0.0049700830026961,undisturbed,Hohenbrink et al. 2023: HYPROP and KSAT on undisturbed cores; WP4 dewpoint for the dry end
HB_TUBS_118,HB_Technische_Universitaet_Braunschweig_52.3179_10.6936,sandy loam,0.2260730844456037,1.3414731930740318,0.03440225028424,0.3819498811491814,75.9,13.7,10.4,19.9429205,10.0,52.317884,10.693645,Hohenbrink,,0.42,1.55,0.0054605150666205,15,0.0132104825013256,0.377039581154483,0.3628266770543071,2.779634977163899,0.0925803650662468,0.002913658388816,undisturbed,Hohenbrink et al. 2023: HYPROP and KSAT on undisturbed cores; WP4 dewpoint for the dry end
HB_TUBS_119,HB_Technische_Universitaet_Braunschweig_52.3179_10.6936,sandy clay loam,0.0248895553302328,1.238868204864097,2.0874778281953848e-22,0.3607566012902505,65.3,14.6,20.1,0.0041666666666666,10.0,52.317884,10.693645,Hohenbrink,2.06,0.38,1.64,0.0054107939477616,9,4.245755537433575e-20,0.367983040957403,0.0216214412898395,1.01,0.249304232746028,0.0045942686248283,undisturbed,Hohenbrink et al. 2023: HYPROP and KSAT on undisturbed cores; WP4 dewpoint for the dry end
HB_TUBS_120,HB_Technische_Universitaet_Braunschweig_52.3179_10.6936,sandy clay loam,0.0368671052525882,1.2278286694615512,5.2882000159417406e-27,0.3806118100368507,65.3,14.6,20.1,0.1512825416666666,10.0,52.317884,10.693645,Hohenbrink,2.06,0.38,1.65,0.006724143621849,10,1.2709642475965607e-17,0.3858040352938555,0.0309335944985635,1.0100000000000022,0.2377295378672478,0.0057036060199446,undisturbed,Hohenbrink et al. 2023: HYPROP and KSAT on undisturbed cores; WP4 dewpoint for the dry end
HB_TUBS_121,HB_Technische_Universitaet_Braunschweig_52.3179_10.6936,sandy clay loam,0.0721855783257704,1.2024109517897204,5.980363311943274e-26,0.3799849371272069,66.1661661661662,13.3133133133133,20.5205205205205,0.0102279583333333,10.0,52.317884,10.693645,Hohenbrink,2.12,0.39,1.62,0.0082593067552708,10,8.118928215035769e-23,0.3861437053472112,0.0666891094988595,1.010000000000124,0.2068789619819819,0.0078029879041656,undisturbed,Hohenbrink et al. 2023: HYPROP and KSAT on undisturbed cores; WP4 dewpoint for the dry end
HB_TUBS_122,HB_Technische_Universitaet_Braunschweig_52.3179_10.6936,sandy clay loam,0.1076231744493453,1.1946823883937552,1.9893906710642123e-14,0.3883007863984384,66.8,11.2,22.0,0.0456865833333333,25.0,52.317884,10.693645,Hohenbrink,1.67,0.39,1.62,0.0034915453299992,17,2.0280819550148933e-24,0.389955583806664,0.0927728318259505,1.0269960934917723,0.1961144133244363,0.0032894315890776,undisturbed,Hohenbrink et al. 2023: HYPROP and KSAT on undisturbed cores; WP4 dewpoint for the dry end
HB_TUBS_123,HB_Technische_Universitaet_Braunschweig_52.3179_10.6936,sandy clay loam,0.1357649389230376,1.207231865727899,6.465807031756179e-22,0.4023039241721328,68.7,11.0,20.3,1.6210214166666663,10.0,52.317884,10.693645,Hohenbrink,1.78,0.42,1.55,0.0065092758578422,11,4.1139654483810982e-25,0.4123086170883828,0.1362623363525988,1.0100000000453486,0.2096340203222704,0.0062192191339806,undisturbed,Hohenbrink et al. 2023: HYPROP and KSAT on undisturbed cores; WP4 dewpoint for the dry end
HB_TUBS_124,HB_Technische_Universitaet_Braunschweig_52.3179_10.6936,sandy loam,0.0281703449614362,1.232178767506016,1.0633320739211289e-23,0.3693652274216326,68.3316683316683,12.2877122877123,19.3806193806194,0.3979135833333333,10.0,52.317884,10.693645,Hohenbrink,2.06,0.38,1.64,0.0059700434945997,9,1.250732884683008e-15,0.3716465531274149,0.0199984309469137,1.01,0.2494318539759158,0.0049372911464268,undisturbed,Hohenbrink et al. 2023: HYPROP and KSAT on undisturbed cores; WP4 dewpoint for the dry end
HB_TUBS_125,HB_Technische_Universitaet_Braunschweig_52.3179_10.6936,sandy loam,0.117985646638013,1.1745136069502855,2.694405793740305e-09,0.38732841002308,68.031968031968,12.1878121878122,19.7802197802198,0.1046619166666666,25.0,52.317884,10.693645,Hohenbrink,1.58,0.37,1.68,0.0038876576012312,7,1.909160088911151e-19,0.3651021081483268,0.1100372785535064,3.1461676196198116,0.0528842923298077,0.0029514845799157,undisturbed,Hohenbrink et al. 2023: HYPROP and KSAT on undisturbed cores; WP4 dewpoint for the dry end
HB_TUBS_126,HB_Technische_Universitaet_Braunschweig_52.3179_10.6936,sandy loam,0.1264471381305495,1.1929292560992086,1.7399607161988898e-11,0.396398550747967,68.031968031968,12.1878121878122,19.7802197802198,0.1121472916666666,25.0,52.317884,10.693645,Hohenbrink,1.58,0.4,1.59,0.0040728530440361,12,3.3000311898419295e-20,0.3961632066457918,0.1270530763863773,1.2054559678301564,0.1598039315411729,0.0040724498600557,undisturbed,Hohenbrink et al. 2023: HYPROP and KSAT on undisturbed cores; WP4 dewpoint for the dry end
HB_TUBS_127,HB_Technische_Universitaet_Braunschweig_52.3179_10.6936,sandy clay loam,0.259656062444766,1.1862316424811945,3.1469259223967385e-20,0.407393449725223,66.1,12.3,21.6,4.166666666666667,25.0,52.317884,10.693645,Hohenbrink,1.58,0.4,1.59,0.0060609351142639,12,1.7238780508560958e-15,0.4025988716894262,0.2758537069147369,1.4781001327413366,0.1233528078151013,0.0059056596839347,undisturbed,Hohenbrink et al. 2023: HYPROP and KSAT on undisturbed cores; WP4 dewpoint for the dry end
HB_TUBS_128,HB_Technische_Universitaet_Braunschweig_52.3179_10.6936,sandy clay loam,0.1567219670581015,1.1857939257372905,6.462221139994141e-11,0.3853531658115136,66.1,12.3,21.6,0.1548063333333333,25.0,52.317884,10.693645,Hohenbrink,1.58,0.39,1.62,0.0050374604184699,19,1.9829241032950732e-11,0.3835807782324872,0.18514611565891,1.549917592512951,0.1154529486125357,0.0046969615682207,undisturbed,Hohenbrink et al. 2023: HYPROP and KSAT on undisturbed cores; WP4 dewpoint for the dry end
HB_TUBS_130,HB_Technische_Universitaet_Braunschweig_52.4509_10.4258,sand,0.3053458898039264,3.2449567206742036,0.005100001,0.3776640322150039,97.9,1.1,1.0,,35.0,52.450871,10.42578,Hohenbrink,0.13,0.4,1.58,0.0156710750346337,12,0.005100001,0.3711378032542649,0.4367155631311897,10.999999999345802,0.1295602744875033,0.0111110181388621,undisturbed,Hohenbrink et al. 2023: HYPROP and KSAT on undisturbed cores; WP4 dewpoint for the dry end
HB_TUBS_131,HB_Technische_Universitaet_Braunschweig_52.4509_10.4258,sand,0.2833278756933232,3.579209928284324,0.0040500009999999,0.3566152174660272,97.9,1.1,1.0,,35.0,52.450872,10.425781,Hohenbrink,0.13,0.38,1.64,0.0142293534374586,13,0.0040500009999999,0.3533680131483039,0.409819861719331,9.836054763173756,0.1533847144739297,0.0111617770209036,undisturbed,Hohenbrink et al. 2023: HYPROP and KSAT on undisturbed cores; WP4 dewpoint for the dry end
HB_TUBS_132,HB_Technische_Universitaet_Braunschweig_52.4509_10.4258,sand,0.2983157478956555,3.8730322086035174,0.0038500009999999,0.3614154404241019,97.9,1.1,1.0,,35.0,52.450873,10.425782,Hohenbrink,0.13,0.37,1.68,0.016589063512617,12,0.0038500009999999,0.3570006607457437,0.4181713878464035,10.999999999995772,0.150811032710769,0.012026519286449,undisturbed,Hohenbrink et al. 2023: HYPROP and KSAT on undisturbed cores; WP4 dewpoint for the dry end
HB_TUBS_133,HB_Technische_Universitaet_Braunschweig_52.4509_10.4258,sand,0.2746783414676912,3.1049591718202754,0.0052000009999999,0.3538145172896584,97.9,1.1,1.0,,35.0,52.450874,10.425783,Hohenbrink,0.13,0.37,1.68,0.0181075134837585,10,0.0052000009999999,0.345867815157348,0.406360975676389,8.738789450525015,0.147605462008275,0.0141332063044317,undisturbed,Hohenbrink et al. 2023: HYPROP and KSAT on undisturbed cores; WP4 dewpoint for the dry end
HB_TUBS_134,HB_Technische_Universitaet_Braunschweig_52.4509_10.4258,sand,0.2567781287580936,1.81804721965955,0.0123000009999999,0.4090822928681626,93.3,4.3,2.4,,10.0,52.450875,10.425784,Hohenbrink,1.42,0.42,1.54,0.0223830245144591,14,0.0123000009999999,0.3947895720437086,0.3811965956640539,10.556595028915636,0.0613775379080531,0.0160240300457062,undisturbed,Hohenbrink et al. 2023: HYPROP and KSAT on undisturbed cores; WP4 dewpoint for the dry end
HB_TUBS_135,HB_Technische_Universitaet_Braunschweig_52.4509_10.4258,sand,0.2643435540379537,1.9257774405721109,0.0138000009999999,0.4224837652809436,93.3,4.3,2.4,,10.0,52.450876,10.425785,Hohenbrink,1.42,0.45,1.47,0.0202779171476684,13,0.0138000009999999,0.4046385832795885,0.3785511736284846,8.26982573508434,0.0888045770797711,0.0137618011948365,undisturbed,Hohenbrink et al. 2023: HYPROP and KSAT on undisturbed cores; WP4 dewpoint for the dry end
HB_TUBS_136,HB_Technische_Universitaet_Braunschweig_52.4509_10.4258,sand,0.2623008414793401,1.910326706028864,0.0137500009999999,0.4202004866779994,93.3,4.3,2.4,,10.0,52.450877,10.425786,Hohenbrink,1.42,0.43,1.52,0.0211917622998613,11,0.0137500009999999,0.4021915789265557,0.3867583679726282,7.219190585929048,0.0970563569033697,0.0149705079023872,undisturbed,Hohenbrink et al. 2023: HYPROP and KSAT on undisturbed cores; WP4 dewpoint for the dry end
HB_TUBS_137,HB_Technische_Universitaet_Braunschweig_52.4509_10.4258,sand,0.26085061503956,1.8202290093924105,0.0137000009999999,0.418771716710611,93.3,4.3,2.4,,10.0,52.450878,10.425787,Hohenbrink,1.42,0.43,1.51,0.0243218255015202,12,0.0137000009999999,0.3999635805709721,0.37459294766539,10.999999999868075,0.0601498767453968,0.0164484008934117,undisturbed,Hohenbrink et al. 2023: HYPROP and KSAT on undisturbed cores; WP4 dewpoint for the dry end
HB_TUBS_138,HB_Technische_Universitaet_Braunschweig_52.4509_10.4258,sand,0.2627468469130827,1.8127343904786848,0.0091000009999999,0.438328184926441,93.0,4.6,2.4,27.528893666666665,10.0,52.450879,10.425788,Hohenbrink,1.21,0.45,1.47,0.0249833411740635,16,0.0091000009999999,0.4225428964957171,0.3831847611336081,10.99999999999065,0.0598175477560799,0.0174786219186585,undisturbed,Hohenbrink et al. 2023: HYPROP and KSAT on undisturbed cores; WP4 dewpoint for the dry end
HB_TUBS_139,HB_Technische_Universitaet_Braunschweig_52.4509_10.4258,sand,0.286247870848286,1.9576969341991688,0.0098500009999999,0.4266724344189335,92.4,5.1,2.5,27.528893666666665,30.0,52.45088,10.425789,Hohenbrink,1.08,0.43,1.52,0.0229814387497517,12,0.0098500009999999,0.4071316389028602,0.4277883621014109,10.999999999999998,0.0655628003129215,0.0161345298607831,undisturbed,Hohenbrink et al. 2023: HYPROP and KSAT on undisturbed cores; WP4 dewpoint for the dry end
HB_TUBS_140,HB_Technische_Universitaet_Braunschweig_52.4509_10.4258,sand,0.3274148663594349,1.7373082834944498,0.0100500009999999,0.4412102703172064,94.2,3.4,2.4,26.289889333333335,10.0,52.450881,10.42579,Hohenbrink,1.36,0.42,1.54,0.0283400387625738,13,0.0100500009999999,0.4174741719653203,0.4351514585114874,10.99999999894565,0.0573061272674925,0.0207601394167788,undisturbed,Hohenbrink et al. 2023: HYPROP and KSAT on undisturbed cores; WP4 dewpoint for the dry end
HB_TUBS_141,HB_Technische_Universitaet_Braunschweig_52.4509_10.4258,sand,2.584185863807462,1.5354845976439109,0.0106000009999999,0.9830174100445592,91.8,6.1,2.1,51.261198791666665,30.0,52.450882,10.425791,Hohenbrink,1.2,0.42,1.54,0.0215639261230401,11,0.0106000009999999,0.4236638330920624,0.4861613153287125,10.999999999688518,0.0517725864695675,0.0196185492046185,undisturbed,Hohenbrink et al. 2023: HYPROP and KSAT on undisturbed cores; WP4 dewpoint for the dry end
HB_TUBS_142,HB_Technische_Universitaet_Braunschweig_52.4509_10.4258,sand,0.2733340739250173,1.959662411645307,0.0097500009999999,0.4316802180864599,92.3,5.2,2.5,33.097009791666665,10.0,52.450883,10.425792,Hohenbrink,1.16,0.43,1.5,0.0267601585892074,14,0.0097500009999999,0.4163214960800533,0.3970005855779809,10.999999999959174,0.0693336119438447,0.0181900511429632,undisturbed,Hohenbrink et al. 2023: HYPROP and KSAT on undisturbed cores; WP4 dewpoint for the dry end
HB_TUBS_143,HB_Technische_Universitaet_Braunschweig_52.4509_10.4258,sand,0.2605008697667801,4.098480044887038,0.0038000009999999,0.3648194814408644,97.9,1.0,1.1,47.83973420833333,30.0,52.450884,10.425793,Hohenbrink,0.15,0.38,1.65,0.0187259800262297,9,0.0038000009999999,0.3583759451790735,0.3627816258824972,10.999999999999991,0.156728304016685,0.0137247648976157,undisturbed,Hohenbrink et al. 2023: HYPROP and KSAT on undisturbed cores; WP4 dewpoint for the dry end
HB_TUBS_144,HB_Technische_Universitaet_Braunschweig_52.4509_10.4258,sand,0.246940333611357,2.3573248367468524,0.0093500009999999,0.4075568919330037,93.3,4.2,2.5,63.065052,10.0,52.450885,10.425794,Hohenbrink,1.15,0.43,1.5,0.0239892134621425,14,0.0093500009999999,0.3968508009605163,0.3705445457720722,10.999999999995412,0.0873499252076459,0.0166332329633949,undisturbed,Hohenbrink et al. 2023: HYPROP and KSAT on undisturbed cores; WP4 dewpoint for the dry end
HB_TUBS_145,HB_Technische_Universitaet_Braunschweig_52.4509_10.4258,sand,0.2823046889025423,1.9469339007444175,0.0082500009999999,0.3969327397775414,94.1,3.6,2.3,37.13545575,30.0,52.450886,10.425795,Hohenbrink,1.09,0.44,1.48,0.0241433276084281,15,0.0082500009999999,0.3862376238232575,0.4217594100157713,10.999999999998428,0.0669107703112706,0.0170955166198269,undisturbed,Hohenbrink et al. 2023: HYPROP and KSAT on undisturbed cores; WP4 dewpoint for the dry end
HB_TUBS_146,HB_Technische_Universitaet_Braunschweig_52.2065_10.7616,silt loam,0.0403439880222416,1.250331724619831,3.954653785938674e-19,0.4450471494832088,10.9,66.4,22.7,,10.0,52.206546,10.761623,Hohenbrink,1.43,0.47,1.4,0.0105072090725555,19,1.4419861334293506e-21,0.4468364565182306,0.0297856890332114,1.01,0.2660785917641562,0.0083242853585865,undisturbed,Hohenbrink et al. 2023: HYPROP and KSAT on undisturbed cores; WP4 dewpoint for the dry end
HB_TUBS_147,HB_Technische_Universitaet_Braunschweig_52.2065_10.7616,silt loam,0.018944911273105,1.3045096896020765,7.186485769402723e-25,0.4698718352141098,10.9,66.4,22.7,,10.0,52.206546,10.761623,Hohenbrink,1.43,0.5,1.33,0.017129654119789,13,3.408602975632289e-21,0.4735737951119507,0.0120111897475683,1.01,0.34468122103535,0.014212918324466,undisturbed,Hohenbrink et al. 2023: HYPROP and KSAT on undisturbed cores; WP4 dewpoint for the dry end
HB_TUBS_148,HB_Technische_Universitaet_Braunschweig_52.2065_10.7616,silt loam,0.0289083436122702,1.2533588326257346,5.9043968794093486e-24,0.3923085367479737,11.0,64.5,24.5,,30.0,52.206546,10.761623,Hohenbrink,1.0,0.44,1.49,0.0122259404079087,10,2.208246255731677e-19,0.3975776266366327,0.0231656832633804,1.01,0.2654518141062298,0.0106851529729098,undisturbed,Hohenbrink et al. 2023: HYPROP and KSAT on undisturbed cores; WP4 dewpoint for the dry end
HB_TUBS_149,HB_Technische_Universitaet_Braunschweig_52.2065_10.7616,silt loam,0.2699084173781278,1.166105186957359,1.868445050874382e-24,0.394442340141788,11.0,64.5,24.5,,30.0,52.206546,10.761623,Hohenbrink,1.0,0.46,1.44,0.0101630239378549,14,1.0422308898699156e-19,0.3972898259211798,0.2472392293313889,1.01,0.1684550663728295,0.0096678447287888,undisturbed,Hohenbrink et al. 2023: HYPROP and KSAT on undisturbed cores; WP4 dewpoint for the dry end
HB_TUBS_150,HB_Technische_Universitaet_Braunschweig_52.2065_10.7616,silt loam,0.0465569262077834,1.295150401892366,2.6430266709156277e-14,0.4705271333708872,7.4,74.9,17.7,,10.0,52.206546,10.761623,Hohenbrink,1.24,0.49,1.35,0.0064097857388123,17,0.0013555349880179,0.4746440843488466,0.0361908186956855,1.0255596994701723,0.3090111175859256,0.0057290899407929,undisturbed,Hohenbrink et al. 2023: HYPROP and KSAT on undisturbed cores; WP4 dewpoint for the dry end
HB_TUBS_151,HB_Technische_Universitaet_Braunschweig_52.2065_10.7616,silt loam,0.045560488036278,1.2929852931098829,2.0292808377457148e-21,0.4644062985003487,7.4,74.9,17.7,,10.0,52.206546,10.761623,Hohenbrink,1.24,0.47,1.41,0.005974710518346,18,0.0231490581272849,0.466558518471712,0.0269448099619407,1.0100000007383745,0.3760981570215024,0.0047122447152251,undisturbed,Hohenbrink et al. 2023: HYPROP and KSAT on undisturbed cores; WP4 dewpoint for the dry end
HB_TUBS_152,HB_Technische_Universitaet_Braunschweig_52.2065_10.7616,silt loam,0.2412785003789824,1.2214715371691682,6.427420766319525e-28,0.4521057144538998,7.3,75.9,16.8,,30.0,52.206546,10.761623,Hohenbrink,0.87,0.49,1.34,0.0148653384788513,17,3.7454568467137804e-29,0.4559768399298733,0.1990037351254925,1.01,0.2311912987770908,0.0130584269591488,undisturbed,Hohenbrink et al. 2023: HYPROP and KSAT on undisturbed cores; WP4 dewpoint for the dry end
HB_TUBS_153,HB_Technische_Universitaet_Braunschweig_52.2065_10.7616,silt loam,0.2157559264847954,1.2312426413595825,3.166417165405067e-30,0.4595059483640153,7.3,75.9,16.8,,30.0,52.206546,10.761623,Hohenbrink,0.87,0.5,1.32,0.0153205368929375,16,6.993636674840722e-19,0.4625333523901411,0.1655515395509913,1.0100000000000002,0.2474525714703947,0.0131496496554674,undisturbed,Hohenbrink et al. 2023: HYPROP and KSAT on undisturbed cores; WP4 dewpoint for the dry end
HB_TUBS_154,HB_Technische_Universitaet_Braunschweig_52.2065_10.7616,silt loam,0.0657870727621041,1.2681285807672549,1.6410993394387356e-14,0.4995454820657054,9.1,75.7,15.2,,10.0,52.206546,10.761623,Hohenbrink,1.78,0.52,1.28,0.0054954314970861,19,9.493137316649704e-22,0.4999225683894741,0.0644690618872705,1.2362326894812894,0.2179816022615795,0.0054856435376559,undisturbed,Hohenbrink et al. 2023: HYPROP and KSAT on undisturbed cores; WP4 dewpoint for the dry end
HB_TUBS_155,HB_Technische_Universitaet_Braunschweig_52.2065_10.7616,silt loam,0.0573633224531514,1.2630438538107922,6.14085387209358e-11,0.4706353522894425,9.1,75.7,15.2,,10.0,52.206546,10.761623,Hohenbrink,1.78,0.47,1.4,0.0045151513924229,13,1.3850173189429152e-10,0.4700379124045349,0.0588999298828122,1.3056450275116285,0.2000064399102681,0.0045015384193127,undisturbed,Hohenbrink et al. 2023: HYPROP and KSAT on undisturbed cores; WP4 dewpoint for the dry end
HB_TUBS_156,HB_Technische_Universitaet_Braunschweig_52.2065_10.7616,silt loam,0.0861853362624058,1.26639181492804,3.4613954343649644e-25,0.4426614501394582,7.6,77.8,14.6,,30.0,52.206546,10.761623,Hohenbrink,0.95,0.48,1.38,0.0075974897754841,16,4.394787130792378e-15,0.4468259640267908,0.0688763839904116,1.0100000000000195,0.2793083069706547,0.0059496904414327,undisturbed,Hohenbrink et al. 2023: HYPROP and KSAT on undisturbed cores; WP4 dewpoint for the dry end
HB_TUBS_157,HB_Technische_Universitaet_Braunschweig_52.2065_10.7616,silt loam,0.0620527369430398,1.2783113043816168,1.9879446723952805e-12,0.4212549506217802,7.6,77.8,14.6,,30.0,52.206546,10.761623,Hohenbrink,0.95,0.46,1.44,0.004327385344126,17,3.1154622135170937e-10,0.4219095392957429,0.058169948404907,1.1985227605336684,0.2360095737290825,0.0042743203592598,undisturbed,Hohenbrink et al. 2023: HYPROP and KSAT on undisturbed cores; WP4 dewpoint for the dry end
HB_TUBS_158,HB_Technische_Universitaet_Braunschweig_52.2970_10.5511,sand,0.2869300990585319,3.202354556968174,0.0478500009999979,0.3308191694252624,98.5,1.1,0.4,,,52.296988,10.55107,Hohenbrink,,0.38,1.63,0.0059136918105302,9,0.0428138402620446,0.325935424105839,0.3981890314167862,7.164456604858043,0.2024842476735971,0.0018349816124738,undisturbed,Hohenbrink et al. 2023: HYPROP and KSAT on undisturbed cores; WP4 dewpoint for the dry end
HB_TUBS_159,HB_Technische_Universitaet_Braunschweig_52.2970_10.5511,sand,0.2696754512273033,3.829732768036619,0.0425000009999999,0.3323098751128865,98.5,1.1,0.4,,,52.296989,10.551071,Hohenbrink,,0.38,1.64,0.0047677491471297,12,0.0403502659434566,0.3306350851820721,0.348373870896682,6.671149686450977,0.2910310273537053,0.0006874985540445,undisturbed,Hohenbrink et al. 2023: HYPROP and KSAT on undisturbed cores; WP4 dewpoint for the dry end
HB_TUBS_160,HB_Technische_Universitaet_Braunschweig_52.2970_10.5511,sand,0.2314621607052488,3.9143949979992305,0.0548500009999999,0.3576756941391891,98.5,1.1,0.4,,,52.29699,10.551072,Hohenbrink,,0.38,1.64,0.0058987249379332,13,0.0535951059248525,0.356110233829742,0.3159138943523281,8.614669071673305,0.2161406916320863,0.0013739839483789,undisturbed,Hohenbrink et al. 2023: HYPROP and KSAT on undisturbed cores; WP4 dewpoint for the dry end
HB_TUBS_161,HB_Technische_Universitaet_Braunschweig_52.2970_10.5511,sand,0.239028868125513,3.661919236746218,0.0549500009999999,0.3473522655183707,98.5,1.1,0.4,,,52.296991,10.551073,Hohenbrink,,0.38,1.63,0.0074031912279242,9,0.0517978525428358,0.3435569450558452,0.3366467737519666,9.367506042874014,0.1743330738588698,0.0008428225445336,undisturbed,Hohenbrink et al. 2023: HYPROP and KSAT on undisturbed cores; WP4 dewpoint for the dry end
HB_TUBS_162,HB_Technische_Universitaet_Braunschweig_52.2970_10.5511,sand,0.2669228419597273,3.5986268670400623,0.0470000009999999,0.3524033816868311,98.5,1.1,0.4,,,52.296992,10.551074,Hohenbrink,,0.39,1.61,0.0070193873757405,11,0.0465498463076788,0.3486241191317952,0.3633254037646862,8.229498216660408,0.2122738692503607,0.001644300256015,undisturbed,Hohenbrink et al. 2023: HYPROP and KSAT on undisturbed cores; WP4 dewpoint for the dry end
HB_TUBS_163,HB_Technische_Universitaet_Braunschweig_52.2970_10.5511,sand,0.2727230803037864,3.541243714704479,0.0431500009999999,0.3430878569110089,98.5,1.1,0.4,,,52.296993,10.551075,Hohenbrink,,0.39,1.61,0.0067492039595571,11,0.0383022924114115,0.3400122704760375,0.3821501771718927,9.214939617347488,0.1742393149321376,0.0016308043255604,undisturbed,Hohenbrink et al. 2023: HYPROP and KSAT on undisturbed cores; WP4 dewpoint for the dry end
HB_TUBS_164,HB_Technische_Universitaet_Braunschweig_52.2970_10.5511,sand,0.2702442456051606,3.2822550141908606,0.0473000009999999,0.340227932704494,98.5,1.1,0.4,,,52.296994,10.551076,Hohenbrink,,0.41,1.57,0.0053291558363079,11,0.0472926501450497,0.3366877417596857,0.3508370977289869,5.616347027556179,0.3021048545463293,0.0027736658841305,undisturbed,Hohenbrink et al. 2023: HYPROP and KSAT on undisturbed cores; WP4 dewpoint for the dry end
HB_TUBS_165,HB_Technische_Universitaet_Braunschweig_52.2970_10.5511,sand,0.2533042055419033,3.310081411125438,0.0489000009999979,0.34631313345552,98.5,1.1,0.4,,,52.296995,10.551077,Hohenbrink,,0.39,1.62,0.0033811826337504,9,0.0455795045259112,0.3437752036709031,0.3140601672157009,4.6042424503370185,0.3789441706909788,0.0022281739236222,undisturbed,Hohenbrink et al. 2023: HYPROP and KSAT on undisturbed cores; WP4 dewpoint for the dry end
HB_TUBS_166,HB_Technische_Universitaet_Braunschweig_52.2970_10.5511,sand,0.2896028183384479,3.877511133477253,0.0473000009999999,0.3557619023690401,98.5,1.1,0.4,,,52.296996,10.551078,Hohenbrink,,0.4,1.58,0.0089367046269821,13,0.0467089026025717,0.3527981704706583,0.4026249083950408,10.999999999882228,0.1585406993866269,0.0027089843012699,undisturbed,Hohenbrink et al. 2023: HYPROP and KSAT on undisturbed cores; WP4 dewpoint for the dry end
HB_TUBS_167,HB_Technische_Universitaet_Braunschweig_52.2970_10.5511,sand,0.2896497832768357,4.992219779527597,0.0385500009999999,0.333174827537299,98.5,1.1,0.4,,,52.296997,10.551079,Hohenbrink,,0.39,1.62,0.0084938550522687,12,0.0385500009999999,0.3319164281185859,0.3830437460090422,10.999999999999767,0.1917249580673982,0.002858691885916,undisturbed,Hohenbrink et al. 2023: HYPROP and KSAT on undisturbed cores; WP4 dewpoint for the dry end
HB_TUBS_168,HB_Technische_Universitaet_Braunschweig_52.2970_10.5511,sand,0.2648129654827379,2.23757993536137,0.0079000009999999,0.3490309038185748,96.6,2.7,0.7,37.13545575,,52.296988,10.55107,Hohenbrink,0.23,0.39,1.61,0.0206273530341609,14,0.0079000009999999,0.3374201019377974,0.3939625362250606,10.99999999966876,0.0828233965369816,0.0140907822860635,undisturbed,Hohenbrink et al. 2023: HYPROP and KSAT on undisturbed cores; WP4 dewpoint for the dry end
HB_TUBS_169,HB_Technische_Universitaet_Braunschweig_52.2970_10.5511,sand,0.2673996205925081,2.3644780636710054,0.0079000009999999,0.3828766297515498,96.6,2.7,0.7,,,52.296989,10.551071,Hohenbrink,0.23,0.39,1.61,0.0206000212779741,14,0.0079000009999999,0.3698717010579274,0.4006295122547815,10.999999999999424,0.0882768296431055,0.013582929665998,undisturbed,Hohenbrink et al. 2023: HYPROP and KSAT on undisturbed cores; WP4 dewpoint for the dry end
HB_TUBS_170,HB_Technische_Universitaet_Braunschweig_52.2970_10.5511,sand,0.2610031970201931,2.213846018753629,0.0079000009999999,0.3784556053980191,96.6,2.7,0.7,29.497741,,52.29699,10.551072,Hohenbrink,0.23,0.37,1.66,0.0216674848908549,15,0.0079000009999999,0.3640588470495359,0.3862326406654482,10.999999999698725,0.08077240184325,0.0156672999493914,undisturbed,Hohenbrink et al. 2023: HYPROP and KSAT on undisturbed cores; WP4 dewpoint for the dry end
HB_TUBS_171,HB_Technische_Universitaet_Braunschweig_52.2970_10.5511,sand,0.2494121418097261,2.4787520995975414,0.0079000009999999,0.38371165229459,96.6,2.7,0.7,,,52.296991,10.551073,Hohenbrink,0.23,0.38,1.65,0.0228888303299305,14,0.0079000009999999,0.373436996249615,0.3708149666264282,10.999999999977838,0.0957093472173901,0.015576058885774,undisturbed,Hohenbrink et al. 2023: HYPROP and KSAT on undisturbed cores; WP4 dewpoint for the dry end
HB_TUBS_172,HB_Technische_Universitaet_Braunschweig_52.2970_10.5511,sand,0.2505312620433201,2.341302210252751,0.0079000009999999,0.3603703066968824,96.6,2.7,0.7,81.24352499999999,,52.296992,10.551074,Hohenbrink,0.23,0.39,1.62,0.016429890597664,17,0.0079000009999999,0.3545721284670551,0.3774003782331186,7.397793127133037,0.1283518487971189,0.0120999931412662,undisturbed,Hohenbrink et al. 2023: HYPROP and KSAT on undisturbed cores; WP4 dewpoint for the dry end
HB_TUBS_173,HB_Technische_Universitaet_Braunschweig_52.2970_10.5511,sand,0.287518646895227,2.17666957013545,0.0079000009999999,0.3654854048281594,96.6,2.7,0.7,83.13592979166667,,52.296993,10.551075,Hohenbrink,0.23,0.4,1.6,0.0194452390518699,17,0.0079000009999999,0.3576917817310667,0.436038819452934,10.999999999995842,0.0793576438278581,0.0127187564832334,undisturbed,Hohenbrink et al. 2023: HYPROP and KSAT on undisturbed cores; WP4 dewpoint for the dry end
HB_TUBS_174,HB_Technische_Universitaet_Braunschweig_52.2970_10.5511,sand,0.2453027769090451,2.1287566156192907,0.0079000009999999,0.3585357583880438,96.6,2.7,0.7,35.46408491666667,,52.296994,10.551076,Hohenbrink,0.23,0.41,1.57,0.021237136051431,15,0.0079000009999999,0.3485584215205766,0.3660720673274283,10.999999999999796,0.0765048412727684,0.0155219745829582,undisturbed,Hohenbrink et al. 2023: HYPROP and KSAT on undisturbed cores; WP4 dewpoint for the dry end
HB_TUBS_175,HB_Technische_Universitaet_Braunschweig_52.2970_10.5511,sand,0.2396153154366237,2.4193346516333074,0.0079000009999999,0.3734009760814055,96.6,2.7,0.7,33.097009791666665,,52.296995,10.551077,Hohenbrink,0.23,0.35,1.71,0.0204568307112885,13,0.0079000009999999,0.359937845982676,0.342553823947382,10.612519855557167,0.0971773933414499,0.0150002841376146,undisturbed,Hohenbrink et al. 2023: HYPROP and KSAT on undisturbed cores; WP4 dewpoint for the dry end
HB_TUBS_176,HB_Technische_Universitaet_Braunschweig_52.2970_10.5511,sand,0.2727555622603501,2.2138296019536954,0.0079000009999999,0.4048067799456,96.6,2.7,0.7,30.887926708333335,,52.296996,10.551078,Hohenbrink,0.23,0.39,1.62,0.0223428625237261,13,0.0079000009999999,0.3830087552866962,0.3921742680135985,10.999999999974293,0.0828502313197847,0.0144375070294919,undisturbed,Hohenbrink et al. 2023: HYPROP and KSAT on undisturbed cores; WP4 dewpoint for the dry end
HB_TUBS_177,HB_Technische_Universitaet_Braunschweig_51.7497_9.5975,loam,0.0287392576242231,1.2997553236865398,3.136422980341883e-20,0.4790328826445705,45.1,40.8,14.1,38.885595875,10.0,51.749656,9.597468,Hohenbrink,,0.51,1.31,0.0102628006233653,15,6.216783844425386e-23,0.4820326028632539,0.0187020755392124,1.0100000000000116,0.3332882326556572,0.00812525253968,undisturbed,Hohenbrink et al. 2023: HYPROP and KSAT on undisturbed cores; WP4 dewpoint for the dry end
HB_TUBS_178,HB_Technische_Universitaet_Braunschweig_51.7497_9.5975,loam,0.0492955347716114,1.2753528017930291,2.1878434827162357e-15,0.5196575758708103,45.1,40.8,14.1,26.902259541666663,10.0,51.749657,9.597469,Hohenbrink,,0.55,1.2,0.0117299448305427,17,3.476619130958904e-24,0.5227613890692354,0.0363294651916675,1.01,0.2929944580624294,0.009143232955298,undisturbed,Hohenbrink et al. 2023: HYPROP and KSAT on undisturbed cores; WP4 dewpoint for the dry end
HB_TUBS_179,HB_Technische_Universitaet_Braunschweig_51.7497_9.5975,loam,0.0130010057600272,1.3373382859642655,1.6889485244581845e-18,0.4263598520672494,45.1,40.8,14.1,,10.0,51.749658,9.59747,Hohenbrink,,0.43,1.5,0.0090241641745856,12,7.355072003074151e-28,0.4326710724356181,0.008366435420612,1.0100000000000016,0.3823685005193784,0.0073841946874466,undisturbed,Hohenbrink et al. 2023: HYPROP and KSAT on undisturbed cores; WP4 dewpoint for the dry end
HB_TUBS_180,HB_Technische_Universitaet_Braunschweig_51.7497_9.5975,loam,0.0385764052396526,1.268383061227321,2.1342308266571288e-21,0.4260965382156458,45.1,40.8,14.1,52.455225500000005,10.0,51.749659,9.597471,Hohenbrink,,0.46,1.44,0.0119954532039814,18,1.541208516584342e-21,0.4282632390952996,0.0274048660693916,1.01,0.292968984679533,0.0095172081164887,undisturbed,Hohenbrink et al. 2023: HYPROP and KSAT on undisturbed cores; WP4 dewpoint for the dry end
HB_TUBS_181,HB_Technische_Universitaet_Braunschweig_51.7497_9.5975,loam,0.0193031066417474,1.335169290245917,4.84889328511014e-21,0.4627715625202397,45.1,40.8,14.1,20.407450791666665,10.0,51.74966,9.597472,Hohenbrink,,0.48,1.39,0.0081764637523788,14,1.6476148264187479e-15,0.466302458654419,0.0114759314437704,1.01,0.3872121640284702,0.0056755507079515,undisturbed,Hohenbrink et al. 2023: HYPROP and KSAT on undisturbed cores; WP4 dewpoint for the dry end
HB_TUBS_182,HB_Technische_Universitaet_Braunschweig_52.1812_10.8559,silt,0.2676575268027609,1.2758731176579716,2.1631919096605137e-19,0.4881813119337896,11.6,83.2,5.2,4.263720791666667,15.0,52.181195,10.855865,Hohenbrink,,0.52,1.27,0.0099250711009836,16,4.413028826904525e-21,0.4940641912917275,0.2072471306421135,1.0100000000000056,0.2949491307429105,0.0080529512973797,undisturbed,Hohenbrink et al. 2023: HYPROP and KSAT on undisturbed cores; WP4 dewpoint for the dry end
HB_TUBS_183,HB_Technische_Universitaet_Braunschweig_52.1812_10.8559,silt,0.1872964994928646,1.289294568234371,4.1936191103079136e-17,0.4698847323677923,11.6,83.2,5.2,4.783973416666666,15.0,52.181195,10.855865,Hohenbrink,,0.5,1.33,0.0080662333585914,19,2.4263615701725956e-19,0.4732902185600483,0.1348190067579924,1.0100000000000018,0.3150742471112656,0.0056643884304767,undisturbed,Hohenbrink et al. 2023: HYPROP and KSAT on undisturbed cores; WP4 dewpoint for the dry end
HB_TUBS_184,HB_Technische_Universitaet_Braunschweig_52.1812_10.8559,silt,0.3105456978466936,1.2309954314016651,1.9866966595031805e-24,0.4657533427446405,11.6,83.2,5.2,18.611816333333337,15.0,52.181195,10.855865,Hohenbrink,,0.49,1.34,0.013846344536002,18,1.0641359601555923e-16,0.4683275231434409,0.2363281475185765,1.0100000000000169,0.2469219995073426,0.0119521509766107,undisturbed,Hohenbrink et al. 2023: HYPROP and KSAT on undisturbed cores; WP4 dewpoint for the dry end
HB_TUBS_185,HB_Technische_Universitaet_Braunschweig_52.1812_10.8559,silt,0.143001560027996,1.275663110661279,1.3396688935332876e-16,0.4808019966050814,11.6,83.2,5.2,9.32800475,15.0,52.181195,10.855865,Hohenbrink,,0.49,1.34,0.0103370735345938,16,3.234564990711874e-24,0.4867791718702716,0.1123470886049349,1.0100000000000386,0.2932401138892844,0.0084590391014069,undisturbed,Hohenbrink et al. 2023: HYPROP and KSAT on undisturbed cores; WP4 dewpoint for the dry end
HB_TUBS_186,HB_Technische_Universitaet_Braunschweig_52.1812_10.8559,silt,0.4462609374780393,1.2484896939936034,5.136743357235783e-26,0.5071371483239252,11.6,83.2,5.2,66.03721633333333,15.0,52.181195,10.855865,Hohenbrink,,0.56,1.16,0.0111144394983786,18,1.5771770442324895e-20,0.5124069984396683,0.3592835781573372,1.01,0.2619898186425886,0.0087471235983412,undisturbed,Hohenbrink et al. 2023: HYPROP and KSAT on undisturbed cores; WP4 dewpoint for the dry end
HB_TUBS_187,HB_Technische_Universitaet_Braunschweig_51.7497_9.5975,loam,0.2802171032654203,1.210199767688777,2.034436463511067e-18,0.4511378413929258,47.6,35.9,16.5,20.882801416666663,25.0,51.749661,9.597473,Hohenbrink,,0.46,1.42,0.0150065870944931,18,7.142206571433752e-18,0.453606636892974,0.2308470280949965,1.0100000000000002,0.2179624520212587,0.0143520926453814,undisturbed,Hohenbrink et al. 2023: HYPROP and KSAT on undisturbed cores; WP4 dewpoint for the dry end
HB_TUBS_188,HB_Technische_Universitaet_Braunschweig_51.7497_9.5975,loam,0.2232594402063043,1.2195121637476705,2.801505196392929e-21,0.4602457767557836,47.6,35.9,16.5,57.516011041666665,25.0,51.749662,9.597474,Hohenbrink,,0.49,1.34,0.0159723023262464,19,4.409988546805114e-16,0.4622303249855564,0.1767386763049143,1.010000000000045,0.229747646459969,0.015159451241627,undisturbed,Hohenbrink et al. 2023: HYPROP and KSAT on undisturbed cores; WP4 dewpoint for the dry end
HB_TUBS_189,HB_Technische_Universitaet_Braunschweig_51.7497_9.5975,loam,0.3340671816958996,1.2076425768262429,1.3571450145453454e-23,0.4648619233603559,47.6,35.9,16.5,7.758696416666666,25.0,51.749663,9.597475,Hohenbrink,,0.5,1.32,0.0130911382709295,19,2.059525802717212e-22,0.4670970766098586,0.2765768108657001,1.0100000000000156,0.2146901885223298,0.0128672696760434,undisturbed,Hohenbrink et al. 2023: HYPROP and KSAT on undisturbed cores; WP4 dewpoint for the dry end
HB_TUBS_190,HB_Technische_Universitaet_Braunschweig_51.7497_9.5975,loam,0.3644197407505595,1.2260422849759702,4.728735539564895e-20,0.4564158313299095,47.6,35.9,16.5,104.66193466666664,25.0,51.749664,9.597476,Hohenbrink,,0.5,1.33,0.0130433138456315,15,2.2438062888053675e-20,0.4605645755862155,0.3051604965235232,1.0100000000000382,0.2348617469074754,0.0125830206440103,undisturbed,Hohenbrink et al. 2023: HYPROP and KSAT on undisturbed cores; WP4 dewpoint for the dry end
HB_TUBS_191,HB_Technische_Universitaet_Braunschweig_52.1812_10.8559,silt loam,0.1261353180620056,1.270286260996968,9.851754152683351e-20,0.4897500048784182,8.0,78.7,13.3,0.775869625,30.0,52.181195,10.855865,Hohenbrink,,0.49,1.35,0.0129997465986298,20,8.509732121814821e-21,0.4925812026862182,0.094550459009161,1.01000000000026,0.2883353605406239,0.012337759820526,undisturbed,Hohenbrink et al. 2023: HYPROP and KSAT on undisturbed cores; WP4 dewpoint for the dry end
HB_TUBS_192,HB_Technische_Universitaet_Braunschweig_52.1812_10.8559,silt loam,0.1045465046675151,1.2645950477014742,2.1453121781351241e-16,0.4266532616936881,8.0,78.7,13.3,0.5885572916666667,30.0,52.181195,10.855865,Hohenbrink,,0.44,1.49,0.0099332863972823,12,1.6212463979023352e-20,0.4353285336121186,0.090358531173511,1.01,0.2761347613957869,0.0089153037479782,undisturbed,Hohenbrink et al. 2023: HYPROP and KSAT on undisturbed cores; WP4 dewpoint for the dry end
HB_TUBS_193,HB_Technische_Universitaet_Braunschweig_52.1812_10.8559,silt loam,0.0475621155374029,1.3148233172676154,4.850648013539627e-22,0.3975240166899298,8.0,78.7,13.3,0.3713545416666666,30.0,52.181195,10.855865,Hohenbrink,,0.42,1.55,0.00757825104431,19,4.267540446102437e-21,0.4004606213547637,0.0339153254966972,1.01,0.3409840794167577,0.0061455795164518,undisturbed,Hohenbrink et al. 2023: HYPROP and KSAT on undisturbed cores; WP4 dewpoint for the dry end
HB_TUBS_194,HB_Technische_Universitaet_Braunschweig_52.1812_10.8559,silt loam,0.0879618054859992,1.286266309998475,1.2607779288372154e-19,0.4360118804942243,8.0,78.7,13.3,6.9149454583333325,30.0,52.181195,10.855865,Hohenbrink,,0.45,1.47,0.0097895392692719,17,1.0787023455320088e-26,0.4396212769929664,0.0660610850266561,1.01,0.3049453442823921,0.0081823574623444,undisturbed,Hohenbrink et al. 2023: HYPROP and KSAT on undisturbed cores; WP4 dewpoint for the dry end
HB_TUBS_195,HB_Technische_Universitaet_Braunschweig_52.1812_10.8559,silt loam,0.0582317968956105,1.3039747054561963,6.06848869709876e-24,0.4081928455775694,8.0,78.7,13.3,0.2949774166666666,30.0,52.181195,10.855865,Hohenbrink,,0.42,1.55,0.0064039425316075,17,2.0816131760004805e-21,0.4121713413307071,0.0432630323041508,1.0100000000000002,0.3267158900680925,0.0049440027057027,undisturbed,Hohenbrink et al. 2023: HYPROP and KSAT on undisturbed cores; WP4 dewpoint for the dry end
HB_TUBS_196,HB_Technische_Universitaet_Braunschweig_51.7497_9.5975,loam,0.3298443656649493,1.2245169071932445,7.54512596664884e-19,0.448520626235051,44.9,36.2,18.9,362.9014958333333,40.0,51.749665,9.597477,Hohenbrink,,0.51,1.31,0.0120697104195274,17,5.5121124201936826e-18,0.4519614376939998,0.2729197497786561,1.0100000000014344,0.2330937980763494,0.0112655843079655,undisturbed,Hohenbrink et al. 2023: HYPROP and KSAT on undisturbed cores; WP4 dewpoint for the dry end
HB_TUBS_197,HB_Technische_Universitaet_Braunschweig_51.7497_9.5975,loam,0.4330171413404629,1.217583551994715,4.820886455542033e-19,0.4427483081749226,44.9,36.2,18.9,575.16011025,40.0,51.749666,9.597478,Hohenbrink,,0.52,1.27,0.0140621611384084,16,2.2311069998237648e-21,0.4464724653173161,0.3596480119200047,1.0100000000017393,0.2267748896638894,0.0132940873202134,undisturbed,Hohenbrink et al. 2023: HYPROP and KSAT on undisturbed cores; WP4 dewpoint for the dry end
HB_TUBS_198,HB_Technische_Universitaet_Braunschweig_51.7497_9.5975,loam,0.4096307190374801,1.2199094164931892,5.884839186697744e-18,0.460213623466576,44.9,36.2,18.9,26.289889333333335,40.0,51.749667,9.597479,Hohenbrink,,0.49,1.35,0.0123008768215194,15,7.334442080685376e-19,0.4655907087457256,0.3556853386604979,1.0100000000000144,0.2267522813865058,0.0116841089675805,undisturbed,Hohenbrink et al. 2023: HYPROP and KSAT on undisturbed cores; WP4 dewpoint for the dry end
HB_TUBS_199,HB_Technische_Universitaet_Braunschweig_51.7497_9.5975,loam,0.2952437929585403,1.2286477095344823,1.0504347277537567e-27,0.4637210686808172,44.9,36.2,18.9,51.261198791666665,40.0,51.749668,9.59748,Hohenbrink,,0.49,1.35,0.0165216913379667,15,9.873282621722917e-19,0.469545230940348,0.2512227562881989,1.01,0.2369457267277709,0.015447105479625,undisturbed,Hohenbrink et al. 2023: HYPROP and KSAT on undisturbed cores; WP4 dewpoint for the dry end
HB_TUBS_200,HB_Technische_Universitaet_Braunschweig_51.7497_9.5975,loam,0.3050967878397578,1.2183821439807334,5.501693888181295e-20,0.4481634888795522,44.9,36.2,18.9,122.967051125,40.0,51.749669,9.597481,Hohenbrink,,0.49,1.34,0.0133553601039409,20,2.8326345306747923e-27,0.45078417019163,0.2512573218037301,1.0100000000000042,0.2264097175317751,0.012852552237183,undisturbed,Hohenbrink et al. 2023: HYPROP and KSAT on undisturbed cores; WP4 dewpoint for the dry end
HB_TUBS_201,HB_Technische_Universitaet_Braunschweig_52.1812_10.8559,silt loam,0.0609694397328589,1.172619807872098,3.7746010880176435e-14,0.4640963075859926,11.3,77.1,11.6,0.3713545416666666,45.0,52.181195,10.855865,Hohenbrink,,0.47,1.4,0.0088650229883763,15,9.55198269761396e-23,0.46531963088279,0.0507745171647031,1.01,0.175782032102051,0.0082718182045455,undisturbed,Hohenbrink et al. 2023: HYPROP and KSAT on undisturbed cores; WP4 dewpoint for the dry end
HB_TUBS_202,HB_Technische_Universitaet_Braunschweig_52.1812_10.8559,silt loam,0.025512030471526,1.231793248963631,2.1469050350315026e-30,0.4185506687502699,11.3,77.1,11.6,0.1861181666666666,45.0,52.181195,10.855865,Hohenbrink,,0.43,1.52,0.0143671879850545,13,1.7575991460730802e-24,0.4208271967355801,0.0190430994046554,1.01,0.2450958771853675,0.0125309470812214,undisturbed,Hohenbrink et al. 2023: HYPROP and KSAT on undisturbed cores; WP4 dewpoint for the dry end
HB_TUBS_203,HB_Technische_Universitaet_Braunschweig_52.1812_10.8559,silt loam,0.0061937957096846,1.2363926300310837,4.4661091593564285e-24,0.4271730698618149,11.3,77.1,11.6,0.2510665,45.0,52.181195,10.855865,Hohenbrink,,0.45,1.45,0.0093747956237168,7,8.942381967948984e-26,0.4316293348596465,0.0049534864054078,1.01,0.2456435440404552,0.0085517523275423,undisturbed,Hohenbrink et al. 2023: HYPROP and KSAT on undisturbed cores; WP4 dewpoint for the dry end
HB_TUBS_204,HB_Technische_Universitaet_Braunschweig_52.1812_10.8559,silt loam,0.0601013730131414,1.2029096532170005,6.181891224765807e-19,0.4027337794660174,11.3,77.1,11.6,0.087054,45.0,52.181195,10.855865,Hohenbrink,,0.41,1.57,0.0104518433163402,12,6.8716985057804395e-19,0.4056383523618064,0.0492685435104174,1.01,0.2132082885860499,0.0094989428419057,undisturbed,Hohenbrink et al. 2023: HYPROP and KSAT on undisturbed cores; WP4 dewpoint for the dry end
HB_TUBS_205,HB_Technische_Universitaet_Braunschweig_52.1812_10.8559,silt loam,0.22772316724843,1.159576887600607,0.2406244321070839,0.5129948462201825,11.3,77.1,11.6,7.409497541666667,45.0,52.181195,10.855865,Hohenbrink,,0.51,1.31,0.0009168630925276,9,0.2780678774465738,0.5152789446693568,0.1792554827415042,1.010007435862827,0.2101259359779156,0.0009047143602195,undisturbed,Hohenbrink et al. 2023: HYPROP and KSAT on undisturbed cores; WP4 dewpoint for the dry end
HB_TUBS_206,HB_Technische_Universitaet_Braunschweig_52.5183_14.1195,loamy sand,0.2096585260816838,1.6786652368841983,0.0085000009999999,0.3198936689922377,82.6,13.4,4.0,2.040745083333334,47.5,52.518267,14.119534,Hohenbrink,0.15,0.39,1.62,0.0123235842346357,17,0.0085000009999999,0.3114299523350181,0.3122335866584892,6.059394398738121,0.090911470889505,0.0086788473092216,undisturbed,Hohenbrink et al. 2023: HYPROP and KSAT on undisturbed cores; WP4 dewpoint for the dry end
HB_TUBS_207,HB_Technische_Universitaet_Braunschweig_52.5183_14.1195,loamy sand,0.2033652468615809,1.6081771428596885,0.0086000009999999,0.3126697684232437,82.6,13.4,4.0,2.040745083333334,47.5,52.518267,14.119534,Hohenbrink,0.15,0.35,1.71,0.0124689340063992,16,0.0086000009999999,0.2986607942661908,0.2836267124206801,10.999999999938716,0.0465630595254769,0.0074459700207682,undisturbed,Hohenbrink et al. 2023: HYPROP and KSAT on undisturbed cores; WP4 dewpoint for the dry end
HB_TUBS_208,HB_Technische_Universitaet_Braunschweig_52.5183_14.1195,loamy sand,0.1862407246181096,1.7749179618824416,0.0078000009999999,0.3102502324887605,82.6,13.4,4.0,2.040745083333334,47.5,52.518267,14.119534,Hohenbrink,0.15,0.37,1.68,0.014457744338207,14,0.0078000009999999,0.2940285752102762,0.2646890810483546,10.999999999998453,0.0565372687945596,0.0093800446236441,undisturbed,Hohenbrink et al. 2023: HYPROP and KSAT on undisturbed cores; WP4 dewpoint for the dry end
HB_TUBS_209,HB_Technische_Universitaet_Braunschweig_52.5183_14.1195,sand,0.2400037756664277,1.8857195015795083,0.006100001,0.3283165485582071,88.4,9.6,2.0,6.757542083333333,92.5,52.518267,14.119534,Hohenbrink,0.04,0.39,1.61,0.0137038929027118,18,0.006100001,0.3215089021469289,0.3730888424182179,8.355917715713101,0.081152015518265,0.0088198516797891,undisturbed,Hohenbrink et al. 2023: HYPROP and KSAT on undisturbed cores; WP4 dewpoint for the dry end
HB_TUBS_210,HB_Technische_Universitaet_Braunschweig_52.5183_14.1195,sand,0.2608069500459732,1.7591217828638603,0.0063000009999999,0.3165557693289395,88.4,9.6,2.0,6.757542083333333,92.5,52.518267,14.119534,Hohenbrink,0.04,0.39,1.62,0.01243469985696,17,0.0063000009999999,0.3081412745675696,0.391006096096987,6.424116855480403,0.0940328644626533,0.0085522767775301,undisturbed,Hohenbrink et al. 2023: HYPROP and KSAT on undisturbed cores; WP4 dewpoint for the dry end
HB_TUBS_211,HB_Technische_Universitaet_Braunschweig_52.5183_14.1195,sand,0.2101452760229232,1.7431480080957462,0.0054500009999999,0.2968863876164797,88.4,9.6,2.0,6.757542083333333,92.5,52.518267,14.119534,Hohenbrink,0.04,0.38,1.63,0.0111091026426881,18,0.0054500009999999,0.2914170001015561,0.3340514694846145,7.834064276286522,0.0740389937050669,0.0063629528756989,undisturbed,Hohenbrink et al. 2023: HYPROP and KSAT on undisturbed cores; WP4 dewpoint for the dry end
HB_TUBS_212,HB_Technische_Universitaet_Braunschweig_52.5183_14.1195,sandy loam,0.0023845800126333,1.3400757873767364,1.300665418166345e-23,0.327647346899616,67.8,16.3,15.9,0.6603721666666666,132.5,52.518267,14.119534,Hohenbrink,0.07,0.35,1.72,0.0058237622692811,8,0.0259712832030601,0.3304307446353118,0.0012772894876681,1.0100000000000002,0.4870057742251201,0.0047952712751772,undisturbed,Hohenbrink et al. 2023: HYPROP and KSAT on undisturbed cores; WP4 dewpoint for the dry end
HB_TUBS_213,HB_Technische_Universitaet_Braunschweig_52.5183_14.1195,sandy loam,0.0060439360803724,1.2583515123112623,1.1800046229862837e-131,0.3130585917819045,67.8,16.3,15.9,0.6603721666666666,132.5,52.518267,14.119534,Hohenbrink,0.07,0.37,1.67,0.0159798984584513,13,5.386433373658743e-58,0.3150396085864304,0.0047791843386449,1.01,0.2751656671666379,0.0148008312969694,undisturbed,Hohenbrink et al. 2023: HYPROP and KSAT on undisturbed cores; WP4 dewpoint for the dry end
HB_TUBS_214,HB_Technische_Universitaet_Braunschweig_52.5183_14.1195,sandy loam,0.0513357182159217,1.1850310241982716,1.9184898507188443e-30,0.3170730025906344,67.8,16.3,15.9,0.6603721666666666,132.5,52.518267,14.119534,Hohenbrink,0.07,0.36,1.7,0.0132294344587327,12,3.405866423737468e-33,0.3183433443312735,0.0405863964856426,1.01,0.1935441639293047,0.012486255066317,undisturbed,Hohenbrink et al. 2023: HYPROP and KSAT on undisturbed cores; WP4 dewpoint for the dry end
HB_TUBS_215,HB_Technische_Universitaet_Braunschweig_52.5183_14.1195,loamy sand,0.3071127065985489,1.6981538674461034,0.0048500009999999,0.3759971920278175,79.9,16.3,3.8,6.162951625000001,77.5,52.518267,14.119534,Hohenbrink,0.11,0.4,1.58,0.0141242944739235,15,0.004850001,0.3618801091253413,0.4516712841211602,10.999999999999998,0.0514886224910753,0.0086921648668543,undisturbed,Hohenbrink et al. 2023: HYPROP and KSAT on undisturbed cores; WP4 dewpoint for the dry end
HB_TUBS_216,HB_Technische_Universitaet_Braunschweig_52.5183_14.1195,loamy sand,0.1522883211449172,1.611439221447855,0.0041000009999997,0.2783412388517393,79.9,16.3,3.8,6.162951625000001,77.5,52.518267,14.119534,Hohenbrink,0.11,0.36,1.69,0.0080562735865386,16,0.004100001,0.2719337774423737,0.2261422949331342,5.712896669720461,0.0890254562495823,0.0063234420377814,undisturbed,Hohenbrink et al. 2023: HYPROP and KSAT on undisturbed cores; WP4 dewpoint for the dry end
HB_TUBS_217,HB_Technische_Universitaet_Braunschweig_52.5183_14.1195,loamy sand,0.2048508612932931,1.7174590731052866,0.0043000009999988,0.3008892413005521,79.9,16.3,3.8,6.162951625000001,77.5,52.518267,14.119534,Hohenbrink,0.11,0.4,1.59,0.0102224817512613,15,0.0043000009999999,0.294849248515704,0.324558575877556,6.988584013580126,0.0806890506726095,0.005344275470802,undisturbed,Hohenbrink et al. 2023: HYPROP and KSAT on undisturbed cores; WP4 dewpoint for the dry end
HB_TUBS_218,HB_Technische_Universitaet_Braunschweig_52.5183_14.1195,loamy sand,0.210679189636885,1.9164120894339676,0.0141000009999999,0.3869561191959134,84.5,11.6,3.9,11.475952916666666,22.5,52.518267,14.119534,Hohenbrink,0.35,0.4,1.6,0.0195843293271002,16,0.0141000009999999,0.3771741174663723,0.3128778844137246,9.561585633708464,0.0753641605815217,0.0136989027866689,undisturbed,Hohenbrink et al. 2023: HYPROP and KSAT on undisturbed cores; WP4 dewpoint for the dry end
HB_TUBS_219,HB_Technische_Universitaet_Braunschweig_52.5183_14.1195,loamy sand,0.1732830054071596,1.8904703969368364,0.0093000009999999,0.3588501909178379,84.5,11.6,3.9,11.475952916666666,22.5,52.518267,14.119534,Hohenbrink,0.35,0.37,1.66,0.0169160952665662,17,0.0093000009999999,0.3514934932146264,0.2657941819108418,10.999999998968995,0.0631028794608242,0.0112168597066421,undisturbed,Hohenbrink et al. 2023: HYPROP and KSAT on undisturbed cores; WP4 dewpoint for the dry end
HB_TUBS_220,HB_Technische_Universitaet_Braunschweig_52.5183_14.1195,loamy sand,0.2115607098109905,1.8996526420905364,0.0104000009999999,0.3803507178902449,84.5,11.6,3.9,11.475952916666666,22.5,52.518267,14.119534,Hohenbrink,0.35,0.38,1.65,0.0183152389239415,17,0.0104000009999999,0.3726432235890421,0.3154969074688793,8.386383052737637,0.0846473662131795,0.0132324017516599,undisturbed,Hohenbrink et al. 2023: HYPROP and KSAT on undisturbed cores; WP4 dewpoint for the dry end
HB_TUBS_221,HB_Technische_Universitaet_Braunschweig_nan_nan,loam,0.0686092676639254,1.878985502903729,0.1528077161106778,0.4387150994454316,45.9,39.4,14.7,,,,,Hohenbrink,,0.48,1.38,0.0010496742109107,11,0.1761800768672724,0.4390420721793606,0.0545946618997882,1.7588431805640945,0.6974135071131599,0.0009673914703235,undisturbed,Hohenbrink et al. 2023: HYPROP and KSAT on undisturbed cores; WP4 dewpoint for the dry end
HB_TUBS_222,HB_Technische_Universitaet_Braunschweig_nan_nan,loam,0.0723706118018952,1.5215865738288383,0.0710363599205622,0.422402147536912,45.9,39.4,14.7,,,,,Hohenbrink,,0.48,1.38,0.0010402899742005,11,0.1466485317832445,0.4230465342135467,0.0421913221879164,1.3721207370847253,0.8014949607475158,0.0008713848875641,undisturbed,Hohenbrink et al. 2023: HYPROP and KSAT on undisturbed cores; WP4 dewpoint for the dry end
HB_TUBS_223,HB_Technische_Universitaet_Braunschweig_nan_nan,loam,0.0758490981989067,1.3547707217226077,8.944219333006587e-11,0.432209688030457,45.9,39.4,14.7,,,,,Hohenbrink,,0.47,1.41,0.002446944446886,16,5.693233155474075e-06,0.4338838768981811,0.0305831947848672,1.0328434611412476,0.5509852155810553,0.0013501671251808,undisturbed,Hohenbrink et al. 2023: HYPROP and KSAT on undisturbed cores; WP4 dewpoint for the dry end
HB_TUBS_224,HB_Technische_Universitaet_Braunschweig_nan_nan,loam,0.1080567654748731,1.360368045069618,9.389589267254192e-13,0.439327642571646,45.9,39.4,14.7,,,,,Hohenbrink,,0.54,1.23,0.003696415883108,16,0.0974396036591581,0.4418014247956628,0.0315590776521096,1.0100000000000018,0.9797639244218102,0.0023151257590311,undisturbed,Hohenbrink et al. 2023: HYPROP and KSAT on undisturbed cores; WP4 dewpoint for the dry end
HB_TUBS_225,HB_Technische_Universitaet_Braunschweig_nan_nan,loam,0.1046304110007491,1.3660709848524455,6.212457272518259e-20,0.4392742206842562,45.9,39.4,14.7,,,,,Hohenbrink,,0.52,1.27,0.0047329853355763,9,8.119628630803837e-17,0.44658799772426,0.050511668953123,1.0100000000001723,0.516329947988166,0.0030485351378661,undisturbed,Hohenbrink et al. 2023: HYPROP and KSAT on undisturbed cores; WP4 dewpoint for the dry end
HB_TUBS_226,HB_Technische_Universitaet_Braunschweig_nan_nan,loam,0.052244095004355,2.0490132454583656,0.1551679452852752,0.4284089602372069,45.9,39.4,14.7,,,,,Hohenbrink,,0.47,1.4,0.0018471937017609,12,0.1845474477528792,0.4287894215011687,0.0362612664790941,1.847099994837088,0.97999993200742,0.0017492141254918,undisturbed,Hohenbrink et al. 2023: HYPROP and KSAT on undisturbed cores; WP4 dewpoint for the dry end
HB_TUDD_001,HB_Technische_Universitaet_Dresden_51.1183_13.2286,silt loam,0.1023871942948739,1.2571468059166753,1.6679678593489723e-31,0.4369888325343133,8.4,73.2,18.4,19.9429205,2.5,51.118333,13.228611,Hohenbrink,1.22,0.49,1.35,0.0215800968089306,18,2.5989817540932983e-26,0.4397753108971415,0.0762508959785474,1.01,0.2765614495600151,0.0191935062888398,undisturbed,Hohenbrink et al. 2023: HYPROP and KSAT on undisturbed cores; WP4 dewpoint for the dry end
HB_TUDD_002,HB_Technische_Universitaet_Dresden_51.1183_13.2286,silt loam,0.036964293884775,1.3365430505517943,4.0128288896074e-18,0.4167824758301468,8.5,73.8,17.7,0.9995137083333332,2.5,51.118333,13.228611,Hohenbrink,1.28,0.43,1.52,0.0084853405491286,17,5.822567177131554e-19,0.4197481513497629,0.0248083990925468,1.01,0.3647653989960476,0.0058537173866682,undisturbed,Hohenbrink et al. 2023: HYPROP and KSAT on undisturbed cores; WP4 dewpoint for the dry end
HB_TUDD_004,HB_Technische_Universitaet_Dresden_51.1183_13.2286,silt loam,0.0508551061666,1.2821925521021298,4.8892561219945667e-29,0.4567659616799641,7.592407592407591,73.7262737262737,18.6813186813187,13.483069041666669,2.5,51.118333,13.228611,Hohenbrink,1.12,0.48,1.4,0.0213376144129385,18,8.438276234963486e-25,0.4595272779000151,0.0357789014298899,1.01,0.3080324651265052,0.0186624209611714,undisturbed,Hohenbrink et al. 2023: HYPROP and KSAT on undisturbed cores; WP4 dewpoint for the dry end
HB_TUDD_005,HB_Technische_Universitaet_Dresden_51.1183_13.2286,silt loam,0.0148853663022355,1.3661477349455795,2.4046148292449857e-24,0.3922597733655673,7.492507492507491,74.32567432567431,18.181818181818205,,2.5,51.118333,13.228611,Hohenbrink,1.16,0.43,1.51,0.008689650668505,10,5.652246038698472e-23,0.3984192125915703,0.0089826482727944,1.01,0.4206119660059204,0.0054253389516879,undisturbed,Hohenbrink et al. 2023: HYPROP and KSAT on undisturbed cores; WP4 dewpoint for the dry end
HB_TUDD_006,HB_Technische_Universitaet_Dresden_51.1183_13.2286,silt loam,0.0293952273072895,1.306615040346441,4.4941586828060515e-19,0.3912373776620594,7.5,75.1,17.4,5.126119875,2.5,51.118333,13.228611,Hohenbrink,1.14,0.45,1.47,0.0118257271315553,18,1.8254875079455018e-23,0.3932145926738513,0.0190879500569544,1.01,0.3395005339055748,0.0094226233507749,undisturbed,Hohenbrink et al. 2023: HYPROP and KSAT on undisturbed cores; WP4 dewpoint for the dry end
HB_TUDD_007,HB_Technische_Universitaet_Dresden_51.1183_13.2286,silt loam,0.03001577388485,1.3502757663300806,5.32586405262182e-18,0.4574313409108806,7.392607392607391,72.52747252747251,20.079920079920104,28.826290458333332,2.5,51.118333,13.228611,Hohenbrink,1.11,0.48,1.43,0.0178772711690045,17,7.971377531478264e-14,0.4611069409965531,0.0195639738590483,1.01,0.3881853459237918,0.0151267639940965,undisturbed,Hohenbrink et al. 2023: HYPROP and KSAT on undisturbed cores; WP4 dewpoint for the dry end
HB_TUDD_008,HB_Technische_Universitaet_Dresden_51.1183_13.2286,silt loam,0.0439417829293758,1.3577827408191796,3.0326509207725377e-22,0.4450410852546279,7.3,77.1,15.6,2.1369224166666667,2.5,51.118333,13.228611,Hohenbrink,1.26,0.45,1.51,0.0043847906548385,16,0.0074406765679835,0.4478474514441782,0.0302909873008022,1.0803063739027905,0.3856105302751975,0.0036522570439917,undisturbed,Hohenbrink et al. 2023: HYPROP and KSAT on undisturbed cores; WP4 dewpoint for the dry end
HB_TUDD_009,HB_Technische_Universitaet_Dresden_51.1183_13.2286,silt loam,0.0214897411506589,1.3488006162202033,3.096793323449795e-22,0.4689059142573299,7.8,76.8,15.4,,2.5,51.118333,13.228611,Hohenbrink,1.46,0.48,1.43,0.0099339059869492,19,9.184835434359396e-17,0.4711665957746478,0.0124980164728554,1.010000000000001,0.4018097716832064,0.0068000066458705,undisturbed,Hohenbrink et al. 2023: HYPROP and KSAT on undisturbed cores; WP4 dewpoint for the dry end
HB_TUDD_010,HB_Technische_Universitaet_Dresden_51.1183_13.2286,silt loam,0.048170021094088,1.3138000820548448,4.469530454937474e-16,0.4516474713434224,7.5,77.6,14.9,,2.5,51.118333,13.228611,Hohenbrink,1.12,0.46,1.49,0.0149028711762309,15,2.18992312826594e-21,0.45581558391841,0.0336546132836982,1.01,0.3406381658835714,0.0139420406662306,undisturbed,Hohenbrink et al. 2023: HYPROP and KSAT on undisturbed cores; WP4 dewpoint for the dry end
HB_TUDD_012,HB_Technische_Universitaet_Dresden_51.1183_13.2286,silt loam,0.0607150754201008,1.3288535196899327,1.9420649819096553e-22,0.3965507943231209,7.5,76.6,15.9,60.226657125,2.5,51.118333,13.228611,Hohenbrink,1.04,0.45,1.45,0.0091427457832737,12,3.729295371902688e-17,0.4013847079802792,0.0399769090802394,1.010000000000001,0.3617665202995356,0.0074178191120757,undisturbed,Hohenbrink et al. 2023: HYPROP and KSAT on undisturbed cores; WP4 dewpoint for the dry end
HB_TUDD_013,HB_Technische_Universitaet_Dresden_51.1183_13.2286,silt loam,0.0475487295588316,1.3390745254966825,2.38378911043092e-24,0.524061401395982,7.692307692307691,76.62337662337661,15.684315684315704,4.464663791666667,2.5,51.118333,13.228611,Hohenbrink,1.51,0.53,1.29,0.0158965590560416,19,3.7803585211215233e-16,0.5272220678115213,0.0298489997959568,1.01,0.3865990735654097,0.0129191649002811,undisturbed,Hohenbrink et al. 2023: HYPROP and KSAT on undisturbed cores; WP4 dewpoint for the dry end
HB_TUDD_014,HB_Technische_Universitaet_Dresden_51.1183_13.2286,silt loam,0.0464845715148495,1.3142620196331076,1.7086081445451494e-20,0.429267650378212,7.0,79.5,13.5,,2.5,51.118333,13.228611,Hohenbrink,1.32,0.43,1.53,0.009538566723349,19,1.7305798247600962e-20,0.4316811828385808,0.0313944236836286,1.010000000000001,0.3441413907555469,0.008525337398576,undisturbed,Hohenbrink et al. 2023: HYPROP and KSAT on undisturbed cores; WP4 dewpoint for the dry end
HB_TUDD_015,HB_Technische_Universitaet_Dresden_51.1183_13.2286,silt loam,0.0190783988354084,1.4020353757064985,3.354377777972616e-25,0.5503549106546209,7.0,77.5,15.5,,2.5,51.118333,13.228611,Hohenbrink,1.38,0.58,1.23,0.0242823537425819,16,2.0638172547658587e-27,0.5523279464252939,0.008111907042062,1.01,0.5248991165089985,0.0195761934166028,undisturbed,Hohenbrink et al. 2023: HYPROP and KSAT on undisturbed cores; WP4 dewpoint for the dry end
HB_TUDD_016,HB_Technische_Universitaet_Dresden_51.1183_13.2286,silt loam,0.0426018595240576,1.3151778592331365,1.7644900645050138e-15,0.433772590752051,7.4,77.2,15.4,95.452818875,2.5,51.118333,13.228611,Hohenbrink,1.1,0.44,1.52,0.0127018584348024,16,2.7205019067392083e-24,0.4371730981312587,0.0291658591084472,1.0100000000002136,0.3443252827358716,0.012283340326442,undisturbed,Hohenbrink et al. 2023: HYPROP and KSAT on undisturbed cores; WP4 dewpoint for the dry end
HB_TUDD_017,HB_Technische_Universitaet_Dresden_51.1183_13.2286,silt loam,0.0727155968986014,1.294002476333887,9.584804409092162e-24,0.4772644610846123,7.7,74.2,18.1,,2.5,51.118333,13.228611,Hohenbrink,1.5,0.55,1.19,0.0157352866596472,14,3.4669962912404487e-19,0.4824447818568668,0.0527620838237255,1.01,0.3214599428450846,0.0127502126418168,undisturbed,Hohenbrink et al. 2023: HYPROP and KSAT on undisturbed cores; WP4 dewpoint for the dry end
HB_TUDD_018,HB_Technische_Universitaet_Dresden_51.1183_13.2286,silt loam,0.0486139056777734,1.2843010544175244,2.674332823843658e-22,0.4654439740985698,7.6,72.5,19.9,4.783973416666666,2.5,51.118333,13.228611,Hohenbrink,0.96,0.48,1.44,0.0198584544337419,18,3.048002759747032e-22,0.4678756965574351,0.0335781118961288,1.01,0.3075169473653478,0.0176543985875413,undisturbed,Hohenbrink et al. 2023: HYPROP and KSAT on undisturbed cores; WP4 dewpoint for the dry end
HB_TUDD_019,HB_Technische_Universitaet_Dresden_51.1183_13.2286,silt loam,0.0307894584021364,1.3235855673539731,2.2020701317992693e-19,0.4376653333803234,7.3,72.2,20.5,22.37632483333333,2.5,51.118333,13.228611,Hohenbrink,2.11,0.49,1.35,0.0136274055103876,19,9.45962458974187e-18,0.4401658849374035,0.0199292253575708,1.01,0.3598935656927516,0.0110037654213,undisturbed,Hohenbrink et al. 2023: HYPROP and KSAT on undisturbed cores; WP4 dewpoint for the dry end
HB_TUDD_020,HB_Technische_Universitaet_Dresden_51.1183_13.2286,silt loam,0.0669728649367793,1.301304555512334,2.6351065097168193e-16,0.3892526861070917,8.0,73.1,18.9,4.895406458333333,2.5,51.118333,13.228611,Hohenbrink,0.92,0.43,1.52,0.005262542574467,18,1.2439094624241431e-14,0.3909347403810502,0.0445083258846538,1.01,0.3188415976425566,0.0037275580800697,undisturbed,Hohenbrink et al. 2023: HYPROP and KSAT on undisturbed cores; WP4 dewpoint for the dry end
HB_TUDD_021,HB_Technische_Universitaet_Dresden_51.1183_13.2286,silt loam,0.0150062512564368,1.3926421295184293,7.818190103186035e-29,0.5598592903438112,7.6,71.5,20.9,16.210214375,2.5,51.118333,13.228611,Hohenbrink,1.86,0.59,1.22,0.0286654799209493,20,8.397296720229231e-19,0.5604445630830486,0.0050986741830729,1.01,0.5801267619425727,0.0249901350300672,undisturbed,Hohenbrink et al. 2023: HYPROP and KSAT on undisturbed cores; WP4 dewpoint for the dry end
HB_TUDD_022,HB_Technische_Universitaet_Dresden_51.1183_13.2286,silt loam,0.0374446137636792,1.3325180717957283,1.884734178732484e-34,0.4715930315268806,8.5,72.2,19.3,22.897536416666668,2.5,51.118333,13.228611,Hohenbrink,0.88,0.5,1.43,0.0241523130352047,19,1.1832102638741678e-30,0.4729018718541733,0.0196965458595509,1.01,0.391717200243346,0.0211040204057662,undisturbed,Hohenbrink et al. 2023: HYPROP and KSAT on undisturbed cores; WP4 dewpoint for the dry end
HB_TUDD_023,HB_Technische_Universitaet_Dresden_51.1183_13.2286,silt loam,0.0310522164545165,1.3087077602824393,4.5179303174801135e-27,0.4098870913244492,7.7,76.3,16.0,7.939419666666667,2.5,51.118333,13.228611,Hohenbrink,0.86,0.43,1.56,0.014974273973321,15,3.425763504974046e-22,0.4126783292185267,0.0200962071311125,1.01,0.3439878979856075,0.0124311547378046,undisturbed,Hohenbrink et al. 2023: HYPROP and KSAT on undisturbed cores; WP4 dewpoint for the dry end
HB_TUDD_024,HB_Technische_Universitaet_Dresden_51.1183_13.2286,silt loam,0.0180158875491835,1.4967943942307471,1.233933295584569e-15,0.612624684755977,7.2,73.2,19.6,,2.5,51.118333,13.228611,Hohenbrink,1.74,0.65,1.15,0.0241358342378648,18,0.0018170147408096,0.617966331396927,0.0083697079295369,1.010000000000003,0.6232978495066418,0.0200334943710716,undisturbed,Hohenbrink et al. 2023: HYPROP and KSAT on undisturbed cores; WP4 dewpoint for the dry end
HB_TUDD_025,HB_Technische_Universitaet_Dresden_51.1183_13.2286,silt loam,0.0679747880372103,1.279820050171559,1.4332906788011092e-25,0.4521660432517667,7.4,74.7,17.9,,2.5,51.118333,13.228611,Hohenbrink,0.84,0.47,1.47,0.0194093004172885,20,2.894746797901941e-24,0.4542184516344478,0.0460947053040343,1.01,0.3098952062473115,0.0171146833813607,undisturbed,Hohenbrink et al. 2023: HYPROP and KSAT on undisturbed cores; WP4 dewpoint for the dry end
HB_TUDD_026,HB_Technische_Universitaet_Dresden_51.1183_13.2286,silt loam,0.0204936024934901,1.377307249171812,3.531027239835737e-23,0.4755830512306281,7.5,72.1,20.4,23.976664041666663,2.5,51.118333,13.228611,Hohenbrink,1.89,0.48,1.42,0.0141933007068348,17,0.0019560476085793,0.4783960019324408,0.0105063083973955,1.01,0.4671963738718681,0.0124102557241247,undisturbed,Hohenbrink et al. 2023: HYPROP and KSAT on undisturbed cores; WP4 dewpoint for the dry end
HB_TUDD_027,HB_Technische_Universitaet_Dresden_51.1183_13.2286,silt loam,0.0030048660091991,1.5324145098999973,2.348628895443196e-25,0.5842440383942133,9.0,72.3,18.7,43.630356166666665,2.5,51.118333,13.228611,Hohenbrink,1.38,0.63,1.21,0.0291964556516708,11,1.2720561144374518e-20,0.5937951024271277,0.0018842764380669,1.01,0.6142427765218712,0.0231482111983562,undisturbed,Hohenbrink et al. 2023: HYPROP and KSAT on undisturbed cores; WP4 dewpoint for the dry end
HB_TUDD_028,HB_Technische_Universitaet_Dresden_51.1183_13.2286,silt loam,0.0113190834930899,1.3417601225060736,7.833963954186954e-23,0.3814272250775123,6.0,71.1,22.9,1.3483069166666668,2.5,51.118333,13.228611,Hohenbrink,0.36,0.38,1.64,0.0107640666699775,11,0.0144293914396474,0.3851664062583169,0.005735226461583,1.01,0.4643225468887641,0.0101994470678836,undisturbed,Hohenbrink et al. 2023: HYPROP and KSAT on undisturbed cores; WP4 dewpoint for the dry end
HB_TUDD_029,HB_Technische_Universitaet_Dresden_51.1183_13.2286,silt loam,0.0291133895559039,1.3013341180870424,1.3057391926959111e-27,0.4959055722471532,6.8,72.0,21.2,2.690225958333333,2.5,51.118333,13.228611,Hohenbrink,1.18,0.51,1.39,0.0219708373644969,19,6.429509892322536e-18,0.4974911085663447,0.0170100060417459,1.01,0.3514996135458078,0.0199552275008761,undisturbed,Hohenbrink et al. 2023: HYPROP and KSAT on undisturbed cores; WP4 dewpoint for the dry end
HB_TUDD_030,HB_Technische_Universitaet_Dresden_51.1183_13.2286,silt loam,0.0258216654810344,1.252944098909862,1.146320968552672e-19,0.3864798352613284,6.5,74.3,19.2,11.214728333333332,2.5,51.118333,13.228611,Hohenbrink,0.34,0.41,1.57,0.0100950658247089,14,2.9026668991057856e-23,0.3882307150102891,0.0175097271820615,1.01,0.2790993099720191,0.0082957443392301,undisturbed,Hohenbrink et al. 2023: HYPROP and KSAT on undisturbed cores; WP4 dewpoint for the dry end
HB_TUDD_031,HB_Technische_Universitaet_Dresden_51.1183_13.2286,silt loam,0.0370877270041841,1.2763947945644858,7.519175740876628e-29,0.469964707359655,6.1,73.7,20.2,1.6210214166666663,2.5,51.118333,13.228611,Hohenbrink,1.26,0.49,1.39,0.0189609929778453,16,2.4005593566961873e-24,0.4723982735852252,0.0251250331771524,1.01,0.304660516777283,0.016358888626124,undisturbed,Hohenbrink et al. 2023: HYPROP and KSAT on undisturbed cores; WP4 dewpoint for the dry end
HB_TUDD_032,HB_Technische_Universitaet_Dresden_51.1183_13.2286,silt loam,0.0292426671628771,1.3237806009044557,1.697252995161334e-11,0.4066720892296566,8.1,73.5,18.4,2.2376325,2.5,51.118333,13.228611,Hohenbrink,0.7,0.41,1.57,0.0048356255756926,14,0.0015330419678332,0.4095618861353653,0.0179637385501341,1.0100000004373708,0.3640617044734609,0.0037401385440762,undisturbed,Hohenbrink et al. 2023: HYPROP and KSAT on undisturbed cores; WP4 dewpoint for the dry end
HB_UFZ_001,HB_Helmholtz_Zentrum_fuer_Umweltforschung_UFZ_32.4133_34.9673,sandy clay loam,0.2017906333099934,1.234105326932593,7.08459186441681e-20,0.3799003044594435,72.1,7.1,20.8,,12.5,32.413333,34.967306,Hohenbrink,1.73,0.42,1.54,0.003887226897718,13,0.0096957929586583,0.3835485029537728,0.1484851704452374,1.0100000000001923,0.2699537846518291,0.0033659645268967,undisturbed,Hohenbrink et al. 2023: HYPROP and KSAT on undisturbed cores; WP4 dewpoint for the dry end
HB_UFZ_002,HB_Helmholtz_Zentrum_fuer_Umweltforschung_UFZ_32.4133_34.9673,sandy clay loam,0.2503823581223919,1.1372012994847454,7.364074664926835e-19,0.3659988566673725,67.3,11.2,21.5,,12.5,32.413333,34.967306,Hohenbrink,1.65,0.44,1.49,0.0017076371939161,11,1.0586312108601146e-14,0.3669572186893699,0.19578669914946,1.01,0.150000321818642,0.0014001412243672,undisturbed,Hohenbrink et al. 2023: HYPROP and KSAT on undisturbed cores; WP4 dewpoint for the dry end
HB_UFZ_003,HB_Helmholtz_Zentrum_fuer_Umweltforschung_UFZ_32.4133_34.9673,sandy clay loam,0.0974781815123314,1.2126386625883452,4.703762553282792e-21,0.3589716095250496,64.9,9.1,26.0,,12.5,32.413333,34.967306,Hohenbrink,1.7,0.43,1.52,0.0051977707158613,14,1.3524245623405713e-14,0.36188784191267,0.085319574435586,1.0100000070746669,0.2162429571174107,0.0048065318214017,undisturbed,Hohenbrink et al. 2023: HYPROP and KSAT on undisturbed cores; WP4 dewpoint for the dry end
HB_UFZ_004,HB_Helmholtz_Zentrum_fuer_Umweltforschung_UFZ_32.4133_34.9673,sandy clay loam,0.1827765812497936,1.1759118038897467,4.671602705367232e-15,0.4403263855556033,66.2,10.9,22.9,,12.5,32.413333,34.967306,Hohenbrink,3.23,0.49,1.34,0.0039650058073024,15,2.982296564357679e-13,0.4412591773662048,0.1257964216655074,1.01,0.202116965679357,0.0031005844534839,undisturbed,Hohenbrink et al. 2023: HYPROP and KSAT on undisturbed cores; WP4 dewpoint for the dry end
HB_UFZ_005,HB_Helmholtz_Zentrum_fuer_Umweltforschung_UFZ_32.4133_34.9673,sandy loam,0.2493080444783849,1.2206168950353895,1.6103806897209254e-08,0.4309396492806973,70.9,10.3,18.8,,12.5,32.413333,34.967306,Hohenbrink,1.39,0.45,1.46,0.0020406493539154,14,1.6028871498389007e-14,0.4321471406190303,0.1973651616226946,1.077293559590117,0.2240560177591488,0.0018575467055338,undisturbed,Hohenbrink et al. 2023: HYPROP and KSAT on undisturbed cores; WP4 dewpoint for the dry end
HB_UFZ_006,HB_Helmholtz_Zentrum_fuer_Umweltforschung_UFZ_32.4133_34.9673,sandy clay loam,0.1382438594706042,1.234547471825131,5.930655914923002e-10,0.3533134959929971,68.1681681681682,11.311311311311302,20.5205205205205,,12.5,32.413333,34.967306,Hohenbrink,0.51,0.41,1.57,0.0033572328619642,15,1.6524340009751796e-11,0.3542856989310048,0.128987211892594,1.13443769953134,0.2095305572110266,0.0032837126851118,undisturbed,Hohenbrink et al. 2023: HYPROP and KSAT on undisturbed cores; WP4 dewpoint for the dry end
HB_UFZ_007,HB_Helmholtz_Zentrum_fuer_Umweltforschung_UFZ_32.4133_34.9673,sandy clay loam,0.2159906519677688,1.1980814371318278,3.937947259691393e-10,0.366317028611788,66.2,8.1,25.7,,12.5,32.413333,34.967306,Hohenbrink,0.64,0.43,1.52,0.0051129341151272,13,6.039609611719178e-19,0.3693614603297517,0.2075292144537079,1.0650987807417065,0.1884890096812283,0.0050576634374555,undisturbed,Hohenbrink et al. 2023: HYPROP and KSAT on undisturbed cores; WP4 dewpoint for the dry end
HB_UFZ_008,HB_Helmholtz_Zentrum_fuer_Umweltforschung_UFZ_32.4133_34.9673,sandy clay loam,0.1628449636680207,1.2042984287956615,4.678865340280265e-11,0.4016295077075573,69.23076923076921,9.290709290709293,21.478521478521504,,12.5,32.413333,34.967306,Hohenbrink,0.74,0.42,1.53,0.0025657087182287,12,6.041032823799263e-08,0.403395962916044,0.1101416815889506,1.0100000000001277,0.2374032254699533,0.0017379020228673,undisturbed,Hohenbrink et al. 2023: HYPROP and KSAT on undisturbed cores; WP4 dewpoint for the dry end
HB_UFZ_009,HB_Helmholtz_Zentrum_fuer_Umweltforschung_UFZ_32.4133_34.9673,sandy clay loam,0.2381272698657802,1.1707198523110942,5.4080920560981736e-08,0.3889569980353707,68.4,9.7,21.9,,12.5,32.413333,34.967306,Hohenbrink,1.1,0.43,1.5,0.0016681791606457,14,0.1046276598872135,0.389900748163613,0.1398629330445071,1.01,0.3136952139415619,0.0012542025766054,undisturbed,Hohenbrink et al. 2023: HYPROP and KSAT on undisturbed cores; WP4 dewpoint for the dry end
HB_UFZ_010,HB_Helmholtz_Zentrum_fuer_Umweltforschung_UFZ_32.4133_34.9673,sandy clay loam,0.2034079038836606,1.219208913140118,1.573954589974294e-24,0.3970300797652889,64.1,11.7,24.2,,12.5,32.413333,34.967306,Hohenbrink,1.25,0.47,1.41,0.0045251282705215,12,3.526580615112557e-27,0.402396707622483,0.1817634099271775,1.0100000000000056,0.2252349344417435,0.0035763835484004,undisturbed,Hohenbrink et al. 2023: HYPROP and KSAT on undisturbed cores; WP4 dewpoint for the dry end
HB_UFZ_011,HB_Helmholtz_Zentrum_fuer_Umweltforschung_UFZ_32.4133_34.9673,sandy loam,0.2651881273452761,1.2238236009387036,2.6820593307334653e-18,0.3774498056542747,71.3,10.7,18.0,,12.5,32.413333,34.967306,Hohenbrink,0.63,0.45,1.47,0.0067042878004257,14,3.1251449772806093e-23,0.3816654450907009,0.229708839306446,1.010000000000478,0.2309058588526627,0.0060120621636005,undisturbed,Hohenbrink et al. 2023: HYPROP and KSAT on undisturbed cores; WP4 dewpoint for the dry end
HB_UFZ_012,HB_Helmholtz_Zentrum_fuer_Umweltforschung_UFZ_32.4133_34.9673,sandy clay loam,0.4044267507643597,1.2257323043167716,0.0666842905113414,0.4477904714387208,64.5354645354645,11.1888111888112,24.2757242757243,,12.5,32.413333,34.967306,Hohenbrink,0.85,0.49,1.36,0.0018337147232394,12,0.1816020302245712,0.4498118839852163,0.1770850552815989,1.0100000000004294,0.5374643886535476,0.0012982395237558,undisturbed,Hohenbrink et al. 2023: HYPROP and KSAT on undisturbed cores; WP4 dewpoint for the dry end
HB_UFZ_013,HB_Helmholtz_Zentrum_fuer_Umweltforschung_UFZ_51.3933_11.8784,silt loam,0.4688293882915158,1.1969506292771128,1.732777927866555e-23,0.4663305524225086,9.909909909909908,70.47047047047049,19.619619619619595,,7.5,51.393283,11.87844,Hohenbrink,1.86,0.47,1.41,0.0091841152807914,18,4.6370265186523695e-30,0.4635732950867736,0.5646412139424455,1.5984067430838036,0.1173476289105357,0.008962162300901,undisturbed,Hohenbrink et al. 2023: HYPROP and KSAT on undisturbed cores; WP4 dewpoint for the dry end
HB_UFZ_014,HB_Helmholtz_Zentrum_fuer_Umweltforschung_UFZ_51.3933_11.8784,silt loam,0.4491919983464362,1.3503477225190736,0.1509530688628723,0.4624340217614757,9.909909909909908,70.47047047047049,19.619619619619595,,7.5,51.393283,11.87844,Hohenbrink,1.86,0.48,1.39,0.0047198182742691,15,0.0602565213194676,0.4577166420869576,0.9272037630050536,5.101661238906085,0.0353006889634019,0.0011533487330675,undisturbed,Hohenbrink et al. 2023: HYPROP and KSAT on undisturbed cores; WP4 dewpoint for the dry end
HB_UFZ_015,HB_Helmholtz_Zentrum_fuer_Umweltforschung_UFZ_51.3933_11.8784,silt loam,0.4416409286427484,1.2056594297172356,3.823101983233198e-23,0.470651224803319,9.909909909909908,70.47047047047049,19.619619619619595,,7.5,51.393283,11.87844,Hohenbrink,1.86,0.47,1.41,0.0140778959918092,17,3.723699757044444e-56,0.4625053421095795,0.6587207808883038,9.165291647198352,0.0200000000304077,0.0121653582270631,undisturbed,Hohenbrink et al. 2023: HYPROP and KSAT on undisturbed cores; WP4 dewpoint for the dry end
HB_UFZ_016,HB_Helmholtz_Zentrum_fuer_Umweltforschung_UFZ_51.3933_11.8784,silt loam,0.2968476318930612,1.1994017151683225,3.143409596359997e-12,0.4624422617221985,9.909909909909908,70.47047047047049,19.619619619619595,,7.5,51.393283,11.87844,Hohenbrink,1.86,0.45,1.45,0.0097059821114366,11,5.936093729820907e-27,0.4485580472117324,0.3753083047990724,3.1805069869844727,0.056755990130399,0.0084642858164711,undisturbed,Hohenbrink et al. 2023: HYPROP and KSAT on undisturbed cores; WP4 dewpoint for the dry end
HB_UFZ_017,HB_Helmholtz_Zentrum_fuer_Umweltforschung_UFZ_51.3933_11.8784,silt loam,0.9827844298380248,1.177521005603791,1.2894899911619972e-17,0.495466780995358,9.909909909909908,70.47047047047049,19.619619619619595,,7.5,51.393283,11.87844,Hohenbrink,1.86,0.49,1.36,0.0103062375396137,17,4.5008737801960394e-29,0.4862199282884206,1.2697759242093956,3.0652888836826744,0.0535320402904785,0.0090720650535347,undisturbed,Hohenbrink et al. 2023: HYPROP and KSAT on undisturbed cores; WP4 dewpoint for the dry end
HB_UFZ_018,HB_Helmholtz_Zentrum_fuer_Umweltforschung_UFZ_51.3933_11.8784,silt loam,1.1809843757466647,1.1981470375807484,2.5722784877811997e-18,0.5043004390390151,9.909909909909908,70.47047047047049,19.619619619619595,,7.5,51.393283,11.87844,Hohenbrink,1.86,0.51,1.29,0.0200748350588272,15,8.620129498248676e-22,0.5107823207183492,1.0837691022393392,1.0100000000963332,0.202308623825094,0.0198917234842966,undisturbed,Hohenbrink et al. 2023: HYPROP and KSAT on undisturbed cores; WP4 dewpoint for the dry end
HB_UFZ_019,HB_Helmholtz_Zentrum_fuer_Umweltforschung_UFZ_51.3933_11.8784,silt loam,0.395445244608968,1.2066478254232975,2.740560638043735e-18,0.4502797718659204,9.909909909909908,70.47047047047049,19.619619619619595,,7.5,51.393283,11.87844,Hohenbrink,1.86,0.46,1.44,0.0152327828748718,19,2.1704564444624083e-18,0.4522937155679687,0.3217444559284657,1.010000000000871,0.2150138745540127,0.0145586009988809,undisturbed,Hohenbrink et al. 2023: HYPROP and KSAT on undisturbed cores; WP4 dewpoint for the dry end
HB_UFZ_020,HB_Helmholtz_Zentrum_fuer_Umweltforschung_UFZ_51.3933_11.8784,silty clay loam,0.927546188307958,1.1904983388165262,2.31539482169601e-22,0.4969301400985652,9.6,62.8,27.6,,7.5,51.393283,11.87844,Hohenbrink,2.12,0.5,1.33,0.0104068004620059,17,2.3138041265275682e-34,0.4861961508886938,1.2320447849798046,4.56389251529005,0.0381462208320293,0.0082176765778607,undisturbed,Hohenbrink et al. 2023: HYPROP and KSAT on undisturbed cores; WP4 dewpoint for the dry end
HB_UFZ_021,HB_Helmholtz_Zentrum_fuer_Umweltforschung_UFZ_51.3933_11.8784,silty clay loam,0.9508044429514786,1.2347164276715152,0.0395166188650551,0.5183126824083923,9.6,62.8,27.6,,7.5,51.393283,11.87844,Hohenbrink,2.12,0.53,1.24,0.0125288739594129,16,8.012813402881867e-19,0.5072056457952608,1.4600630821143894,8.975349308325324,0.0200000000000006,0.008257914084881,undisturbed,Hohenbrink et al. 2023: HYPROP and KSAT on undisturbed cores; WP4 dewpoint for the dry end
HB_UFZ_022,HB_Helmholtz_Zentrum_fuer_Umweltforschung_UFZ_51.3933_11.8784,silty clay loam,1.3430680757838098,1.1777912145481957,3.595767054762046e-20,0.5257099889431747,9.6,62.8,27.6,,7.5,51.393283,11.87844,Hohenbrink,2.12,0.53,1.24,0.0106094457339078,18,5.330322377383816e-35,0.5187691015103144,1.6916769823641402,2.1000533355375435,0.0791606725103236,0.0100223908144987,undisturbed,Hohenbrink et al. 2023: HYPROP and KSAT on undisturbed cores; WP4 dewpoint for the dry end
HB_UFZ_023,HB_Helmholtz_Zentrum_fuer_Umweltforschung_UFZ_51.3933_11.8784,silty clay loam,0.7172924142751566,1.6202864585724266,0.2096957981143744,0.5426076391784118,9.6,62.8,27.6,,7.5,51.393283,11.87844,Hohenbrink,2.12,0.54,1.21,0.0083943741278182,15,0.1412905119052798,0.5371329709506112,1.4277811627222965,10.999999638930294,0.0289137122189569,0.0035920445386788,undisturbed,Hohenbrink et al. 2023: HYPROP and KSAT on undisturbed cores; WP4 dewpoint for the dry end
HB_UFZ_024,HB_Helmholtz_Zentrum_fuer_Umweltforschung_UFZ_51.3933_11.8784,silty clay loam,0.952736019776162,1.183120061667264,2.1039944567677732e-23,0.4886848477944446,9.6,62.8,27.6,,7.5,51.393283,11.87844,Hohenbrink,2.12,0.48,1.38,0.0166806379131659,14,6.929283193979898e-25,0.4947949931298934,0.8934798573668025,1.0100000000006604,0.1861700820717201,0.0164978764717609,undisturbed,Hohenbrink et al. 2023: HYPROP and KSAT on undisturbed cores; WP4 dewpoint for the dry end
HB_UFZ_025,HB_Helmholtz_Zentrum_fuer_Umweltforschung_UFZ_51.3933_11.8784,silty clay loam,1.4538285631442516,1.1751271301633346,2.0341776358488911e-22,0.4959525926834467,9.6,62.8,27.6,,7.5,51.393283,11.87844,Hohenbrink,2.12,0.5,1.33,0.0174271767768711,16,4.2063884560466815e-15,0.4997327707286385,1.3190237314386422,1.0100000001358402,0.1782334959415822,0.0173891064698024,undisturbed,Hohenbrink et al. 2023: HYPROP and KSAT on undisturbed cores; WP4 dewpoint for the dry end
HB_UFZ_026,HB_Helmholtz_Zentrum_fuer_Umweltforschung_UFZ_51.3933_11.8784,silty clay loam,1.0635596706813557,1.1856157089027912,9.81364416513528e-19,0.487248774594904,9.6,62.8,27.6,,7.5,51.393283,11.87844,Hohenbrink,2.12,0.49,1.35,0.0176225278335675,17,1.427136343751767e-54,0.476580596554953,1.4748062284081866,8.40461341054652,0.02,0.0164816195288592,undisturbed,Hohenbrink et al. 2023: HYPROP and KSAT on undisturbed cores; WP4 dewpoint for the dry end
HB_UFZ_027,HB_Helmholtz_Zentrum_fuer_Umweltforschung_UFZ_51.3933_11.8784,silty clay loam,0.8457883658483694,1.2207282830562172,5.767133044522005e-21,0.5201341529696029,9.6,62.8,27.6,,7.5,51.393283,11.87844,Hohenbrink,2.12,0.54,1.22,0.0113078322780917,14,3.8208264510130394e-64,0.5069739272632235,1.2137574264523945,9.31278619022386,0.0207764146534109,0.0075848192711394,undisturbed,Hohenbrink et al. 2023: HYPROP and KSAT on undisturbed cores; WP4 dewpoint for the dry end
HB_UFZ_028,HB_Helmholtz_Zentrum_fuer_Umweltforschung_UFZ_31.8997_34.8500,sandy loam,0.3140037209957448,1.8598098236640688,0.1306023866920276,0.3846342171224973,79.7,7.3,13.0,,12.5,31.899722,34.85,Hohenbrink,1.1,0.52,1.26,0.0018546442649042,12,0.120008970502053,0.3840540181159333,0.3697631925784593,2.042510161370994,0.3500752655206025,0.0017580132571311,undisturbed,Hohenbrink et al. 2023: HYPROP and KSAT on undisturbed cores; WP4 dewpoint for the dry end
HB_UFZ_029,HB_Helmholtz_Zentrum_fuer_Umweltforschung_UFZ_31.8997_34.8500,loamy sand,0.4617842689307163,2.001830229053967,0.140281064483842,0.4570434088599456,82.9,6.9,10.2,,12.5,31.899722,34.85,Hohenbrink,0.72,0.47,1.4,0.003517446085223,10,0.1329434572496861,0.4548589482311493,0.5384888765540192,2.282699517308742,0.3761263022441838,0.0033853190447804,undisturbed,Hohenbrink et al. 2023: HYPROP and KSAT on undisturbed cores; WP4 dewpoint for the dry end
HB_UFZ_030,HB_Helmholtz_Zentrum_fuer_Umweltforschung_UFZ_31.8997_34.8500,loamy sand,0.3685549417063541,1.4093926542920172,0.0115000009999997,0.4183612719067122,82.6,7.4,10.0,,12.5,31.899722,34.85,Hohenbrink,1.12,0.48,1.39,0.0088596469778063,12,0.0060292170624731,0.4039554222711933,0.5435939201054457,3.967278861685544,0.0827508884094648,0.00551970053379,undisturbed,Hohenbrink et al. 2023: HYPROP and KSAT on undisturbed cores; WP4 dewpoint for the dry end
HB_UFZ_031,HB_Helmholtz_Zentrum_fuer_Umweltforschung_UFZ_31.8997_34.8500,sandy loam,0.4622490345178702,1.2506482981463394,5.936032121524829e-19,0.4414796815304502,77.9,7.3,14.8,,12.5,31.899722,34.85,Hohenbrink,1.96,0.54,1.21,0.0058246977979817,13,6.136365581995937e-25,0.4448345554498831,0.410927159849432,1.0925796587712984,0.2385208698599767,0.0057053250718779,undisturbed,Hohenbrink et al. 2023: HYPROP and KSAT on undisturbed cores; WP4 dewpoint for the dry end
HB_UFZ_032,HB_Helmholtz_Zentrum_fuer_Umweltforschung_UFZ_31.8997_34.8500,sand,0.2347700606491919,2.866881337565984,0.1285815248671056,0.3961527598819163,93.0,2.2,4.8,,12.5,31.899722,34.85,Hohenbrink,0.48,0.49,1.36,0.003732314918639,9,0.1177142222586687,0.3940225718544952,0.3018822874705893,3.8425391303832703,0.3379573361837657,0.0027934760583922,undisturbed,Hohenbrink et al. 2023: HYPROP and KSAT on undisturbed cores; WP4 dewpoint for the dry end
HB_UFZ_033,HB_Helmholtz_Zentrum_fuer_Umweltforschung_UFZ_31.8997_34.8500,sand,0.423566017167193,1.7141630891199269,0.0089500009999999,0.4259001719977957,89.9,3.0,7.1,,12.5,31.899722,34.85,Hohenbrink,0.59,0.46,1.42,0.014178641421501,12,0.0089500009999999,0.4094808734349727,0.6010120570885419,4.786027240115311,0.1220448797390161,0.0097730362602019,undisturbed,Hohenbrink et al. 2023: HYPROP and KSAT on undisturbed cores; WP4 dewpoint for the dry end
HB_UFZ_034,HB_Helmholtz_Zentrum_fuer_Umweltforschung_UFZ_31.8997_34.8500,sandy loam,0.4939504860566466,2.095920354306835,0.1702880994617689,0.4802090448327818,73.8738738738739,8.308308308308309,17.8178178178178,,12.5,31.899722,34.85,Hohenbrink,1.92,0.55,1.19,0.0048132948826343,11,0.1640761900059988,0.4785350737433244,0.5747288051730084,2.3850973519243555,0.3938370915906737,0.0046636470328651,undisturbed,Hohenbrink et al. 2023: HYPROP and KSAT on undisturbed cores; WP4 dewpoint for the dry end
HB_UFZ_035,HB_Helmholtz_Zentrum_fuer_Umweltforschung_UFZ_31.8997_34.8500,loamy sand,0.2615747465968357,1.34589296573856,0.0132947539281393,0.3211128509876566,82.3,6.2,11.5,,12.5,31.899722,34.85,Hohenbrink,0.58,0.37,1.66,0.0059930693475127,14,2.2703426643651347e-31,0.3141362264267198,0.4330608310130149,5.194009333701701,0.0505679020348771,0.0024100185621751,undisturbed,Hohenbrink et al. 2023: HYPROP and KSAT on undisturbed cores; WP4 dewpoint for the dry end
HB_UFZ_036,HB_Helmholtz_Zentrum_fuer_Umweltforschung_UFZ_31.8997_34.8500,loamy sand,0.2469551026256417,1.3913746793190975,0.0139000009999999,0.3738258225858178,83.7837837837838,5.005005005005,11.2112112112112,,12.5,31.899722,34.85,Hohenbrink,0.6,0.4,1.6,0.0064550327311973,12,0.0082945743098772,0.3617629066372497,0.3430290067422763,2.960538468128592,0.1093051240430661,0.0045921752838676,undisturbed,Hohenbrink et al. 2023: HYPROP and KSAT on undisturbed cores; WP4 dewpoint for the dry end
HB_UFZ_037,HB_Helmholtz_Zentrum_fuer_Umweltforschung_UFZ_31.8997_34.8500,sandy loam,0.4187397756732222,1.272298933180541,0.0039028304727465,0.3420997097682846,79.7,7.2,13.1,,12.5,31.899722,34.85,Hohenbrink,0.7,0.38,1.63,0.0088684768852642,14,5e-324,0.3274443806356272,0.5338301037524246,10.999999999999991,0.0215747978750791,0.0052179822993941,undisturbed,Hohenbrink et al. 2023: HYPROP and KSAT on undisturbed cores; WP4 dewpoint for the dry end
HB_UFZ_038,HB_Helmholtz_Zentrum_fuer_Umweltforschung_UFZ_31.8997_34.8500,loamy sand,0.16711796602537,1.8243241487518969,0.0217000009999999,0.3349091596806162,88.5,4.1,7.4,,12.5,31.899722,34.85,Hohenbrink,0.32,0.36,1.7,0.0181065731651768,10,0.0217000009999999,0.3204912288743894,0.2520865072205632,10.999999999999805,0.0570149765464967,0.0123908981529172,undisturbed,Hohenbrink et al. 2023: HYPROP and KSAT on undisturbed cores; WP4 dewpoint for the dry end
HB_UFZ_039,HB_Helmholtz_Zentrum_fuer_Umweltforschung_UFZ_31.8997_34.8500,sand,0.4567447184576916,1.815675802316463,0.0125000009999997,0.4388172105980601,91.59159159159158,3.6036036036036,4.8048048048048,,12.5,31.899722,34.85,Hohenbrink,1.14,0.46,1.42,0.0109104432352373,12,0.0125000009999999,0.4315692768278022,0.5426441709503043,2.3801428240174083,0.3105060976797306,0.0103461238498224,undisturbed,Hohenbrink et al. 2023: HYPROP and KSAT on undisturbed cores; WP4 dewpoint for the dry end
HB_UFZ_040,HB_Helmholtz_Zentrum_fuer_Umweltforschung_UFZ_31.8997_34.8500,sand,0.2044357119497933,3.717412496054449,0.1758500009999999,0.4063303974393116,91.6083916083916,2.1978021978022007,6.193806193806191,0.2569145833333333,12.5,31.899722,34.85,Hohenbrink,0.59,0.44,1.49,0.0050786230952384,9,0.1734196513541623,0.4050309550498472,0.2459132358899528,5.035645158690512,0.4035371215134312,0.0045232117882735,undisturbed,Hohenbrink et al. 2023: HYPROP and KSAT on undisturbed cores; WP4 dewpoint for the dry end
HB_UFZ_041,HB_Helmholtz_Zentrum_fuer_Umweltforschung_UFZ_31.8997_34.8500,loamy sand,0.2705144423371489,1.2956257799809532,8.76810421026212e-25,0.4433400811953233,84.015984015984,5.3946053946053905,10.5894105894106,,12.5,31.899722,34.85,Hohenbrink,1.41,0.49,1.36,0.0045227403957825,15,1.882283848358221e-17,0.4483975211691837,0.1940193316227529,1.0100000000000304,0.3284708703972906,0.0026670441115962,undisturbed,Hohenbrink et al. 2023: HYPROP and KSAT on undisturbed cores; WP4 dewpoint for the dry end
HB_UFZ_042,HB_Helmholtz_Zentrum_fuer_Umweltforschung_UFZ_31.8997_34.8500,loamy sand,0.3042335943879162,1.326849235672121,5.3132209692100325e-05,0.3985455494090296,88.0,4.5,7.5,,12.5,31.899722,34.85,Hohenbrink,1.14,0.45,1.46,0.0036425450615608,12,5.865265850808581e-24,0.3929131666544812,0.3771817834372689,1.802600285231481,0.1649240171935732,0.0028909496092241,undisturbed,Hohenbrink et al. 2023: HYPROP and KSAT on undisturbed cores; WP4 dewpoint for the dry end
HB_UFZ_043,HB_Helmholtz_Zentrum_fuer_Umweltforschung_UFZ_31.8997_34.8500,sand,0.5229846378371832,2.3548029654478664,0.0819699765952091,0.4737120094719698,90.6,3.4,6.0,0.3888559583333333,12.5,31.899722,34.85,Hohenbrink,1.28,0.58,1.11,0.0081227708199431,11,0.0871000009999999,0.4778194577367295,0.3908536548751644,1.9334591817979083,0.9213408313535352,0.007445611073307,undisturbed,Hohenbrink et al. 2023: HYPROP and KSAT on undisturbed cores; WP4 dewpoint for the dry end
HB_UFZ_044,HB_Helmholtz_Zentrum_fuer_Umweltforschung_UFZ_31.8997_34.8500,sandy loam,0.9529496878566076,1.6327794576324894,0.1265997207567416,0.4468089695595853,75.6756756756757,10.01001001001,14.3143143143143,,12.5,31.899722,34.85,Hohenbrink,2.41,0.58,1.1,0.0018617521240751,11,0.1386266734852635,0.4498686060990395,0.7238840835904546,1.409875010587376,0.5607746171410728,0.0015693877506124,undisturbed,Hohenbrink et al. 2023: HYPROP and KSAT on undisturbed cores; WP4 dewpoint for the dry end
HB_UFZ_045,HB_Helmholtz_Zentrum_fuer_Umweltforschung_UFZ_31.8997_34.8500,sand,0.466937815937846,2.1169497219152067,0.0679924267787293,0.3818905226762468,90.6093906093906,3.696303696303701,5.694305694305691,0.2569145833333333,12.5,31.899722,34.85,Hohenbrink,0.92,0.51,1.29,0.0057915695671751,11,0.0731125184945226,0.3833560903312529,0.3988775732775191,1.9180131270626584,0.6805630453764344,0.0056985875305241,undisturbed,Hohenbrink et al. 2023: HYPROP and KSAT on undisturbed cores; WP4 dewpoint for the dry end
