layer_id,profile_id,texture_class,alpha_kpa,n,thetar,thetas,sand,silt,clay,ksat_cmh,depth_cm,lat,lon,rmse,n_points,porosity,thetar_m,thetas_m,alpha_kpa_m,n_m,m,rmse_m,oc,texture_lab
KSSL_15812460,KSSL_50361.0,silty clay loam,0.09545291998191174,1.6448290842574345,0.16733878180908443,0.612279570298434,7.1,62.8,30.1,,77.0,37.634014,-102.26577,0.013525788904306574,7,0.5094339622641508,0.1295665118059172,0.6025748696019327,0.17278834682611055,5.571560569153725,0.07388979009432028,0.007233802006910453,0.3,sicl
KSSL_195619,KSSL_31927.0,silty clay loam,0.08528056891098236,1.7702223502037981,0.19738000099987446,0.6718626768834667,3.6,65.9,30.5,,22.5,37.575554,-100.05194,0.020253424007483856,7,0.3999999999999999,0.17746651429730653,0.6576988454945033,0.1374886201183249,4.473491666538896,0.12173293600785272,0.0161568230651442,1.0,sicl
KSSL_209735,KSSL_34633.0,sandy loam,0.025787407257997132,2.318789865628828,0.08742000099999998,0.3791858837083527,70.0,15.7,14.3,,165.5,40.998611,-111.68139,0.013540222605730356,7,0.4037735849056603,0.08742000099999998,0.3746857009605416,0.03853236692147556,10.999999999979288,0.09139529242247407,0.011303398082726429,0.1,fsl
KSSL_15830483,KSSL_53338.0,loam,0.012501261274549652,7.221633995451937,0.33411000099999993,0.4705819452106707,31.9,42.4,25.7,,146.5,45.292198,-123.37883,0.023514235184144448,7,0.5245283018867924,0.33411000099999993,0.4705881359899918,0.020400757345397834,10.999999999999716,0.19418064501246166,0.023370853872444766,0.2,l
KSSL_15830466,KSSL_53336.0,sandy loam,0.9206989547798483,1.314050808270478,0.14205362582034392,0.4693514472829394,66.0,23.4,10.6,,54.5,45.283253,-123.38062,0.016415684753975784,7,0.49433962264150944,0.14995893794992185,0.469054956288665,0.6658259141895991,1.010000000000424,0.35545364971836696,0.0162300621393942,1.2,cosl
KSSL_15812818,KSSL_50412.0,sandy loam,0.11678635595412677,1.295273782183577,0.04781456974711125,0.38438267925776476,57.7,27.5,14.8,,56.5,37.134819,-100.39576,0.012549348253636803,7,0.39622641509433953,2.1826274087014673e-19,0.38088350734480514,0.22181746535756214,9.787097581452382,0.020000000011457728,0.011361328387978122,0.2,fsl
KSSL_15747801,KSSL_40626.0,silt loam,0.07513093461302771,1.732192677170098,0.07381158521682024,0.5268323415491348,32.4,57.7,9.9,,41.5,,,0.012102354350048335,7,0.539622641509434,0.07959649974454508,0.5276461151497532,0.06300287778039426,1.5812290926009849,0.5235887634338863,0.01202551269394718,0.4,sil
KSSL_209761,KSSL_34638.0,sandy loam,0.14754443248288046,1.6816155689020669,0.11340000099999999,0.4243047691585765,71.1,21.0,7.9,,22.5,38.609165,-110.00694,0.019743229232078302,7,0.3849056603773584,0.11340000099999999,0.4163061840608293,0.20736735943865564,10.999999999999401,0.05465839611141138,0.01352882117198237,0.5,fsl
KSSL_15830455,KSSL_53334.0,sandy loam,0.6474258396527139,1.5196624866561597,0.12154000087484045,0.5591814553543807,70.4,24.9,4.7,,178.0,45.282276,-123.37408,0.013386371896871965,7,0.5886792452830188,0.121540001,0.5591830282882733,0.47570895207269515,1.0100000018663142,0.5552300653120613,0.013264280309812786,0.1,sl
KSSL_15748183,KSSL_40705.0,loam,0.2777587968026841,1.4646892724076683,0.06878153192517103,0.5279584567088108,47.1,39.7,13.2,,61.0,39.465389,-117.62072,0.027107682779005743,7,0.5547169811320753,0.08283226241923214,0.5273121245948995,0.14300932256352417,1.0100000000000016,0.6144813982029455,0.02698932649922266,0.9,l
KSSL_195618,KSSL_31927.0,silty clay loam,0.08070724294004344,1.7621232970678524,0.19608673951133418,0.672698984279337,4.1,64.3,31.6,,8.0,37.575554,-100.05194,0.011222028317801076,7,0.41509433962264153,0.17020591226547838,0.6642566535721889,0.13402328909848008,3.5304611838655005,0.14769393914882067,0.007589411519794093,1.6,sicl
KSSL_209453,KSSL_34589.0,loam,1.303991959783191,1.3042152604287192,0.04352616415566679,0.5628089108340443,47.3,39.3,13.4,,14.0,44.414696,-113.39831,0.01122117942586665,7,0.5924528301886792,0.048910882927330555,0.5627661012199157,1.0818876940233493,1.01,0.3209469219133506,0.011153123717189682,3.0,l
KSSL_15830576,KSSL_53351.0,silty clay,0.13625090291555422,1.647236849528551,0.36462000099999947,0.6028963639725082,12.4,46.1,41.5,,67.5,45.287613,-123.33283,0.01318832107012909,7,0.4792452830188678,0.364620001,0.5984572907450042,0.21120658801851175,10.999999556526271,0.04919248666366273,0.011254121628899853,0.4,sic
KSSL_15746450,KSSL_40357.0,clay loam,0.10892715307012789,1.6163829464038484,0.15070000099999997,0.5062067447331781,37.9,33.4,28.7,,30.5,,,0.012119990124745324,7,0.4490566037735849,0.12166956413407394,0.4995869656511983,0.19987642395158262,10.999999999863132,0.03631923211095532,0.006574936862740862,0.9,cl
KSSL_15748312,KSSL_40731.0,clay loam,0.10915615185531362,1.6169765377970369,0.12472533902856639,0.5144528512198338,35.3,36.6,28.1,,190.0,33.601307,-102.62891,0.017234093124386236,7,0.38113207547169814,0.09227596416060502,0.504888708064321,0.19434280100079337,10.99999999994441,0.03645717889783494,0.01142232239601012,,cl
KSSL_15748284,KSSL_40727.0,loamy sand,3.636669796998513,1.2074473107593033,8.320273739547056e-26,0.4121895041918891,86.1,5.5,8.4,,155.0,34.7715,-106.76289,0.028519139139158316,7,0.4339622641509434,3.6583147032160813e-14,0.4121313906360195,3.462319713992619,1.0100001135565082,0.20696672837210664,0.028494329086027708,0.0,ls
KSSL_15830518,KSSL_53343.0,silty clay loam,0.11316273107105722,1.6882383206531713,0.2890500009999999,0.5772394774825025,8.0,53.4,38.6,,68.0,45.282696,-123.32317,0.018965465394091326,7,0.4188679245283019,0.28905000099999995,0.5729828168832625,0.19070584825757114,6.623009383755062,0.08242795888964523,0.017985462921602403,0.3,sicl
KSSL_15830540,KSSL_53346.0,silty clay loam,0.1458391887765748,1.6615624704812584,0.3307500009999344,0.6825297704045152,18.4,44.3,37.3,,113.5,45.291752,-123.34727,0.02251884982597188,7,0.4226415094339623,0.33075000099999996,0.6754544367565398,0.21369871091313355,10.999999999928452,0.05199395092755132,0.01816851398994227,0.2,sicl
KSSL_209719,KSSL_34631.0,clay loam,0.14851192156263587,1.4116346697083042,0.19862478932499916,0.6882305303340326,33.3,27.5,39.2,,58.5,40.369999,-110.41,0.023310509883207004,7,0.6037735849056604,0.16832457253180688,0.6804617317431204,0.23738503339854686,10.999999997181499,0.028430759358842816,0.01877104767068408,1.4,cl
KSSL_15830442,KSSL_53333.0,loam,0.7145342642184535,1.3066698087506157,0.20543028127936586,0.5880117688872457,23.5,49.6,26.9,,29.5,45.304317,-123.36994,0.009881258930325917,7,0.6188679245283019,0.21136899973427176,0.5880154202980351,0.5589870955422237,1.0100016698178973,0.33213593483922926,0.00989023645992284,3.8,l
KSSL_15920592,KSSL_70254.0,sandy loam,0.10382805012901648,2.381180465368571,0.08100000099999999,0.48168389632623554,70.7,14.3,15.0,,38.0,,,0.02301630344595584,7,0.37735849056603776,0.08100000099999999,0.46990485414675537,0.16907888880009014,10.999999999999993,0.08129438253726236,0.016602966031159027,0.4,fsl
KSSL_15830326,KSSL_53313.0,sandy loam,0.10458902717527935,1.8150072528710917,0.083570000999999,0.4877936733060484,69.1,17.0,13.9,,83.0,36.091282,-106.05673,0.015612894837525976,7,0.46037735849056594,0.08357000099999998,0.4760893125606374,0.17084382318709787,8.696930851220841,0.07299421506337343,0.007328494773045348,0.1,fsl
KSSL_15830327,KSSL_53313.0,sandy loam,0.16588858329335146,1.5106180555603843,0.04084839806170092,0.4442530135688954,73.0,14.7,12.3,,119.0,36.091282,-106.05673,0.02813620997564585,7,0.4641509433962264,0.029464330169391085,0.4410794359127205,0.25709723900872145,10.999999998456964,0.037609243987113,0.026637199819876983,0.0,sl
KSSL_203582,KSSL_33604.0,sandy loam,0.2717523830631517,1.7706433450699803,0.113220001,0.3994674970512908,67.1,18.9,14.0,,24.0,42.766674,-116.90002,0.011655449371497052,7,0.4188679245283019,0.113220001,0.3979278470242748,0.3268480275845642,10.999999995260854,0.06596925972988564,0.009910362247699847,0.9,cosl
KSSL_15920604,KSSL_70257.0,sandy loam,0.11311911602604761,1.7980043322787853,0.09882000099999998,0.43731702028228225,64.1,28.1,7.8,,6.5,,,0.013385522800620681,7,0.3735849056603773,0.08831575076773074,0.42982472305172564,0.190256266621525,10.999999999992205,0.0520833565269023,0.0053398329019218775,1.7,fsl
KSSL_15830436,KSSL_53332.0,silty clay loam,0.21466111688682796,1.4481136010292361,0.22680310099546308,0.5162093772962405,16.8,54.2,29.0,,27.5,45.304829,-123.3695,0.021851224891793124,7,0.539622641509434,0.22809017223959654,0.5127041512216932,0.27865542062569465,10.999999998674308,0.0384206458547643,0.020227057608193672,1.2,sicl
KSSL_209490,KSSL_34596.0,clay loam,0.202759791707746,1.4674044097257473,0.20585068204732776,0.5234676854889327,24.9,39.9,35.2,,99.0,47.015278,-112.01373,0.02429394389843443,7,0.45660377358490567,0.2125000009999782,0.5174019244852234,0.2485137008040299,10.999999999809583,0.0428488227451841,0.02118503764780853,1.1,cl
KSSL_15748320,KSSL_40732.0,loam,0.1150570504166045,1.5521375234939523,0.12110775287464436,0.5039446599393291,42.2,30.8,27.0,,190.5,33.690861,-102.79214,0.020764514336430374,7,0.3886792452830189,0.08729708860167916,0.4935289611495955,0.19762279515326966,10.999999999997886,0.03341780267492952,0.015830929336146132,0.0,cl
KSSL_15747802,KSSL_40626.0,silt loam,0.0445558361518342,2.2272214988177534,0.057441986438316224,0.480626267624529,32.9,63.9,3.2,,67.5,,,0.016513893330303214,7,0.4792452830188678,0.06257857461162317,0.48944708922084207,0.030644821662194597,1.6833493385355558,0.9799999999999999,0.013439660169484054,0.1,sil
KSSL_15830332,KSSL_53314.0,sandy loam,0.1148667140874285,1.7153690715428875,0.07850921816170027,0.426678234669692,71.4,11.7,16.9,,50.5,32.413612,-106.69666,0.01655705103799203,7,0.39245283018867916,0.06479342695219532,0.4210469596584009,0.19851977226391707,10.999999999999897,0.0465438086786807,0.011933932523436133,0.2,sl
KSSL_15830424,KSSL_53330.0,sandy loam,0.13145263895978795,1.714449816134516,0.20661000099999965,0.5891999713936431,52.7,41.7,5.6,,161.5,45.283482,-123.36767,0.015309500583031673,7,0.6150943396226415,0.20024298225847326,0.5845980763825732,0.2146322283682547,10.999999999987788,0.05051112234833687,0.012287545401696135,0.2,fsl
KSSL_15830507,KSSL_53342.0,silty clay loam,9.567416265180732,1.1652160691492044,0.07086624636082554,0.6237500137381553,19.4,46.5,34.1,,7.5,45.278316,-123.33496,0.021704373088210636,7,0.6566037735849057,0.07421092938523277,0.6237296194844364,9.010961333378386,1.0100000214994038,0.16696619294017956,0.02169321332831165,5.3,sicl
KSSL_15887547,KSSL_65344.0,sandy loam,0.11074458922481502,1.6909159275456016,0.091000001,0.37758092575455493,64.2,22.9,12.9,,53.0,,,0.010578081863166108,7,0.29811320754716975,0.0756801262064515,0.37184381739160216,0.1951715596508091,10.999999999999998,0.04298066901848337,0.005207079079305317,0.2,cosl
KSSL_15748318,KSSL_40732.0,clay loam,0.1301520719418923,1.2579547992963234,3.080527215401972e-14,0.495401105551939,38.5,32.4,29.1,,105.0,33.690861,-102.79214,0.023447754572053364,7,0.43018867924528303,5.180536868629257e-83,0.4863953463746431,0.2043963747872041,9.978759856238254,0.02249448672482995,0.021084881730635267,,cl
KSSL_209763,KSSL_34639.0,loam,0.1153802965774115,6.671698421131488,0.115830001,0.49950882865934854,50.6,29.2,20.2,,12.5,37.605,-109.98778,0.02986471519598724,7,0.4188679245283019,0.115830001,0.5050802368041614,0.1746546006429115,10.999999999999998,0.1417482622488922,0.02634080134990999,0.6,l
KSSL_15825398,KSSL_52448.0,sandy loam,0.10781509139366947,1.4274605457363105,0.028343841761020408,0.43243920911168454,59.7,31.6,8.7,,65.0,44.543152,-107.17865,0.011394485456625093,7,0.3509433962264151,4.615852740074846e-24,0.4275491358462219,0.20456939548607186,10.999999999999545,0.02736391400114246,0.008067109397001842,0.1,sl
KSSL_15920606,KSSL_70257.0,sandy loam,0.14950757411277527,1.6024237604437428,0.0996800009999986,0.47290031463216303,59.2,25.2,15.6,,40.5,,,0.029661818315635184,7,0.31320754716981136,0.09968000099999998,0.46113149339288584,0.2045920070456408,10.999999999797588,0.04892616936446393,0.02363785319018984,0.2,fsl
KSSL_15920605,KSSL_70257.0,sandy loam,0.14118166675489874,1.664631156605822,0.05950000099999306,0.4387322030658952,61.4,31.3,7.3,,19.0,,,0.024815452287866035,7,0.3358490566037735,0.059500001,0.4281076245997577,0.2012200073077911,10.99999999990222,0.052881190620066625,0.0172883811847475,0.6,fsl
KSSL_15920626,KSSL_70259.0,loam,0.15536505186617672,1.750291904175269,0.215390001,0.4695226275292906,48.9,28.9,22.2,,10.5,,,0.019423114199174845,7,0.4867924528301887,0.21539000099979588,0.46438889864435823,0.21445001074015707,10.999999998676625,0.061233587359588136,0.015953574218493735,3.6,l
KSSL_207991,KSSL_34324.0,sandy loam,3.6456578854254724,1.1631440771544153,8.805527906399645e-10,0.43009274759438215,56.3,29.5,14.2,,40.0,39.134724,-105.15195,0.01311157592605022,7,0.4528301886792453,7.324566518325065e-12,0.43005034651784424,3.5076291515967806,1.0100000018025757,0.16246751817196273,0.013076286427374226,1.2,cosl
KSSL_203584,KSSL_33604.0,sandy loam,0.17277097443360404,1.679111656858837,0.10416000099999999,0.3448939330904799,65.1,21.7,13.2,,47.0,42.766674,-116.90002,0.02202279771156964,7,0.3547169811320754,0.10416000099999999,0.33770720627247613,0.2171234312695062,10.999999990402218,0.05809469342260165,0.018177517511842142,0.5,cosl
KSSL_209477,KSSL_34593.0,sandy loam,0.11038574954784892,1.9622974782834315,0.028980000999957088,0.3830561532011135,58.3,37.3,4.4,,62.0,46.464027,-113.43069,0.016316765057092005,7,0.3849056603773584,0.022197318037711043,0.3757292797798942,0.18328897147762235,10.999999999999998,0.06327647594420854,0.009027401812882365,0.1,fsl
KSSL_207996,KSSL_34325.0,sandy loam,0.025277425072614112,2.124875537478487,0.08670000099999997,0.2837750032875615,67.3,21.8,10.9,,78.5,39.117779,-105.15111,0.011849563565212997,7,0.31320754716981136,0.08670000099999997,0.2794406872081952,0.03715746836634595,10.999999999962812,0.08129191704790333,0.010707099233256325,0.2,sl
KSSL_15748313,KSSL_40732.0,sandy loam,0.1636606799375093,1.91616810338242,0.06862000099999999,0.4150089286640071,79.6,8.1,12.3,,8.0,33.690861,-102.79214,0.017413411087949054,7,0.43018867924528303,0.06862000099999999,0.40907927540698535,0.2229003068941465,10.99999999991122,0.07297600488406633,0.011292148343317763,0.3,fsl
KSSL_15830578,KSSL_53351.0,loam,0.13282884010752008,1.3097204512202016,0.18607755013625416,0.5481129224388224,50.8,34.3,14.9,,131.0,45.287613,-123.33283,0.022243052604662646,7,0.5283018867924528,0.21788617976711896,0.5477648681016656,0.06631455069526644,1.0100000000000027,0.45574812162686107,0.02219667624875027,0.2,l
KSSL_15920587,KSSL_70253.0,loamy sand,1.5692739571075027,1.32747400735501,4.417888540726686e-17,0.42661255174775614,83.4,11.4,5.2,,,,,0.025076380838728284,7,0.4490566037735849,1.9228655850525827e-15,0.4265618177217632,1.4045534051271835,1.0100001240033059,0.3308351762209136,0.025046482990280193,0.5,ls
KSSL_15920584,KSSL_70252.0,clay,0.12780001344776654,1.7607747532766918,0.33201000099999994,0.8415045331061234,9.7,23.1,67.2,,93.0,,,0.029105367125797827,7,0.38113207547169814,0.33201000099999994,0.8271476498660288,0.1938746629134602,10.999999999999655,0.056880749502657015,0.019647612989644864,0.3,c
KSSL_209468,KSSL_34591.0,clay,0.08599424577386738,1.5338361997984764,0.25082896713370234,0.7106407843530093,14.0,39.8,46.2,,126.0,45.802666,-111.5863,0.015423737760879557,7,0.5584905660377358,0.2831798331029543,0.7131269126711206,0.028368041767901565,1.0659356330832017,0.9799999999999999,0.013420606285919201,0.1,c
KSSL_15748185,KSSL_40705.0,sandy loam,0.5688880806806563,1.274568241288132,0.016076178507820758,0.50765212210629,61.8,24.5,13.7,,107.0,39.465389,-117.62072,0.028657507140060184,7,0.5358490566037736,0.04464916360633014,0.5063308970554259,0.35393043127764073,1.010000000000001,0.3473032264374861,0.028186777126271715,0.5,sl
KSSL_15812470,KSSL_50362.0,sandy clay loam,0.11542904747873893,1.7517058602575073,0.14356000099999996,0.5754201633036881,51.4,26.0,22.6,,7.5,37.232121,-102.35388,0.01718716862619447,7,0.369811320754717,0.1412246197783022,0.5653222001955355,0.18847604742269522,10.999999999999277,0.053735737284919954,0.007452371044398114,0.7,scl
KSSL_15830526,KSSL_53344.0,silty clay loam,0.12205183328145193,1.9376774659461724,0.32160000099999997,0.6948939427229532,14.0,48.5,37.5,,69.0,45.3055,-123.36178,0.023377119107951077,7,0.4037735849056603,0.32160000099999997,0.6861458033976114,0.19172323257457743,10.999999998922986,0.06618029032269741,0.01822111315663225,0.4,sicl
KSSL_15812820,KSSL_50412.0,sandy loam,0.08257154489471333,1.5056333084468712,0.05962948774529167,0.4119202500449228,62.6,27.4,10.0,,89.0,37.134819,-100.39576,0.007233888232279826,7,0.369811320754717,0.009086971053053021,0.40830142951988146,0.1613259799225108,3.454947684372494,0.08713231763896011,0.005924658154562292,0.1,vfsl
KSSL_15830571,KSSL_53350.0,loam,0.07222404672344468,1.837702730286263,0.23146962940702728,0.5811334497975478,49.0,41.0,10.0,,132.0,45.282471,-123.35139,0.01744221627771946,7,0.5018867924528303,0.22754499443414866,0.5792184318668837,0.08622297883582586,2.145380038034515,0.34561329002554964,0.01737222961963625,0.1,l
KSSL_207994,KSSL_34325.0,sandy loam,31.622775345399194,1.2006981136921802,0.05223854543262364,0.5481583825381273,54.5,30.7,14.8,,16.5,39.117779,-105.15111,0.00831999070839677,7,0.5773584905660378,0.052067791454284924,0.5481634395412598,31.622776601600027,1.0100000039013752,0.19850831521389173,0.008308128300504963,2.9,sl
KSSL_204987,KSSL_33798.0,clay,0.1412874533320895,1.3913479902808548,0.21087999418933223,0.7243865968915382,6.2,37.7,56.1,,125.5,40.092361,-118.49342,0.019156000998192955,7,0.4792452830188678,0.16669379771248832,0.7157100968629724,0.23297251281975856,10.9999999999401,0.025727344616756458,0.013041362205102111,1.1,c
KSSL_15748306,KSSL_40731.0,sandy loam,0.12730636114574784,3.6228634723296107,0.06468000099999999,0.4072044533381298,77.0,10.9,12.1,,4.0,33.601307,-102.62891,0.01252937677520382,7,0.42641509433962266,0.06468000099999999,0.405353826116149,0.1916312459491002,10.999999999999325,0.12473424363330143,0.009773376233449633,0.6,fsl
KSSL_15830444,KSSL_53333.0,clay loam,0.768988132387013,1.2784325589864514,0.23465454316411608,0.5304771257334595,22.3,47.1,30.6,,71.5,45.304317,-123.36994,0.019874689723214798,7,0.5584905660377358,0.24223878059134551,0.5302661086594243,0.5793176148749951,1.0100000000000002,0.3106374200514267,0.01980145383165646,1.6,cl
KSSL_15812462,KSSL_50361.0,silt loam,0.0723197970704348,1.8005455233028045,0.15804096512006813,0.6314440880707055,6.8,67.4,25.8,,147.0,37.634014,-102.26577,0.008598711961955543,7,0.5132075471698113,0.13504548614508577,0.6240737928004184,0.1136765102621081,3.03157248476074,0.1855941180382213,0.005253219606465162,0.3,sil
KSSL_15830497,KSSL_53340.0,loam,0.09857151380078441,1.999837174652753,0.29610000099999995,0.6303313135159242,42.8,40.3,16.9,,121.5,45.284191,-123.37247,0.024869231864145618,7,0.44528301886792454,0.29610000099999995,0.6190568147742445,0.1438792219203133,4.836841567397073,0.16220949057371584,0.022321267017822187,0.4,l
KSSL_15920662,KSSL_70266.0,sandy loam,0.11688882812850326,1.8204319669263,0.118800001,0.5569510011085277,55.8,25.7,18.5,,23.0,,,0.019005558348171917,7,0.42641509433962266,0.10991761533915897,0.5477094591751244,0.19150494567959156,10.999999999999998,0.05585476439698272,0.009153995559169853,0.9,fsl
KSSL_15830568,KSSL_53350.0,loam,0.07801143625508024,1.569158852898072,0.2597858510800951,0.5238894180667885,32.0,44.3,23.7,,70.0,45.282471,-123.35139,0.019539030083598367,7,0.5245283018867924,0.2752231427600603,0.5252150641284907,0.026780660986454437,1.103376733600814,0.9799999999999999,0.017177955611866774,0.2,l
KSSL_15825403,KSSL_52449.0,sandy loam,0.28209451219444576,1.3024683779026682,4.3049544646858513e-11,0.4196866881750166,57.2,29.4,13.4,,21.0,44.348469,-107.0136,0.011921197250808325,7,0.44150943396226416,0.006918425682927335,0.4198969790331968,0.20032532653528282,1.0100000000000036,0.3374451031966562,0.011855695214790407,0.4,cosl
KSSL_15748314,KSSL_40732.0,sandy loam,0.1372751157041975,2.926168935951527,0.06912000099999999,0.4258283659045032,80.0,7.6,12.4,,26.0,33.690861,-102.79214,0.01494312530895171,7,0.44528301886792454,0.06912000099999999,0.42317118570009005,0.20742252267299618,10.99999999996196,0.10696430985226836,0.01211189682393022,0.3,fsl
KSSL_15812472,KSSL_50362.0,clay loam,0.10064308720606518,1.6828952416961325,0.1689900009999935,0.5671088711742184,25.6,42.2,32.2,,30.5,37.232121,-102.35388,0.01631262173736404,7,0.4490566037735849,0.1556412088277716,0.5560319302677063,0.16485317467210278,5.4512119729567745,0.09188490086336662,0.011355819135038357,0.3,cl
KSSL_209707,KSSL_34630.0,clay loam,0.2219300221246878,1.4322884087416297,0.15422997603908253,0.5521691090088731,23.1,47.6,29.3,,3.5,,,0.02857050730242023,7,0.5773584905660378,0.15096773550685053,0.5485249686132471,0.29857001636221986,10.999999988288703,0.0354846082209831,0.026929370085045725,5.9,cl
KSSL_15830512,KSSL_53342.0,clay loam,0.10483649328227446,1.5046873179813929,0.299720000999998,0.5658941330992722,25.5,44.7,29.8,,113.5,45.278316,-123.33496,0.02610024946189592,7,0.4716981132075472,0.299720001,0.5655704924493826,0.11162252124575867,1.5880508985632158,0.3101941515904163,0.026094779960931735,0.1,cl
KSSL_15830428,KSSL_53331.0,sandy loam,0.35073995167365046,1.270118622438143,0.1064316912833164,0.487445935227572,62.1,29.6,8.3,,42.5,45.282383,-123.37466,0.01819550090655056,7,0.5132075471698113,0.12761873637558735,0.4868685221252138,0.2275014504644856,1.0100000000000044,0.33423052324955577,0.018003378074845935,0.7,fsl
KSSL_203575,KSSL_33603.0,clay loam,0.1713904813366645,1.6353402563645854,0.20828000099999994,0.5265232549853947,25.4,43.3,31.3,,20.0,44.437057,-111.994,0.027036421446935358,7,0.4679245283018868,0.20828000099999994,0.5169291005903727,0.2180707292428369,10.999999999984114,0.053749329832575625,0.02181237637031774,3.0,cl
KSSL_15830591,KSSL_53353.0,clay loam,0.11690724656728611,2.409321493531862,0.292600001,0.671900655508546,26.8,45.2,28.0,,75.5,45.286751,-123.34008,0.02678136389756641,7,0.4528301886792453,0.292600001,0.6621777220600615,0.1836736544027836,10.999999999746898,0.0845880326751265,0.02077091682886046,0.6,cl
KSSL_15920580,KSSL_70252.0,silt loam,0.10177635117322607,1.5213574331141773,0.09223258736573042,0.6182125152580471,14.5,66.0,19.5,,10.0,,,0.015702271652588688,7,0.4226415094339623,0.029267971675620626,0.6081639161053451,0.19599166353223776,10.999999998855396,0.029134060996440888,0.008077011774242138,1.3,sil
KSSL_15830423,KSSL_53330.0,loam,0.10154428413740571,1.4978450321278314,0.21590462330958307,0.6135510528604893,41.8,48.9,9.3,,102.0,45.283482,-123.36767,0.028700394748385,7,0.5547169811320753,0.238680001,0.6127989322726647,0.028105427172109673,1.0100000000000005,0.9799999999967279,0.02674331978402864,0.1,l
KSSL_209726,KSSL_34632.0,loam,0.14989706663434407,1.5667781963168967,0.07242000099999994,0.4875063724130856,33.7,48.0,18.3,,82.0,39.650002,-111.87,0.026213242030860825,7,0.44528301886792454,0.06851824624772439,0.47833824570662864,0.21636363919163304,10.999999999944926,0.04440870351683128,0.020091300602022095,1.6,l
KSSL_15746449,KSSL_40357.0,loam,0.11531472085834436,1.8166473780918873,0.16610000099999994,0.6132897134073656,43.3,30.2,26.5,,19.0,,,0.022280769572643938,7,0.37735849056603776,0.16610000099999997,0.6001753073805561,0.18336644709188174,10.999999999999966,0.05848696137113154,0.013116911769611488,0.8,l
KSSL_203580,KSSL_33603.0,clay loam,0.13034017937114906,1.5482239612997435,0.21239909524833614,0.5116339899516942,33.7,35.1,31.2,,114.5,44.437057,-111.994,0.011677974864845444,7,0.34716981132075475,0.19456786930584974,0.5063801134178649,0.21845290836843423,10.99999999993594,0.03590972819356109,0.007344229324710828,0.2,cl
KSSL_15830501,KSSL_53341.0,silty clay loam,1.2267866580107556,1.13415257484629,2.8951131983674533e-09,0.6231307621552975,15.0,56.8,28.2,,16.5,45.304974,-123.37058,0.01758328622342357,7,0.6566037735849057,0.003964364704100959,0.6229894522844572,1.1349962910363158,1.01,0.13593451241909424,0.017471566368362324,6.1,sicl
KSSL_15830541,KSSL_53346.0,clay,0.17458755832758377,1.6373435677480268,0.34830000099999103,0.6884182523112057,17.7,39.4,42.9,,140.0,45.291752,-123.34727,0.026036293134699504,7,0.4188679245283019,0.348300001,0.6809903340495204,0.2288204232846135,10.999999997974959,0.053538411536873415,0.021578787790790362,0.2,c
KSSL_15920601,KSSL_70256.0,clay,0.12002370120168643,1.810399607897322,0.354640001,0.7352922380243424,18.2,24.9,56.9,,71.0,,,0.026281222926678314,7,0.43018867924528303,0.354640001,0.723539707407421,0.18227941206913387,7.393468493594755,0.08796561948512101,0.021693909169431,1.0,c
KSSL_15748310,KSSL_40731.0,sandy loam,0.11214685980062426,2.0504055478115664,0.11461000099999996,0.4793160982738819,71.9,10.9,17.2,,104.0,33.601307,-102.62891,0.017419660094058508,7,0.3735849056603773,0.11461000099999996,0.46948794007327266,0.17881357467957912,10.999999999999437,0.07164603880917776,0.008916773927516764,0.1,fsl
KSSL_15830594,KSSL_53353.0,loam,0.12422202601547198,1.7125662969001976,0.3010400009999629,0.6977282114754876,30.0,47.4,22.6,,178.5,45.286751,-123.34008,0.020453395856858663,7,0.41509433962264153,0.2937774569768646,0.6879059202864264,0.1976346127039546,10.999999998844972,0.05012294058051227,0.014543747130515872,0.2,l
KSSL_209758,KSSL_34637.0,sandy loam,0.1305548984929854,5.602412164368243,0.07616000099999998,0.45214358666558274,62.4,28.3,9.3,,14.0,37.578609,-110.01222,0.01576907570747456,7,0.47547169811320744,0.07616000099999998,0.45278185801125304,0.17208215798408188,10.999999999462341,0.2216033391526837,0.014493047546283288,1.1,fsl
KSSL_15830434,KSSL_53332.0,silt loam,0.5295960591320318,1.4402373908258503,0.1919612713110068,0.5958705284681847,16.2,57.7,26.1,,6.5,45.304829,-123.3695,0.01612919076992826,7,0.6264150943396226,0.19227230648592314,0.5950943661593706,0.5890910293263985,9.953770517691945,0.04335782664795754,0.015465661123315813,3.9,sil
KSSL_15830579,KSSL_53351.0,sandy loam,0.10551259165410222,1.4261720000340001,0.18954041428446705,0.5196655117651366,54.8,34.5,10.7,,178.5,45.287613,-123.33283,0.01862742515785205,7,0.5056603773584905,0.13916500412734842,0.5169178483025539,0.21697270362030852,10.96945311206244,0.02335970019511198,0.018239841269540785,0.1,fsl
KSSL_15887543,KSSL_65343.0,sandy clay loam,0.1407787186484433,1.847373966315223,0.1302000009999987,0.4572820659589139,58.1,18.7,23.2,,104.5,,,0.022282747079193147,7,0.3849056603773584,0.13020000099999998,0.4495326749807294,0.20002744688961346,10.999999999999917,0.06706411573707598,0.015645824073450998,0.3,scl
KSSL_15920649,KSSL_70264.0,loam,0.1313611153035162,1.8704697576190878,0.16896000099999994,0.5931545783382759,45.2,35.8,19.0,,8.0,,,0.02402853997276018,7,0.46037735849056594,0.16896000099999994,0.5832072928700781,0.19498608722781624,10.999999999999998,0.06628036604161296,0.014169551502237069,2.3,l
KSSL_15812476,KSSL_50362.0,clay,0.10535429549212656,1.5689472320425564,0.21158521644750625,0.64062023137153,20.3,35.3,44.4,,156.0,37.232121,-102.35388,0.01643761894795552,7,0.3886792452830189,0.1675160770551785,0.6310989549552706,0.19197086496597388,7.326642578314767,0.04904085678346941,0.011170216842780616,0.1,c
KSSL_15812823,KSSL_50412.0,sandy loam,0.09963690262725095,1.3782375786156473,0.07116358872486007,0.4035213931480698,52.4,33.6,14.0,,185.5,37.134819,-100.39576,0.007555178832403672,7,0.3547169811320754,1.9368855349683468e-18,0.3987281471206919,0.2017660900795852,6.690317593894586,0.03185931022406967,0.004523040125409894,0.0,fsl
KSSL_15825396,KSSL_52448.0,sandy loam,0.20556348431290708,1.3323941687212286,0.004858098340806525,0.44974137165572614,53.3,33.8,12.9,,18.0,44.543152,-107.17865,0.02916210020048659,7,0.4716981132075472,0.036619697024259115,0.448475602520246,0.10451967804979093,1.01,0.4721269412084016,0.029003115569933093,0.7,cosl
KSSL_15830422,KSSL_53330.0,silt loam,0.06770935223995453,1.6191366805672285,0.25949916428791536,0.5592944635908061,32.7,51.5,15.8,,69.5,45.283482,-123.36767,0.010932088919762791,7,0.5094339622641508,0.270600001,0.5639774258867561,0.026283108300597338,1.0959237937109167,0.9594209317789305,0.009717530294526397,0.2,sil
KSSL_15830593,KSSL_53353.0,loam,0.13958569514510571,1.8102786211038149,0.3095200009999999,0.6567210408598665,27.4,47.1,25.5,,139.0,45.286751,-123.34008,0.021097232446183594,7,0.4037735849056603,0.30952000099999993,0.6480631859187719,0.20203017110952326,10.999999999999893,0.06265898646433851,0.014487374013902037,0.2,l
KSSL_15830510,KSSL_53342.0,silty clay,0.06431798974639527,1.6072197656233458,0.293150001,0.5337106875561153,14.7,42.8,42.5,,61.0,45.278316,-123.33496,0.027030844584598746,7,0.3886792452830189,0.293150001,0.5301944494822994,0.07743883324057756,2.070412127465511,0.2677282725808762,0.026926743800867434,0.8,sic
KSSL_15748307,KSSL_40731.0,loamy sand,0.1504656784759491,2.3671740344067693,0.05967000099999999,0.3942139926645751,81.0,8.3,10.7,,16.5,33.601307,-102.62891,0.01860577521208444,7,0.4075471698113208,0.05967000099999999,0.38788593354773027,0.207268631242203,10.999999999998364,0.09888081121755446,0.012066300645421415,0.3,lfs
KSSL_15747800,KSSL_40626.0,silt loam,0.08990209925225484,1.6896677061787644,0.0979399395474142,0.5561633887260095,28.8,59.9,11.3,,19.5,,,0.014267191428437024,7,0.5471698113207547,0.059970428419746175,0.5460132218430284,0.16431335798323607,5.504971921294009,0.07873097128854845,0.008432545483179257,0.8,sil
KSSL_15748316,KSSL_40732.0,sandy clay loam,0.09562740630645851,1.9804669789402998,0.14065000099999994,0.5216276550787478,61.0,13.9,25.1,,71.0,33.690861,-102.79214,0.016373893501533215,7,0.41509433962264153,0.14065000099999903,0.5105043532503882,0.14804091335232006,5.475120237775257,0.13798212969698428,0.011493113426292416,0.2,scl
KSSL_204985,KSSL_33798.0,clay,0.15023750603983424,1.5575917712560854,0.286880001,0.7684288205329953,5.9,20.2,73.9,,53.5,40.092361,-118.49342,0.028781482236434897,7,0.5547169811320753,0.286880001,0.7558921250488158,0.2122602072053282,10.999999999999657,0.04483753038172018,0.021011661556928247,2.0,c
KSSL_15830490,KSSL_53339.0,sandy loam,0.46905247761880436,1.4122809761907296,0.20770189446164994,0.5526544021384555,53.9,27.1,19.0,,171.0,45.28796,-123.37567,0.023366258435142555,7,0.5811320754716982,0.20746588290772058,0.5520755915685858,0.5427476373519667,9.728113241720685,0.040935570001498,0.02307998013300582,0.5,fsl
KSSL_15746437,KSSL_40356.0,sandy clay loam,0.13593155110801605,1.8114060739827882,0.16510000099999997,0.5732885724569408,55.4,22.0,22.6,,10.0,,,0.024972932029341064,7,0.46037735849056594,0.16510000099999997,0.5622013015582212,0.1971263702647445,10.999999999814388,0.06261280321242506,0.015478182352801254,1.7,scl
KSSL_209717,KSSL_34631.0,sandy clay loam,0.16997797007953108,1.5076371700517954,0.12455204762499711,0.482090475907204,49.9,25.2,24.9,,25.0,40.369999,-110.41,0.028001037609586846,7,0.4830188679245283,0.124245312502946,0.47566841870149046,0.2347135957457045,10.999999998059035,0.041794687016174156,0.02476986446959371,2.2,scl
KSSL_203581,KSSL_33604.0,sandy loam,0.313084873423736,1.6701555864308664,0.11100000099999999,0.4137327550197816,65.7,20.7,13.6,,7.5,42.766674,-116.90002,0.018210528723745033,7,0.4339622641509434,0.11100000099999999,0.4122649253375969,0.36868052143612035,10.999976205087394,0.05805317916937726,0.01720581181680708,1.4,cosl
KSSL_15920627,KSSL_70259.0,sandy clay loam,0.1552533369036454,1.5905611775685942,0.16993148891644172,0.4400103518353658,50.8,25.8,23.4,,24.5,,,0.020559062485870642,7,0.4490566037735849,0.16765846415017086,0.4357047383959788,0.22668191523044917,10.999999996629194,0.04627071417184023,0.018192183137276254,2.0,scl
KSSL_15830435,KSSL_53332.0,silt loam,0.1855295079637806,1.2845769724961114,0.14439489948220993,0.5204134969982901,16.2,58.2,25.6,,14.5,45.304829,-123.3695,0.01790217381833785,7,0.5471698113207547,0.17849996686681796,0.5193761544259765,0.09774157520681508,1.01,0.40850819617303513,0.017653061798117334,2.1,sil
KSSL_15748308,KSSL_40731.0,sandy clay loam,0.11487371173638067,1.8912662410004923,0.12789000099999995,0.5067822223134391,65.9,10.5,23.6,,40.0,33.601307,-102.62891,0.01719194795786971,7,0.3999999999999999,0.12789000099999995,0.4967067214355869,0.18320350799434984,10.999999999999035,0.06324438662859606,0.007935577022359233,0.4,scl
KSSL_15748279,KSSL_40727.0,sandy loam,0.1069356058979651,1.5588602452695608,0.09638000099999877,0.38956465968353915,78.7,7.6,13.7,,21.5,34.7715,-106.76289,0.029651399622527785,7,0.3886792452830189,0.08226968728398155,0.379027012682954,0.1665407643508619,5.7818464892149075,0.07176899440981105,0.02775621924657464,0.5,fsl
KSSL_15920586,KSSL_70252.0,clay,0.12804249217721964,1.6173924100519095,0.2959100009999998,0.7562115797618545,10.0,29.2,60.8,,142.5,,,0.026269412008859256,7,0.3509433962264151,0.295910001,0.7431149245923735,0.1951309239717301,10.99999999815842,0.04719145097379278,0.019710590608392465,0.4,c
KSSL_15920637,KSSL_70261.0,loam,0.11326799361674748,4.211167649320724,0.24038000099999995,0.5345059250932932,44.7,30.7,24.6,,9.0,,,0.022298305788568045,7,0.46037735849056594,0.24038000099999995,0.5320880594854822,0.18435549707854937,10.999999999990086,0.10078111507434222,0.017521070475960337,4.6,l
KSSL_15920638,KSSL_70261.0,sandy clay loam,0.15624566855980465,1.7701964884057602,0.19650000099993783,0.5364067140801134,45.5,27.7,26.8,,24.5,,,0.025883925866771507,7,0.44150943396226416,0.19650000099999998,0.5283057859713242,0.21036781237945945,10.999999999999046,0.0636899015978583,0.019902925458504982,2.5,scl
KSSL_15748272,KSSL_40725.0,clay loam,0.24274894469988725,1.280465021922609,0.05843800844227843,0.451163474917502,41.2,28.0,30.8,,107.5,,,0.010071449362865251,7,0.47547169811320744,0.058114249039979665,0.4511566898193917,0.24389177700558018,1.2849216303315458,0.2176687500533824,0.01007142524519329,0.3,cl
KSSL_15830495,KSSL_53340.0,loam,0.057308170154876985,1.6680866545086936,0.23625000099999993,0.4983297212540341,42.7,38.7,18.6,,58.0,45.284191,-123.37247,0.020250583651207008,7,0.5018867924528303,0.23625000099999993,0.502077987459276,0.03992347249225689,1.308994416817265,0.6067978167135067,0.020036627881094404,0.6,l
KSSL_15841403,KSSL_54824.0,silt loam,0.06268075892874729,1.829847338866014,0.07082013766115543,0.5321966068377713,21.9,69.0,9.1,,35.0,47.98312,-114.35449,0.016064784248825924,7,0.41509433962264153,0.04940186255539155,0.5201873929732886,0.09912512581050059,3.6772419898169812,0.15733277410106564,0.01409157869073381,0.5,sil
KSSL_15830450,KSSL_53334.0,sandy loam,0.32395822654072165,1.480214918813462,0.2058231266593741,0.5026266138117325,55.4,32.1,12.5,,17.5,45.282276,-123.37408,0.021418817952162775,7,0.5283018867924528,0.2115696461040139,0.5022685409302181,0.18299506841717741,1.0100000000082208,0.5934533999971655,0.02140318521236268,2.3,fsl
KSSL_209484,KSSL_34595.0,sandy loam,0.07267950177034993,1.4846768100364858,0.012733067305733902,0.35425685462581163,51.2,43.2,5.6,,58.5,47.17889,-114.33361,0.01851131986583194,7,0.36226415094339626,0.04601981880034881,0.35670507828301184,0.02294402323785426,1.0549338489806077,0.9799999999999981,0.01741407123699601,0.1,sl
KSSL_15830460,KSSL_53335.0,sandy loam,2.5607488230852486,1.1211201859462048,0.0135127368832104,0.46575108520429337,63.3,24.6,12.1,,47.0,45.282909,-123.38113,0.024422451288598268,7,0.49056603773584906,0.03209600631105812,0.4656165582008167,2.2090647786490343,1.0100000001007405,0.1310769855182397,0.024391072423455937,0.3,sl
KSSL_15830517,KSSL_53343.0,silty clay loam,0.10481615304244263,1.6486184489956315,0.2575000009999636,0.5486928911254499,7.7,55.8,36.5,,45.5,45.282696,-123.32317,0.019982052133252843,7,0.4792452830188678,0.257500001,0.547285387523512,0.15527648274600642,2.6933058748679257,0.20417042582630188,0.019870757454556565,1.1,sicl
KSSL_15920608,KSSL_70258.0,loam,0.17037050643298637,1.2363924132256292,1.6781426677169549e-21,0.4542858173366338,35.6,46.5,17.9,,2.5,,,0.020620688462935098,7,0.3660377358490565,5e-324,0.4544482761558017,0.14584476858505155,1.0957425543645494,0.2243489773740767,0.02061496339571261,0.1,l
KSSL_15748315,KSSL_40732.0,sandy clay loam,0.11223008083743338,1.8959550735172743,0.14453000099999996,0.5313887234566801,60.0,14.8,25.2,,49.5,33.690861,-102.79214,0.019202083148173437,7,0.38113207547169814,0.14453000099999996,0.5199690595029758,0.1800342378799832,10.999999999815003,0.06259581934910613,0.011479928553078209,0.4,scl
KSSL_15830477,KSSL_53338.0,loam,7.898522549296574,1.095305120280768,1.4042971251380628e-13,0.5913692567850006,26.4,46.7,26.9,,6.0,45.292198,-123.37883,0.028808024807244377,7,0.6226415094339622,5.39056699845518e-13,0.5913205605454279,7.757448908015899,1.0100000011555974,0.09458546161831301,0.028794250194196874,5.4,l
KSSL_15825400,KSSL_52448.0,sandy loam,0.11818089615367294,1.5339475407755465,0.049584162554165374,0.3726896586187188,74.4,18.4,7.2,,117.5,44.543152,-107.17865,0.013991400843717795,7,0.320754716981132,0.02822803265338136,0.3682102105856308,0.2111925655613639,10.999999999910434,0.034011127829171796,0.010734914091661022,0.1,cosl
KSSL_203578,KSSL_33603.0,loam,0.2170835524663018,1.3596302578203305,0.05686741516487874,0.4429779913271844,44.1,40.9,15.0,,70.5,44.437057,-111.994,0.021156160790455455,7,0.4641509433962264,0.04038454188854479,0.44095366220430104,0.32242666875095694,10.999999999471667,0.026886040813805547,0.02020831293318863,0.3,l
KSSL_15841405,KSSL_54824.0,silt loam,0.038083993442512135,1.8057896300004828,0.03797996605556322,0.45318162062970946,17.9,75.0,7.1,,101.0,47.98312,-114.35449,0.012620151442324128,7,0.3660377358490565,0.05235378937475532,0.4588758520239687,0.01909268263801745,1.3226791797202997,0.9799999999999999,0.011302173224306001,0.2,sil
KSSL_15830573,KSSL_53351.0,silt loam,0.09927138159917798,1.53640336268059,0.17915424635883243,0.6107706497203924,11.3,63.6,25.1,,10.0,45.287613,-123.33283,0.02031547822438328,7,0.539622641509434,0.13744478463817764,0.5999147116989417,0.1728662131862718,5.094230700621321,0.06912968909915618,0.016527257658798363,2.1,sil
KSSL_15830438,KSSL_53332.0,clay loam,0.19497843976610843,1.5931307767201353,0.25252000099999755,0.5166847670045775,27.5,42.1,30.4,,72.5,45.304829,-123.3695,0.024884936009512873,7,0.539622641509434,0.25252000099999994,0.5128071670064276,0.2537293824102846,10.999999999988175,0.050170994238732884,0.023101948298299202,1.0,cl
KSSL_15887542,KSSL_65343.0,sandy clay loam,0.2952802539499088,1.598607114020623,0.10121617427649465,0.47854171842260307,54.8,22.5,22.7,,47.0,,,0.01960227782079837,7,0.5018867924528303,0.10140499866183503,0.47679521612469994,0.35526218593653774,10.999999945662296,0.05193088578866611,0.01824003401317719,0.5,scl
KSSL_15830502,KSSL_53341.0,silt loam,0.11949736368688998,1.7204496159526586,0.2753424441728118,0.6318448984004239,18.0,55.2,26.8,,30.5,45.304974,-123.37058,0.02021832184373509,7,0.5735849056603772,0.2581650659805813,0.6240003686666227,0.2006035576810887,10.99999999989592,0.045898447392449936,0.01616427956262088,4.1,sil
KSSL_207988,KSSL_34323.0,clay,0.1763735971265606,1.216934291086348,0.2114371670809702,0.4636952522668556,37.9,18.1,44.0,,74.5,39.1525,-105.13416,0.007355660172232171,7,0.4075471698113208,0.15175315336160505,0.46157109691652637,0.2993772142574456,6.865515824370443,0.020000000087809583,0.006378321116815373,0.2,c
KSSL_15748309,KSSL_40731.0,sandy loam,0.11215674440769038,1.88749290898114,0.11628000099999998,0.45893200522234673,70.1,9.9,20.0,,70.5,33.601307,-102.62891,0.016960246236087335,7,0.3886792452830189,0.11628000099999998,0.4487459827844981,0.17970474624549782,10.999999999964285,0.06224725549018712,0.010012517057323863,0.2,scl
KSSL_15830560,KSSL_53349.0,loam,0.1352902650899304,1.4610228775742802,0.1714717724664112,0.5727186413688604,30.7,48.1,21.2,,23.0,45.31139,-123.32461,0.010426601128299995,7,0.6075471698113207,0.20474171822488216,0.5717638545846393,0.0407520197251318,1.01,0.9152039362832708,0.006853298962753399,2.9,l
KSSL_15830492,KSSL_53340.0,loam,0.6300986040552544,1.2942120266776915,0.1368175061867737,0.6312006246932289,38.2,40.8,21.0,,6.0,45.284191,-123.37247,0.02486989207516872,7,0.6641509433962264,0.14674849028980785,0.6310879288366428,0.4814831095628129,1.0100000000001308,0.32348431010990625,0.024850108006285176,6.4,l
KSSL_15830590,KSSL_53353.0,clay loam,0.12004180958542895,1.9102361425302299,0.281940001,0.6431870328782439,25.8,46.1,28.1,,51.0,45.286751,-123.34008,0.01758989954870871,7,0.4792452830188678,0.281940001,0.6340698442704735,0.1884005839281494,10.999999999999988,0.06501361516426085,0.010812959095250025,1.0,cl
KSSL_15830547,KSSL_53347.0,loam,0.14709041042667398,1.732327162180849,0.309120001,0.7143536816100671,37.3,39.9,22.8,,61.0,45.109165,-123.33875,0.027212536616767806,7,0.4075471698113208,0.309120001,0.7055397692590434,0.2096866904392428,10.999999999460028,0.05827773836443441,0.02098122114402351,1.0,l
KSSL_209451,KSSL_34588.0,clay loam,0.28209983192406035,1.5012110824866998,0.18655720210357846,0.5105515845139045,40.3,28.5,31.2,,48.5,45.625862,-113.96902,0.01281676153566171,7,0.5358490566037736,0.18417637130655398,0.5090584550059211,0.36045936368549736,10.999974333943028,0.041689902160076085,0.01151237616525366,1.1,cl
KSSL_15812471,KSSL_50362.0,sandy clay loam,0.1219657451825255,1.7116807544782535,0.1635200009999988,0.579469960732256,50.1,25.2,24.7,,14.5,37.232121,-102.35388,0.017473009474517805,7,0.3660377358490565,0.15810000399661808,0.5700612608677944,0.19564437314493272,10.999999999966374,0.05088578112227738,0.008178638237110063,0.5,scl
KSSL_209737,KSSL_34634.0,loam,0.1015718923035079,1.466203013939777,0.04382028489772237,0.46038240209285924,43.9,35.0,21.1,,4.5,,,0.026172433464606695,7,0.4867924528301887,0.08270634462454234,0.46073861067037586,0.029146195773025557,1.022770782919647,0.9799999999999999,0.0248556822505621,1.0,l
KSSL_15830539,KSSL_53346.0,silty clay loam,0.14585854562285325,1.722083044216951,0.33184000099999994,0.7288894152088257,19.3,43.5,37.2,,85.0,45.291752,-123.34727,0.027565641237008977,7,0.41509433962264153,0.33184000099999994,0.7194227664966522,0.2089538947783603,10.99999999998692,0.056788016136559705,0.021581096324727295,0.2,sicl
KSSL_15830538,KSSL_53346.0,silty clay loam,0.15502453652373835,1.7419270901431507,0.3132600009999819,0.6912318759233703,15.8,46.8,37.4,,54.5,45.291752,-123.34727,0.026763905833668087,7,0.4188679245283019,0.31326000099999995,0.6822661999824877,0.21220922906999146,10.999999999902446,0.06040222079965525,0.020391898531622387,0.3,sicl
KSSL_15830525,KSSL_53344.0,silty clay loam,0.1115495630407818,1.746037913963902,0.264000001,0.5717001713872515,16.7,50.6,32.7,,41.5,45.3055,-123.36178,0.011438097566230309,7,0.539622641509434,0.2526231337885895,0.567324349733087,0.19801307108608596,10.999999999847374,0.04764985304739183,0.009015598793021056,2.0,sicl
KSSL_209715,KSSL_34631.0,sandy clay loam,0.16465697179098077,1.4792935417463298,0.1379133253808142,0.5344603249602158,52.3,23.4,24.3,,5.5,40.369999,-110.41,0.025475818612268216,7,0.5660377358490567,0.16683481861741092,0.529808652457796,0.04437648970762814,1.01,0.9799999999999999,0.023101062132751392,6.7,scl
KSSL_15748271,KSSL_40725.0,silty clay,0.10675844145365687,1.4764064637341134,0.19614827225450726,0.5186759915198978,13.6,43.9,42.5,,63.0,,,0.022474993833509073,7,0.4339622641509434,0.16576062306837788,0.5074770907232332,0.1669398647719782,4.833014949115487,0.0683267830485375,0.019803386002119422,0.5,sic
KSSL_207990,KSSL_34324.0,loam,2.1036895270560616,1.215924239210016,0.07978115473921443,0.5590898643405555,51.9,30.0,18.1,,12.0,39.134724,-105.15195,0.01770015689813244,7,0.5886792452830188,0.08881788295583928,0.5589735106775805,1.7762998018927554,1.0100000000000047,0.22931543477800265,0.017621456402880514,4.6,l
KSSL_15830524,KSSL_53344.0,silty clay loam,0.11933878664236296,1.5776572066782286,0.23416735288800783,0.5763508168754963,17.5,54.0,28.5,,21.0,45.3055,-123.36178,0.012155609556261448,7,0.5433962264150943,0.21327380075996324,0.5721250369996983,0.21355479446908526,10.999999999980579,0.03665419984491135,0.008888772285364057,2.8,sicl
KSSL_15830482,KSSL_53338.0,clay loam,0.21424289359184914,1.4803090129891816,0.32973934163466306,0.4933153576120798,29.7,39.2,31.1,,115.5,45.292198,-123.37883,0.022391683127990884,7,0.5207547169811321,0.33189000099999993,0.48935770541705326,0.0680431930396295,1.01,0.7538808660783208,0.021791877909843174,0.2,cl
KSSL_15830556,KSSL_53348.0,clay loam,0.1231658646399622,1.7309927573781199,0.26712000099999994,0.5641856697723749,22.3,45.7,32.0,,77.0,45.298862,-123.36533,0.019052437935762716,7,0.45660377358490567,0.26712000099999994,0.5601931646205704,0.20215509324119083,10.999999999999309,0.05377964196161828,0.017190097233946336,0.3,cl
KSSL_15830420,KSSL_53330.0,silt loam,0.069728388900664,1.729263091628644,0.2854400009999998,0.5320694953249804,24.0,56.1,19.9,,33.0,45.283482,-123.36767,0.010680151194777068,7,0.4792452830188678,0.285440001,0.5302515847406776,0.07897225180387299,1.9935853190337955,0.3445361362017114,0.010609126059211589,1.3,sil
KSSL_209485,KSSL_34595.0,sandy loam,0.1164366761984141,1.3765077973984599,1.0759345022630369e-20,0.384798219583902,46.8,46.3,6.9,,94.0,47.17889,-114.33361,0.017600984461652,7,0.3886792452830189,1.4911624359160408e-21,0.3855008333472461,0.09530159530610198,1.193044522087492,0.3356719500597872,0.017547696979699327,0.1,fsl
KSSL_15830452,KSSL_53334.0,sandy loam,10.037750497393736,1.1952868322956722,0.07950725720835636,0.5663906240151337,67.1,26.0,6.9,,53.0,45.282276,-123.37408,0.028568908880524466,7,0.5962264150943397,0.08231628777333991,0.5663639194931824,9.29878341362379,1.010000000000009,0.1980709751458772,0.02855750128824667,0.4,sl
KSSL_15920666,KSSL_70267.0,loam,0.13160705651104107,1.6956031269357286,0.13625000099999998,0.5416126176961465,43.4,36.1,20.5,,25.0,,,0.021555770093355114,7,0.49433962264150944,0.13013749899743465,0.5331299120133554,0.20372262439486966,10.999999999999476,0.05093601521720486,0.014357812801058337,1.4,l
KSSL_15830472,KSSL_53337.0,loam,1.7370149641421175,1.20438927320298,0.11273489614865632,0.5304408401896585,39.2,42.4,18.4,,67.0,45.283253,-123.38062,0.024197124964647685,7,0.5584905660377358,0.12126648607369482,0.5303228018209459,1.4738710415931733,1.010000000006129,0.21714105506878684,0.02415231545194946,0.7,l
KSSL_15830481,KSSL_53338.0,loam,0.16922376017536794,1.32937022379507,0.25679957167242873,0.49025294552329685,31.6,41.9,26.5,,89.0,45.292198,-123.37883,0.021015080842181524,7,0.5207547169811321,0.293412121853845,0.48131061261737623,0.02703461588603945,1.01,0.9799999999998951,0.019382771489492693,0.5,l
KSSL_15830330,KSSL_53314.0,loamy sand,0.2941821915450958,1.3579055803429627,3.4754627059898695e-09,0.39841224599913344,80.0,10.2,9.8,,8.5,32.413612,-106.69666,0.017163983254185274,7,0.4188679245283019,0.01225909294488904,0.3982871788993143,0.1830737164288391,1.0100000000000002,0.4329425930299809,0.0171165207878142,0.2,ls
KSSL_15841404,KSSL_54824.0,silt loam,0.04276880104602615,1.7632760023970948,0.032930134667343035,0.4743357320776838,15.2,77.8,7.0,,65.0,47.98312,-114.35449,0.01892017507260532,7,0.32830188679245276,0.048821995523614485,0.4798701224272009,0.020184892227479205,1.2783455491709097,0.9799999999999996,0.01807804191458024,0.1,sil
KSSL_15830581,KSSL_53352.0,loam,0.24638137951055722,1.4748199886516826,0.21448777876352365,0.5423932993302197,37.4,43.5,19.1,,7.0,45.286724,-123.32439,0.005845975677760609,7,0.5698113207547169,0.2046981066470212,0.5413214255918432,0.35159852119694085,10.999997045953808,0.03598173721794468,0.004149118738163082,2.8,l
KSSL_15841411,KSSL_54826.0,clay loam,0.10916686208368687,1.695536916327825,0.1887500009999985,0.5280104890884191,20.1,46.2,33.7,,23.0,46.779716,-110.62157,0.012987970140450144,7,0.4716981132075472,0.17521933797865338,0.519724716350675,0.18692921443246482,8.784069972113324,0.05610050293104549,0.007942764214231538,1.6,cl
KSSL_15830421,KSSL_53330.0,silt loam,0.05037481361908748,1.8151168181742485,0.27280000099999996,0.5227527073173333,24.5,55.1,20.4,,49.0,45.283482,-123.36767,0.00989135966135999,7,0.49433962264150944,0.2728000009999998,0.5269081241701803,0.03604791091352928,1.4102677383154663,0.685169929721564,0.009566296120539984,0.6,sil
KSSL_15918927,KSSL_69893.0,silt loam,0.16219453645080723,1.4001884082908878,0.0227554111086119,0.5710552122215815,38.1,53.7,8.2,,39.5,46.46632,-114.63308,0.016214497731000803,7,0.6,6.59808887409048e-20,0.5696276810540127,0.2195245196791131,1.919035648180859,0.17437395392372745,0.015904469987243142,1.3,sil
KSSL_15830536,KSSL_53346.0,silt loam,0.27820621458044964,1.4960037201322136,0.17034239119037756,0.6292562663549952,21.6,54.7,23.7,,11.0,45.291752,-123.34727,0.014027162877618663,7,0.660377358490566,0.16339819356755383,0.6273596869207583,0.3673329474762297,10.99999804410008,0.03990242775876352,0.01205255632331662,5.2,sil
KSSL_15748182,KSSL_40705.0,loam,0.12401244329370799,1.532964925646596,0.061405286316279305,0.5137843874117654,47.7,39.1,13.2,,35.0,39.465389,-117.62072,0.029891979021726384,7,0.5433962264150943,0.08823418154983169,0.5127499819891415,0.03851516116116971,1.0419858424849129,0.9799999999999974,0.027563862743062637,1.1,l
KSSL_15830592,KSSL_53353.0,loam,0.13546191457733192,1.8031338881491177,0.29212000099995733,0.6596773388101952,26.7,46.7,26.6,,104.5,45.286751,-123.34008,0.020205071499484823,7,0.44528301886792454,0.29212000099999996,0.6512954795556758,0.2006966609130955,10.9999999999993,0.06157663802167375,0.01309965709070968,0.3,l
KSSL_15830519,KSSL_53343.0,silty clay,0.09274411679683087,1.7649710651492434,0.30024000100000003,0.5279027233294213,10.2,48.2,41.6,,92.5,45.282696,-123.32317,0.019245194756539744,7,0.4226415094339623,0.30024000100000003,0.5266802765997609,0.11625059147123738,2.206548166162521,0.3093459722211446,0.019175788349833786,0.2,sic
KSSL_15918920,KSSL_69892.0,silt loam,0.14934432538786296,1.6520729598183468,0.053715000095525586,0.7250492320103351,28.7,67.9,3.4,,30.0,48.05722,-116.23055,0.010039277681008228,7,0.7660377358490567,0.07381000099999999,0.7273512556186091,0.06711288115966002,1.1391673767059807,0.8813078827363315,0.007517441817630328,2.0,sil
KSSL_15830582,KSSL_53352.0,sandy loam,0.5506288205833532,1.246948882327203,0.07711079859084427,0.5350236523943293,53.5,33.4,13.1,,21.5,45.286724,-123.32439,0.022914619174526377,7,0.5622641509433963,0.07381927190869765,0.5341510110503754,0.6477612574441561,9.22615764009559,0.025524142888251836,0.022523009392449733,1.2,fsl
KSSL_15830528,KSSL_53344.0,loam,0.13064123087700097,1.5326458795405755,0.2879200009996818,0.650160417500499,36.7,43.6,19.7,,171.0,45.3055,-123.36178,0.029843084044541,7,0.47547169811320744,0.287920001,0.6473357311409238,0.21963575784804992,10.999999999729047,0.040270717333017694,0.02896902301732578,0.1,l
KSSL_15812473,KSSL_50362.0,silty clay loam,0.11874793603634373,1.6066774350978337,0.18209000099955588,0.6203575841242317,12.9,50.3,36.8,,57.0,37.232121,-102.35388,0.02238002350177517,7,0.4490566037735849,0.1645954331173734,0.6084600726462739,0.19502437372213297,10.999999999998908,0.04074456505199121,0.016081485259568443,0.2,sicl
KSSL_15920639,KSSL_70261.0,sandy clay loam,0.13011658835598308,1.7539971453114007,0.1722000009995064,0.49601631488198605,47.6,26.6,25.8,,41.5,,,0.015892369719004075,7,0.4188679245283019,0.1693051138396665,0.4892406671693664,0.20086309217721418,10.999999999999924,0.05558207410580581,0.009474490025321218,1.3,scl
KSSL_209467,KSSL_34591.0,silty clay,0.15448033409337625,1.4097021324738264,0.23758093422797705,0.8612840907773107,9.4,41.0,49.6,,93.0,45.802666,-111.5863,0.02930882051658321,7,0.5509433962264151,0.2078539856602773,0.8518273012175428,0.24080771113673877,10.999999995539065,0.02937796666325262,0.023405052499653776,0.1,sic
KSSL_15920603,KSSL_70256.0,clay loam,0.11277101995449,1.9869311503681315,0.24120000099999997,0.5924962127684136,31.1,31.0,37.9,,,,,0.02666658892477627,7,0.4641509433962264,0.24120000099999997,0.5809815292075634,0.17732515120426792,8.819104183297426,0.08283826004305177,0.02227728180287298,0.5,cl
KSSL_209486,KSSL_34596.0,loam,0.8944386909628718,1.386144047788477,0.17416685639963092,0.5341925872579097,37.0,37.8,25.2,,11.5,47.015278,-112.01373,0.009929549341835427,7,0.5622641509433963,0.17732799624404877,0.5341831245991733,0.6963625832234444,1.0100000000000051,0.4144592808205935,0.009926430106155326,4.1,l
KSSL_15830577,KSSL_53351.0,loam,0.11322893016847208,1.620524840471052,0.33640000099999995,0.6035104378945763,23.5,49.8,26.7,,94.5,45.287613,-123.33283,0.01958805635664568,7,0.5056603773584905,0.33640000098190503,0.5969101591008088,0.16361813383311857,3.815545264900518,0.13958678764359395,0.01833541146897156,0.3,l
KSSL_15830331,KSSL_53314.0,sandy loam,0.11312882831641234,1.7911086584040192,0.08232000099999909,0.4531480019231419,72.2,12.3,15.5,,25.0,32.413612,-106.69666,0.01608500299610243,7,0.4075471698113208,0.07090244980253549,0.44608193820656455,0.1921994641122031,10.999999999997858,0.051799483083927386,0.009363960080802385,0.3,fsl
KSSL_15812817,KSSL_50412.0,sandy loam,0.06356002782286196,1.6300438610349022,0.08891284634697012,0.3450459428268822,67.7,20.8,11.5,,37.5,37.134819,-100.39576,0.009072192306961846,7,0.3433962264150944,0.10304000099999937,0.3480594641700973,0.025610974076851086,1.1681914495354906,0.9799999999999993,0.007937608245314639,0.4,fsl
KSSL_15830328,KSSL_53313.0,sand,1.2078577723287718,1.3452643000710012,0.00799466901675551,0.4086668486767895,88.4,5.4,6.2,,187.0,36.091282,-106.05673,0.006737948220421882,7,0.43018867924528303,0.011641673865009623,0.4086470006748777,0.9807018776250662,1.0100000000003242,0.3660885422750808,0.006685298414746278,0.0,s
KSSL_15812458,KSSL_50361.0,silty clay loam,0.11233337674962851,1.5915260517124894,0.1885000009999974,0.6633180440573535,6.4,60.3,33.3,,31.0,37.634014,-102.26577,0.02395037268104823,7,0.4528301886792453,0.1692088420529143,0.6496275294100707,0.1850284534309829,8.051072051096671,0.054151725046803136,0.017996405933920823,0.4,sicl
KSSL_15830548,KSSL_53347.0,loam,0.13821829033856542,1.641804225891591,0.30328000099999997,0.7152371457942236,40.7,38.7,20.6,,90.5,45.109165,-123.33875,0.02816518798599673,7,0.369811320754717,0.30328000099999997,0.7078015779413908,0.21063914377303283,10.999999999886045,0.049665864776366635,0.024186203710134684,0.5,l
KSSL_15830323,KSSL_53313.0,sandy loam,0.11748401120795451,1.7704453606373747,0.096380000999966,0.5165257654794351,75.8,11.8,12.4,,9.5,36.091282,-106.05673,0.018385824234276538,7,0.3584905660377359,0.09638000099999999,0.5059442365442266,0.1870545447357172,10.999999999999998,0.05649896041837901,0.008007058108597948,0.5,fsl
KSSL_15812819,KSSL_50412.0,sandy loam,0.10536513577538967,1.4888080276454296,0.0724881259102725,0.4006535360055359,63.5,27.2,9.3,,74.0,37.134819,-100.39576,0.01058216098522934,7,0.3886792452830189,0.030913565116107586,0.3948034018851899,0.20195802679984426,10.999999998084995,0.027436152771712765,0.0066480639842439885,0.1,vfsl
KSSL_15830419,KSSL_53330.0,silt loam,0.1001362465481227,1.7178797524703495,0.2777600009999925,0.5871309527044102,26.9,52.2,20.9,,20.0,45.283482,-123.36767,0.019296139164563204,7,0.5018867924528303,0.27776000099999504,0.5767204138293874,0.14419614512918844,4.2416208872021635,0.14221767536652935,0.016957754531296765,3.2,sil
KSSL_15825397,KSSL_52448.0,sandy loam,0.1062386534833195,1.504029596141454,0.0794598087779746,0.43920998583884235,56.7,25.4,17.9,,40.0,44.543152,-107.17865,0.01850851132611049,7,0.39622641509433953,0.10413807802486286,0.43938707365498053,0.0390621290674036,1.0746830543399242,0.8482945795245569,0.018299470104422736,0.3,cosl
KSSL_203579,KSSL_33603.0,loam,0.4059282203825501,1.231479858196976,1.935036969517692e-09,0.4335824652818842,48.9,36.0,15.1,,91.5,44.437057,-111.994,0.02453775345092391,7,0.45660377358490567,0.0037579259777086606,0.4334573069495744,0.32681871472688556,1.010000000000394,0.2441963571042082,0.024437789596964684,0.3,l
KSSL_15841410,KSSL_54826.0,clay loam,0.12611935660619367,1.602410106759729,0.1599911536923342,0.5680009439100728,21.5,47.7,30.8,,8.0,46.779716,-110.62157,0.016996365101387776,7,0.5698113207547169,0.14057070554790516,0.559812233909077,0.20845834550443176,10.999999999868916,0.04013789284053085,0.00943789774528901,3.5,cl
KSSL_15841412,KSSL_54826.0,silt loam,0.10578387334003653,1.599735459499633,0.13732744648718706,0.5466086035654213,26.4,50.8,22.8,,48.5,46.779716,-110.62157,0.01229000327165933,7,0.4867924528301887,0.10286858255962959,0.5391781645550704,0.19720934878231908,10.999999999959108,0.03520818174425967,0.005446623614036919,1.1,sil
KSSL_203577,KSSL_33603.0,loam,0.15599534015339253,1.4658074221792505,0.07026860962718146,0.4351489515376976,43.3,43.9,12.8,,53.5,44.437057,-111.994,0.018785557303093187,7,0.4528301886792453,0.056248911983246094,0.4304212586275113,0.2436020954598369,10.999999999986697,0.03364828915800138,0.015927576577204432,0.4,l
KSSL_15812469,KSSL_50362.0,sandy clay loam,0.10093469000263361,1.6404416974404143,0.11144606271442647,0.4811470029506327,52.9,26.5,20.6,,2.5,37.232121,-102.35388,0.010108719269743964,7,0.42641509433962266,0.0808072345105627,0.47520797823553007,0.19372487908185335,10.999999999999998,0.03679334761563094,0.004619346279271664,1.1,scl
KSSL_15830454,KSSL_53334.0,sandy loam,0.8607761178021872,1.4867759748848566,0.12685292036723902,0.5807570081762579,72.6,22.8,4.6,,124.0,45.282276,-123.37408,0.015569047867458037,7,0.6113207547169811,0.12997905251311678,0.580691934797465,0.6294513270773807,1.01,0.5325689109273579,0.015479775735902389,0.2,sl
KSSL_203583,KSSL_33604.0,sandy loam,0.2694335831031275,1.597658242886945,0.120620001,0.36238322941886564,64.7,20.7,14.6,,38.0,42.766674,-116.90002,0.021974982792251612,7,0.37735849056603776,0.120620001,0.35851496953692435,0.2958501434483861,10.999999885423373,0.054773336259781605,0.02006381820545309,0.8,cosl
KSSL_204984,KSSL_33798.0,clay,0.15182377992567705,1.5625105809327478,0.275280001,0.7283063787873316,7.4,29.0,63.6,,27.0,40.092361,-118.49342,0.029842152058245242,7,0.5622641509433963,0.27528000100000005,0.7157386957709543,0.21149909725599536,10.999999999990186,0.04543216138083931,0.022807820655257504,2.3,c
KSSL_15812821,KSSL_50412.0,loam,0.08735542972240852,1.8930602452734662,0.20201567293049946,0.3971667755082822,42.7,42.4,14.9,,109.5,37.134819,-100.39576,0.02191432098250887,7,0.33207547169811313,0.20265073977798867,0.3989743633304137,0.08009175450710512,1.70581565348642,0.5522727867613743,0.021899938987282905,0.1,l
KSSL_15812815,KSSL_50412.0,loam,0.08007155234616257,1.5764385561184964,0.10187776348159029,0.3751541217041675,45.3,41.8,12.9,,5.0,37.134819,-100.39576,0.011383799505995783,7,0.4037735849056603,0.11858609631543643,0.37850513310375467,0.02934331390374422,1.094996426934138,0.9799999999999994,0.008630212092961732,1.6,l
KSSL_209738,KSSL_34634.0,loam,0.1164254318115667,1.717892100844879,0.09579084442706187,0.5313076636293959,42.6,35.9,21.5,,23.0,,,0.02406531451832992,7,0.4641509433962264,0.08069196615844482,0.5247749486737846,0.1997850427185316,10.999999999998462,0.04750802732154791,0.019336962608514374,0.6,l
KSSL_209460,KSSL_34590.0,sandy loam,1.4630244387146738,1.3496335001463444,0.023103207683396205,0.42297862091041816,76.1,16.9,7.0,,37.0,44.658512,-111.09194,0.00935445106275566,7,0.44528301886792454,0.026661310369572047,0.42292570248892564,1.1885850038522874,1.0100000000000187,0.3707644181638841,0.009260422400419473,0.1,cosl
KSSL_15812474,KSSL_50362.0,silty clay loam,0.09997609998141664,1.6865673844835523,0.19734000099999163,0.6378169862917747,18.1,44.9,37.0,,92.5,37.232121,-102.35388,0.023060490475554685,7,0.4037735849056603,0.19734000099999566,0.6219325629056087,0.14805107070493126,5.009388289690706,0.11417513957484181,0.0179017824049463,0.2,sicl
KSSL_15830544,KSSL_53347.0,loam,0.14080222160704195,1.7805111780277565,0.285890001,0.6423480750196766,38.7,37.2,24.1,,7.5,45.109165,-123.33875,0.0271955979646416,7,0.4830188679245283,0.285890001,0.633605086043268,0.204468556177405,10.999999999992145,0.06021050323648119,0.022119981870166113,4.0,l
KSSL_209478,KSSL_34593.0,sandy loam,0.04011942868494175,1.9201046397156198,0.035173240448461617,0.3481997281591993,52.2,42.0,5.8,,95.0,46.464027,-113.43069,0.017515553125111435,7,0.3735849056603773,0.042640000999999754,0.3570387556732182,0.023533735195068104,1.3567165213139272,0.9799999999999999,0.015917751746870636,0.1,fsl
KSSL_207997,KSSL_34325.0,sandy loam,0.03256899122587598,1.9264881357215464,0.08476000099984836,0.33427466886782903,60.4,25.6,14.0,,99.5,39.117779,-105.15111,0.010487470255480438,7,0.3396226415094339,0.084760001,0.3369816402195065,0.028680592564483135,1.6530687303675746,0.5974877974417379,0.010422117682289242,0.1,sl
KSSL_15830334,KSSL_53314.0,sandy clay loam,0.1214830132976699,1.3107854814244262,0.04133988674155679,0.40187273745536445,58.8,19.5,21.7,,92.5,32.413612,-106.69666,0.007198948592546721,7,0.4226415094339623,0.03660664585083783,0.4017814670260985,0.12902559644792597,1.355713966819832,0.21984082440053182,0.007196318702902854,0.0,scl
KSSL_209489,KSSL_34596.0,clay loam,0.1838473763245334,1.3984211508397513,0.15370597709073497,0.5479551592090598,26.0,42.6,31.4,,76.0,47.015278,-112.01373,0.024612046899637415,7,0.4528301886792453,0.1502221621694503,0.5413513240203058,0.25267958135792845,10.999999995645164,0.032388935831209,0.021270656874975365,3.6,cl
KSSL_15830503,KSSL_53341.0,silty clay loam,0.10497448067577522,1.5272602545460656,0.2662000009999774,0.5593376635814105,17.5,53.9,28.6,,55.0,45.304974,-123.37058,0.022363627503507958,7,0.5018867924528303,0.26620000099999996,0.5549807262821675,0.15641965108048966,2.9994639228168563,0.15094430142726664,0.02188605042880444,1.3,sicl
KSSL_15748319,KSSL_40732.0,clay loam,0.13123688084456395,1.639225873505973,0.13430000099999967,0.54647504067091,42.4,30.3,27.3,,150.5,33.690861,-102.79214,0.02794508482789931,7,0.3886792452830189,0.13430000099999997,0.5337314012067468,0.19389882549388882,10.999999999774776,0.0495340023813682,0.021387880974802244,,cl
KSSL_15812475,KSSL_50362.0,clay,0.10374126845560555,1.6440574878363146,0.223790001,0.669610519966267,21.9,36.9,41.2,,125.5,37.232121,-102.35388,0.015689958458494472,7,0.3735849056603773,0.19370019649043396,0.6595849893986674,0.18419139015453517,6.882910738914993,0.0623519744541943,0.009785468124961222,0.1,c
KSSL_15830565,KSSL_53350.0,silt loam,0.5012370503312729,1.3103607926159127,0.13902171785626058,0.5838762005080419,13.6,61.6,24.8,,10.0,45.282471,-123.35139,0.00967454077969675,7,0.6150943396226415,0.15508233881433844,0.5835424639712175,0.3388107324157793,1.01,0.3676743324020224,0.009183174303390015,2.0,sil
KSSL_15920591,KSSL_70254.0,sandy loam,0.13819204795833626,1.8838099715444003,0.07332000099999998,0.43630917345957526,69.9,17.1,13.0,,12.5,,,0.018889951451939897,7,0.4490566037735849,0.07332000099999998,0.42783403978094936,0.2013741526926937,10.999999999999943,0.06730867246207832,0.010252758807873427,1.3,fsl
KSSL_15830474,KSSL_53337.0,loam,0.09518257319629495,1.6225036089715932,0.1863418371682905,0.547879477627662,46.3,43.0,10.7,,116.0,45.283253,-123.38062,0.02864423471678992,7,0.5547169811320753,0.2025236439745751,0.5468880810678565,0.03435157076128057,1.156546047520505,0.9799999999999999,0.026313672507082064,0.3,l
KSSL_15887546,KSSL_65344.0,sandy loam,0.11258945954014463,2.0804817429595035,0.07824000099999999,0.4986947228370316,52.4,38.5,9.1,,20.0,,,0.024288180995516044,7,0.37735849056603776,0.07824000099999999,0.48650727205153804,0.1789781462603795,10.999999999892392,0.07195322173924347,0.015060299158503609,1.7,sl
KSSL_209757,KSSL_34637.0,sandy loam,0.14251152044328338,5.185897192537958,0.05040000099999999,0.4376159119962193,66.5,26.3,7.2,,3.5,37.578609,-110.01222,0.013136079552764558,7,0.46037735849056594,0.05040000099999999,0.4376625944510369,0.1814511388370151,10.999999999999998,0.23682415650155628,0.012329762933221548,0.6,fsl
KSSL_15825399,KSSL_52448.0,sandy loam,0.09172722046628706,1.4805636185937996,0.05052996953457206,0.388571228733411,64.7,24.2,11.1,,87.5,44.543152,-107.17865,0.012693444681588935,7,0.3660377358490565,0.0777305825072652,0.38972270054158153,0.031512147525717175,1.0478445917541395,0.8745230716631923,0.012267476229851667,0.1,cosl
KSSL_15920589,KSSL_70253.0,sandy loam,0.2462943777809313,1.5253320941786521,0.03937190364168471,0.4071910090862138,75.2,12.2,12.6,,,,,0.023548494729697222,7,0.42641509433962266,0.03725217513820684,0.40510386344247423,0.32222763695160467,10.99999986663853,0.04350051869134707,0.022383603963369348,0.1,sl
KSSL_15747798,KSSL_40625.0,loam,0.10168095752798338,1.6046699593637714,0.18517166608856428,0.7064324802559575,39.3,39.7,21.0,,96.5,44.58934,-111.82488,0.019166698871147362,7,0.5132075471698113,0.1397167731356448,0.7011945354234463,0.2014027072195616,10.99999999997336,0.034681037045952275,0.016348851784758155,0.4,l
KSSL_15830333,KSSL_53314.0,sandy loam,0.09674334553806625,1.6507429574090984,0.08706247456595172,0.41216700444067267,66.6,16.1,17.3,,74.0,32.413612,-106.69666,0.009884862292017927,7,0.4075471698113208,0.058983768949215795,0.4083226837721347,0.1935286964043099,10.99999999996773,0.03652584780278156,0.0076153536007728985,0.0,fsl
KSSL_15812822,KSSL_50412.0,loamy sand,0.08661983217039472,1.766279824490025,0.06348925259741368,0.3704797622461186,79.0,14.3,6.7,,144.0,37.134819,-100.39576,0.008890431064490228,7,0.3660377358490565,0.040584002347715566,0.3670058212245739,0.17194857185918952,6.4804743247836125,0.07190104678094622,0.008076683734711295,0.0,lfs
KSSL_15748269,KSSL_40725.0,sandy clay loam,0.13166450971517552,1.3991586187720875,0.07346040617619044,0.48068906984268017,62.0,17.9,20.1,,5.0,,,0.020392198592959612,7,0.42641509433962266,0.033239694888862616,0.47598859423475803,0.2336440667254079,10.999999999887752,0.025145364373709036,0.018040656963865014,1.4,scl
KSSL_15830443,KSSL_53333.0,clay loam,0.32982247172448215,1.3280375631014887,0.2725221211974845,0.5010476224375152,20.4,48.8,30.8,,49.0,45.304317,-123.36994,0.013058048018997397,7,0.5283018867924528,0.2872324202269131,0.49997233021749143,0.17331668878610618,1.0100000000000002,0.4529172050270655,0.012666350656360868,2.1,cl
KSSL_15830324,KSSL_53313.0,sandy loam,0.12283708562201236,1.8212065622031965,0.07222000099999998,0.46958475015219764,78.2,11.0,10.8,,27.5,36.091282,-106.05673,0.020780687513850392,7,0.3735849056603773,0.07222000099999998,0.4587985402277633,0.18878997136496542,10.999999999999998,0.06071259317469387,0.010572840670588219,0.3,fsl
KSSL_209458,KSSL_34590.0,sandy loam,1.6207760087305911,1.291884743327769,4.4941764368486434e-13,0.5627954968011966,57.9,33.6,8.5,,5.0,44.658512,-111.09194,0.019020436697005497,7,0.5924528301886792,0.0007962420234991353,0.5627527304962787,1.4542910629788204,1.0100000000000022,0.2957635248258879,0.018967384146432082,1.8,cosl
KSSL_15830554,KSSL_53348.0,silt loam,0.13120678268445898,1.4035882284112953,0.13337035361154942,0.5331679380832689,18.0,60.6,21.4,,37.0,45.298862,-123.36533,0.019906378821645008,7,0.5245283018867924,0.09802572729339329,0.5293741504159002,0.2347013405477517,10.999999999999995,0.025831418511293502,0.018082301042424784,1.1,sil
KSSL_15830335,KSSL_53314.0,clay loam,0.05997767218300014,1.246317017895897,2.100831960731552e-21,0.4208148486852221,44.3,25.6,30.1,,117.5,32.413612,-106.69666,0.011499337581881205,7,0.41132075471698104,1.1963812565510564e-25,0.42352992489591734,0.04402081483781546,1.01,0.26858586125429157,0.010974226543951634,0.1,cl
KSSL_209731,KSSL_34633.0,sandy loam,0.05314818415277916,1.6173303811893116,0.07294788159096505,0.40960271243184726,54.1,31.1,14.8,,8.0,40.998611,-111.68139,0.016938701065823746,7,0.4075471698113208,0.08820000099999999,0.41444899049753,0.029503745206838863,1.2332434554279126,0.7455222165797006,0.016276545128967174,2.4,fsl
KSSL_15920590,KSSL_70253.0,sandy loam,0.21215171262929003,1.5402892003850948,0.04710415085422145,0.4107191474498326,73.3,12.5,14.2,,,,,0.01836073237250274,7,0.43018867924528303,0.04105283602867908,0.4086949452349416,0.29935547207271224,10.999999999155255,0.042119453480732774,0.017050774345653632,0.1,sl
KSSL_15748311,KSSL_40731.0,clay loam,0.11034791197428147,1.6200000832689245,0.11850000099999998,0.4869328433423045,39.1,31.3,29.6,,151.0,33.601307,-102.62891,0.01769865114591442,7,0.4037735849056603,0.08961305422576465,0.47761468588192146,0.19417517934376297,10.999999999999726,0.037112233299025923,0.012539803392979287,,cl
KSSL_15830429,KSSL_53331.0,sandy loam,0.12214680122150005,1.5014790424456677,0.17148725532592546,0.42301664963629854,66.4,26.0,7.6,,72.5,45.282383,-123.37466,0.016318854024243643,7,0.44528301886792454,0.18777566133236723,0.4217820820593142,0.03467541411721163,1.01,0.9799999999999947,0.015256482132219737,0.3,sl
KSSL_15746448,KSSL_40357.0,loam,0.07593272430374814,2.109839525995818,0.14500000099999996,0.6236377004993391,43.3,31.9,24.8,,7.5,,,0.023596445062891436,7,0.3849056603773584,0.14500000099999996,0.5984838190813417,0.11630222458129327,10.999999999993852,0.07477951255437695,0.016711846893898062,1.0,l
KSSL_15830559,KSSL_53349.0,silt loam,0.2945789156497077,1.370114711084235,0.13466145001542248,0.6030977949520719,25.4,52.2,22.4,,7.5,45.31139,-123.32461,0.015796643109087884,7,0.6339622641509434,0.12030456926986433,0.6022650579554345,0.40970239164299527,10.185489452269836,0.03115177372554804,0.015203324166057625,4.3,sil
KSSL_15887548,KSSL_65344.0,sandy loam,0.12892072948053596,1.6183077700111475,0.08754050736144116,0.38708003052115186,66.6,18.7,14.7,,111.5,,,0.0142254009213814,7,0.320754716981132,0.07641913953559751,0.3810679925594819,0.20823963012966182,10.999999999985604,0.04255179869415638,0.009118931884982721,0.2,cosl
KSSL_15830589,KSSL_53353.0,loam,0.18930167311435292,1.3024979409123763,0.13700334645788245,0.5749372453829412,33.4,46.8,19.8,,29.0,45.286751,-123.34008,0.022540629390630243,7,0.5509433962264151,0.1179433493745649,0.5698586810772033,0.27758056124630126,10.999999999130539,0.02284998297750899,0.02016778375726632,2.4,l
KSSL_15830498,KSSL_53340.0,loam,0.10832235016087696,1.7817769636455671,0.29468000099999997,0.6064891869846758,41.1,40.2,18.7,,168.5,45.284191,-123.37247,0.021259048417439298,7,0.44150943396226416,0.29468000099999997,0.5972487016909792,0.16004758422293075,4.757938884135074,0.1353746282716538,0.018809771087017587,0.4,l
KSSL_209454,KSSL_34589.0,sandy loam,0.40279743440098414,1.315731207190827,0.011767517547092437,0.3630883266613349,64.7,28.0,7.3,,30.5,44.414696,-113.39831,0.011730301920469926,7,0.38113207547169814,0.007276134612784023,0.3620755365480958,0.4990215830950237,10.899261731254631,0.026818921330824357,0.010955642811393072,0.3,sl
KSSL_15830325,KSSL_53313.0,loamy sand,0.1522765233533029,1.8308765450327082,0.055500001,0.39799978918387924,82.4,8.6,9.0,,51.5,36.091282,-106.05673,0.02466996692235485,7,0.4075471698113208,0.055500001,0.3889183909216336,0.2052373921799314,10.999999999997922,0.06790016514127646,0.01724599044392424,0.0,lfs
KSSL_15830496,KSSL_53340.0,loam,0.047008416623723875,1.7023870713763358,0.24268129331304364,0.514779149809669,38.3,41.8,19.9,,89.5,45.284191,-123.37247,0.009564629256329962,7,0.4830188679245283,0.25374976444530256,0.5196625453236652,0.02098268506247571,1.1932641857082886,0.9799999999999999,0.007776058365785705,0.8,l
KSSL_15841413,KSSL_54826.0,loamy sand,0.1268590797861987,1.6259572080062275,0.09500363790753719,0.4767338176435448,77.4,19.9,2.7,,86.0,46.779716,-110.62157,0.022564503358470107,7,0.4188679245283019,0.08164296967353468,0.4705147000662648,0.20949590718454655,10.999999999917181,0.04299289579131933,0.018456523032010893,0.4,ls
KSSL_15830583,KSSL_53352.0,sandy loam,0.11168406134761441,1.412485812203352,0.15643111172925145,0.49065088585654043,57.1,32.6,10.3,,45.5,45.286724,-123.32439,0.01078862114101159,7,0.4679245283018868,0.10670266514216671,0.48705068215209074,0.2200936080731994,10.999999946595281,0.02307281143742516,0.009095492598148834,0.3,fsl
KSSL_15920665,KSSL_70267.0,loam,0.1131148156079155,1.7901917881618596,0.15812000099999968,0.6665125445901392,36.1,44.3,19.6,,9.0,,,0.02256552545962344,7,0.5132075471698113,0.158120001,0.65264730012307,0.18266112807530163,10.999999999997167,0.05685468548048545,0.012077824982359623,3.1,l
KSSL_207992,KSSL_34324.0,sandy loam,31.62277660168378,1.1725471995871444,0.05203460583012736,0.3896966758011465,72.4,16.3,11.3,,84.5,39.134724,-105.15195,0.008852074407188012,7,0.41132075471698104,0.05189173581492109,0.38970136258269233,31.6227766016835,1.0100000010521677,0.17065856049058892,0.008842074409192806,0.9,cosl
KSSL_15920650,KSSL_70264.0,loam,0.10389739943157397,2.0339239995670115,0.16284000099999998,0.5174453040377592,50.2,28.5,21.3,,20.0,,,0.011897967068022396,7,0.42641509433962266,0.16284000099999998,0.5085441928800537,0.16701420609589632,7.570694318163801,0.10262231475528154,0.004410634280381377,1.1,l
KSSL_15830546,KSSL_53347.0,loam,0.1479577905975585,1.6368598328817656,0.2970000009999996,0.6657387755416263,41.1,35.9,23.0,,35.0,45.109165,-123.33875,0.02917529984993626,7,0.4226415094339623,0.29700000099999996,0.6591424478986477,0.2175765840705536,10.999999999999218,0.05026276199670867,0.025848914464715614,1.6,l
KSSL_15830575,KSSL_53351.0,silty clay loam,0.14664914297070042,1.679821592723238,0.3287700009999288,0.6019647273293458,13.3,47.4,39.3,,44.5,45.287613,-123.33283,0.016474095224703715,7,0.49056603773584906,0.328770001,0.596256103109934,0.2133697981344285,10.999999999975676,0.05346234355263023,0.012919082991676753,0.5,sicl
KSSL_209449,KSSL_34588.0,loam,0.5288988059169833,1.335327329399259,0.13585981163560584,0.5515501920652847,37.5,35.9,26.6,,15.0,45.625862,-113.96902,0.016236630942838417,7,0.5811320754716982,0.15055094475326397,0.5509964312902333,0.342001141260713,1.01,0.4043635965264213,0.015819087678619136,4.0,l
KSSL_15830588,KSSL_53353.0,loam,0.19003988197316324,1.6476737429064747,0.2129700009980602,0.6067877081567016,33.8,47.1,19.1,,11.0,45.286751,-123.34008,0.029181090916634372,7,0.630188679245283,0.21297000099999996,0.5990955282828498,0.2405680122287899,10.999999999935634,0.05550217894930572,0.0242736908602538,5.1,l
KSSL_15830480,KSSL_53338.0,loam,0.11492831738121713,1.5949091264848154,0.28416847195793943,0.5017418341980338,26.9,47.1,26.0,,61.5,45.292198,-123.37883,0.01088720261007142,7,0.5283018867924528,0.28652000099999997,0.5029685405841252,0.04240631965911579,1.027643312033448,0.8904548201707434,0.010363147224873286,1.1,l
KSSL_15920581,KSSL_70252.0,silty clay loam,0.12369735393285983,1.5967682873075413,0.17040000099999994,0.6191550076266286,10.9,56.9,32.2,,29.0,,,0.023154066197785452,7,0.4188679245283019,0.15155277696533143,0.6077153129910207,0.2006219239242366,10.99999999903796,0.040357605086914675,0.016277893655864375,0.4,sicl
KSSL_209450,KSSL_34588.0,loam,0.5149625669753309,1.4446433448360994,0.16635909022127193,0.527252514307651,38.9,34.7,26.4,,31.5,45.625862,-113.96902,0.010477545447694216,7,0.5547169811320753,0.164271502414679,0.526981147358151,0.6057953698322931,9.836283197132733,0.04271104964208446,0.010173178403201024,2.6,l
KSSL_15748270,KSSL_40725.0,clay loam,0.08707871961282199,1.5482738260666888,0.1712831968753435,0.46694207057877024,34.7,29.5,35.8,,28.0,,,0.014974971734135723,7,0.44528301886792454,0.14279434986192166,0.45667831387655905,0.14146047229544867,4.368875802334591,0.08340603182497754,0.01249518206779027,0.9,cl
KSSL_15830473,KSSL_53337.0,loam,0.1313280241328517,1.5099211939180996,0.17271782591550763,0.5293885372889342,47.2,40.1,12.7,,92.0,45.283253,-123.38062,0.0256621575122967,7,0.5056603773584905,0.19481848719426867,0.5275804144392512,0.03812340226240795,1.010000000000866,0.9799999999997213,0.024960714258933387,0.3,l
KSSL_15830487,KSSL_53339.0,sandy clay loam,0.20105308565331048,1.4670262432873427,0.2803177037534127,0.5134759044642307,52.4,26.2,21.4,,54.0,45.28796,-123.37567,0.021660372434211584,7,0.539622641509434,0.2899700009999999,0.5114967333138133,0.07927720225122631,1.01,0.7118438827813209,0.021293428192429346,0.7,scl
KSSL_15920602,KSSL_70256.0,clay,0.1194846937629346,1.8219425401664189,0.31744000099999997,0.6037904362961912,20.5,20.8,58.7,,121.5,,,0.023347447292931416,7,0.5207547169811321,0.31744000099999997,0.5945190904698963,0.17611384393764626,5.934894994549217,0.11218029754746917,0.02050166234100116,0.5,c
KSSL_15830569,KSSL_53350.0,loam,0.07734919999482781,1.772065666881037,0.256231021721707,0.5566165793373662,42.3,40.2,17.5,,92.0,45.282471,-123.35139,0.012430575388963801,7,0.5094339622641508,0.26040000099999744,0.5602066095417819,0.03469168637863406,1.2247298700200873,0.9799999999447572,0.011466783400780596,0.2,l
KSSL_15748276,KSSL_40726.0,clay loam,0.15875265896647614,1.4025947105379757,0.17500000099999982,0.4379366164448379,39.9,26.2,33.9,,137.5,32.556999,-106.70003,0.022231335216750046,7,0.4377358490566038,0.16717164433464038,0.43086531417174473,0.22358131466901265,10.999999930737896,0.03067186190433926,0.020126629986859167,0.7,cl
KSSL_204983,KSSL_33798.0,clay,0.15639620236717985,1.5651458072544848,0.2648100009999997,0.6616358392103685,7.6,23.9,68.5,,13.0,40.092361,-118.49342,0.022400820389040395,7,0.5471698113207547,0.26481000099999996,0.6526073666359538,0.21927867435574053,10.999999999999979,0.045825373873413754,0.015972476542257696,3.5,c
KSSL_15747797,KSSL_40625.0,clay loam,0.11756137119505482,1.5231434668209305,0.18892481352235443,0.7282868534051604,35.4,33.5,31.1,,67.0,44.58934,-111.82488,0.027992082680993687,7,0.5018867924528303,0.14879795910159618,0.7232295569052064,0.2177051348382866,10.999999999999998,0.03256454953503368,0.025216788406867478,0.6,cl
KSSL_15830584,KSSL_53352.0,sandy loam,0.12800218870601762,1.4833465510854023,0.1960296295971574,0.590994984111203,56.7,31.7,11.6,,84.0,45.286724,-123.32439,0.020625267574344516,7,0.43018867924528303,0.17084479010130182,0.5872630727345276,0.22682401153086204,10.999999999999998,0.031639198702438,0.018655471935285918,0.2,fsl
KSSL_15830570,KSSL_53350.0,sandy loam,0.06353040947237595,1.771117232205432,0.20844024391351093,0.5563642014356538,54.8,35.5,9.7,,117.0,45.282471,-123.35139,0.014196061932122087,7,0.5094339622641508,0.21922696305689085,0.5609825520791665,0.029942280298222552,1.2722406058286149,0.9799999999999999,0.011902646228206798,0.2,sl
KSSL_15830397,KSSL_53326.0,sandy loam,0.02115117235474839,3.354893047379924,0.110000001,0.4118721412672057,54.9,35.9,9.2,,82.5,43.875065,-114.71375,0.02859864442628358,7,0.4981132075471698,0.110000001,0.41032564866031246,0.03250422388995572,10.9999999999933,0.14124165234311395,0.028207212793705652,0.3,sl
KSSL_15812816,KSSL_50412.0,sandy loam,0.027864747768592928,2.4638042870090526,0.08321000099999719,0.3130379518144012,64.6,25.0,10.4,,19.0,37.134819,-100.39576,0.016240026765871964,7,0.36226415094339626,0.07787807920316878,0.3280447347660695,0.02288799275120695,1.369973814972282,0.9799999999999999,0.014817863786845544,0.6,fsl
KSSL_15830508,KSSL_53342.0,silty clay loam,0.45986727366651836,1.302385088577189,0.180092047838191,0.5505721286966513,18.7,43.8,37.5,,22.0,45.278316,-123.33496,0.026578427213815124,7,0.5811320754716982,0.20308944578585092,0.5488070330856052,0.25706237267638227,1.0100000000000002,0.4028281665168123,0.02607276164534701,3.3,sicl
KSSL_15830465,KSSL_53336.0,sandy loam,1.805626324021267,1.2052716803414993,0.0843931934041998,0.4837115216724102,66.2,23.4,10.4,,41.0,45.283253,-123.38062,0.01675627839056188,7,0.5094339622641508,0.09535538279067189,0.48353148767628173,1.4701194440648788,1.0100000000000748,0.22313004127760205,0.01666092869917628,1.4,cosl
KSSL_15825395,KSSL_52448.0,loam,0.23051277630304506,1.4661592405163053,0.07507650159954644,0.4745835865569402,47.7,38.5,13.8,,9.5,44.543152,-107.17865,0.020149033355577727,7,0.4981132075471698,0.08912817760630609,0.4741236613058924,0.1114997295680727,1.010000000000039,0.6401287498768518,0.020124837802933313,1.5,l
KSSL_207995,KSSL_34325.0,sandy loam,6.118511972405196,1.1078198612083932,2.5037206435507754e-09,0.33333175951801247,63.2,19.5,17.3,,45.0,39.117779,-105.15111,0.005733791861487174,7,0.3509433962264151,1.1524680334732015e-13,0.33330845783559043,5.996329650225885,1.010000006135123,0.10704429543353025,0.005712096652533035,0.4,cosl
KSSL_15830511,KSSL_53342.0,silty clay,0.13783206987453178,1.552454994117629,0.29400000099999996,0.5698967828191008,17.4,41.5,41.1,,85.0,45.278316,-123.33496,0.020509319811175812,7,0.4226415094339623,0.29400000099999996,0.5646635820810996,0.21430834063315785,10.999999999484817,0.042398380519681894,0.0187314519690975,0.2,sic
KSSL_15812459,KSSL_50361.0,silty clay loam,0.09389762461610407,1.563992824162121,0.16445512281449806,0.6023949634600411,7.8,60.1,32.1,,51.5,37.634014,-102.26577,0.011331870639356296,7,0.4867924528301887,0.1158926903399896,0.5943644305806784,0.17625236302061614,5.048935926866271,0.06912476680190166,0.006081204566561484,0.3,sicl
KSSL_15830586,KSSL_53352.0,clay loam,0.12881865653859464,1.9021470613559854,0.364650001,0.8248751689447651,33.0,35.1,31.9,,172.5,45.286724,-123.32439,0.028142163590229582,7,0.39245283018867916,0.364650001,0.8123320180690082,0.19360395036343162,10.999999999999382,0.06602633520788617,0.01927626078558153,0.1,cl
KSSL_15830520,KSSL_53343.0,silty clay,0.1281091069482905,1.5527282538480887,0.3045700009999998,0.523522117886392,13.4,43.4,43.2,,121.5,45.282696,-123.32317,0.027824269165225755,7,0.4339622641509434,0.304570001,0.5223660666323957,0.22467682641687461,10.999999959531054,0.040400783222503504,0.027688987505709833,0.2,sic
KSSL_15918921,KSSL_69892.0,silt loam,0.09481787017415405,1.553978243100965,0.06808070290255308,0.5189543646721478,24.6,64.6,10.8,,47.0,48.05722,-116.23055,0.013331877709146064,7,0.5094339622641508,0.015137476713907541,0.5137918715484022,0.19620909363078784,10.999999999999998,0.03012274981742036,0.010741842462028733,0.8,sil
KSSL_203576,KSSL_33603.0,loam,0.1324083538442464,1.6760054652116592,0.11100000099999963,0.5065641142632281,37.5,48.6,13.9,,38.5,44.437057,-111.994,0.020241758706361142,7,0.4226415094339623,0.11100000099999999,0.4973575669994528,0.20001203939600026,10.99999999994274,0.0521896068828089,0.012035064793972344,0.5,l
KSSL_15830513,KSSL_53342.0,loam,0.12649187949944407,1.4946185266146257,0.28200000099999706,0.6337269296981565,39.5,40.5,20.0,,168.5,45.278316,-123.33496,0.02730490806206892,7,0.5132075471698113,0.28200000099999994,0.6275493450810743,0.2075219246762987,10.99999990859528,0.037481072850694415,0.02588939832627498,0.1,l
KSSL_15920600,KSSL_70256.0,loam,0.07919269824399755,1.6896333795429825,0.15680000099999994,0.5213355172339413,41.2,35.5,23.3,,25.5,,,0.010935585071188074,7,0.4528301886792453,0.13352811792975747,0.5115209042420338,0.130953415366094,3.9144130785766005,0.11964380588285785,0.007351478912519279,2.0,l
KSSL_15830555,KSSL_53348.0,silty clay loam,0.09888338171660045,1.7157459179746148,0.24073000100000003,0.5310596263342227,17.1,55.0,27.9,,53.5,45.298862,-123.36533,0.010426537482181848,7,0.45660377358490567,0.2293087145663335,0.5281783403899183,0.16970583965201017,3.9887502872306646,0.12824262009301496,0.009924615690184558,0.6,sicl
KSSL_209474,KSSL_34592.0,loam,0.1178653161409564,1.5353115683262661,0.11363039678997114,0.6393267971790426,31.8,46.7,21.5,,118.0,47.522038,-107.12735,0.023865397078884295,7,0.4339622641509434,0.07834664691533423,0.6327982345400051,0.2127983722736559,10.999999999999998,0.0339197415410572,0.019464199185405373,2.2,l
KSSL_15748317,KSSL_40732.0,sandy clay loam,0.10311675706022934,1.8562032985978951,0.13938000099999887,0.5294790827055643,59.9,13.7,26.4,,84.5,33.690861,-102.79214,0.015718591220517004,7,0.44528301886792454,0.13938000099999998,0.5185229692070281,0.16462367695458832,6.7267206761605305,0.09951468522614092,0.009371079451971803,0.2,scl
KSSL_15830566,KSSL_53350.0,silt loam,0.08563750778598853,1.6914347817694695,0.2604448541687017,0.4871231155960798,13.6,59.7,26.7,,24.5,45.282471,-123.35139,0.009519698905352278,7,0.5169811320754717,0.26824977545702877,0.4900304382976903,0.036262879603852376,1.1649323497487374,0.9799999999999999,0.008493406694572951,1.4,sil
KSSL_15830567,KSSL_53350.0,silty clay loam,0.07601728382829367,1.7252591915199238,0.2551715169646048,0.5055991434864813,16.9,55.5,27.6,,44.5,45.282471,-123.35139,0.009872806751001632,7,0.5245283018867924,0.2636299115074598,0.508032787120432,0.03340889244709284,1.228632199723535,0.9799999999999986,0.008140998296074493,0.8,sicl
KSSL_15746438,KSSL_40356.0,clay loam,0.12269678173410768,1.74138822046619,0.19479000099999996,0.7085529105121386,33.6,38.7,27.7,,26.5,,,0.023174489929120634,7,0.44150943396226416,0.18167729750835265,0.6981068979018673,0.19903690676435343,10.999999999956549,0.050979256711058116,0.012903745743884767,1.4,cl
KSSL_15748273,KSSL_40725.0,clay loam,0.45926173788780544,1.2647055328180241,0.044605233108660707,0.48794901037833216,40.8,26.7,32.5,,157.5,,,0.007636400589456527,7,0.5132075471698113,0.024369236256787098,0.4875471651809755,0.6115236424703754,6.23659600873234,0.036527596940490015,0.007228676145789797,0.3,cl
KSSL_15812461,KSSL_50361.0,silty clay loam,0.07568908070408158,1.7114056184084112,0.15359795647575594,0.6004825609492451,9.4,62.5,28.1,,106.5,37.634014,-102.26577,0.0075380161506972765,7,0.5056603773584905,0.12614692312090453,0.5939056655321863,0.12381156773333986,3.0257359272303868,0.16152242150397336,0.0038956235268427144,0.2,sicl
KSSL_15830493,KSSL_53340.0,loam,0.3487575305168364,1.538712280847641,0.21983934047282283,0.6025135754489445,38.1,41.3,20.6,,17.0,45.284191,-123.37247,0.009852556345808658,7,0.6339622641509434,0.2154255153981723,0.6022641982465979,0.44645587527875114,10.520521083850323,0.04592839909864301,0.009606725403225934,4.1,l
KSSL_15830461,KSSL_53335.0,sandy loam,1.3597986357235627,1.1957055554854996,0.026864525087755317,0.4799710244869336,74.0,19.8,6.2,,68.5,45.282909,-123.38113,0.0217402394222969,7,0.5056603773584905,0.04345045914503931,0.47969520677041183,1.0810735136908873,1.0100000000000335,0.2171960645517813,0.02162764411547055,0.1,cosl
KSSL_194333,KSSL_31715.0,sandy clay loam,0.08281304205809971,1.7529678634147947,0.18032000099999815,0.5515663950666085,50.6,21.2,28.2,,54.0,31.753471,-81.53289,0.012714748757506767,6,0.31320754716981136,0.1624081344443322,0.5416648692727172,0.13481972301281372,4.06138439339867,0.12899620296891948,0.00878283328397058,0.2,scl
KSSL_190500,KSSL_30981.0,sandy loam,0.29694384504082544,1.3161530237975045,0.05821634766788929,0.29986247930552795,77.6,11.3,11.1,,143.5,30.471195,-88.741692,0.013688616748917005,6,0.3169811320754716,0.0781347017864095,0.29839188047269943,0.1417245202509969,1.01,0.47126473163383137,0.013167846568726617,0.0,sl
KSSL_184659,KSSL_29924.0,silt loam,0.036818551963030605,1.2030719973227804,4.06818142402293e-21,0.39707285713035817,12.4,65.7,21.9,,62.5,38.773335,-87.070557,0.004867902382457583,6,0.3094339622641509,4.410602080725849e-24,0.39957389986795394,0.029494881689023575,1.01,0.21614054997800833,0.0037392246381767833,0.3,sil
KSSL_195301,KSSL_31860.0,loam,0.13568643985066975,1.4609781993718367,0.03402771668893164,0.49924219512478446,43.6,42.0,14.4,,99.0,42.316666,-114.3,0.028874507873822855,6,0.5358490566037736,0.07145452590116176,0.49585770207181584,0.035753190345968376,1.01,0.9799999999999999,0.024253184644642833,0.4,l
KSSL_211762,KSSL_35017.0,sandy loam,0.075687753457972,1.3783436474634485,0.05956602520295538,0.36801013407340255,55.1,32.0,12.9,,99.5,41.704082,-101.43115,0.015585740308455874,6,0.3999999999999999,0.10601459505737262,0.36846517903225545,0.018981528498277552,1.01,0.9799999999999999,0.013356567092013518,0.0,vfsl
KSSL_196477,KSSL_32034.0,sandy loam,0.6555781554466207,1.337952231163647,0.08970244109513537,0.5912001950119451,50.0,45.4,4.6,,6.5,48.861668,-118.3975,0.01362124030839119,6,0.6226415094339622,0.10187985693291435,0.5909148148285853,0.46025576162885135,1.0100000000009752,0.38730570830367883,0.013198457565118452,7.8,sl
KSSL_197462,KSSL_32234.0,loamy sand,1.299795215215074,1.2905217138541154,1.1691400059103382e-09,0.4335341501889051,82.9,11.6,5.5,,65.0,39.164246,-119.89687,0.017143808154987835,6,0.45660377358490567,2.3542173884951408e-17,0.4333752782001614,1.1315714897532405,1.0100000002521672,0.29584372339586784,0.0169485313860551,0.5,lcos
KSSL_121746,KSSL_19361.0,clay loam,0.0711110976737026,1.4205049607388576,0.20251783368264756,0.5808750884939315,24.1,36.6,39.3,,556.0,38.346909,-112.98386,0.01696969284197615,6,0.4528301886792453,0.24791797725889783,0.5828559554704995,0.01939156367966012,1.0100000000000204,0.9799999999999999,0.014923151850929671,0.13,cl
KSSL_15950547,KSSL_75725.0,sandy clay loam,0.4889487904790109,1.16213764133293,5.05182814134433e-22,0.42921852198686095,46.2,20.1,33.7,,51.0,43.5938,-99.712196,0.012018387712918221,6,0.4528301886792453,1.1863617875485307e-09,0.42889541230227335,0.43263417263412557,1.0100000019237676,0.1644165072024651,0.011713930508283933,0.9,scl
KSSL_207929,KSSL_34312.0,silt loam,0.06096555064824976,1.360104431124625,0.10590648908179517,0.4430166288442318,1.3,75.0,23.7,,121.5,41.734974,-94.968002,0.007936600894983627,6,0.4716981132075472,0.15125187069136736,0.44569632891102234,0.023304853072905883,1.0100000000000002,0.6913501760979509,0.006910631886567025,0.1,sil
KSSL_15747900,KSSL_40645.0,clay loam,0.5070535749024452,1.1371715428119065,4.971851789811228e-20,0.4258470531815628,20.2,42.0,37.8,,31.5,40.166016,-113.0209,0.006412446140067109,6,0.4490566037735849,1.9838939464448777e-21,0.425678545206962,0.4618127098572583,1.01,0.13824317625620683,0.0061166675120678205,0.7,cl
KSSL_153001,KSSL_24010.0,loam,0.02398825502049599,2.386670954064657,0.124260000999678,0.4152928309094796,28.3,46.7,25.0,,2.5,,,0.02291977689321043,6,0.4830188679245283,0.11607716630791409,0.43104318375201794,0.01835281424636134,1.3591178197881573,0.9799999999999999,0.02204412438769534,1.1,l
KSSL_153968,KSSL_24190.0,sandy clay loam,0.4464591704576984,1.1516132864406647,4.2480498511356755e-12,0.48156696264275545,45.6,27.5,26.9,,28.0,41.581257,-119.73465,0.01868854243473467,6,0.5094339622641508,2.5244641364123192e-14,0.4813244771936225,0.38790521739497236,1.01,0.15467054215295983,0.01841161659476027,0.4,scl
KSSL_153973,KSSL_24192.0,sandy loam,2.762976310913803,1.1816333066221503,3.982219522397686e-18,0.38348628188215755,74.6,18.6,6.8,,2.0,41.583115,-119.73584,0.007209007192088568,6,0.4037735849056603,2.4621267901895187e-14,0.3834294178553143,2.618164264472864,1.0100000000000129,0.1814257634703,0.007116942794365362,0.5,cosl
KSSL_181364,KSSL_29368.0,silt loam,0.020559797836259473,2.314283694110655,0.11376000099993146,0.43814877976503713,1.8,81.2,17.0,,10.0,34.255165,-89.873558,0.013686723644878367,6,0.42641509433962266,0.10625641769672677,0.43396125335907165,0.035251156022455446,10.99999999994081,0.07612565877399957,0.010704998430367232,1.4,sil
KSSL_149357,KSSL_23390.0,loam,0.3492580057219626,1.210519720006767,7.580620800739478e-19,0.5116761118734593,26.6,48.4,25.0,,12.5,,,0.017202856696965165,6,0.5433962264150943,8.324871110462157e-21,0.5106001606367082,0.2707616258556164,1.01,0.22140742228496776,0.01598919010104709,2.6399999999999997,l
KSSL_115924,KSSL_18453.0,sandy loam,0.02077828225046009,1.7818705369217795,0.058056020547892224,0.26222925762531135,65.8,23.3,10.9,,226.0,45.234997,-89.837875,0.00497567316564573,6,0.24905660377358496,0.06685842767131066,0.2650264389863585,0.010605999526695276,1.3244929699725194,0.979999999999995,0.004043058308670342,0.03,sl
KSSL_15747860,KSSL_40637.0,loam,0.06277142323984765,1.394773233224311,0.14311553430151272,0.423203048138082,43.9,31.6,24.5,,40.5,37.869888,-112.43461,0.012197788330624047,6,0.4528301886792453,0.18379542411234573,0.42407560716262876,0.018266497791641592,1.01,0.9236056551274395,0.0108648757357574,1.3,l
KSSL_153975,KSSL_24192.0,sandy clay loam,0.23841630018185678,1.1837735024429459,3.1505884876907873e-15,0.41628910309461215,54.8,21.7,23.5,,14.0,41.583115,-119.73584,0.013422555877845311,6,0.44150943396226416,0.05462015745326866,0.41473507482870897,0.141734355692986,1.01,0.26147127838894535,0.012898691287393139,0.5,scl
KSSL_110082,KSSL_17575.0,silt loam,0.08195577001783143,1.274625111394159,3.8827403679135595e-18,0.4017309327279438,24.7,63.7,11.6,,33.0,45.34166,-91.859894,0.017088350968029686,6,0.3056603773584906,5.426657103235053e-166,0.40140315117159375,0.08638033553371026,1.3312899920171242,0.20289454949910837,0.017086631398553154,0.24,sil
KSSL_107757,KSSL_17211.0,sandy loam,0.19474805240113963,1.540978471102379,0.06793855242843802,0.3024420431854181,74.9,16.0,9.1,,149.0,45.750832,-88.323929,0.009726040357565283,6,0.3169811320754716,0.06274482161180438,0.30114477534652073,0.28719817041114304,10.999999881584248,0.04080397107796148,0.00864003612564603,0.04,sl
KSSL_110060,KSSL_17572.0,sandy loam,1.0564046329701375,1.2876665540781171,1.165497483087216e-21,0.39421979540340113,70.9,22.5,6.6,,48.0,45.61694,-91.862389,0.0036878808804914737,6,0.41509433962264153,3.32340835694389e-13,0.39416375378522855,0.9200146863846754,1.010000091141175,0.2927922198062027,0.003281994003268878,0.31,sl
KSSL_184667,KSSL_29925.0,silt loam,0.03883264759933186,1.1852197135562212,3.802445878329699e-23,0.38461124411355685,12.4,63.0,24.6,,29.0,38.564724,-87.008614,0.003624021993011246,6,0.3358490566037735,3.552312492232946e-14,0.38678551665594524,0.03212614404876526,1.0100000000000007,0.19493676511535188,0.0025199185575283615,0.3,sil
KSSL_195194,KSSL_31843.0,sandy clay loam,0.14327731570415883,1.1022372637162123,2.3745532376809644e-16,0.331040368331835,52.7,15.3,32.0,,61.5,32.52972,-106.78555,0.008781927272564587,6,0.34716981132075475,1.9796075885990945e-18,0.3310607909195152,0.12545693653052742,1.0100000000000253,0.1045279948351871,0.008679236807514786,0.2,scl
KSSL_206370,KSSL_34042.0,sandy loam,0.1302863168733867,1.4668452423849425,0.09188767514910642,0.3422065218085545,68.2,15.8,16.0,,131.5,28.946056,-97.664719,0.003383087318180702,6,0.3584905660377359,0.061992963751514925,0.34056637234817233,0.244946549840226,6.118347087690309,0.04848022049540055,0.00041926878718590824,0.2,vfsl
KSSL_210762,KSSL_34837.0,loamy sand,0.39066280613659654,1.9193348470811453,0.032600000999999997,0.35879905745509627,87.5,5.9,6.6,,121.0,36.631924,-99.596733,0.007546969299451093,6,0.37735849056603776,0.032600000999999997,0.3584906305841914,0.4368143072435879,10.999875194802874,0.08041314659277109,0.006730178753127513,0.1,lfs
KSSL_15769458,KSSL_43792.0,clay,0.0692719594879523,1.8298533201899296,0.4033900009999999,0.5995463642711345,28.5,28.9,42.6,,,45.302959,-123.35186,0.019332090099972853,6,0.4792452830188678,0.4033900009999999,0.6018250267519946,0.03272753146994889,1.3232587494327073,0.9799999999999999,0.01776498689130822,0.2,c
KSSL_195242,KSSL_31850.0,loamy sand,0.2480011734594433,1.440355427475084,7.661433332611337e-14,0.43330887161966136,84.9,8.8,6.3,,97.5,32.605438,-106.85072,0.02994581690214518,6,0.46037735849056594,0.02399918982401508,0.4280578277595708,0.08737821391768458,1.01,0.7373171137366809,0.027919812553479927,0.2,ls
KSSL_15950596,KSSL_75733.0,silt loam,0.036622685904787296,1.435847750801862,0.023515186417481224,0.46871030023502963,1.2,85.6,13.2,,129.5,45.573502,-98.030098,0.011402841833698602,6,0.5056603773584905,0.08271760129215189,0.4733788975869222,0.011282818613753687,1.010000000000091,0.9799999999999854,0.00781428240690088,0.3,sil
KSSL_184662,KSSL_29924.0,silt loam,0.01657161187024134,1.2239717737202227,5.658500461389411e-18,0.39204194714057383,13.6,61.3,25.1,,136.0,38.773335,-87.070557,0.009115552705390759,6,0.3169811320754716,4.16877111646424e-21,0.394259446988191,0.011878605293898363,1.01,0.24984085171638892,0.007645387124187873,0.5,sil
KSSL_15747873,KSSL_40639.0,sandy loam,0.20398632723943588,1.4546819277200154,0.02777950377465416,0.35775362208501676,68.5,23.0,8.5,,58.5,37.190613,-112.19253,0.007956366117119978,6,0.37735849056603776,0.04373640430921003,0.35711432242129193,0.09324979800855351,1.0100000000000002,0.6651206666701494,0.0067155162262959485,0.1,vfsl
KSSL_211755,KSSL_35016.0,loamy sand,0.2866346408279083,1.264393282252655,0.011010798257278343,0.3533327008056473,85.1,6.3,8.6,,119.5,41.698494,-101.42796,0.011418796546382039,6,0.3735849056603773,0.041371389485146015,0.3523306333661218,0.16032266494291172,1.01,0.36848961163313254,0.01080248631722081,0.0,lfs
KSSL_191390,KSSL_31130.0,sandy clay loam,0.08253069050919738,1.602201917073196,0.24616633508509497,0.4973908818255285,51.4,21.9,26.7,,72.5,43.777248,-114.42558,0.02102422045470525,6,0.3169811320754716,0.25814869870086593,0.5040098371093833,0.03273686616814382,1.0485105919727273,0.9799999999999994,0.020518136760875338,0.1,scl
KSSL_15950527,KSSL_75722.0,silt loam,0.24490106046964075,1.1769566248603658,2.3222262008225767e-13,0.41179313602275147,20.8,53.7,25.5,,71.0,44.989498,-99.953697,0.012643624762856452,6,0.4339622641509434,6.314886816224752e-16,0.4118091960033924,0.2114639368544794,1.0100000000000005,0.18090563586017108,0.012508053440930264,0.4,sil
KSSL_181232,KSSL_29352.0,sandy loam,0.11921062259343629,1.3541149551047957,0.04857221986627235,0.3365561922532172,67.9,14.4,17.7,,110.0,32.601921,-106.76308,0.002047015705776593,6,0.3547169811320754,0.0650676729005985,0.33715160715648357,0.07585600151879464,1.1116830727459959,0.418011985341854,0.0017380705282387795,0.0,sl
KSSL_15950587,KSSL_75732.0,clay loam,0.1496583388490493,1.137139923428525,4.6448130099413175e-26,0.3867229825412883,32.0,37.5,30.5,,52.5,44.073002,96.530197,0.019213901820121917,6,0.4075471698113208,2.8471945024521635e-22,0.38638591450680654,0.12609643266804965,1.0100000000003166,0.1412158748735813,0.01908808220119641,0.8,cl
KSSL_181504,KSSL_29389.0,sandy loam,2.004564632265812,1.1899009867063197,4.269555394595762e-23,0.3833041475070689,71.7,17.4,10.9,,84.5,63.353333,-142.98181,0.02266154858857266,6,0.4037735849056603,2.280556865766884e-18,0.3831182142118933,1.8439228611996683,1.0100000001815015,0.19082965636719404,0.022571385187911776,0.1,fsl
KSSL_164236,KSSL_25845.0,silt loam,0.43392796583749865,1.175915683333592,9.88235451353696e-16,0.401470298682226,29.6,52.5,17.9,,2.5,39.616703,-82.966736,0.016646053723182983,6,0.42641509433962266,7.8033089880830105e-25,0.40037936689231024,0.3479301527294276,1.01,0.18284152474810805,0.016004144140997722,1.4,sil
KSSL_183274,KSSL_29692.0,silty clay loam,0.04634718524379943,1.2863960516917365,0.029189630654404476,0.4334919952273093,3.6,68.5,27.9,,25.5,43.733334,-96.616669,0.007928857809845822,6,0.44528301886792454,0.11550220385268027,0.43477806574988304,0.01568565774921463,1.0100000000000005,0.6824194440683506,0.006709760470986411,1.5,sicl
KSSL_184686,KSSL_29927.0,silt loam,0.044998346712857296,1.2547377072841228,1.2291173920696123e-17,0.37867239214589277,7.5,75.9,16.6,,33.0,38.456944,-87.275833,0.0044192910790647015,6,0.3584905660377359,0.03600608204735349,0.3815287808410041,0.028171456293256885,1.0100000202055819,0.34762096621470234,0.003722721806624724,0.2,sil
KSSL_15747901,KSSL_40645.0,silty clay,0.052908012760246044,1.1442241543691287,4.156287604082864e-11,0.4206273452917007,6.2,40.7,53.1,,68.0,40.166016,-113.0209,0.003297313112340984,6,0.44150943396226416,1.879280385309948e-11,0.4214305969218365,0.04500496627299659,1.0100000000010783,0.14957501388912833,0.0029921011435147197,0.5,sic
KSSL_115951,KSSL_18456.0,sandy loam,0.14567920249520397,1.288542316998881,0.029625247881939234,0.3063912783262217,63.8,24.8,11.4,,191.5,45.325275,-89.816483,0.009650871070069142,6,0.28301886792452835,1.7303041759995173e-17,0.3031708064643868,0.247083270346936,10.376764528139493,0.020000000001029188,0.007503031633080994,0.04,sl
KSSL_181500,KSSL_29389.0,silt loam,0.09039875816397674,1.6935225849364817,0.11397000099998135,0.4669259422732652,36.0,50.3,13.7,,20.5,63.353333,-142.98181,0.01893857584025124,6,0.4792452830188678,0.1045837695403322,0.4535110554641263,0.1405425131374893,5.176936263411014,0.10080050465769493,0.014737489094295748,0.6,sil
KSSL_203344,KSSL_33548.0,silt loam,0.10161440881918499,1.820154746577509,0.15515000099999993,0.6476115141159648,20.8,53.5,25.7,,74.5,43.653446,-103.54916,0.018856186595549614,6,0.3999999999999999,0.14911543266409882,0.6347541445524508,0.17006540835394843,7.402710064849119,0.08183205863475448,0.009802830653115461,0.9,sil
KSSL_15747852,KSSL_40635.0,sandy loam,0.18358282373583784,1.3478035300807005,1.495542547495874e-20,0.3846957435177004,66.2,25.3,8.5,,134.0,,,0.018582636068003516,6,0.4075471698113208,0.03175703203001352,0.38289688805045713,0.08162768962544473,1.01,0.5396789802892926,0.01762754866040552,0.2,fsl
KSSL_199799,KSSL_32755.0,loam,0.13424760434736374,1.3169066158246396,0.04548778878054808,0.505304604353914,27.0,47.6,25.4,,6.0,46.513851,-110.31191,0.017258984229789907,6,0.539622641509434,0.1173255494346582,0.5001797212976976,0.03786807138089893,1.01,0.7216350722105558,0.01472728220925492,2.6,l
KSSL_152994,KSSL_24010.0,loam,0.5419394304819969,1.165626826977734,3.6377335388550775e-21,0.4417942023700257,27.8,45.4,26.8,,7.5,,,0.016008300987123594,6,0.4679245283018868,2.113281795950467e-18,0.44102300855426224,0.45568200932506286,1.01,0.1700644756978836,0.015473449978196633,0.9,l
KSSL_118578,KSSL_18827.0,silty clay,0.019399931950559127,1.1684622983651416,4.251096611818568e-20,0.4201266117445457,4.2,51.8,44.0,,36.5,,,0.004837842342566111,6,0.369811320754717,6.284823091848825e-17,0.4218757707353592,0.015938910441763685,1.01,0.17791234099772432,0.00418241038253364,0.96,sic
KSSL_181199,KSSL_29350.0,sandy loam,0.342792503030882,1.3866053247803753,0.03101853626020824,0.38898090347210335,78.7,10.0,11.3,,16.5,32.602318,-106.76126,0.01949927833432069,6,0.41132075471698104,0.05170464164565618,0.38701682519470676,0.1594122573707142,1.01,0.5650897853739775,0.018413166760474012,0.2,fsl
KSSL_192621,KSSL_31333.0,silt loam,0.025563748024425213,2.0820284658297163,0.12941615300519868,0.45329931418881775,17.4,70.0,12.6,,77.5,45.684818,-118.10657,0.017686731015297934,6,0.5094339622641508,0.12979648047237602,0.4632700517638953,0.016434954568757737,1.3903619214104028,0.9799999999999999,0.016833342890377433,0.5,sil
KSSL_15950604,KSSL_75735.0,loam,0.12113657058494301,1.1533191429745038,2.6295172928792627e-22,0.4201315244795371,33.1,40.7,26.2,,10.0,43.052601,-96.904099,0.017262972055385618,6,0.4490566037735849,4.634362111198703e-18,0.419643740583597,0.09614628983476889,1.01,0.1608531094903834,0.016736412075721817,3.3,l
KSSL_197476,KSSL_32237.0,loamy sand,31.62277660168378,1.1401417323697034,0.06778038332049306,0.3933456002907802,80.9,14.1,5.0,,25.5,38.924267,-119.91658,0.012251275619019689,6,0.41509433962264153,0.06762626119144255,0.39335143975996467,31.622776601672555,1.0100000000307714,0.13861778722993448,0.012244825715063211,1.7,lcos
KSSL_15747891,KSSL_40643.0,loam,0.03041489052476854,1.4969537793288452,0.08561045892431592,0.34391066270176385,51.9,31.0,17.1,,87.0,,,0.006248640135972445,6,0.3584905660377359,0.10917896116270337,0.3455268123521183,0.01509627252309493,1.1725038975103652,0.716707870690171,0.005968102239895896,0.6,l
KSSL_192616,KSSL_31332.0,clay loam,0.015579596650768888,2.9280979012383654,0.14136000099999316,0.5627174769749719,26.1,46.1,27.8,,177.5,33.00016,-91.066788,0.011153497658869395,6,0.3056603773584906,0.1364170069931831,0.5598865174439581,0.022762549213678113,4.913960475310786,0.2559290341066495,0.009073858882807281,0.3,cl
KSSL_107836,KSSL_17220.0,loamy sand,0.8619985535072672,1.2232267328126512,1.582242088083172e-19,0.31423798408449466,84.6,8.0,7.4,,208.0,45.466942,-88.585884,0.018523552856801774,6,0.33207547169811313,2.0197072121710536e-15,0.31359485109583524,0.7106528842433409,1.01,0.23032499041363455,0.018182687003324344,0.09,lcos
KSSL_197478,KSSL_32237.0,loamy sand,0.023772102882280783,2.839155556573406,0.05699000099999997,0.38346826831660874,84.1,12.9,3.0,,60.5,38.924267,-119.91658,0.018523349576177305,6,0.4339622641509434,0.05699000099999999,0.38613986883238693,0.01886988634845017,2.26481880405965,0.9799999999999999,0.0183523275547602,1.1,lcos
KSSL_195212,KSSL_31846.0,loamy sand,1.1773768748846773,1.2604868631049673,0.015297119695221255,0.336708172985282,79.0,14.1,6.9,,8.5,32.514439,-106.80028,0.015045708418451527,6,0.3547169811320754,0.024334317478416384,0.33647604558843575,0.8898107772601197,1.010000000000003,0.29148439107735513,0.014894861635191643,0.3,lcos
KSSL_110086,KSSL_17575.0,sandy loam,0.1951937611805189,1.4870451814630095,0.05348710122666556,0.27102186252795624,74.2,17.4,8.4,,195.5,45.34166,-91.859894,0.008389029662782214,6,0.28301886792452835,0.04877039836762078,0.26888872440284234,0.280334125974786,10.999999997531644,0.03743478224880999,0.0063212329703045056,0.03,sl
KSSL_193777,KSSL_31575.0,silt loam,0.018025914251726977,2.4206845258586966,0.14399000099996073,0.5028841201556643,17.5,62.3,20.2,,6.5,40.648613,-78.129997,0.015232580038660634,6,0.49433962264150944,0.1323969241559769,0.4984500728003728,0.03266391430002458,10.99999999993386,0.07454387225287513,0.010729929074741944,3.8,sil
KSSL_206257,KSSL_34028.0,silty clay loam,0.012408118864949264,1.2540991975395628,3.914273534691853e-11,0.4282535939267405,1.9,62.9,35.2,,92.0,40.845001,-96.561501,0.009115697181682397,6,0.4188679245283019,7.454508467671532e-11,0.4313933543914029,0.008748744808046464,1.01,0.28598519477023027,0.008540554016732834,0.3,sicl
KSSL_192612,KSSL_31332.0,silty clay,0.009418847436010276,1.219360974349478,6.013727879332127e-15,0.4791109947168187,1.5,53.5,45.0,,53.5,33.00016,-91.066788,0.01016970830960271,6,0.3509433962264151,3.5550149146820067e-09,0.48147343105900114,0.006685698087300891,1.01,0.24584170147728832,0.009384473369811491,0.6,sic
KSSL_118568,KSSL_18825.0,sandy loam,0.16924861720715392,1.6712537731665795,0.10149665910765178,0.35160537724412244,81.4,3.9,14.7,,241.5,,,0.013442786652423041,6,0.3660377358490565,0.09948255656999327,0.34790850422783365,0.23855762263467148,10.999999996462757,0.05269685938512365,0.010120857634599642,0.02,fsl
KSSL_153966,KSSL_24190.0,sandy loam,1.7015522675405244,1.1758400527233805,1.8633275936721222e-14,0.4583481285468862,64.1,26.3,9.6,,3.5,41.581257,-119.73465,0.018511367127186096,6,0.4830188679245283,8.095435134242538e-24,0.4581201035023677,1.561093404441244,1.0100000000003129,0.17682272689649928,0.018349449965705825,1.2,sl
KSSL_181206,KSSL_29350.0,sandy clay loam,0.03265981093893481,1.6586683198874306,0.07408089366634998,0.38111869497344886,50.0,24.6,25.4,,137.5,32.602318,-106.76126,0.004570337216139428,6,0.4037735849056603,0.09019557453658143,0.3858711216352782,0.015099915047544212,1.2069542402587077,0.9314135530595964,0.0034849928094112083,0.6,scl
KSSL_115971,KSSL_18458.0,sandy loam,0.12535987580223334,1.4839957740628265,0.04248783913479289,0.2620775875030131,71.4,22.6,6.0,,211.5,45.552498,-89.8601,0.008872980696537643,6,0.26415094339622636,0.027826857861694657,0.2583589813002023,0.21562031548171978,10.999999999999378,0.03151120782412093,0.005532474460756737,0.03,sl
KSSL_15950495,KSSL_75716.0,silty clay loam,0.13589207722249247,1.1764871543162345,8.116812044406799e-18,0.4535342206969299,11.4,59.0,29.6,,22.0,43.731602,-96.681396,0.01218390351867174,6,0.4830188679245283,1.6240945923842225e-29,0.4528488359546487,0.10552548768690845,1.01,0.18606242303672857,0.01111942824179313,2.4,sicl
KSSL_190708,KSSL_31009.0,silt loam,0.0382395305376457,1.461780581285209,0.06077808521007894,0.45294462972073424,6.4,77.2,16.4,,2.5,,,0.020908453507366774,6,0.5094339622641508,0.10587647165431188,0.4616165847260621,0.012916405795649087,1.01,0.9799999999999972,0.017958198087795342,2.2,sil
KSSL_192632,KSSL_31334.0,loam,0.03804928977049059,1.8722331182915606,0.1269634644677343,0.3269905516713134,51.1,34.6,14.3,,173.0,34.25,-92.01667,0.009721341969627848,6,0.3547169811320754,0.13172771675100037,0.3325213955800035,0.02127691999914209,1.3050699864651822,0.9799999999999999,0.009053925552749371,0.1,l
KSSL_192581,KSSL_31328.0,loam,1.2187906530472048,1.2195626601376526,0.05409435046853958,0.5158978513561082,38.9,44.8,16.3,,54.5,44.655884,-118.42606,0.015656249926241678,6,0.5433962264150943,0.06795182397002952,0.5156772671303529,0.9691164426853799,1.0100000000016511,0.24176372777708913,0.015484735708663724,0.6,l
KSSL_153972,KSSL_24191.0,sandy clay loam,0.3180081178377017,1.301938041755589,0.08103509958831039,0.48298442536259556,52.9,26.4,20.7,,26.5,41.581257,-119.73409,0.011839418679347794,6,0.5094339622641508,0.10573520161118341,0.48218443521757565,0.18560341645020012,1.01,0.39641072185712617,0.011125119752415114,0.4,scl
KSSL_206261,KSSL_34027.0,silty clay loam,0.0025238781707940167,1.3489015021520445,3.09638494486089e-16,0.3699588534239997,18.7,44.4,36.9,,23.0,40.869026,-96.794357,0.017731055386524048,6,0.320754716981132,0.07701201418980945,0.3723477031726839,0.0006997001852127033,1.0100000000000002,0.9799000516254823,0.017626328826594696,0.6,sicl
KSSL_192663,KSSL_31339.0,silty clay loam,0.10462915879914707,1.278056350650286,0.0456424754897768,0.4437688173671907,5.5,65.3,29.2,,31.0,39.786335,-99.329529,0.01389499628300778,6,0.47547169811320744,0.13422700667065915,0.43764690534968825,0.021399769155105757,1.01,0.8646013309105745,0.01155719378276093,1.2,sicl
KSSL_15950524,KSSL_75721.0,sandy clay loam,0.05085174529573743,1.1591722943144136,3.3662530201553347e-18,0.38949898204814537,50.6,21.1,28.3,,176.0,45.9189,-102.1081,0.02002969054141543,6,0.41509433962264153,4.6240753944309677e-35,0.38843046179976876,0.03554654642366168,1.01,0.1747377068692163,0.019572054820193825,0.3,scl
KSSL_181112,KSSL_29344.0,loamy sand,28.573703537244633,1.1713147194891673,8.425579951066197e-19,0.36565784189535094,82.7,10.1,7.2,,6.0,32.548763,-106.76363,0.005729753843496334,6,0.3849056603773584,2.9757649549228494e-16,0.36565501433873454,28.318626306213083,1.010000110531599,0.1698024112306877,0.005724882542810051,0.3,lfs
KSSL_195245,KSSL_31851.0,sandy loam,1.0253237407045623,1.1156328246244276,1.6630052479669503e-18,0.35725353424809114,60.6,20.2,19.2,,36.0,32.489162,-106.78167,0.011767814229650779,6,0.37735849056603776,4.6616309168292944e-14,0.35691560666459876,0.9328381542711329,1.01,0.11644394005844469,0.011593868762479847,0.5,cosl
KSSL_15950466,KSSL_75711.0,clay loam,0.42552005156666667,1.177772109406025,6.940093858885143e-18,0.46678806918780474,36.4,35.9,27.7,,4.5,43.959999,-101.854,0.02548763630676193,6,0.49433962264150944,9.82707589018983e-21,0.4655558046109385,0.34603637697775774,1.01,0.18368616510026162,0.024986745849777243,2.4,cl
KSSL_186823,KSSL_30331.0,clay loam,0.10528312046013474,1.0764832410671774,4.053826978257319e-16,0.3805896585509908,21.6,42.9,35.5,,33.0,35.074665,-86.894165,0.004116299093310757,6,0.3660377358490565,8.558430156579987e-24,0.38076520856922763,0.09630077982856425,1.01,0.07751549856795582,0.0039028272656621258,0.5,cl
KSSL_95885,KSSL_15186.0,loamy sand,0.16816768969076681,1.423837379411933,0.08258133297955615,0.4358167226807722,78.7,14.5,6.8,,78.0,41.594032,-119.89049,0.02048518725845688,6,0.4641509433962264,0.11702831765713427,0.429557726439246,0.039394129259067975,1.01,0.9799999999999999,0.01763723027365928,0.36,ls
KSSL_107784,KSSL_17214.0,sandy loam,0.10342340646374874,1.3541329952898313,1.2615157369263085e-08,0.36181744896651624,60.8,31.6,7.6,,104.0,45.521385,-88.485046,0.015389846718453962,6,0.3169811320754716,0.03984012661062534,0.36143009198659237,0.03830636686821572,1.0100000000000002,0.6460284029748349,0.015007023574316325,0.08,fsl
KSSL_184641,KSSL_29922.0,silty clay loam,0.0017222422749576948,1.2512888551045545,7.429329706598024e-16,0.437801452223946,15.8,48.4,35.8,,164.0,39.042778,-87.054443,0.023121518989480134,6,0.3245283018867925,0.0002933375366342046,0.43868188328132374,0.0005249242430275717,1.01,0.5082735406703763,0.0229976995095321,1.4,sicl
KSSL_15769457,KSSL_43792.0,clay,0.023705497326592048,3.2124090126661318,0.38220000099999996,0.5684152392863356,15.6,29.0,55.4,,130.0,45.302959,-123.35186,0.015572541272295907,6,0.4377358490566038,0.38220000099999996,0.5693321199978021,0.019711525675061493,2.6371955816808326,0.9799999999999999,0.015355695304725421,0.3,c
KSSL_15950666,KSSL_75745.0,silty clay loam,0.004230106589059093,1.3413524467090205,5e-324,0.3328494311532039,19.5,47.1,33.4,,65.0,44.5256,-99.460098,0.024449568362470146,6,0.3886792452830189,8.04537158682417e-23,0.3335785017858321,0.0010750944139377495,1.01,0.7311955894429465,0.022589176266068448,1.6,sicl
KSSL_181086,KSSL_29342.0,sandy clay loam,0.29442893705100065,1.1438689269260855,2.3593005163817293e-12,0.3282256097436408,63.8,11.6,24.6,,76.0,32.549934,-106.76495,0.008707356799937956,6,0.34716981132075475,7.710586637459224e-14,0.32827805267862153,0.25543828041699035,1.01,0.14708900310119274,0.008511485980351346,0.3,scl
KSSL_197506,KSSL_32243.0,silt loam,0.023329217771991373,4.593409189246798,0.03045000099999997,0.40577734367565005,24.6,71.3,4.1,,59.5,35.216667,-92.916664,0.012665223675733146,6,0.44528301886792454,0.030450000999999997,0.4059672295780018,0.021236404781178973,4.06972113182386,0.9799999999999999,0.01261610567001037,0.0,sil
KSSL_181140,KSSL_29346.0,sandy loam,0.4491317415893585,1.262013111356895,0.009366126814661674,0.3428644714111073,76.2,10.1,13.7,,9.0,32.54837,-106.76523,0.019512171688596303,6,0.36226415094339626,0.03418308272513283,0.34164770241529374,0.2629776322394557,1.0100000000000013,0.3484330536935715,0.01910522295363891,0.3,fsl
KSSL_195198,KSSL_31844.0,sandy clay loam,0.6584461466070887,1.1475639549984074,1.1519648082658485e-19,0.3825695017641375,55.4,23.9,20.7,,4.0,32.546936,-106.71056,0.00955670832052945,6,0.4037735849056603,2.6637381670792067e-17,0.38229119805013034,0.5854609295501265,1.0100000000000282,0.14950645024708084,0.009277309995380132,0.5,scl
KSSL_149358,KSSL_23391.0,loam,0.020502635040010306,3.2984426823851227,0.09720000099999998,0.5716780475480435,44.6,33.4,22.0,,2.0,,,0.018051951237539776,6,0.6264150943396226,0.09720000099999998,0.5697447605707486,0.03251976070072782,10.999999999984562,0.1331638238908717,0.015383143401095556,4.8100000000000005,l
KSSL_190710,KSSL_31009.0,silt loam,0.02593264476363627,1.3808404728082253,0.032968695942939906,0.4059626286763474,5.1,72.9,22.0,,33.0,,,0.011895029364224733,6,0.44528301886792454,0.09921216071651172,0.41049600466386754,0.008150208356953986,1.01,0.9372984129549505,0.01097060276437391,0.3,sil
KSSL_173608,KSSL_27796.0,silty clay loam,0.0237464490523876,1.782696240541795,0.1710474630821202,0.5117412357320773,1.5,65.7,32.8,,58.5,33.973782,-90.904984,0.010552934568382712,6,0.45660377358490567,0.17431925004403853,0.5132756836859752,0.020866638530578782,1.6216164614369655,0.529919844746108,0.010538998965730897,0.5,sicl
KSSL_15769399,KSSL_43783.0,sandy loam,0.10398393275433107,1.3524151462658078,0.017125774761221863,0.41845984932653824,57.5,31.9,10.6,,21.5,39.380348,-106.19783,0.019374731578804823,6,0.29811320754716975,3.2654094960598666e-19,0.4097155046384617,0.1742114594971156,5.063728934799813,0.053698259192973434,0.01683357621084248,0.4,sl
KSSL_211744,KSSL_35015.0,loamy sand,0.19168085795768294,1.4457959951666122,0.057236513709546306,0.37599401056246967,83.7,6.9,9.4,,45.0,41.472214,-101.67149,0.012091374306276432,6,0.39622641509433953,0.07520986663629732,0.3752372660935706,0.07784846979532158,1.01,0.702054937478123,0.011333007253492056,0.3,lfs
KSSL_15950568,KSSL_75728.0,clay loam,0.009078531199056997,1.3590553894229855,5.869559139395662e-19,0.4384077358850203,33.2,37.6,29.2,,140.0,43.732101,-98.693802,0.011995657252066597,6,0.3509433962264151,0.10499193284648661,0.4428779071642107,0.0028633144520109487,1.0100000126994242,0.9799999999833914,0.010401334699624667,0.4,cl
KSSL_108640,KSSL_17329.0,silt loam,0.029423671994817633,2.6992441271599072,0.08232211359339969,0.49554924867243394,36.9,53.5,9.6,,40.0,47.808163,-119.90921,0.023639413445077456,6,0.5433962264150943,0.07934673587730247,0.5054974378923448,0.02341233160335569,1.8828692830897826,0.9799999999999999,0.021829819131048256,0.96,sil
KSSL_192636,KSSL_31335.0,silt loam,0.020161267409360924,2.0978653012853012,0.16174604704211487,0.41578635221448823,1.2,73.2,25.6,,43.0,34.783333,-90.816666,0.008954845772720672,6,0.41509433962264153,0.14616714047887616,0.41221000426732046,0.03655679268890735,10.999999868999206,0.05866310209081572,0.007797629832237968,0.3,sil
KSSL_110079,KSSL_17574.0,sandy loam,0.07026183930029757,1.3157898409053324,0.04000751355092896,0.2924747970375422,65.9,21.1,13.0,,171.5,45.247215,-92.080734,0.005718385635989298,6,0.260377358490566,0.08031967168069686,0.2928720013290312,0.024768188603077865,1.010000000000054,0.6564255173803286,0.004996862330506312,0.03,sl
KSSL_190699,KSSL_31008.0,silt loam,0.0791736462624138,1.3497818824960381,0.01836729210417012,0.5803232609782889,10.1,68.7,21.2,,2.5,,,0.013519926016722725,6,0.4679245283018868,5.366177543974405e-17,0.5695929389153485,0.1221199452104195,2.7577948262213017,0.10193435366172315,0.010303786152097821,1.7,sil
KSSL_181501,KSSL_29389.0,silt loam,0.060504564609342455,1.6413998071904166,0.06441810193784892,0.38537824956265787,40.4,52.9,6.7,,41.0,63.353333,-142.98181,0.004810509015188381,6,0.3849056603773584,0.056855973002702176,0.3836648329277527,0.07393430239439792,1.9070935060291947,0.289886225465768,0.004538385149579894,0.3,sil
KSSL_118563,KSSL_18825.0,loam,0.06565441217453509,1.4119896480742746,0.09209542335148324,0.38008973500062493,34.8,44.3,20.9,,38.0,,,0.007230663688112328,6,0.4037735849056603,0.12738399773023137,0.3818677942191171,0.01897839112378675,1.0100000000000278,0.9299124975915096,0.00576319171856325,0.21000000000000002,l
KSSL_195252,KSSL_31852.0,sandy loam,0.4265230519373809,1.2611547400316963,0.005269860028971074,0.3753342928017342,68.3,20.8,10.9,,71.0,32.514435,-106.79056,0.013045455618420044,6,0.39622641509433953,0.029338310789428817,0.37456764002326254,0.26785684875637483,1.0100000000000002,0.33289144904281526,0.012548373212471514,0.2,cosl
KSSL_197463,KSSL_32234.0,sand,1.2968608075838866,1.355222246017386,1.1041831833104817e-23,0.4049223113574694,91.2,7.5,1.3,,97.5,39.164246,-119.89687,0.015045266893716738,6,0.42641509433962266,9.202880286977841e-18,0.40476142441961693,1.096007174416866,1.0100000000011395,0.36461639595945466,0.014803745353091409,0.1,cos
KSSL_181114,KSSL_29344.0,sandy loam,0.3230695165277592,1.4095265038250318,0.03614365926409388,0.3977792008151351,78.1,10.7,11.2,,26.5,32.548763,-106.76363,0.01980245151518226,6,0.4188679245283019,0.04953004842462854,0.39703119219052296,0.1745240432993545,1.01,0.536579739203794,0.01941123145650147,0.3,fsl
KSSL_118541,KSSL_18822.0,clay loam,0.10039950507964704,1.1201626470070636,7.275001789404455e-21,0.46572367080789207,37.8,32.0,30.2,,100.0,,,0.007183113504867469,6,0.4490566037735849,1.2973901818815122e-10,0.46618668549563014,0.0862792558296212,1.0100000000109859,0.12390332062813735,0.0067672988453858374,0.13999999999999999,cl
KSSL_118577,KSSL_18827.0,silty clay loam,0.007552074481462142,1.215817870665739,2.0449217861984183e-15,0.3540231640792071,5.3,57.7,37.0,,20.0,,,0.010686621861713486,6,0.39622641509433953,8.866453265649395e-18,0.3555680723583127,0.005169397869044616,1.01,0.24674086402859596,0.010187064125951792,1.7,sicl
KSSL_107835,KSSL_17220.0,loamy sand,0.4313207461074042,1.2575769240340213,2.4563800284868574e-19,0.27058385934544327,85.3,8.0,6.7,,152.0,45.466942,-88.585884,0.017024116340299343,6,0.2867924528301887,5.1440333634220505e-18,0.26996108485962994,0.324998918583391,1.0100000000000042,0.2732993791128411,0.016610920782396177,0.09,lcos
KSSL_195257,KSSL_31853.0,sandy loam,1.7953110820253557,1.1646373215744656,2.114250621666375e-08,0.39073923914229575,61.1,21.8,17.1,,30.0,32.513634,-106.796,0.0026750923300774927,6,0.41132075471698104,2.5736639602021363e-17,0.3907368103516181,1.7013263956020666,1.01000000000101,0.16445422991593256,0.002636544597739031,0.4,cosl
KSSL_107801,KSSL_17216.0,sandy loam,0.6314834043140746,1.344154537826428,0.04185464912937182,0.45568424622449316,44.8,49.0,6.2,,21.5,45.46833,-88.586716,0.011904661376432268,6,0.4792452830188678,0.03971915997329192,0.45528303214436266,0.726420512332157,8.938195897733205,0.03686420346214459,0.011455569263360402,0.73,fsl
KSSL_190740,KSSL_31012.0,silty clay,0.023058097465249026,1.1327261644563054,1.7975523913588064e-16,0.3942933334584381,7.7,41.0,51.3,,48.5,,,0.006569183163551317,6,0.3849056603773584,1.2546382011333838e-18,0.39554207285954723,0.02020811054826595,1.01,0.13720997399030052,0.006237170762640338,0.6,sic
KSSL_195235,KSSL_31849.0,sandy loam,0.3551866718212173,1.1906320639434513,0.003314272855211114,0.38161899655934406,73.8,14.0,12.2,,66.5,32.588604,-106.84361,0.013279796980012915,6,0.4037735849056603,0.04918310398853088,0.3803737246220765,0.21496441748837425,1.01,0.2661239614866897,0.012849076521647526,0.3,sl
KSSL_190715,KSSL_31010.0,silt loam,0.028772009734874256,1.3993834814983979,0.05277459373876705,0.4188190929497536,11.0,66.2,22.8,,7.5,,,0.01271118934310196,6,0.46037735849056594,0.11283245708454033,0.423755171822492,0.008792737625429882,1.01,0.9799999965932138,0.01148069556710708,1.9,sil
KSSL_198133,KSSL_32397.0,silt loam,0.02214177381753921,3.5997595874035935,0.147740001,0.5748104505604846,17.9,75.2,6.9,,6.0,46.804974,-116.85367,0.027606545077640408,6,0.6641509433962264,0.147740001,0.5736217278321082,0.03261518158460349,10.999999998069221,0.16329068520152648,0.027348297752872012,4.0,sil
KSSL_15950599,KSSL_75734.0,sandy clay loam,31.62277660168378,1.3035048313562596,0.18476000099999895,0.38210692231360266,49.2,23.3,27.5,,18.5,44.678299,-103.5606,0.02198371689181738,6,0.4037735849056603,0.18476000099999998,0.382108929216878,31.62277660168378,1.0100000017614745,0.30043049552622125,0.02198048739496285,2.8,scl
KSSL_195173,KSSL_31840.0,clay loam,0.45401345540992977,1.1347533339711717,2.426793359761855e-10,0.38975832945927713,44.2,26.6,29.2,,40.0,32.512779,-106.74306,0.0037964796437698067,6,0.41132075471698104,5.8919181310748854e-12,0.3896891375509909,0.40592150021531237,1.0100000000677833,0.1365188169279895,0.0033538617879583853,0.5,cl
KSSL_193760,KSSL_31571.0,loam,0.01544713580416722,1.1753081728123889,1.2966469435448672e-20,0.3162283028124434,31.3,42.3,26.4,,58.0,40.720554,-77.934166,0.007096378454971304,6,0.34716981132075475,1.1788064779311915e-17,0.3175580277899222,0.012207730309873552,1.01,0.18847402831504442,0.006436796047007005,0.2,l
KSSL_192651,KSSL_31337.0,sandy clay loam,0.4700782663735919,1.1311814893545873,8.905116282016189e-24,0.33907392147409215,64.1,14.1,21.8,,60.5,37.13139,-97.086113,0.006645410262004823,6,0.3584905660377359,4.582001753230624e-17,0.33879180030120215,0.4134326694120482,1.0100000000002842,0.1333200044624647,0.006303693884863695,0.6,scl
KSSL_193772,KSSL_31573.0,silty clay loam,0.35254389796754926,1.2002645278280555,1.1212833272699146e-13,0.4745704229608546,13.2,57.2,29.6,,85.5,41.070557,-77.489998,0.01594047294805481,6,0.5018867924528303,0.033498695205208213,0.47380346021029596,0.24440510613257363,1.01,0.24527202352010552,0.01548302668220261,0.9,sicl
KSSL_153983,KSSL_24193.0,sandy loam,0.2796423058886541,1.2222848956166756,7.277082406479353e-16,0.41984127249890907,60.5,24.3,15.2,,12.0,41.583115,-119.73584,0.019391286979121417,6,0.44528301886792454,0.04286558282328689,0.4180932598109671,0.16101093542434636,1.01,0.30863926701303196,0.01882760545805257,0.6,sl
KSSL_15950502,KSSL_75718.0,loam,5.17537273576865,1.1016669804340953,9.452126877688779e-08,0.43021946321336485,31.8,46.6,21.6,,23.5,43.504799,-96.762001,0.017037559941868514,6,0.4528301886792453,6.642724880065601e-14,0.4301886948957489,5.234371451917526,3.1520252635585804,0.032208458250559936,0.017027470737523632,2.1,l
KSSL_207906,KSSL_34310.0,silty clay loam,0.08930764193915507,1.1729702134279913,3.666840054199578e-09,0.45459793797148645,1.4,70.2,28.4,,79.0,41.27689,-94.448914,0.0034564583580393234,6,0.4188679245283019,5.112911629536627e-18,0.4556283668488987,0.07622441813707663,1.0415004515664983,0.1732416182769472,0.0033055889340865684,0.3,sicl
KSSL_207907,KSSL_34310.0,silty clay loam,0.062186945871766375,1.160040471342228,8.019092213441453e-14,0.4762123685827749,1.0,66.0,33.0,,104.0,41.27689,-94.448914,0.005255546400986647,6,0.41132075471698104,1.0091149313353928e-14,0.4774718464826829,0.05007179712142405,1.01,0.16853574359067158,0.004259565714348544,0.2,sicl
KSSL_183547,KSSL_29746.0,clay,0.007976349057585926,1.154444363231606,8.646105352710522e-22,0.5298952579802223,4.0,33.8,62.2,,129.5,37.186501,-86.041031,0.009573675584462643,6,0.38113207547169814,5.6472339655846537e-14,0.5311883818641914,0.006135382485518476,1.01,0.16815804548340246,0.00921697718131978,0.2,c
KSSL_15747895,KSSL_40644.0,silty clay loam,0.008052664012875925,1.8282795168328732,0.13137945607224547,0.48099915724609327,7.9,61.6,30.5,,64.0,40.424221,-112.39259,0.011101842700797606,6,0.4528301886792453,0.1464756469800851,0.483821457888562,0.0054478875182446375,1.4875496953081382,0.7722929870209067,0.011027387078780858,0.3,sicl
KSSL_190720,KSSL_31010.0,silt loam,0.06415489134340674,1.201743770315805,3.188374690598939e-16,0.4366305493952051,14.6,60.0,25.4,,2.5,,,0.012224757823887655,6,0.4716981132075472,0.14845053801493022,0.4335503386317067,0.015239072592145965,1.01,0.7232346223725467,0.01091175707284636,2.8,sil
KSSL_15950520,KSSL_75721.0,loam,0.2424386307683434,1.24136831041312,3.951048357477069e-14,0.4936397526223391,40.1,35.1,24.8,,8.5,45.9189,-102.1081,0.012434286306627407,6,0.5207547169811321,9.526587450685162e-13,0.49372825604289433,0.19741285557747754,1.0100000000001699,0.25059513977208275,0.011999892180740332,2.4,l
KSSL_190698,KSSL_31008.0,clay,0.08397351462105933,1.5469846214804774,0.26042059058192946,0.570573223575599,2.1,32.3,65.6,,33.0,,,0.010536154515566012,6,0.3886792452830189,0.2349767809051794,0.5634061567977626,0.13678453757984999,3.2333711307130493,0.11620244761935514,0.00837068105945432,0.3,c
KSSL_105912,KSSL_16910.0,clay loam,0.02233622632097971,1.260307947018581,7.312418048223297e-20,0.4216975764868064,43.2,25.9,30.9,,91.5,34.440647,-103.58688,0.023465574920151486,6,0.4528301886792453,8.678170027505202e-17,0.4233316965648664,0.013438482694419896,1.01,0.3107324022273417,0.022283012833747,0.25,cl
KSSL_181104,KSSL_29343.0,sandy loam,0.3373399339768629,1.3920758860350508,0.08019548697007224,0.4058132677214634,68.4,12.0,19.6,,47.5,32.549946,-106.76494,0.013161445720748514,6,0.42641509433962266,0.07515674450139996,0.40509451814735986,0.4388067822851023,10.99951003185939,0.032062245974699345,0.0125884847743366,0.3,sl
KSSL_15950572,KSSL_75729.0,silty clay loam,0.10884001003704802,1.2410386724306186,0.15572109694263436,0.4081434865568398,18.7,45.7,35.6,,43.0,43.167198,-101.7162,0.009160625086860703,6,0.41509433962264153,0.12283690279721263,0.40526635251808146,0.16774798837891983,8.790244185413094,0.020000000532152673,0.00758039145397567,0.6,sicl
KSSL_207924,KSSL_34312.0,silty clay loam,0.2014019304277806,1.157672750427507,2.7761808504775637e-20,0.4448470100219411,0.9,66.0,33.1,,19.0,41.734974,-94.968002,0.01676790456137191,6,0.47547169811320744,1.3928464867859578e-21,0.44477422104519,0.16456351388914636,1.01,0.16354821341255318,0.016205595882130622,1.8,sicl
KSSL_15950595,KSSL_75733.0,silty clay loam,0.2316848701156158,1.2137262427418067,3.6460570437688923e-23,0.4891107170019956,3.4,63.6,33.0,,90.5,45.573502,-98.030098,0.013803363804687678,6,0.5169811320754717,8.313562174074308e-22,0.4886126233450472,0.18608457551891072,1.01,0.22256839143346047,0.013006641478857734,0.5,sicl
KSSL_107808,KSSL_17217.0,silt loam,0.1537231432818341,1.3383795819647835,3.568464748745097e-18,0.4188998829837687,33.3,60.2,6.5,,59.5,45.46833,-88.586716,0.012521262743479223,6,0.44528301886792454,3.1331064857058664e-18,0.4191258304201273,0.09296291007873313,1.0100000000000002,0.3909750460820489,0.01021315419280064,0.32999999999999996,sil
KSSL_195300,KSSL_31860.0,loam,0.24441363426457102,1.377605145848032,0.04696338857968992,0.4931750232088267,43.9,42.0,14.1,,48.5,42.316666,-114.3,0.014841274295111272,6,0.5207547169811321,0.07472793308406568,0.49169815179248527,0.11536336046802674,1.01,0.5523240624023977,0.013450754330892493,0.9,l
KSSL_108639,KSSL_17329.0,silt loam,0.02781303557286834,2.6340365115379787,0.0936000009991951,0.4925176414405433,36.6,51.5,11.9,,22.5,47.808163,-119.90921,0.021671573385862467,6,0.5320754716981132,0.09280419024964078,0.4998112225374149,0.021581521955199464,1.9247243459116898,0.9799999999999999,0.02039188358261888,1.19,sil
KSSL_197468,KSSL_32235.0,sandy loam,2.905532647668539,1.1985537212048283,8.628930508817603e-13,0.3692187240390348,77.5,15.0,7.5,,124.0,38.999565,-120.1314,0.0043597898857855675,6,0.3886792452830189,3.64469605294217e-17,0.3691980862176341,2.765408493834795,1.010000000000383,0.19814226056778012,0.00430044583485513,0.1,sl
KSSL_153988,KSSL_24194.0,sandy loam,0.2509913039163594,1.2276098485028395,1.942931919996333e-21,0.4178181562148178,56.7,28.1,15.2,,15.0,41.583115,-119.73584,0.022624861109455732,6,0.44528301886792454,3.2536715549043376e-19,0.41755155481915757,0.18845577619321252,1.01,0.24268214258134,0.021953522478690295,0.4,sl
KSSL_105910,KSSL_16910.0,sandy clay loam,0.0473159733160741,1.8644413537065248,0.15952663344383022,0.39309956163587345,72.1,4.1,23.8,,48.5,34.440647,-103.58688,0.007919981017250529,6,0.369811320754717,0.163086367306918,0.3953132830584719,0.03706464662479824,1.5889735962383895,0.6523479747186938,0.007759452147597456,0.22999999999999998,scl
KSSL_15950501,KSSL_75718.0,loam,0.24850841909146182,1.2721382001837074,0.0858586444807142,0.4702711221780095,33.1,45.2,21.7,,4.5,43.504799,-96.762001,0.010077719376898242,6,0.49433962264150944,0.06698016742276341,0.4696226565084938,0.3347330323667607,10.026647225879891,0.023127514204386086,0.009532267432290787,3.0,l
KSSL_211768,KSSL_35018.0,sandy loam,1.6508058059979167,1.291933643556101,0.06309435835639801,0.4624260694933357,81.2,7.6,11.2,,44.0,41.695618,-101.49545,0.003414619610265835,6,0.4867924528301887,0.06662840145405693,0.4624101195723923,1.4063345009580963,1.0100000000002438,0.3048205517595537,0.003319147333026377,0.5,fsl
KSSL_206262,KSSL_34027.0,clay loam,0.003802611436582331,1.2632752937830571,1.69255502721645e-16,0.377550830295668,21.3,41.5,37.2,,48.5,40.869026,-96.794357,0.0170369380065211,6,0.28301886792452835,6.915158261955974e-14,0.379654877760228,0.00213884104124886,1.01,0.33847119453882407,0.016725369629714965,0.3,cl
KSSL_181101,KSSL_29343.0,sandy loam,0.1765843042250227,1.7882558641205148,0.0805800009999974,0.376825794806855,77.2,11.5,11.3,,7.0,32.549946,-106.76494,0.028885093224355177,6,0.3886792452830189,0.08058000099999998,0.370150119972625,0.2205763806369656,10.999999999991937,0.06898734552590591,0.02433385791536279,0.3,fsl
KSSL_15769452,KSSL_43792.0,clay loam,0.19409358302079666,1.6626640123536487,0.31892000099999995,0.6067415698806788,22.3,44.9,32.8,,23.0,45.302959,-123.35186,0.026975912055212284,6,0.4867924528301887,0.31892000099999995,0.6002384160995122,0.23532336695283107,10.999999999904622,0.05858131974855848,0.02289163599794888,2.6,cl
KSSL_184661,KSSL_29924.0,silt loam,0.036922392177057096,1.3615619001319097,0.07197627780148785,0.38871938858592714,12.7,66.3,21.0,,110.5,38.773335,-87.070557,0.006301935752558035,6,0.3433962264150944,0.11267073335189483,0.39171013051140985,0.01722787332038776,1.0525234017993363,0.6096058364430674,0.005987441484995783,0.3,sil
KSSL_153982,KSSL_24193.0,sandy loam,0.9243960821444477,1.2356382690959644,2.0331383610752269e-13,0.4256823995058686,75.2,16.7,8.1,,6.5,41.583115,-119.73584,0.02078857275318017,6,0.4490566037735849,1.4393647288704748e-23,0.4252378691155706,0.7852120132395333,1.01,0.24143339361551816,0.02044933311510873,0.8,sl
KSSL_110077,KSSL_17574.0,sandy loam,0.3117116394175211,1.156987549290554,1.9250127075008157e-11,0.27303799944839374,67.1,20.8,12.1,,86.5,45.247215,-92.080734,0.00785833549282868,6,0.2867924528301887,6.528451953472326e-28,0.2724584255508711,0.42208174773084334,7.322136693223034,0.020000000699662193,0.007627433627883482,0.06999999999999999,sl
KSSL_15747892,KSSL_40644.0,loam,0.25792120144656083,1.2487489640179787,3.7223127564886245e-24,0.49961615700091,35.8,47.8,16.4,,3.5,40.424221,-112.39259,0.014038795137155132,6,0.5283018867924528,1.5761004395061916e-19,0.4993333919276121,0.20425046801391777,1.01,0.2601913696060812,0.013118565345558908,2.0,l
KSSL_211757,KSSL_35016.0,sand,0.8463041183455903,1.2180846346987038,8.662417471551929e-13,0.3436209042977678,89.2,3.5,7.3,,188.0,41.698494,-101.42796,0.0115521215174891,6,0.36226415094339626,1.4801399479189242e-10,0.34347393297256945,0.7381680654933966,1.0100000000005322,0.22200598196620436,0.011348394421601496,0.0,fs
KSSL_15950571,KSSL_75729.0,clay loam,3.9082999330589585,1.1100797063669565,6.840689894379958e-23,0.4515603482899287,22.0,48.3,29.7,,24.5,43.167198,-101.7162,0.016803157166083632,6,0.47547169811320744,1.548836275406575e-17,0.4515000798348086,3.7970123835655945,1.0100000002605019,0.10943910922554774,0.01677474753256105,1.0,cl
KSSL_153981,KSSL_24193.0,loamy sand,31.62277660168378,1.207038025581233,0.06231285028074068,0.4076161792634557,78.6,14.5,6.9,,2.0,41.583115,-119.73584,0.010375326356515521,6,0.43018867924528303,0.062183188542561066,0.4076208371478259,31.62277660168378,1.0100000000020777,0.20475942818990422,0.010360800017554664,2.0,ls
KSSL_195189,KSSL_31842.0,sandy clay loam,0.47689688796565444,1.1947725616914957,0.07056840502224447,0.39064098470259356,51.0,18.4,30.6,,37.5,32.529713,-106.78555,0.0040808374624154735,6,0.41132075471698104,0.08565200382510697,0.3905899405665631,0.37033452079010754,1.01,0.22143542215808334,0.003973800854127015,0.4,scl
KSSL_181245,KSSL_29353.0,sandy loam,0.08750065599134209,1.6107378940027184,0.050786975648690655,0.38986006517943883,74.5,14.0,11.5,,51.5,32.601921,-106.76308,0.02073178313070932,6,0.4226415094339623,0.0669400882859375,0.3925011636681538,0.03269617937945551,1.1332693023443423,0.9799999999999999,0.016916313796689935,0.3,fsl
KSSL_181371,KSSL_29368.0,silt loam,0.03158283738273736,1.6663416951667323,0.11087094818244093,0.4498507867629949,1.1,82.1,16.8,,158.5,34.255165,-89.873558,0.009704198172353413,6,0.4226415094339623,0.12227983045991318,0.45424876855669316,0.02049794989859879,1.3159286790563895,0.6828529776506657,0.009414642757322494,0.1,sil
KSSL_15747854,KSSL_40636.0,silty clay loam,1.0958984846999469,1.164372474460798,1.0613513331464902e-11,0.5124181938925418,7.8,65.1,27.1,,26.5,,,0.00790581571701515,6,0.539622641509434,3.406652597192398e-20,0.5123467998821082,1.0283842722621532,1.0100000000010962,0.1645236219675089,0.0077560852847841045,1.7,sicl
KSSL_173591,KSSL_27793.0,silt loam,0.02416327772972291,2.1099208760498813,0.1196000009995166,0.43845403343076234,10.4,66.7,22.9,,106.5,34.848499,-86.884941,0.01703100062539523,6,0.4830188679245283,0.11186695798297387,0.4325084782906707,0.038071932440077706,10.999999998907075,0.07140873246623498,0.0157555136215465,0.3,sil
KSSL_183279,KSSL_29692.0,silt loam,0.023695397919693873,2.1671649346888744,0.1337160897537608,0.49642946617693245,8.3,71.3,20.4,,193.0,43.733334,-96.616669,0.011688013485731494,6,0.46037735849056594,0.13787222869906254,0.5014050333794722,0.015503475022960768,1.6352341056931574,0.9799999999999781,0.011353950115346026,0.2,sil
KSSL_181130,KSSL_29345.0,loamy sand,0.060833222423070495,1.9571461378114017,0.047671937457722656,0.39658781904218726,81.2,8.6,10.2,,11.5,32.548763,-106.76363,0.017151908434511785,6,0.4188679245283019,0.055068275390148226,0.400452580016249,0.03413736179560987,1.4940333572553743,0.9799999999999999,0.014159590473535155,0.2,ls
KSSL_107867,KSSL_17224.0,loamy sand,0.15827184020498145,1.4416003264886217,3.1083896456094243e-24,0.35235506757881524,74.8,22.1,3.1,,110.5,46.106941,-89.084793,0.01747004175567153,6,0.369811320754717,0.003648325982841078,0.35263535870806345,0.0798277512108984,1.01,0.5629144418569285,0.017177492085407572,0.36,ls
KSSL_152996,KSSL_24010.0,loam,0.020961044046349856,2.0641085061777047,0.14798392578061825,0.4048894699860466,28.2,45.9,25.9,,7.5,,,0.008178959892773832,6,0.42641509433962266,0.14019068234421903,0.40192672687809233,0.030735164559956413,3.4930504284529724,0.22029909230541825,0.008084539062226443,0.9,l
KSSL_195251,KSSL_31852.0,sandy loam,0.2449348818410632,1.35183597566927,0.023747460782646942,0.3737892400529146,69.0,20.9,10.1,,35.0,32.514435,-106.79056,0.01661578571583616,6,0.39622641509433953,0.05434944253954135,0.37094334742015606,0.0989982312916392,1.01,0.578684648203724,0.015285964042374018,0.3,cosl
KSSL_15950492,KSSL_75715.0,sandy loam,0.17586354994008918,1.306018867795335,8.00090447491916e-22,0.3930174025159609,72.4,14.4,13.2,,127.0,43.560989,-100.7435,0.013667919515832207,6,0.41509433962264153,2.872815743605426e-11,0.3931640482283442,0.12835225795880886,1.01,0.3287808635528179,0.013106596323875947,0.0,sl
KSSL_193740,KSSL_31567.0,clay loam,0.02195973853933773,1.7336021572288876,0.15153876628640625,0.4374858202975639,26.0,41.5,32.5,,59.0,40.948891,-77.634163,0.009547388883152562,6,0.3735849056603773,0.16416550710955727,0.4428158699384163,0.010704529312814863,1.2323345161404546,0.9799999999999999,0.008962942280672723,0.1,cl
KSSL_190725,KSSL_31011.0,clay,0.07464573275157306,1.081263460275346,2.514645294201418e-16,0.4161840831599883,15.4,34.3,50.3,,33.0,,,0.0038978021711805555,6,0.41132075471698104,6.100802914070502e-14,0.41668427327876356,0.0696147955296642,1.01,0.0821354303860144,0.003687355999849137,0.3,c
KSSL_190497,KSSL_30981.0,sandy loam,0.19107105162027335,1.40138728260929,0.016156952555571636,0.3132147590401208,72.7,20.3,7.0,,67.0,30.471195,-88.741692,0.010724844435714097,6,0.33207547169811313,0.039660572233628365,0.31171734880050866,0.07202972778374245,1.0100000000000002,0.6851086282531741,0.009261193712429333,0.1,fsl
KSSL_181143,KSSL_29346.0,sandy loam,0.4657326141653116,1.2387392760005551,9.540458201477254e-11,0.41048786629927053,68.1,11.9,20.0,,50.5,32.54837,-106.76523,0.01871001587567776,6,0.4339622641509434,0.00030486814699592994,0.4101606838601963,0.3737156189982768,1.01,0.24909001593842015,0.0182765923360708,0.2,scl
KSSL_110090,KSSL_17576.0,silt loam,0.021797903761106505,1.857717897705391,0.12595096895254312,0.3890807388828946,23.2,57.1,19.7,,48.0,45.21944,-92.086288,0.00538883508704974,6,0.39622641509433953,0.13469661741058028,0.392362518738878,0.011771347428445279,1.3977498871028868,0.9799999999999999,0.004135170017820685,0.26,sil
KSSL_211771,KSSL_35018.0,sand,0.2732001385858867,1.4662449634969452,0.02222356502808146,0.3432998254360271,92.2,3.3,4.5,,91.0,41.695618,-101.49545,0.011678898768160193,6,0.36226415094339626,0.03572051587897763,0.3424380696990694,0.12326720442837949,1.01,0.6775125461566842,0.010615296551271672,0.0,fs
KSSL_15747844,KSSL_40634.0,sandy loam,0.10972234074890792,1.4791101842049716,0.12030291324387489,0.4223541914820187,54.0,26.6,19.4,,92.5,41.88728,-111.57061,0.006082789996184305,6,0.44528301886792454,0.13299568997471986,0.4228358929002282,0.06482304559113339,1.1390450404425123,0.5645201360879913,0.0058303872291846975,1.3,sl
KSSL_115938,KSSL_18455.0,silt loam,0.023113486230591753,2.136030750574207,0.08577327418399264,0.4051967739664408,19.5,71.5,9.0,,26.5,45.296387,-89.858154,0.011148555861369482,6,0.42641509433962266,0.07455507066937178,0.40027432983997835,0.03836017905972652,10.999999982811403,0.0682512771695746,0.010430546092996252,0.35,sil
KSSL_15950534,KSSL_75723.0,sandy loam,1.3205282888874132,1.131473137600208,2.0566615586271244e-19,0.322572963006784,75.5,6.5,18.0,,83.5,44.858799,-98.530296,0.007800485916247668,6,0.3396226415094339,1.7519091290296328e-13,0.3225426371852269,1.2634021060862461,1.0100000163345106,0.13110279273039416,0.007772447406462499,0.3,fsl
KSSL_95882,KSSL_15186.0,sandy clay loam,15.26004769239291,1.111008902018018,6.794315793538233e-16,0.4910908083603166,62.8,15.1,22.1,,30.5,41.594032,-119.89049,0.015066524643136958,6,0.5169811320754717,8.892384978754443e-16,0.49106736267521744,15.05220735082517,1.0100000001658822,0.1101040246670415,0.015052991669435235,0.6,scl
KSSL_181171,KSSL_29348.0,sandy loam,0.14088802163804273,1.399892206960192,0.025761313882681505,0.38535160971055404,74.9,11.3,13.8,,51.0,32.596363,-106.76321,0.026632219574818157,6,0.41509433962264153,0.066048608495562,0.37940157789729395,0.031268109049416654,1.01,0.9799999999999999,0.023402788512661504,0.2,sl
KSSL_197500,KSSL_32242.0,silt loam,0.026434859170725977,1.2738590282327054,1.2542572031816962e-23,0.4549633597722686,5.6,70.1,24.3,,102.5,34.283333,-91.349998,0.008629922292455497,6,0.39622641509433953,0.12251749516697064,0.4563345355728305,0.007821913586754624,1.01,0.802250425423169,0.0074351250146617275,0.2,sil
KSSL_181129,KSSL_29345.0,loamy sand,0.028740487195364497,3.0234313911733595,0.06304781525602582,0.32779547989104874,82.9,8.2,8.9,,5.0,32.548763,-106.76363,0.013935865638902515,6,0.36226415094339626,0.061326828935358166,0.33182467661901344,0.023769841659217097,2.2105472157033885,0.9799999999999999,0.01308674608438468,0.3,ls
KSSL_197479,KSSL_32238.0,sandy loam,6.322506115650992,1.3535964561843212,0.08858972936265827,0.5879250455864585,75.5,17.3,7.2,,9.0,38.849998,-119.93333,0.005763504192600335,6,0.6188679245283019,0.08901623591910092,0.5879248422476671,5.9624666530730295,1.0100000000000073,0.35449989811383975,0.005763002274376344,6.1,cosl
KSSL_195203,KSSL_31844.0,clay loam,0.08781557685262766,1.3469072816427694,0.06960889179508974,0.4036494667039381,26.2,44.8,29.0,,153.5,32.546936,-106.71056,0.00849280119904918,6,0.42641509433962266,0.09523126831503657,0.40477194913817083,0.053123973758302,1.1088483858480873,0.4377521708735337,0.008316355180709358,0.1,cl
KSSL_15950469,KSSL_75711.0,loam,0.14678047869276037,1.4232102773462332,0.07534537299195726,0.4395132209541017,42.4,37.4,20.2,,109.5,43.959999,-101.854,0.014527790678032624,6,0.46037735849056594,0.06200264957702173,0.437359887761848,0.20890170976078148,10.999984047288416,0.03196786141454141,0.012944539836197849,0.1,l
KSSL_15830385,KSSL_53323.0,silty clay loam,0.9888438732367112,1.2157253705534798,0.19715899963594155,0.508877280690987,18.5,45.0,36.5,,12.5,37.799084,-107.9249,0.01331891370126115,6,0.5358490566037736,0.20739167568558217,0.5087371081246868,0.7772354020296448,1.01000000000135,0.23912029867422926,0.013236737556130229,6.4,sicl
KSSL_15950654,KSSL_75743.0,silty clay,0.10740931043767045,1.1066639571538575,1.2692052523860518e-22,0.4006680455030983,15.3,41.0,43.7,,52.5,45.519402,-103.289,0.012740874921693667,6,0.4226415094339623,1.301820678113422e-21,0.4005718798347095,0.09368461944270953,1.01,0.10912848662898272,0.01263257493055047,1.3,sic
KSSL_15830383,KSSL_53322.0,silty clay loam,0.0183647573973058,2.0779471606265294,0.2319137536844435,0.4255526772326094,17.2,44.3,38.5,,32.5,39.044384,-107.87939,0.007380990130158424,6,0.46037735849056594,0.23631468468027675,0.4283036146005225,0.011665446676889823,1.5845505722263125,0.9799999999999999,0.006289556209870623,2.5,sicl
KSSL_192601,KSSL_31331.0,silt loam,0.0218249679129442,2.065727455818286,0.14114554356217682,0.40702073846165854,11.7,68.2,20.1,,28.0,33.083332,-90.51667,0.0075204187731402646,6,0.38113207547169814,0.14544789075577486,0.41049751940466006,0.013541878591030511,1.560046803992503,0.9799999999999999,0.006866717712377561,0.3,sil
KSSL_206248,KSSL_34026.0,clay loam,0.09051309046435785,1.11041025980528,2.0619000131824433e-14,0.3772123891456597,31.3,33.0,35.7,,25.0,40.695972,-96.855225,0.007095633212098753,6,0.3999999999999999,1.2386124557508128e-10,0.37756023123465565,0.08107396313994358,1.01,0.1125100918619222,0.006921442179660116,1.9,cl
KSSL_164218,KSSL_25843.0,loam,0.5275234232291478,1.175411833322966,2.1962472443895438e-20,0.45997192369486556,30.2,47.5,22.3,,2.5,39.616779,-82.983475,0.016832655018610372,6,0.4867924528301887,8.521131079853729e-21,0.4593780447300469,0.44524820800916776,1.01,0.18006434952557446,0.016332148197577105,2.3,l
KSSL_195220,KSSL_31847.0,sandy loam,0.025429975565289087,2.7643809752704125,0.07540000099975337,0.35460626539294166,74.0,10.8,15.2,,121.5,32.618599,-106.78584,0.026836058734650704,6,0.43018867924528303,0.05661502458283057,0.3893267005516904,0.025017335617497367,1.125017545727333,0.9799999999999999,0.025005788429554705,0.2,fsl
KSSL_191908,KSSL_31217.0,sand,0.11903972196822774,5.594542937394499,0.060450000999999996,0.3923088366344714,90.0,5.7,4.3,,70.0,42.018456,-121.38886,0.02081886150004846,6,0.41132075471698104,0.060450000999999996,0.3941426670857942,0.17628901105074565,10.999999999999993,0.14614554013434303,0.01637613915674618,0.2,fs
KSSL_181103,KSSL_29343.0,sandy loam,0.21403548742493514,1.867420130818201,0.08232000099999892,0.4126527039802356,75.3,10.9,13.8,,30.5,32.549946,-106.76494,0.022352595541050433,6,0.43018867924528303,0.08232000099999998,0.4087739637458495,0.25941683888561035,10.999999999840616,0.07542626373044091,0.018920850396872888,0.3,fsl
KSSL_181291,KSSL_29356.0,sandy loam,0.023016902758626816,2.954783498008491,0.08820000099997571,0.38295057634594626,65.1,25.4,9.5,,1.5,32.351501,-105.76539,0.015808120578327776,6,0.4339622641509434,0.08820000099999999,0.38474124760837974,0.01853948693361464,2.4100419214536677,0.9799999999999821,0.015632142546846837,1.0,vfsl
KSSL_181198,KSSL_29350.0,loamy sand,0.025306830174401666,3.1949857766923526,0.06519000099999991,0.3105113929705368,80.6,9.6,9.8,,7.0,32.602318,-106.76126,0.02481785144534792,6,0.38113207547169814,0.04816838737030349,0.34194646267128986,0.026741762965827632,1.1862938839141506,0.9799999999999999,0.024295271848152944,0.3,ls
KSSL_110047,KSSL_17570.0,sandy loam,0.04674053870698522,1.7604460453254023,0.039758456946746186,0.27774984778593304,72.5,20.2,7.3,,104.5,45.57777,-91.628769,0.009986205950802714,6,0.2943396226415095,0.048169959329675015,0.2825412319163333,0.022826193435361217,1.2589314190959935,0.9799999999999998,0.007996135361034698,0.1,sl
KSSL_183550,KSSL_29746.0,sand,0.28785022167006313,1.2527883387243548,0.0028829743871864335,0.20632558304620952,91.6,5.1,3.3,,197.0,37.186501,-86.041031,0.009550045739436021,6,0.21886792452830195,0.027703825027064928,0.20484035491168087,0.13551094078700737,1.01,0.3997975771057348,0.009103739209725766,0.0,fs
KSSL_173610,KSSL_27796.0,silty clay,0.027172783449245508,1.1444627363775577,6.895650339191422e-19,0.5135878312938594,1.4,43.4,55.2,,112.0,33.973782,-90.904984,0.007268051179241496,6,0.3433962264150944,4.982907065160348e-18,0.5152702274432553,0.02291891083168742,1.0100000000000002,0.15129612979535922,0.006257405515197863,1.0,sic
KSSL_186820,KSSL_30330.0,silty clay,0.010230563336379152,1.1042216194496284,5.910703642379243e-13,0.3898790071449435,7.6,43.7,48.7,,133.0,35.139362,-86.191109,0.008189000002440916,6,0.39245283018867916,9.161513262573323e-12,0.3904502303372676,0.008810314598566302,1.01,0.10873378458698882,0.008031599092260786,0.2,sic
KSSL_95881,KSSL_15186.0,sandy loam,11.816891928265132,1.135213580053583,3.182772046614529e-13,0.48394051621128736,64.8,15.9,19.3,,19.5,41.594032,-119.89049,0.006471496535355248,6,0.5094339622641508,2.0978986525801632e-11,0.4839270391237798,11.64200055427727,1.0100001315997538,0.13413715814711136,0.0064491955583389484,0.72,fsl
KSSL_195305,KSSL_31861.0,loam,0.9107605205512103,1.2106445008732416,0.032568898657393444,0.49142731309109344,40.5,40.1,19.4,,69.0,42.600445,-116.55947,0.0113666441254436,6,0.5169811320754717,0.027338668073582366,0.4911320910416079,1.0396753208366816,7.271871068684066,0.027655027941098153,0.011100566915785289,1.0,l
KSSL_108764,KSSL_17347.0,sandy loam,0.13074834039421196,1.4675864270395627,0.09433298986944208,0.4033940065612694,54.0,31.9,14.1,,3.5,39.18718,-112.37746,0.012428625070871906,6,0.37735849056603776,0.07444433922097542,0.3977114508427392,0.21851671351911173,10.999999999999774,0.031018142294979473,0.007358917749429061,1.0699999999999998,vfsl
KSSL_190688,KSSL_31007.0,loam,0.09553015286076567,1.4613957299954945,0.10399411220137784,0.5844743257591098,34.9,47.8,17.3,,7.5,,,0.01736912016993541,6,0.38113207547169814,0.040547357172505676,0.5736815637334213,0.1754010565454351,5.159332899883933,0.055704034201597065,0.012065870434823373,1.9,l
KSSL_95886,KSSL_15186.0,loamy sand,0.12455573602933276,1.36468604175368,0.08710005850895565,0.3566399135093022,83.4,13.0,3.6,,95.0,41.594032,-119.89049,0.01941480252376788,6,0.3849056603773584,0.12440696941223596,0.35209423210020263,0.025619925006216442,1.01000000000002,0.9799999999996701,0.016766407255336718,0.06999999999999999,ls
KSSL_193766,KSSL_31572.0,loam,0.03514685278365825,1.3916548784049783,0.08321759013436013,0.3777810154698825,44.0,37.8,18.2,,67.0,40.719723,-77.933052,0.007528883358476786,6,0.3849056603773584,0.10974201467810778,0.3803573481398479,0.02079683256584589,1.1256742522871548,0.5173084461205697,0.007372142457379121,0.2,l
KSSL_206393,KSSL_34045.0,silt loam,0.5137975912119185,1.186256148260897,4.3220187005895696e-23,0.44610395603056285,18.8,60.1,21.1,,124.0,28.63825,-97.605392,0.011746752551654442,6,0.4716981132075472,1.2646464528249113e-22,0.44566390212514884,0.4369185153035323,1.01,0.19048184843760543,0.011115082392143812,0.5,sil
KSSL_110041,KSSL_17569.0,sandy loam,0.14163595192586592,1.3617128207645126,0.05645440070113958,0.23377185592287317,68.2,22.7,9.1,,188.5,45.578606,-91.629051,0.006826046039155809,6,0.22264150943396221,0.040825770920026455,0.23129266418673958,0.2384097107498406,10.9999999999582,0.023769484777480223,0.005036513731410986,0.04,sl
KSSL_197503,KSSL_32243.0,silt loam,0.02257510259608745,3.960980271453189,0.024480000999999994,0.3935439380607877,34.8,61.1,4.1,,10.0,35.216667,-92.916664,0.014721178059765335,6,0.44528301886792454,0.024480000999999998,0.39302743847590366,0.03201747915757871,10.999999999999883,0.19072709750555472,0.014552384256523276,0.3,sil
KSSL_107868,KSSL_17224.0,loamy sand,0.1708804268328597,1.653463494237419,0.023548515108217725,0.2873526183560352,83.9,14.6,1.5,,137.0,46.106941,-89.084793,0.021140212527514468,6,0.29811320754716975,0.024106992865289986,0.2834958653104867,0.2354546051529097,10.999999995747004,0.05376837367164574,0.01873120174540675,0.12,ls
KSSL_108641,KSSL_17329.0,silt loam,0.02428066647558422,3.126518003035953,0.08064000099999999,0.5156062185439104,39.4,51.5,9.1,,66.0,47.808163,-119.90921,0.022976238824207688,6,0.5169811320754717,0.08064000099999999,0.5179578983089025,0.020055515916006496,2.5631624373854596,0.9799999999999999,0.02263595332669143,0.6799999999999999,sil
KSSL_164252,KSSL_25847.0,silt loam,0.13957781009297265,1.2095893973958365,1.5192908393215678e-64,0.40671981377853167,20.0,60.5,19.5,,2.5,39.616703,-82.966736,0.017759009739683893,6,0.44150943396226416,1.4658315977420416e-44,0.40528490368931974,0.09249696210690762,1.01,0.23286824099189352,0.016176689805611974,1.3,sil
KSSL_153995,KSSL_24196.0,clay,0.025711973464345672,1.606573614509299,0.27318365635612196,0.6153948296783771,11.7,28.5,59.8,,14.0,41.925694,-119.92744,0.01300758220017118,6,0.3358490566037735,0.2943716954797376,0.6237255682494587,0.010787711080388403,1.0868811421068467,0.9799999999999999,0.011952768429397213,1.5,c
KSSL_107754,KSSL_17211.0,sandy loam,0.13778204318954185,1.5030793891239635,0.02846751376081312,0.3780596896340583,52.3,42.8,4.9,,43.5,45.750832,-88.323929,0.010283550782436953,6,0.39622641509433953,0.0042052854040183375,0.3764534879891762,0.24793894231527655,10.999999999879899,0.03208397600230993,0.009328825583184786,0.35,sl
KSSL_190706,KSSL_31009.0,silty clay loam,0.029356518892144877,1.2227005463118652,6.675606037244356e-24,0.39430761056367214,5.9,66.0,28.1,,7.5,,,0.0042617935628098255,6,0.41509433962264153,5.788734422714877e-12,0.39722088818040585,0.022989311924701102,1.01,0.23915569924501243,0.0026966058255252622,1.6,sicl
KSSL_15950574,KSSL_75729.0,loam,0.18842473269329355,1.2672273417389648,2.0491269319741006e-10,0.48500454792069,38.6,46.1,15.3,,129.5,43.167198,-101.7162,0.01475166956062312,6,0.5132075471698113,7.38537707339423e-22,0.48503187657073077,0.14309750848482805,1.01,0.28354913203940246,0.01385320861765242,0.3,l
KSSL_181227,KSSL_29352.0,loamy sand,0.10545476644128915,1.6852035291611025,0.04883600570618898,0.38938336986068717,80.1,10.5,9.4,,10.5,32.601921,-106.76308,0.012100726130166271,6,0.41509433962264153,0.05992587580096136,0.3912320226084379,0.043185589679228024,1.1734254483612783,0.9799999999999999,0.008364622621915554,0.3,ls
KSSL_107850,KSSL_17222.0,sandy loam,0.3463933487653976,1.3893129064321046,0.01668674668997065,0.30610766389004146,72.7,23.7,3.6,,105.5,46.106384,-89.084793,0.012379178643236415,6,0.320754716981132,0.016587121454069143,0.30471739326684444,0.41827343706338066,10.999998150560527,0.03377007516750647,0.011229524337243049,,sl
KSSL_197562,KSSL_32256.0,silt loam,0.1287556712159923,1.385469541187973,0.03149920614296599,0.5694453494827535,4.9,76.9,18.2,,27.0,37.5075,-95.35611,0.023208506559728146,6,0.45660377358490567,8.470264601479905e-14,0.5630846663049396,0.22529064444837443,10.999999999976586,0.02612532757561528,0.019015426027235785,0.8,sil
KSSL_195266,KSSL_31855.0,sandy clay loam,1.0584294812878696,1.296070773509471,0.07820727132820718,0.433856804485715,54.9,24.1,21.0,,33.0,32.515766,-106.74073,0.004248145514514134,6,0.45660377358490567,0.07566539888723914,0.4337735873551646,1.1865868417832628,6.7404140895755695,0.042208686441663396,0.0040476627407413646,0.4,scl
KSSL_15950638,KSSL_75741.0,silty clay loam,0.16177324527546935,1.2136266262136248,2.7632715480078828e-24,0.49683801414951484,15.4,57.1,27.5,,12.0,45.440601,-99.6754,0.012236706142003,6,0.5245283018867924,3.488985254129615e-12,0.4969109321492038,0.12938331649039167,1.0100000000001523,0.22335476348962977,0.011665672187255796,2.6,sicl
KSSL_203346,KSSL_33548.0,loam,0.08343237331604719,1.8357094505902523,0.14744000099999996,0.5599233716971518,31.5,45.7,22.8,,147.0,43.653446,-103.54916,0.007359534723668062,6,0.369811320754717,0.12758076020529766,0.5536923052332022,0.1413623706060616,3.8353517410184903,0.14718253400827247,0.001107462168387751,0.2,l
KSSL_190691,KSSL_31007.0,silt loam,0.09150467044323751,1.5601234934060755,0.1334227070765727,0.6044810858741045,29.3,50.7,20.0,,7.5,,,0.020247450769721915,6,0.3735849056603773,0.08968330397290218,0.5913047631138016,0.1584467509854067,4.865592056238307,0.07527157099636124,0.014764983281823034,1.4,sil
KSSL_107767,KSSL_17212.0,loamy sand,0.1620915241691719,1.3562055986121466,3.7184486133527214e-09,0.29067719385971624,76.0,18.3,5.7,,143.5,45.521664,-88.48616,0.011221675065710826,6,0.3056603773584906,0.017342567121527746,0.29072263665690107,0.08115920537701365,1.01,0.5024448711107138,0.01106880590758815,0.04,ls
KSSL_107786,KSSL_17214.0,sandy loam,0.09543014915369659,1.3111833594563027,0.01054841264257047,0.2404892164482347,73.3,20.4,6.3,,172.5,45.521385,-88.485046,0.008969918994153505,6,0.24905660377358496,2.1266564640886728e-19,0.23604001621711587,0.15608447674920745,3.5842461559784566,0.06771896911841192,0.00793227519167565,0.06,sl
KSSL_15950637,KSSL_75740.0,loamy sand,0.16460263969933153,1.274966503559292,1.4901532349913794e-25,0.34881921597625803,84.3,7.2,8.5,,146.5,45.416698,-101.0841,0.022965636461259722,6,0.3735849056603773,9.295938190157844e-34,0.34672662379763475,0.10348692441112964,1.01,0.308770263833742,0.021806698306225898,0.1,lfs
KSSL_15830382,KSSL_53322.0,silty clay loam,0.12638453912814904,1.3884125918027594,0.12568548755585615,0.49863832066739205,18.7,43.0,38.3,,10.0,39.044384,-107.87939,0.026264691677229994,6,0.5320754716981132,0.17269429810455467,0.49220174880129414,0.027391652879191302,1.01,0.9799999999999999,0.023157952272084975,3.2,sicl
KSSL_160721,KSSL_25186.0,silt loam,0.016686098218359927,1.9734617899626374,0.13329230710967968,0.4750870253320451,21.5,60.1,18.4,,60.0,,,0.009497123431737397,6,0.44150943396226416,0.09929312505429741,0.47101562144098463,0.03021797488909722,4.5362010026040265,0.11892370874516207,0.008714679426386122,,sil
KSSL_15769461,KSSL_43793.0,silty clay loam,0.8394968058461175,1.1640284495126227,9.268685794504646e-12,0.5866480453485114,14.2,57.9,27.9,,20.5,45.300289,-123.34981,0.01901069068762999,6,0.6188679245283019,1.4895535885053563e-15,0.5863584525113131,0.7524159473013942,1.0100000000006089,0.16589410436452642,0.018716948082996367,1.6,sicl
KSSL_195238,KSSL_31849.0,sandy loam,0.20369822338877477,1.2309161457880855,0.08161278600238688,0.44335722272719413,72.9,14.8,12.3,,142.5,32.588604,-106.84361,0.018327877161276568,6,0.4716981132075472,0.16376119162350133,0.4349966055036229,0.04856956644147564,1.01,0.6089053588772302,0.017268941347518166,0.3,sl
KSSL_15830392,KSSL_53325.0,sandy loam,0.544210566561052,1.267918338524023,5.000927188342467e-21,0.4614830283832375,53.9,33.8,12.3,,45.5,37.657513,-107.80286,0.018432773457047625,6,0.4867924528301887,1.9896401733817707e-15,0.46097810522041505,0.4483735364379944,1.01,0.27653084619615576,0.017893050049262955,1.1,fsl
KSSL_198745,KSSL_32502.0,silt loam,0.022861836718579116,2.6239189461172847,0.23621000099999998,0.597914927597814,30.635245901639347,59.528688524590166,9.836065573770492,,7.0,19.914703,-155.59106,0.02734530843173177,6,0.6830188679245283,0.23621000099999998,0.6029483042523478,0.017581818668821844,1.9819443295413797,0.9799999999999999,0.02733583875383169,5.7,sil
KSSL_211748,KSSL_35015.0,sandy loam,0.07557331046957606,1.4858077608465683,0.10217756005261312,0.39897367600531014,76.0,7.3,16.7,,119.0,41.472214,-101.67149,0.0040302573467147305,6,0.3886792452830189,0.08374057903997338,0.3973538548964506,0.10815341709254346,1.943801699537996,0.19205475020897478,0.0035335621643819634,0.1,fsl
KSSL_206251,KSSL_34026.0,clay loam,0.004497340686677543,1.2250400809070259,1.4196667199365503e-14,0.38138634772743846,31.1,33.4,35.5,,103.5,40.695972,-96.855225,0.01651819132444481,6,0.27924528301886786,6.701117279125605e-05,0.3831724983273971,0.002889924551201286,1.01,0.26899545106828854,0.016319092357441608,0.1,cl
KSSL_195222,KSSL_31847.0,sandy loam,0.06978461656078994,1.4736723282010553,0.05571384728887472,0.3288159440312419,70.9,11.7,17.4,,183.5,32.618599,-106.78584,0.01348094021609138,6,0.3584905660377359,0.08065371071525215,0.33298950317446685,0.02177163356682555,1.0100000000004696,0.9799999944879473,0.010821688637838618,0.2,sl
KSSL_183548,KSSL_29746.0,clay,0.003870943648155034,1.2182187770571866,1.7097823261471082e-21,0.4989580081857461,8.7,32.5,58.8,,152.5,37.186501,-86.041031,0.01544656204712792,6,0.3660377358490565,2.7979524840310295e-18,0.5003676992849028,0.0021983874469138206,1.01,0.2777095952405009,0.015099094529438502,0.1,c
KSSL_206377,KSSL_34043.0,clay loam,0.14604087001639218,1.180485437548569,0.06426729457990879,0.44321332560705506,26.5,44.9,28.6,,115.0,28.66264,-97.552223,0.009200405735757936,6,0.3584905660377359,8.591388220576156e-14,0.4392297934622488,0.2444297531303477,6.304843895009095,0.020000003897499504,0.007173773094323195,0.5,cl
KSSL_15950548,KSSL_75725.0,clay loam,0.00946546243537222,1.9340765555349533,0.11765515094268435,0.43162810051847755,36.0,26.1,37.9,,87.5,43.5938,-99.712196,0.01790697330689691,6,0.4075471698113208,0.11771153159943959,0.4319780001338419,0.009301796025467463,1.8904292646523166,0.49858138177274086,0.017906837915691403,0.3,cl
KSSL_211736,KSSL_35014.0,silty clay,0.005974175924141785,1.1644784255776028,9.839533034072898e-17,0.4711856022494174,3.3,41.7,55.0,,33.5,40.627335,-97.958916,0.014144993421931268,6,0.31320754716981136,6.61555796909809e-16,0.47259569345185715,0.004385586199328075,1.01,0.18480885215285348,0.013695465943435738,0.8,sic
KSSL_115969,KSSL_18458.0,sandy loam,0.23260601714107915,1.2747846575316046,9.512577044359818e-22,0.22845529577183393,70.8,24.6,4.6,,109.5,45.552498,-89.8601,0.011001058028770496,6,0.23773584905660372,2.578285029359088e-40,0.225862718557397,0.30503544163101226,10.99999974012285,0.023220876978410108,0.009590700221185714,0.04,sl
KSSL_15950580,KSSL_75730.0,loam,0.0028673004790779628,1.26865020151388,9.172696999186149e-19,0.3023281136177695,33.7,39.7,26.6,,153.5,44.325001,-96.768501,0.029143728884870043,6,0.3169811320754716,6.897104669997985e-11,0.30476280106010845,0.0017287826222892452,1.01,0.33731025649896734,0.028780982867183932,0.1,l
KSSL_15747828,KSSL_40631.0,sandy clay loam,0.9768017994722628,1.180405925134587,2.841936238201202e-09,0.5230512613467093,46.5,25.5,28.0,,56.0,41.661983,-115.32397,0.015911757962716988,6,0.5509433962264151,5.1889415421504895e-08,0.5229499403129616,0.9036693696107994,1.01,0.18110597225633868,0.015790066499433826,1.2,scl
KSSL_194330,KSSL_31715.0,sandy loam,0.4271146656630255,1.7614602894359548,0.087200001,0.5519729939512167,66.5,23.6,9.9,,5.0,31.753471,-81.53289,0.014251010529216464,6,0.5811320754716982,0.0872000009999999,0.5519965457028304,0.40173017711386283,1.583544779545512,0.4915081347884268,0.014240168915957419,3.3,fsl
KSSL_110037,KSSL_17569.0,sandy loam,0.5628239889503445,1.31901166715888,1.6590130949407427e-10,0.3512874093408039,63.7,32.6,3.7,,56.0,45.578606,-91.629051,0.00684766977695887,6,0.369811320754717,4.536087964226303e-16,0.35127625182209493,0.4521658700763626,1.0100000207911315,0.33177439742938447,0.006673329144421498,0.12,sl
KSSL_190499,KSSL_30981.0,sandy loam,0.1257937129166796,1.4518974668988078,0.0641831460275725,0.2971242735785352,71.2,16.5,12.3,,112.0,30.471195,-88.741692,0.010199074757073169,6,0.3169811320754716,0.08511451216304705,0.29609733243555425,0.03359062090779447,1.01,0.9799999999999999,0.008037077140312442,0.0,fsl
KSSL_188171,KSSL_30552.0,loamy sand,31.62277660168376,1.1898941273964179,0.04851258718921532,0.40800487910049044,81.0,11.0,8.0,,71.0,48.720554,-120.65861,0.007174631091608968,6,0.43018867924528303,0.0483723633759593,0.4080093314624766,31.62277660123856,1.010000334457309,0.18781349803397776,0.007160915772497874,1.3,lcos
KSSL_15747845,KSSL_40634.0,sandy loam,1.0259445650835968,1.3060868711589833,0.06047036816157109,0.44093320732620794,67.4,19.1,13.5,,117.0,41.88728,-111.57061,0.0037757120651454577,6,0.4641509433962264,0.06388161415171328,0.44092596564788245,0.8679266186479454,1.010000038410181,0.32036108913119876,0.0037367640677716655,0.7,sl
KSSL_206266,KSSL_34027.0,sandy loam,0.27501777850973513,1.2754095417041915,0.06921394153150684,0.33357950263188374,79.0,7.7,13.3,,160.0,40.869026,-96.794357,0.003289736838326799,6,0.3509433962264151,0.05500316052603629,0.3333962301203222,0.37475040779778845,9.088213637431226,0.025530806775277772,0.0029778675304973955,0.0,fsl
KSSL_118569,KSSL_18826.0,clay loam,0.1440061335036951,1.1919277784699325,0.02284576929768673,0.4325402407354711,21.3,51.7,27.0,,9.0,35.166752,-102.08379,0.009563408014575581,6,0.44528301886792454,2.906484514931918e-19,0.42986536819418375,0.24793323641471066,7.624232566908363,0.020000000006129216,0.008536317362937118,2.45,cl
KSSL_199804,KSSL_32756.0,sandy clay loam,0.08606448049736426,1.3319859891096482,0.06196958971119044,0.4270512799568093,54.9,19.7,25.4,,28.0,46.489288,-110.31808,0.009503405882734458,6,0.45660377358490567,0.11458598592348328,0.42763172085381157,0.030329055045539427,1.0100000000000107,0.6722201712847652,0.0077584274288697175,1.3,scl
KSSL_107765,KSSL_17212.0,loam,0.13616740390181306,1.2719825476871978,0.009588439253138651,0.31731644664978265,49.3,40.9,9.8,,77.5,45.521664,-88.48616,0.009212354168538425,6,0.3056603773584906,5.9021991216573586e-30,0.31315751141154236,0.2246812245728198,10.999999999999929,0.020118557981466296,0.00659127320431129,0.11000000000000001,l
KSSL_149362,KSSL_23393.0,loam,0.342323670907011,1.1320963359629954,1.4181209009406402e-17,0.369688254358909,50.1,33.4,16.5,,2.5,,,0.021057842856785178,6,0.39245283018867916,3.233496390359474e-20,0.3685057204428142,0.276709391947288,1.01,0.13672711337503446,0.020779969756395428,4.21,l
KSSL_207919,KSSL_34311.0,silty clay loam,0.07860664089588244,1.1610500109826982,9.117162504869588e-09,0.4294399885592363,1.2,67.9,30.9,,136.5,41.733891,-94.966774,0.006060046020973563,6,0.43018867924528303,3.3079986671761268e-21,0.4295622712965643,0.07753403626030493,1.1466308092082058,0.14099535649039002,0.006059229246775739,0.2,sicl
KSSL_15747823,KSSL_40630.0,clay loam,0.5900349510109832,1.1306080486787355,9.603118648838238e-25,0.47907211616380746,30.3,39.9,29.8,,46.5,,,0.01268445663408398,6,0.5056603773584905,1.138270039131645e-14,0.4787524545897147,0.5347649375254833,1.0100000000134162,0.1317048644710401,0.012423603375464274,1.5,cl
KSSL_173588,KSSL_27793.0,silt loam,0.02630310308046472,2.0621183025161187,0.09826362250218314,0.40041474066166066,10.4,73.7,15.9,,12.5,34.848499,-86.884941,0.01383892646758065,6,0.4377358490566038,0.09203338165048865,0.394241808677918,0.03994660960818048,10.999999996933946,0.07137023856533563,0.01334638726289315,1.2,sil
KSSL_173595,KSSL_27794.0,loam,0.02555737865217126,2.1144003415832904,0.12949056121581248,0.3963922950747801,40.0,42.6,17.4,,7.5,34.439362,-86.687447,0.01490421611348879,6,0.44150943396226416,0.13029851808194018,0.40345096240960515,0.016596886100184054,1.4508201461547219,0.9799999999999999,0.014668797939233424,2.3,l
KSSL_107783,KSSL_17214.0,silt loam,0.05041037365301785,1.3572772911821822,4.744615888046049e-28,0.40083904119208474,25.2,63.9,10.9,,77.5,45.521385,-88.485046,0.01767176758958867,6,0.3584905660377359,1.1166729369810565e-15,0.40710103475059695,0.03208337375109354,1.01,0.41811210316320196,0.015826043286214935,0.13,sil
KSSL_15950618,KSSL_75737.0,silty clay,0.07717432730330692,1.0890140443926026,1.682274862702742e-13,0.461921553323243,3.0,40.6,56.4,,53.5,45.915401,-101.3448,0.0131203113658555,6,0.39622641509433953,1.7326890178879857e-14,0.461739889770193,0.06713435670049864,1.01,0.0912720673379851,0.012983895723072037,1.4,sic
KSSL_153002,KSSL_24010.0,loam,0.021362284171876987,2.446690658151055,0.12514285897672614,0.4177640574833707,28.1,45.9,26.0,,7.5,,,0.019566144786242322,6,0.4792452830188678,0.125102268290257,0.42253569736924235,0.015688876639876496,1.8063935243766835,0.9799999999999999,0.019254146463350014,1.0,l
KSSL_115933,KSSL_18454.0,sandy loam,0.045744205486835596,1.3827643849936393,1.8710612156299539e-93,0.23473708428050605,68.7,22.6,8.7,,108.0,45.235828,-89.840096,0.013637528088414988,6,0.26792452830188673,3.798654276878866e-42,0.23751536971758785,0.022962476108722638,1.01,0.5013435254997467,0.010911292397443508,0.03,sl
KSSL_186821,KSSL_30331.0,silt loam,0.022635826650295943,2.347013177540645,0.16215000099999927,0.4531547823285803,23.1,51.9,25.0,,5.0,35.074665,-86.894165,0.017199872603071,6,0.5056603773584905,0.15983248473238623,0.4488259008769716,0.035964097272782006,10.99999999980208,0.08666804016713518,0.016498488969130337,2.4,sil
KSSL_192594,KSSL_31330.0,loam,1.343395975140626,1.2406984959319791,4.651574074075596e-18,0.6052360395713212,46.4,46.4,7.2,,24.5,45.265217,-117.17374,0.02797753238389752,6,0.6377358490566039,5.861336995117007e-20,0.6049012164975808,1.1851714969723735,1.01,0.24429124616203127,0.027691404776098317,2.9,l
KSSL_15950610,KSSL_75736.0,silty clay loam,0.2004451242079114,1.1528872167143445,1.6810451966909812e-10,0.4134946486874629,17.5,54.3,28.2,,24.5,45.105499,-97.102402,0.016456597324768698,6,0.4339622641509434,1.9316272355095556e-27,0.4122699605720757,0.26106068968769525,7.18372558858014,0.020000000300620803,0.016053299109744193,1.5,sicl
KSSL_190721,KSSL_31010.0,clay,0.048373051615789094,1.074134096525325,1.4749153187822302e-91,0.40483116021964444,7.4,37.0,55.6,,33.0,,,0.008973951642169558,6,0.4075471698113208,2.8548207047493545e-55,0.40479554102022625,0.0416433221527825,1.01,0.07664421438055051,0.008760351571999137,0.3,c
KSSL_181366,KSSL_29368.0,silt loam,0.023050770235661166,1.8338157614257997,0.13432193287951308,0.4263495924668995,1.1,73.9,25.0,,33.5,34.255165,-89.873558,0.011393893683769293,6,0.44528301886792454,0.11510558484667614,0.42025842495659604,0.03916472017067009,10.999999993650762,0.04890469238466637,0.0103031373642231,0.3,sil
KSSL_15950647,KSSL_75742.0,clay loam,0.05817044206941773,1.1255849393801836,8.811150630008802e-18,0.34141712556092585,26.3,41.0,32.7,,60.0,45.029202,-99.113403,0.009648932424348708,6,0.36226415094339626,9.314275872889745e-19,0.3414467179833578,0.047908557296205176,1.01,0.1312048684369363,0.00940299722352464,1.3,cl
KSSL_115935,KSSL_18454.0,sandy loam,0.10964228545927547,1.3340011025060559,0.006985246805825942,0.2811058976759977,70.1,22.5,7.4,,191.5,45.235828,-89.840096,0.008039691900845048,6,0.2528301886792452,5e-324,0.2787940909733976,0.20944164858255387,10.999999999999998,0.02348903243322086,0.007396714184513433,0.02,sl
KSSL_15950586,KSSL_75732.0,clay loam,0.09519746682081043,1.1583220893869333,2.527553759232345e-22,0.39767189276641957,32.2,37.0,30.8,,28.5,44.073002,96.530197,0.010084714838253104,6,0.4226415094339623,1.610129337242077e-19,0.3974963094471456,0.07581333297688127,1.01,0.1663185878323244,0.009461876537839194,1.9,cl
KSSL_186828,KSSL_30332.0,silt loam,0.04435437042375095,1.2673370950902412,0.036757510377384076,0.38143435272933873,12.9,63.7,23.4,,16.5,35.064335,-86.591393,0.008954897500815073,6,0.41132075471698104,0.12160836561423345,0.38226309698431654,0.014223745010709976,1.01,0.700667122214981,0.0079360368367529,0.7,sil
KSSL_192655,KSSL_31338.0,silty clay,0.026373754506564512,1.1387909143340451,5.471338627914363e-23,0.4238207283027419,5.2,54.4,40.4,,8.5,39.700474,-96.162941,0.0063406325621794,6,0.3735849056603773,5.786824271178254e-17,0.4252291813924313,0.022737364928719465,1.01,0.14430736382064024,0.005716740039143552,2.3,sic
KSSL_192607,KSSL_31332.0,silty clay loam,0.004615344916761842,10.99999998522642,0.22575118392826354,0.3953984980149575,4.1,58.4,37.5,,4.0,33.00016,-91.066788,0.011755070217028284,6,0.3735849056603773,0.22575978807252353,0.3953984287106946,0.00457871490727934,10.999999999999998,0.979471240171171,0.011755054351862885,1.1,sicl
KSSL_181202,KSSL_29350.0,sandy clay loam,0.14734594758546843,1.3708940737117246,0.05873794762916777,0.40348293960622633,66.9,11.8,21.3,,66.0,32.602318,-106.76126,0.005657747848256797,6,0.42641509433962266,0.08728697177363604,0.40348226516349084,0.06298737416699447,1.0100000000000038,0.5960900851847141,0.004006848411268686,0.2,scl
KSSL_95880,KSSL_15186.0,sandy loam,5.191277755882617,1.1462990255794905,2.6598743303095156e-09,0.45168214092382986,65.5,18.0,16.5,,9.5,41.594032,-119.89049,0.007291097445429935,6,0.47547169811320744,1.0671884603002485e-20,0.4516710952579817,5.065793170524992,1.010000000530255,0.14535313407783954,0.007274350278959411,0.9199999999999999,fsl
KSSL_15950656,KSSL_75743.0,clay loam,0.10659674532935016,1.2438070820247111,0.09525250047866725,0.4564826390661814,25.3,40.0,34.7,,130.5,45.519402,-103.289,0.016259121928373428,6,0.3886792452830189,0.06546896732704348,0.45083463510452937,0.15332312830638087,9.627608793672374,0.02000000007328746,0.01355679427534992,0.9,cl
KSSL_184677,KSSL_29926.0,silt loam,0.004571606782422974,10.999999958503851,0.2124607523616049,0.35869433353394814,14.7,59.5,25.8,,19.0,38.453609,-87.314445,0.022629610837233416,6,0.3018867924528301,0.2124789039421279,0.35869434358875985,0.0045355975216321955,10.999999999999998,0.9799996016730637,0.022629573498060284,0.3,sil
KSSL_211766,KSSL_35018.0,sandy clay loam,0.32582033303901614,1.1564366195931437,1.3519034971981922e-09,0.5363342645426926,56.1,21.2,22.7,,17.5,41.695618,-101.49545,0.007728718821706468,6,0.5660377358490567,0.04451040782676793,0.536026650349572,0.24533318058307285,1.01,0.1886091575729509,0.007336950466651199,2.0,scl
KSSL_193773,KSSL_31574.0,silty clay loam,0.041531553525424356,1.1285468068039428,2.838138696729409e-19,0.38463631488629,19.2,42.6,38.2,,15.5,40.640556,-78.129166,0.00496858900458841,6,0.3509433962264151,2.1773965777502524e-19,0.3857252918763278,0.03625033252817497,1.01,0.13290215841316655,0.0043814792317029795,1.7,sicl
KSSL_207922,KSSL_34311.0,silt loam,0.05818373952589815,1.312818542028265,0.10697185233512428,0.4833410979310591,1.5,72.6,25.9,,191.0,41.733891,-94.966774,0.005777352417839434,6,0.43018867924528303,0.1350749341419883,0.48464699512751086,0.04157733075427199,1.1447300230318767,0.35238226791937766,0.005637534106766538,0.1,sil
KSSL_195178,KSSL_31840.0,clay loam,0.08137066471954553,1.18835172148472,4.040997168075908e-17,0.33959145781940187,36.9,30.1,33.0,,165.0,32.512779,-106.74306,0.005365310345829902,6,0.36226415094339626,1.378379572167136e-21,0.34081817125461916,0.0642378805038228,1.01,0.20012873361919797,0.0042995647263659054,0.2,cl
KSSL_193767,KSSL_31572.0,sandy loam,0.02504315357421453,2.3471844126919246,0.11925000099999986,0.34690711883698316,63.2,23.4,13.4,,95.0,40.719723,-77.933052,0.01209109873264521,6,0.38113207547169814,0.11925000099999998,0.34332153520097175,0.037505946452637315,10.999999996425096,0.09352076736341354,0.011582497315674041,0.1,fsl
KSSL_118584,KSSL_18827.0,silty clay loam,0.024764008680677442,1.2800973460002107,2.530931121615741e-19,0.5293401237476149,3.4,66.3,30.3,,195.0,,,0.0073530263051822245,6,0.4377358490566038,0.154821289025518,0.5311830070569343,0.006308340984120034,1.01,0.9697351800502938,0.005617692639419422,0.13,sicl
KSSL_149353,KSSL_23388.0,loam,0.2849128077884742,1.2340844077723312,0.02124692179649836,0.4281392992338717,42.5,40.2,17.3,,11.5,,,0.010540808263744542,6,0.4528301886792453,0.06238853314733229,0.4270136811806102,0.1652955353876288,1.01,0.3259419689061907,0.009759017712263977,2.08,l
KSSL_15950641,KSSL_75741.0,loam,3.2722497246645066,1.089223002999602,2.4139996346586336e-09,0.3298649267852322,40.3,38.3,21.4,,77.0,45.440601,-99.6754,0.01611304508326984,6,0.34716981132075475,5.348760814498193e-130,0.32981135034683867,3.3246453977784536,3.465529976949102,0.025690792243923805,0.016100414675812077,0.6,l
KSSL_118543,KSSL_18822.0,loam,0.030719366953470596,1.8816029323746781,0.19856163434280893,0.5571084075198234,47.9,33.4,18.7,,171.5,,,0.01329532324702242,6,0.539622641509434,0.20609253759353613,0.5661166145412528,0.01712686684774025,1.3123183199493016,0.9799999999999999,0.011291168359776865,0.06999999999999999,l
KSSL_115959,KSSL_18457.0,sandy loam,0.2622756097066868,1.3000161220786595,0.002542290067914045,0.27295769349343535,72.0,23.3,4.7,,129.5,45.55444,-89.859543,0.011832823862028156,6,0.2867924528301887,0.016368602248108276,0.27285412748156695,0.16272029843709432,1.01,0.3765869778018239,0.01182697920324876,0.04,sl
KSSL_15950557,KSSL_75727.0,loam,0.03231062166477002,1.2294327619826297,5.668784349813879e-25,0.38030488657745803,36.1,39.3,24.6,,5.5,43.384102,-97.992798,0.01412117366706559,6,0.41132075471698104,1.9791463551141778e-22,0.3815627904536255,0.02231800786784007,1.01,0.2572999225500634,0.012919118226368624,2.4,l
KSSL_181514,KSSL_29391.0,silt loam,0.041206799909744345,1.7843413739566258,0.017214100983814245,0.5668643724954388,43.2,50.2,6.6,,5.0,64.226448,-149.37283,0.01936597805010997,6,0.45660377358490567,0.03359063268115156,0.5758157504395356,0.024668151357419236,1.3569821543931444,0.8287916223487843,0.01828336067991339,0.4,sil
KSSL_164274,KSSL_25850.0,loam,0.09364547434699633,1.2107913916798445,1.861549329021317e-22,0.3805094739426725,42.6,36.8,20.6,,2.5,39.635326,-82.969002,0.015054991952225259,6,0.41132075471698104,0.08192598286877559,0.3787009420126612,0.03801332073310749,1.01,0.42254531458525607,0.01428105179252958,2.0,l
KSSL_15747832,KSSL_40632.0,sandy loam,0.5626647489734343,1.2855231741240831,0.07292522845515673,0.48736968431979444,58.7,26.3,15.0,,54.5,41.96735,-118.18941,0.009792923313667441,6,0.5132075471698113,0.08455750835848605,0.4872519460625869,0.42029618922568696,1.0100000010893333,0.3213441009413491,0.00961714738328116,1.1,sl
KSSL_181375,KSSL_29369.0,silt loam,0.02097859405005655,1.9326898250228972,0.14790685386231506,0.43449251605687916,0.5,74.3,25.2,,72.5,34.236195,-89.898529,0.01008247471265591,6,0.4188679245283019,0.1262015585424233,0.42963753415963296,0.03781091176271073,10.999999928668394,0.050537363218427014,0.008650895433819273,0.1,sil
KSSL_211739,KSSL_35014.0,silty clay loam,0.04742159034610641,1.3799131322397988,0.10273692097334078,0.4891216686805465,6.0,64.5,29.5,,100.5,40.627335,-97.958916,0.01005237573451822,6,0.4716981132075472,0.020495144783413754,0.48475466125165306,0.08025899110826286,2.4011809912788435,0.09486124892715399,0.0088990981421741,0.2,sicl
KSSL_15950624,KSSL_75738.0,sandy clay loam,0.24171789441803426,1.7661585686859747,0.15347000099999974,0.39447819166276493,50.8,23.8,25.4,,115.0,45.796299,-100.7805,0.013768098599596103,6,0.41509433962264153,0.153470001,0.3943396372617009,0.28194021822835186,10.263325505881596,0.07077676195584534,0.013647950801933269,1.0,scl
KSSL_107825,KSSL_17219.0,silt loam,0.030625266897996044,1.939113594046964,0.08583238392010387,0.3985686929586044,23.3,62.9,13.8,,80.5,45.466942,-88.585884,0.013191673243723641,6,0.39245283018867916,0.07907727508745213,0.3908437089564651,0.044524923304632126,10.999999997510052,0.06560071163802209,0.012622595016988092,0.2,sil
KSSL_190728,KSSL_31011.0,clay,0.013993094653774671,1.0934873745953162,8.606618859538063e-28,0.38863941595467766,13.7,35.1,51.2,,33.0,,,0.008744666345118451,6,0.4075471698113208,1.0190151334091928e-24,0.3890664380061808,0.012025037226529268,1.01,0.09767561415236298,0.008494133057323857,0.2,c
KSSL_181229,KSSL_29352.0,sandy loam,0.504351962436445,1.4283925318737971,0.06498338038943702,0.4228834841645829,73.1,12.2,14.7,,43.0,32.601921,-106.76308,0.005642826366673518,6,0.44528301886792454,0.07177758232700263,0.422807944766965,0.32607380244416545,1.0100000024994682,0.5031047711587641,0.005234394038834706,0.2,fsl
KSSL_15950546,KSSL_75725.0,clay,1.6854056666762027,1.0985392678625439,1.0565412528017312e-18,0.4446015770611679,32.4,26.4,41.2,,28.5,43.5938,-99.712196,0.025605739574364333,6,0.4679245283018868,2.7174100208640673e-188,0.4445283501980827,1.7599077050868739,4.100171820664235,0.023874519088321406,0.02559025504523533,1.9,c
KSSL_181172,KSSL_29348.0,sandy loam,0.08032559582676575,1.567666674364572,0.04126819953980498,0.34512199550422284,78.4,9.7,11.9,,70.5,32.596363,-106.76321,0.021249694236480394,6,0.37735849056603776,0.05944129600978547,0.3484454980086155,0.028710816289879048,1.0998020660753476,0.9799999999999999,0.01810730062811862,0.1,fsl
KSSL_110045,KSSL_17570.0,sandy loam,0.16552445818672623,1.4122867286191325,2.3428747641715813e-10,0.3536425054687652,67.2,28.5,4.3,,39.0,45.57777,-91.628769,0.006933267849070078,6,0.3735849056603773,0.019734701731818533,0.35364907374744603,0.07319548067592797,1.0100000000000002,0.6183865158216829,0.005507616872011773,0.35,sl
KSSL_108643,KSSL_17329.0,silt loam,0.025281815008779233,2.957760886775011,0.11528000099999976,0.5413066979634806,39.2,51.2,9.6,,137.0,47.808163,-119.90921,0.023176695000099213,6,0.5056603773584905,0.115280001,0.5447245675326788,0.02049493657282875,2.3560158948786745,0.9799999999992218,0.022719100344454696,0.37,sil
KSSL_193751,KSSL_31569.0,silt loam,0.02121142597513568,1.4121789867639625,0.06810080281100067,0.3879160489442142,16.7,63.2,20.1,,80.0,40.911388,-77.696114,0.005845049674003267,6,0.3660377358490565,0.12253576198645726,0.3913309940070226,0.006865964796563041,1.0478656402738797,0.9799999999999999,0.0043513195646571684,0.1,sil
KSSL_173612,KSSL_27796.0,silty clay,0.07544821355271848,1.1383689086029498,1.279015983116727e-10,0.5790228790740578,1.5,43.1,55.4,,177.5,33.973782,-90.904984,0.00457319937815736,6,0.3358490566037735,6.030436013289843e-17,0.5804669221560587,0.06489891335600347,1.0100000000000602,0.14307497157371585,0.0037822969046780496,0.5,sic
KSSL_15950648,KSSL_75742.0,loam,0.35067992477079135,1.1475340126674807,1.9363073759683905e-08,0.3836128568189961,42.3,31.4,26.3,,81.0,45.029202,-99.113403,0.004138451944203567,6,0.4037735849056603,2.4891649934037245e-15,0.3836252148992305,0.34532220587585577,1.1197339771088164,0.13216612817002885,0.004137991456483815,0.5,l
KSSL_198737,KSSL_32500.0,silt loam,31.62277660166974,1.299306310249494,0.325120001,0.6905798569501447,25.8,52.2,22.0,,5.0,19.956617,-155.53522,0.014429638392744424,6,0.7283018867924529,0.32512000099839283,0.6905868483231259,31.622776601620238,1.0100003122112493,0.2962321885327825,0.01441389106413128,11.4,sil
KSSL_15747833,KSSL_40632.0,sandy loam,0.4030943167024664,1.311572767825814,0.06880228735934212,0.48698884418784943,61.2,25.3,13.5,,83.0,41.96735,-118.18941,0.015505269674870887,6,0.5132075471698113,0.08788473259333744,0.48649392218908016,0.2562123281547417,1.01,0.38448816860341944,0.015102141607331998,0.9,sl
KSSL_186818,KSSL_30330.0,silty clay loam,0.036369026816429686,1.4719152457450506,0.162011094611943,0.4115314574772921,9.7,55.7,34.6,,71.0,35.139362,-86.191109,0.006708255302960466,6,0.4188679245283019,0.18843921696335297,0.41610145119515224,0.01205359307397535,1.014809730671262,0.979999999996425,0.0060063001374248805,0.2,sicl
KSSL_199793,KSSL_32754.0,sandy loam,0.30748165306118586,1.3091330804060735,0.06726949595749737,0.4284721787042882,52.9,30.3,16.8,,4.0,46.735813,-111.19501,0.01597481428927954,6,0.4528301886792453,0.09517850045533602,0.42680401957292097,0.15702892523334966,1.0100000000007368,0.44250825646366365,0.015146444575042776,1.4,sl
KSSL_15950535,KSSL_75723.0,sandy clay loam,0.040557670562509245,1.4604369836900088,0.13855432456165964,0.32902087905360716,56.7,17.6,25.7,,116.0,44.858799,-98.530296,0.006401523583324628,6,0.3358490566037735,0.15899418450789138,0.3301613475072477,0.015742112402859696,1.0797388956383147,0.8249402798355127,0.0062040564868482565,0.5,scl
KSSL_206381,KSSL_34044.0,sandy loam,0.6215210476162635,1.297919642311824,0.05971619499365183,0.3298584613638757,73.7,14.7,11.6,,23.0,28.647194,-97.61953,0.0010580465610928163,6,0.34716981132075475,0.05298932047576976,0.32981132107057415,0.7771062106208999,8.51125622914617,0.03155420892643858,0.0007896990733485813,0.7,fsl
KSSL_184695,KSSL_29928.0,silt loam,0.0264419912021859,1.6014806917219877,0.10790829803476033,0.4151180834175289,5.1,75.4,19.5,,22.5,38.232777,-87.3125,0.008318267936800017,6,0.3735849056603773,0.12974225601316114,0.4206041429030627,0.01100330908086089,1.1381635436071385,0.9799999999999999,0.006413981744003997,0.8,sil
KSSL_190695,KSSL_31007.0,clay loam,0.08954444165503686,1.4292869391595135,0.14276467642029597,0.5394980258554612,24.0,47.1,28.9,,38.5,,,0.005756486689967007,6,0.38113207547169814,0.08022987306608328,0.5372028322575089,0.17440084019398785,2.9545986113469036,0.08763566582885278,0.00489675228812371,0.2,cl
KSSL_15769465,KSSL_43793.0,silty clay,0.1262440769243035,7.060394495960469,0.4296600009999997,0.7793559151808415,3.0,44.8,52.2,,103.5,45.300289,-123.34981,0.020617751019216885,6,0.369811320754717,0.429660001,0.7801826297782869,0.1553509552260641,10.999999999999998,0.3158818937380741,0.020370437574494513,0.3,sic
KSSL_197466,KSSL_32235.0,sandy loam,0.35347213815017575,1.3638381275032265,0.043997639534650725,0.3725517362493373,76.5,14.4,9.1,,51.5,38.999565,-120.1314,0.007327429644356452,6,0.39245283018867916,0.05615960928583241,0.3723534968551132,0.21346973640578265,1.0100000003128018,0.4533471898939909,0.006901773687703177,0.3,cosl
KSSL_110089,KSSL_17576.0,silt loam,0.0433962331765255,1.2432788564403827,7.151923830058608e-14,0.41217110455798434,12.9,64.3,22.8,,31.5,45.21944,-92.086288,0.005854653571825444,6,0.41132075471698104,0.10463608869863553,0.4124992325131813,0.015276664622065598,1.01,0.5985288912080673,0.00485582653105285,0.41,sil
KSSL_15950655,KSSL_75743.0,clay loam,1.2142604139570965,1.092234986727041,9.885819730013748e-21,0.40875230870051293,20.8,40.8,38.4,,80.5,45.519402,-103.289,0.016974268412328544,6,0.43018867924528303,5e-324,0.40867928418225424,1.2948229715620043,4.467342135059036,0.02043369200485978,0.016955196004184554,0.8,cl
KSSL_211765,KSSL_35018.0,sandy clay loam,1.8986707505915021,1.150361284782082,0.038747136612167325,0.530301499611052,65.1,13.8,21.1,,6.0,41.695618,-101.49545,0.014656494814012249,6,0.5584905660377358,0.054864752521232005,0.5301742027073562,1.6272897597735223,1.0100000000000002,0.16169746497612109,0.014576851985736118,2.8,scl
KSSL_160724,KSSL_25187.0,loam,0.027468648788042112,1.922225423125129,0.08060918521489367,0.42076277610960666,42.1,45.4,12.5,,49.5,,,0.009200005943183986,6,0.4226415094339623,0.08802232652886877,0.42655266311641743,0.015994275388392973,1.4127254144918207,0.954056363607961,0.008683871707044119,,l
KSSL_192640,KSSL_31335.0,silt loam,0.02434544035482618,2.3596151809654584,0.1455558380689209,0.5112293071215607,3.1,79.7,17.2,,177.5,34.783333,-90.816666,0.019548307711260905,6,0.4641509433962264,0.14648359810351638,0.517612329799467,0.01738849198264017,1.7360284640282793,0.9799999999999999,0.01885769723669346,0.1,sil
KSSL_193771,KSSL_31573.0,silty clay loam,0.06253711591678834,1.5421366622913015,0.15916130662259914,0.5150454591590224,10.1,50.7,39.2,,65.0,41.070557,-77.489998,0.004362198001296021,6,0.4679245283018868,0.1628858688629415,0.5156222465972036,0.05715682884832224,1.4678173452486387,0.3933104583627092,0.004324513083736644,0.3,sicl
KSSL_152984,KSSL_24010.0,loam,0.030917088705046114,1.7570486285791524,0.1243665671973234,0.4199157909802705,29.6,47.0,23.4,,7.5,,,0.0067358152990142205,6,0.44528301886792454,0.13558938346924004,0.4254338009483858,0.015189679150823478,1.2563499365523518,0.9799999992487541,0.005980056409670893,1.0,l
KSSL_190729,KSSL_31011.0,silt loam,0.027273189274989944,1.4838178646254878,0.12148482885240454,0.49913515220465304,18.6,59.5,21.9,,2.5,,,0.012144375418723066,6,0.5471698113207547,0.161328995270574,0.507390849248228,0.009542931477114129,1.0100000002314926,0.979999991105934,0.009921052873373167,7.5,sil
KSSL_197498,KSSL_32242.0,silty clay loam,0.005578456545547499,3.426408150615356,0.22383420948484098,0.3986374413186958,4.8,62.0,33.2,,47.5,34.283333,-91.349998,0.011573405533547328,6,0.33207547169811313,0.22448877408883477,0.398768629497136,0.004870882862753162,3.1922179996246767,0.9799999999999998,0.011552959045932395,0.4,sicl
KSSL_181376,KSSL_29369.0,silt loam,0.022247472985671052,2.3401987872009213,0.11907000099999998,0.41932112301829844,0.7,83.0,16.3,,107.0,34.236195,-89.898529,0.011740390901501576,6,0.41132075471698104,0.11497615731455715,0.4155632818543351,0.036539399516650896,10.999999988358203,0.0824613193708855,0.010010132441021532,0.1,sil
KSSL_15769479,KSSL_43795.0,silty clay loam,2.4349706565593388,1.1559418665033279,1.0633212243961941e-11,0.6699613168759754,8.9,53.9,37.2,,25.0,45.289513,-123.35818,0.028432105818465014,6,0.7056603773584905,1.0229964716827977e-12,0.6698165122878349,2.3019779609009143,1.01,0.1558501639759018,0.028336926559580606,3.7,sicl
KSSL_107803,KSSL_17216.0,loamy sand,0.11384525642321128,6.697007321193595,0.042090000999999995,0.3063275321044998,83.0,11.6,5.4,,84.0,45.46833,-88.586716,0.02712150952786197,6,0.3094339622641509,0.042090000999999995,0.3095430510263443,0.18577674553931015,10.999999999999998,0.10781762524284307,0.0237239942166815,0.11000000000000001,ls
KSSL_190199,KSSL_30905.0,sandy loam,0.44089272401762114,1.335840295876588,9.562237416217157e-15,0.3323865299617256,69.5,26.2,4.3,,62.5,48.7225,-116.46306,0.01348320066281797,6,0.3509433962264151,2.4065188825459962e-17,0.33204999980564637,0.3230312864622254,1.0100000000000002,0.3599486488211326,0.012894443749855529,0.1,cosl
KSSL_15742060,KSSL_39574.0,silt loam,0.5388893361240819,1.2388028775108735,0.06589325544041602,0.6266150500747644,28.9,58.7,12.4,,6.0,47.708332,-123.45722,0.020013237627070406,6,0.660377358490566,0.09567122363021775,0.6260125573614546,0.3738539216050664,1.0100000000008234,0.2859599849935174,0.019624427957480692,8.4,sil
KSSL_15747826,KSSL_40631.0,loam,0.7013301692119377,1.2587249197576673,0.067735973074227,0.5731261453884721,42.8,30.5,26.7,,7.5,41.661983,-115.32397,0.021715627020496144,6,0.6037735849056604,0.08768765312261792,0.5727178266747336,0.4993468083825385,1.01,0.3007683902060511,0.02145794024930202,4.8,l
KSSL_192648,KSSL_31337.0,sandy loam,0.5889379547489505,1.2986517637726818,5.929230630780102e-21,0.38994966236848067,72.4,20.1,7.5,,9.0,37.13139,-97.086113,0.014504412869523435,6,0.41132075471698104,8.896376678205454e-14,0.3896892972436332,0.4676151102213266,1.01,0.3120265569228861,0.014052958520391168,0.8,fsl
KSSL_195295,KSSL_31859.0,sandy loam,0.2210834654361915,1.373893149225915,1.3273663892061866e-23,0.5326401833392408,64.0,27.5,8.5,,14.0,,,0.029502989296388636,6,0.5660377358490567,0.04009790239977364,0.5271963542270657,0.08452368675287457,1.01,0.6168858645191837,0.02733522036177118,2.3,cosl
KSSL_187294,KSSL_30394.0,sandy loam,0.9056120307877992,1.2002923660569715,2.226736824348189e-14,0.5293068930312288,53.5,31.8,14.7,,32.0,47.384998,-121.06333,0.02516919484097516,6,0.5584905660377358,4.6732230018898296e-11,0.5288579131412455,0.7885128112444751,1.0100000000074747,0.20393775664126423,0.024848475824637017,0.7,sl
KSSL_153994,KSSL_24196.0,silty clay,0.023376832264064604,2.403304272727693,0.2929000009999764,0.5240501833111355,15.2,43.3,41.5,,5.5,41.925694,-119.92744,0.013385317167370734,6,0.5358490566037736,0.29290000099999997,0.5278773018724461,0.016883109133148232,1.7723116386501,0.9799999999999999,0.01335410255688385,7.4,sic
KSSL_195209,KSSL_31845.0,clay,0.05387599939626134,1.1254103978771262,8.486833907437156e-20,0.47521791974508404,2.6,24.3,73.1,,115.0,32.66777,-106.77194,0.004107680642947228,6,0.34716981132075475,8.635373982918314e-08,0.47664809568217076,0.04830077638426347,1.01,0.12842959816167662,0.0036559848769490955,0.2,c
KSSL_153912,KSSL_24178.0,silt loam,0.08080418429492307,1.2306989905002816,1.248211687930656e-20,0.40997580797262445,13.0,67.6,19.4,,46.5,45.210636,-123.11656,0.01116730165781524,6,0.44150943396226416,0.08112518016663854,0.40940478128069074,0.034367957406586665,1.01,0.4463386828620903,0.010038756966530954,0.8,sil
KSSL_15950575,KSSL_75729.0,loam,0.1812296991681798,1.3739234353139818,0.04418692588492709,0.4758378308181978,44.3,42.6,13.1,,175.0,43.167198,-101.7162,0.007200499855966338,6,0.5018867924528303,0.07075717299495538,0.4753124012208386,0.092310670376345,1.01,0.5274139340296183,0.005692293726904406,0.2,l
KSSL_15950472,KSSL_75712.0,clay,0.002022873420925113,10.999999997765983,0.21020697918392123,0.3595040449041266,1.7,29.7,68.6,,22.5,43.798195,-99.415749,0.02252489232908359,6,0.3509433962264151,2.875075258869043e-11,0.3692415688363474,0.0005199665539079362,1.0100000000000033,0.9799999843753173,0.023969731231649076,0.6,c
KSSL_152991,KSSL_24010.0,loam,0.35335400166452025,1.2157080394670647,1.4716641080410494e-24,0.4729159355373513,26.9,49.2,23.9,,2.5,,,0.02283297031704089,6,0.5018867924528303,9.10153337798504e-20,0.4723049709647758,0.27724699891277904,1.01,0.22634419642256606,0.02217618708873449,1.0,l
KSSL_15769407,KSSL_43784.0,loam,0.09025709831221136,1.5619315685743196,0.1634342756860493,0.5227884782056751,36.9,37.7,25.4,,86.5,40.397972,-105.84597,0.008894351343396972,6,0.3886792452830189,0.12767297697699057,0.5200943530384139,0.1773290999822655,4.072761709456005,0.08629046188652992,0.008441349120767222,0.1,l
KSSL_193778,KSSL_31575.0,silt loam,0.0214019942274802,2.167740198239759,0.1411689520307316,0.44956564563296336,13.8,63.5,22.7,,16.5,40.648613,-78.129997,0.01143122120697884,6,0.46037735849056594,0.12722612870051553,0.4452344034331725,0.03702739129851259,10.999999999972282,0.06598526476304147,0.009748005032300756,0.6,sil
KSSL_153932,KSSL_24183.0,silt loam,0.10878348830291616,1.1958806834246647,9.956824444577827e-59,0.4360676604427634,12.9,64.8,22.3,,7.5,45.210274,-123.11528,0.015379862962374351,6,0.47547169811320744,6.386573026679045e-44,0.4356863628478209,0.07574336079896019,1.01,0.21546783683205334,0.013566580644390662,2.0,sil
KSSL_15950518,KSSL_75720.0,loam,0.214331136466798,1.2046100725513198,2.2622727297876043e-09,0.3986681971433369,36.3,41.1,22.6,,110.5,45.526402,-102.4712,0.007826635770982365,6,0.4188679245283019,5e-324,0.39792458177142653,0.2800613904561084,9.603060292841116,0.02000000466217369,0.0073854588814316335,0.2,l
KSSL_15769524,KSSL_43800.0,silty clay,0.12724580100973631,7.276986298107496,0.39476000099999997,0.7137706513278318,15.4,40.7,43.9,,113.0,45.311638,-123.33768,0.019773801625040766,6,0.3999999999999999,0.39476000099999997,0.7143731224757633,0.15383806374611209,10.999999999999998,0.34213965332116897,0.019622491409497803,0.3,sic
KSSL_183549,KSSL_29746.0,clay,0.004494724126915131,10.999999999823125,0.33208342272434455,0.4994759178161645,8.8,36.1,55.1,,179.5,37.186501,-86.041031,0.01817587583260124,6,0.4037735849056603,0.3320995849780488,0.4994759010821837,0.004460089331740132,10.999999999999998,0.9799361013151884,0.018175854951292262,0.1,c
KSSL_15747871,KSSL_40639.0,sandy loam,0.8739117263167953,1.3822869922156376,1.68890464708749e-11,0.4551556756406355,76.1,17.4,6.5,,12.5,37.190613,-112.19253,0.015028483938776089,6,0.4792452830188678,0.0006249350656199655,0.4550400719161116,0.7302035040670417,1.0100000000000324,0.39476541139080035,0.014815579997397672,0.5,vfsl
KSSL_192633,KSSL_31334.0,sandy loam,0.04938028978757416,1.779822482500827,0.0860719544457864,0.31274647671520217,76.8,10.9,12.3,,197.0,34.25,-92.01667,0.009655329584345732,6,0.3396226415094339,0.09371360138622646,0.3181876134938097,0.025009365714887356,1.2582117555347108,0.9799999999999993,0.008323561954403251,0.1,fsl
KSSL_107791,KSSL_17215.0,silt loam,0.20655704708538103,1.4750882756582862,0.04887848338756493,0.48807408336476843,29.6,63.5,6.9,,20.5,45.521385,-88.485046,0.019597785655940777,6,0.5132075471698113,0.03725784429927871,0.48707255386893505,0.269628679671838,2.068543290326897,0.19775913086989688,0.01935206941811233,1.16,sil
KSSL_206379,KSSL_34043.0,clay,0.09729886447960438,1.1559830563920006,0.15465006183461816,0.47355077579129323,13.0,35.8,51.2,,179.0,28.66264,-97.552223,0.00831385459223299,6,0.28301886792452835,0.20487718399614996,0.4740212275706384,0.06701192984512959,1.0100001425673992,0.21909167847459804,0.008280901809883086,0.6,c
KSSL_181118,KSSL_29344.0,sandy clay loam,0.10151515495579193,1.2927187408316927,0.02410626010353519,0.4275387418947778,58.3,20.0,21.7,,68.5,32.548763,-106.76363,0.02056220075000387,6,0.46037735849056594,0.1125073997344855,0.4215310135135351,0.01890704829897175,1.01,0.9786168515818063,0.018603018408501343,0.4,scl
KSSL_184675,KSSL_29926.0,silt loam,0.016789240446538015,1.2362620954581245,4.0696069879296993e-16,0.38016185675968284,6.4,72.0,21.6,,85.0,38.453609,-87.314445,0.009576664756845514,6,0.3094339622641509,0.14350907588060802,0.3811645777683347,0.004266229341528921,1.01,0.9799999839298342,0.008824979049820755,1.0,sil
KSSL_195299,KSSL_31860.0,loam,0.4286141268423129,1.326169957960165,0.06440107201102638,0.5402848649653764,39.4,45.2,15.4,,21.5,42.316666,-114.3,0.020462596914450525,6,0.5698113207547169,0.08686998801298022,0.539237009709107,0.25680096479821224,1.01,0.4140741412147621,0.019753460277864992,2.7,l
KSSL_15742063,KSSL_39574.0,sandy loam,0.11953760649983447,1.2621131806847576,6.8508038011708e-20,0.4668874533236085,53.3,32.4,14.3,,56.0,47.708332,-123.45722,0.01515382792525243,6,0.4981132075471698,2.3878359516312697e-28,0.46662863897286805,0.08378391828070172,1.01,0.2861558318854891,0.013290786208448278,1.4,cosl
KSSL_193764,KSSL_31572.0,silt loam,0.01986618202120874,1.3004546551204572,7.5258562453431595e-22,0.3663430211202716,12.4,70.5,17.1,,12.5,40.719723,-77.933052,0.010396014575123753,6,0.4075471698113208,4.732738447802454e-19,0.37068585414963645,0.013985204943913946,1.01,0.33737233287666185,0.008630110802687054,1.4,sil
KSSL_197695,KSSL_32317.0,silty clay loam,0.03374404779740482,1.39325024634887,0.1374878988268452,0.433468295985671,5.5,65.6,28.9,,62.0,,,0.004717849826037692,6,0.3547169811320754,0.18356717619422833,0.43677883529653855,0.01034090597159524,1.010000000000053,0.9346287176278444,0.0035974081011411465,0.6,sicl
KSSL_192664,KSSL_31339.0,silty clay,0.03587208411353083,1.1584445116605606,3.442219155366907e-23,0.44180404676283186,6.1,53.8,40.1,,65.5,39.786335,-99.329529,0.01103649047346835,6,0.3433962264150944,9.948106014172635e-20,0.443621974922956,0.030028069773723177,1.01,0.16632645226588758,0.01038734457373772,0.7,sic
KSSL_190730,KSSL_31011.0,silt loam,0.017371473810447558,1.7362711109855964,0.14161173090873871,0.4549108671568135,17.8,60.6,21.6,,7.5,,,0.007204735672857793,6,0.49056603773584906,0.15929433161848935,0.4584808271345875,0.008591324345456224,1.309974217925142,0.9799999999999999,0.006807427315843584,5.6,sil
KSSL_190198,KSSL_30905.0,sandy loam,0.0878678743874271,1.4592740513642806,0.0018818208690894993,0.5227659035358031,60.4,34.2,5.4,,30.5,48.7225,-116.46306,0.02989658595500854,6,0.5698113207547169,0.04943542107270419,0.5263534200449095,0.025184201918559326,1.0100000000005818,0.9799999999999999,0.024452287577022263,1.2,cosl
KSSL_164092,KSSL_25820.0,sandy loam,0.1772034878552118,1.5571132879298561,0.08905333398781283,0.3507225546834991,75.1,11.0,13.9,,157.5,46.306026,-105.97742,0.009518412265711118,6,0.3660377358490565,0.08157703358780262,0.3477711411441923,0.26303318698396544,10.999999996547494,0.04102211316629929,0.006337896009639465,0.0,fsl
KSSL_15830384,KSSL_53322.0,clay loam,0.13688725469730983,1.1115674276458338,0.01314628084226991,0.37087965360560265,35.0,29.2,35.8,,57.5,39.044384,-107.87939,0.008607066986471082,6,0.39245283018867916,0.13855873457966847,0.3691416234321175,0.06494109364739059,1.01,0.24652885162309449,0.008390043355040643,0.3,cl
KSSL_15950639,KSSL_75741.0,silty clay loam,0.15569100033023886,1.1558038017551961,5.150440084061427e-21,0.4021872967300161,16.9,52.8,30.3,,40.0,45.440601,-99.6754,0.010732588357757639,6,0.42641509433962266,4.858677984785198e-16,0.4018214929494697,0.12780381489964376,1.0100000000000386,0.16162964828023157,0.01021176007066024,1.2,sicl
KSSL_193739,KSSL_31567.0,clay loam,0.03038522363016861,1.15256857752046,4.1348456149658326e-20,0.36898483779278946,26.1,40.4,33.5,,40.0,40.948891,-77.634163,0.006149628745886394,6,0.36226415094339626,6.579063558443048e-19,0.37047577187789715,0.02594411937013146,1.01,0.15907870726122272,0.005614887556381696,0.2,cl
KSSL_153962,KSSL_24189.0,sandy loam,0.7022743569190756,1.2056663785593489,1.718016568893588e-19,0.4284315106442405,56.3,32.7,11.0,,8.5,41.581257,-119.73465,0.016583936981198602,6,0.4528301886792453,1.7591470093189014e-17,0.427674572061467,0.5850757300855735,1.01,0.21165800952645117,0.015992431154354246,0.5,fsl
KSSL_206383,KSSL_34044.0,sandy clay,0.48841395043391483,1.0376100511331254,0.0001760785823218887,0.42577451251778264,50.5,8.9,40.6,,56.5,28.647194,-97.61953,0.0037238589456313363,6,0.27924528301886786,1.756429868814474e-08,0.4255724735413485,0.5948454165964694,1.8121138213655725,0.020000000000585955,0.0036636278976215878,0.5,sc
KSSL_160722,KSSL_25186.0,silt loam,0.01962634645246085,1.7071130926499538,0.12963764480678006,0.473885614320002,18.9,58.0,23.1,,107.0,,,0.00815732615457753,6,0.43018867924528303,0.14928450965312354,0.4785637381617089,0.009371297269098947,1.2625084664168893,0.9799999999999999,0.007192187100980938,,sil
KSSL_192631,KSSL_31334.0,loam,0.0349141938173239,2.0683624592909204,0.09358604783038967,0.3450087063093921,49.6,36.5,13.9,,132.0,34.25,-92.01667,0.008744825303913375,6,0.369811320754717,0.09699000099999995,0.35061894565872376,0.022070552676391953,1.4962369971329252,0.9799999999999996,0.00769850597630987,0.1,l
KSSL_197692,KSSL_32317.0,silt loam,0.03686319894436741,1.6421729864343273,0.13233130125801115,0.3898847903367699,22.2,55.8,22.0,,5.0,,,0.00502635862849491,6,0.41132075471698104,0.14647741469220094,0.3946317357389129,0.01575446684142798,1.1600714540420818,0.9799999993402875,0.0036351659989625282,1.3,sil
KSSL_191389,KSSL_31130.0,clay loam,0.04498431459320893,1.6054398109801071,0.19847982186276314,0.5325332681511687,39.6,23.8,36.6,,47.0,43.777248,-114.42558,0.011653948287622107,6,0.3735849056603773,0.21872289812902007,0.5392691627977142,0.018277143432961256,1.11965829811315,0.9799999999999841,0.009946927995644245,0.4,cl
KSSL_184651,KSSL_29923.0,silt loam,0.003202504503640213,1.3474479854351809,3.322721827049259e-15,0.367341087738106,10.6,62.9,26.5,,96.5,39.022499,-87.020554,0.01946281542018165,6,0.27924528301886786,0.07522417303022633,0.36921093899637386,0.00084580057061389,1.01,0.9797776122135871,0.019236044392326908,0.2,sil
KSSL_15887537,KSSL_65342.0,silt loam,0.6684226832794812,1.3540028218303524,0.10442808105385364,0.5771206504724272,23.6,54.5,21.9,,6.0,,,0.008049568137995433,6,0.6075471698113207,0.11089108874454269,0.5770893497712739,0.5159362748883862,1.0100000000000102,0.38507729770637067,0.007946973794124554,4.9,sil
KSSL_107870,KSSL_17224.0,loamy sand,0.44979565904735885,1.576864431386615,0.020880000999858723,0.3234243804331732,81.4,16.1,2.5,,,46.106941,-89.084793,0.014833988395170777,6,0.3396226415094339,0.020880000999999995,0.32264156920408565,0.49341508798608963,10.962863131107808,0.05182706204838866,0.014048755674165976,0.03,ls
KSSL_15950531,KSSL_75723.0,sandy loam,11.901233933352497,1.120742227200297,6.816486665788915e-15,0.46600227455506327,54.8,27.5,17.7,,7.5,44.858799,-98.530296,0.014136460929316953,6,0.49056603773584906,9.003473065168859e-20,0.46597984327270947,11.718219359274283,1.0100000000000269,0.11978282679859167,0.014122266847211478,2.5,fsl
KSSL_181187,KSSL_29349.0,sandy loam,0.022926931604557284,3.151233993892302,0.08140000099999999,0.3421347329162601,76.7,9.0,14.3,,86.0,32.596363,-106.76321,0.02124647144138944,6,0.4037735849056603,0.08140000099999999,0.34347902288974375,0.0190321380344842,2.6124558922405314,0.9799999999999999,0.021252652882540673,0.2,sl
KSSL_193757,KSSL_31570.0,silty clay,0.01874603378825208,1.6672107712447728,0.20087064326275958,0.40217710027059317,9.0,43.6,47.4,,103.5,40.90778,-77.690277,0.006546973578978585,6,0.3849056603773584,0.21316606449521008,0.40572955077010675,0.008610561878830403,1.187671593818993,0.9799999999999999,0.005890006527132842,0.1,sic
KSSL_115960,KSSL_18457.0,sandy loam,0.1299355557136677,1.3964206048519945,0.041295687772261225,0.22805145677743055,69.6,24.1,6.3,,163.5,45.55444,-89.859543,0.008317369725960446,6,0.23773584905660372,0.02315861724134609,0.22599891265147667,0.23349848061106263,10.999999999580503,0.024886379468868163,0.007024245934507803,0.03,sl
KSSL_206391,KSSL_34045.0,sandy clay,0.19751051159578484,1.0637245276564313,2.084332372596848e-06,0.35952018022283216,46.8,17.5,35.7,,50.5,28.63825,-97.605392,0.0005247332646400054,6,0.32830188679245276,2.502513100989435e-13,0.35961337405352245,0.18689865589718183,1.0100000008608494,0.06385676959955398,0.0004663856169233856,0.8,sc
KSSL_207910,KSSL_34310.0,silty clay loam,0.04416242861292476,1.1480952401204325,3.2226257997320594e-55,0.4428195465006328,5.5,62.5,32.0,,166.0,41.27689,-94.448914,0.013278807519236319,6,0.3396226415094339,6.307332469561787e-80,0.44173865007840346,0.028617108975299992,1.01,0.1665352891615192,0.012430393474613806,0.1,sicl
KSSL_195223,KSSL_31847.0,sandy clay loam,0.14480771414952215,1.375595481143716,0.017064644056167793,0.47146044589792124,59.8,19.8,20.4,,230.0,32.618599,-106.78584,0.02588292370848986,6,0.5056603773584905,0.0766896859520767,0.463028034115069,0.03060238378012924,1.01,0.9799999999999999,0.022301311634353296,0.2,scl
KSSL_15887538,KSSL_65342.0,silt loam,0.8158004047731463,1.2873550836299499,0.0721826386230047,0.5698921627936477,23.4,50.7,25.9,,23.0,,,0.007671316144605184,6,0.6,0.08123613811619679,0.5698052013375953,0.6484124454510152,1.01,0.3114723165525465,0.007456992779332679,2.2,sil
KSSL_183272,KSSL_29691.0,silt loam,0.024771177473076073,2.179398286238709,0.11265912544284584,0.45354744502067085,13.7,68.0,18.3,,191.5,43.738651,-96.619019,0.014009619456695845,6,0.4490566037735849,0.114540001,0.45878016665276433,0.017199449514448954,1.6431416113795896,0.920930001857438,0.013831606783551963,0.1,sil
KSSL_194335,KSSL_31715.0,clay,0.09326221885507242,1.7281545733386015,0.2767600009999881,0.6594008142859227,43.3,9.6,47.1,,109.0,31.753471,-81.53289,0.028608504119904427,6,0.3056603773584906,0.276760001,0.6395360868014801,0.12993406088259685,5.717326242051579,0.10697494145229276,0.024767229144338886,0.2,c
KSSL_15950633,KSSL_75740.0,sandy loam,0.008511934707170127,5.488257375905528,0.09198000099999998,0.4237617386043691,68.6,15.9,15.5,,4.5,45.416698,-101.0841,0.028264424988638872,6,0.5018867924528303,0.09198000099999998,0.42390242565288877,0.008046926077810582,5.006976201431187,0.9799999999999999,0.028235616502497632,1.8,fsl
KSSL_181102,KSSL_29343.0,sandy loam,0.23421562931002102,1.658120846066969,0.07708077828789245,0.38491220052590874,76.4,11.0,12.6,,17.0,32.549946,-106.76494,0.009906392280180327,6,0.4037735849056603,0.07368221254923481,0.38358921690316605,0.3150190653306101,10.999999477126792,0.05212282724364402,0.008163598812101528,0.3,fsl
KSSL_184648,KSSL_29923.0,silt loam,0.01484773093426393,1.305418694579761,1.3475518702390462e-17,0.38470853613744355,7.9,72.4,19.7,,23.5,39.022499,-87.020554,0.008587195252567957,6,0.3509433962264151,3.8997002857963967e-20,0.3887624215921786,0.01006230371009133,1.0100000000000002,0.3473485808721402,0.007055232043282281,0.6,sil
KSSL_160728,KSSL_25189.0,loamy sand,0.19165294617661388,1.3726575791483575,3.514900192379035e-25,0.2941388383477078,84.5,11.2,4.3,,26.5,,,0.025143077950976228,6,0.3169811320754716,0.03003758405542581,0.2819673694155385,0.03221969141402341,1.0100000000000002,0.9799999999710876,0.02332194566973861,,ls
KSSL_190687,KSSL_31007.0,loam,0.09570825084594722,1.4863881437944657,0.11860207492639652,0.631938322632284,33.4,48.7,17.9,,2.5,,,0.01767879818428528,6,0.3886792452830189,0.05469877649553999,0.62107564956895,0.17833460590296182,5.448026098730155,0.05552523522159023,0.011894410501332142,2.3,l
KSSL_211751,KSSL_35016.0,sandy clay loam,0.14329638964186742,1.1272642728461613,9.698640686528523e-85,0.4113198961618808,60.5,18.4,21.1,,14.5,41.698494,-101.42796,0.013077777300610953,6,0.44528301886792454,1.678292842487049e-51,0.410344060283736,0.11006380962241039,1.01,0.13459315552371515,0.012332318793916521,0.7,scl
KSSL_186809,KSSL_30329.0,sandy loam,0.5953615554764021,1.26882223168521,2.615695535571519e-15,0.3616134471097617,75.5,18.7,5.8,,20.5,41.800007,-81.066673,0.01148435080252894,6,0.38113207547169814,1.0520852804727448e-15,0.36143836305470395,0.4888067374117186,1.0100000000004716,0.2780369311767812,0.011173718053438156,0.7,fsl
KSSL_206372,KSSL_34042.0,sandy loam,0.2584285734873491,1.4267455140796317,0.052049135279862005,0.3845568138811599,67.4,21.8,10.8,,193.5,28.946056,-97.664719,0.008784388389652103,6,0.4037735849056603,0.04185945867307401,0.3835858238621827,0.36682680636096215,10.999994571611,0.03262849605894849,0.007665910661409685,0.1,fsl
KSSL_195226,KSSL_31848.0,loamy sand,0.7249117103236342,1.321623282279476,0.00011231915575168413,0.3545140863284573,83.8,7.1,9.1,,50.0,32.610268,-106.79639,0.018705294022436997,6,0.3735849056603773,0.010711698682338396,0.354099636278439,0.4955568655907753,1.0100000000010705,0.37572998539414293,0.018438643322446106,0.3,ls
KSSL_190723,KSSL_31011.0,silt loam,0.018505498702770982,2.0897150576256007,0.18443480895902992,0.5077654302970397,15.5,58.8,25.7,,2.5,,,0.012807337509671973,6,0.5433962264150943,0.15866982727661771,0.503042411631695,0.03480795385226919,10.999999998093186,0.05457367505384258,0.010073130448005237,5.1,sil
KSSL_195258,KSSL_31853.0,loam,0.21519181931158105,1.464589399178382,0.13122667073806718,0.4239087554943863,45.6,30.9,23.5,,90.0,32.513634,-106.796,0.005852896093110867,6,0.44528301886792454,0.11839459983129122,0.4230040565117566,0.3229847848438297,3.805576089616882,0.09701709838214893,0.004878008780661082,0.3,l
KSSL_190709,KSSL_31009.0,silt loam,0.029851980576769382,1.3487604277375076,3.171901775919527e-21,0.4167096949210445,6.4,77.7,15.9,,7.5,,,0.009966061714291203,6,0.45660377358490567,0.03539292933121144,0.42259424149433333,0.016114305897554904,1.01,0.5129161439957647,0.008199580806414272,1.5,sil
KSSL_15950559,KSSL_75727.0,loam,0.0652300182996956,1.212199927137374,1.0000840111519154e-24,0.379561145027257,44.8,30.1,25.1,,29.5,43.384102,-97.992798,0.014326269430853312,6,0.4075471698113208,4.868145686501684e-33,0.37895425231476093,0.04428592246534229,1.01,0.23538802308499754,0.013111065850303324,1.1,l
KSSL_115947,KSSL_18456.0,loam,0.36554613920768747,1.215119453925411,2.5280057453217273e-20,0.3289156526916811,47.8,44.7,7.5,,47.0,45.325275,-89.816483,0.01846956538548435,6,0.3509433962264151,2.292346427639715e-29,0.3271699371405237,0.2629407095856446,1.01,0.2305002450021065,0.017678529400279426,0.24,l
KSSL_198088,KSSL_32379.0,loam,0.6425050682095284,1.217542374388078,5.551622681149645e-21,0.4901472234072752,35.3,49.5,15.2,,24.0,41.358898,-111.4875,0.013171981174534164,6,0.5169811320754717,1.0180819103357715e-13,0.48988320534031154,0.5476736252455691,1.0100000000000569,0.22278064418035726,0.01271040570292585,2.4,l
KSSL_192650,KSSL_31337.0,sandy loam,0.36594317361061085,1.2023397547905224,2.262547462607689e-13,0.3570425736330657,65.5,17.9,16.6,,37.5,37.13139,-97.086113,0.009068933662589661,6,0.37735849056603776,4.718976178241404e-11,0.3570413028851024,0.3032722828231766,1.01,0.20913521854579292,0.00867876933701208,0.8,fsl
KSSL_195240,KSSL_31850.0,loamy sand,0.16826115525929233,1.4899370454944818,0.0010873048684559145,0.39040481847981795,85.9,8.1,6.0,,20.0,32.605438,-106.85072,0.02892396200614493,6,0.41509433962264153,0.02589178498451295,0.3857951588397836,0.045689131178365906,1.010000000000003,0.9799999999999999,0.02622519433520625,0.2,ls
KSSL_108655,KSSL_17331.0,silt loam,0.03580479510104429,1.5517753968340777,0.10548674717636793,0.3857195716546069,18.2,65.6,16.2,,66.0,47.553719,-119.9606,0.0034171591767883456,6,0.3886792452830189,0.12785363308029365,0.38981298954108856,0.013412454075581826,1.106394527276251,0.979999982826964,0.0014268435648977127,0.37,sil
KSSL_207897,KSSL_34309.0,silty clay loam,0.1031980097562793,1.1747293697996746,9.424369565254792e-08,0.4931877150359808,1.3,63.5,35.2,,32.0,41.278641,-94.452499,0.005217229172958166,6,0.44150943396226416,7.713364605161428e-14,0.4928728041739499,0.10761585921615151,1.220756510031448,0.14156217685192918,0.005206171844319099,2.0,sicl
KSSL_107849,KSSL_17222.0,silt loam,0.14727033652873803,1.5268032986776043,0.045293422037357235,0.42346710151879513,43.6,52.7,3.7,,79.0,46.106384,-89.084793,0.023518251083244124,6,0.42641509433962266,0.039319922913491796,0.4158946805463694,0.21957741357564978,10.999999998657426,0.04016881684279428,0.018031363294901116,0.78,sil
KSSL_195190,KSSL_31842.0,clay,0.112281078973,1.1105450719878562,1.1697000352497792e-10,0.4018422750798543,42.7,17.2,40.1,,55.0,32.529713,-106.78555,0.005140948975861109,6,0.39622641509433953,3.112945352446884e-11,0.40226783970955254,0.09938006514996668,1.010000000000281,0.11299545472163831,0.004970622794556165,0.4,c
KSSL_152985,KSSL_24010.0,loam,0.261340482458197,1.218122813227163,1.0465188595304366e-15,0.4828599997056656,25.8,48.1,26.1,,2.5,,,0.01829970518294921,6,0.5132075471698113,7.846666168587117e-20,0.48284488069702025,0.20315449996979212,1.01,0.23009697321186262,0.017503746409046252,1.2,l
KSSL_153977,KSSL_24192.0,sandy clay loam,0.02003461913696928,2.376360863125301,0.1962645000282489,0.4355228549940032,51.9,25.4,22.7,,42.0,41.583115,-119.73584,0.008862074459339531,6,0.46037735849056594,0.1982437231675645,0.4376755674308992,0.014202731230344143,1.878278033062839,0.9799999999999999,0.008509510018593403,0.3,scl
KSSL_15769474,KSSL_43794.0,clay loam,0.0291189199525611,2.693591772388414,0.33712000099999995,0.5303417300452269,22.7,49.5,27.8,,114.5,45.299068,-123.35285,0.018976297851505484,6,0.5056603773584905,0.33712000099999995,0.5399303948385016,0.025423549593358907,1.6414867463891076,0.9799999999999999,0.017934257377215566,0.3,cl
KSSL_207931,KSSL_34312.0,silt loam,0.029753005231113922,1.6024003428880795,0.14978864931865118,0.45826475330650673,1.3,77.0,21.7,,166.0,41.734974,-94.968002,0.009008612625152153,6,0.44150943396226416,0.17055588481461165,0.46411928289047777,0.012451917539433536,1.1189059513648358,0.951721147383597,0.008303256042759916,0.2,sil
KSSL_198733,KSSL_32499.0,sandy loam,0.02340959712820803,2.674178481898781,0.27720000100000003,0.5775187455796345,66.4969450101833,31.568228105906314,1.9348268839103868,,23.5,20.009615,-155.59792,0.029048002118834505,6,0.660377358490566,0.27720000100000003,0.5834588160165879,0.018540193325214633,1.9137819591631227,0.9799999999999999,0.02915186103923173,3.4,fsl
KSSL_190717,KSSL_31010.0,silt loam,0.057711886925322295,1.2386549162448524,9.941760466256237e-20,0.4333511867043774,14.0,62.2,23.8,,2.5,,,0.011729030303001015,6,0.4716981132075472,0.019558646593297303,0.43721633713269287,0.042145715219139325,1.01,0.28210811388719476,0.01045595927137453,2.4,sil
KSSL_193758,KSSL_31571.0,silt loam,0.015023795942025693,1.2756941432200826,1.4192019828082725e-18,0.3550769733986088,21.6,58.2,20.2,,9.0,40.720554,-77.934166,0.006181306188614217,6,0.3735849056603773,7.961316729944654e-13,0.3582188408421558,0.010588730799354606,1.01,0.30832371320193713,0.005019867071612123,1.9,sil
KSSL_15950576,KSSL_75730.0,loam,3.924002441095066,1.1066348190394217,7.703658776159455e-18,0.4049368452291684,44.5,34.2,21.3,,4.5,44.325001,-96.768501,0.015470244538369681,6,0.42641509433962266,3.067343271415375e-11,0.4048714818083859,3.802952161136035,1.0100000000141118,0.1060520608926877,0.015441328043466563,2.2,l
KSSL_181141,KSSL_29346.0,sandy loam,0.7212821244620158,1.3795432167031865,0.04153738781938236,0.3799942405533504,80.1,8.2,11.7,,21.5,32.54837,-106.76523,0.011869248485101996,6,0.3999999999999999,0.04625896443994346,0.37991836707641136,0.5275658702811977,1.0100000000026463,0.42054880705166675,0.011783832160254797,0.2,fsl
KSSL_195268,KSSL_31855.0,clay loam,0.07006563584716378,1.2286620309639589,7.264499927547652e-10,0.39117254725426315,41.0,26.3,32.7,,75.5,32.515766,-106.74073,0.0020877852671686973,6,0.3849056603773584,1.0734418870688966e-10,0.391479325179438,0.0683978935765856,1.200157366034255,0.19200673968685497,0.002073711213076644,0.2,cl
KSSL_15769505,KSSL_43798.0,clay,0.12048587482877689,5.3955131392747955,0.38199000099999997,0.6779658403917773,18.6,33.4,48.0,,43.5,45.301407,-123.39092,0.0248760005609677,6,0.4188679245283019,0.38199000099999997,0.6791059140973998,0.18575284153108887,10.999999999999998,0.12430902731150034,0.020903319293792143,1.1,c
KSSL_190693,KSSL_31007.0,loam,0.1317918261781034,1.5525712215720255,0.15443734203067286,0.629656926435254,27.9,48.9,23.2,,2.5,,,0.022662893101347097,6,0.4188679245283019,0.13384537335276703,0.6196359803339826,0.21204182189750842,10.99999999999979,0.03797900479621744,0.01382860111279068,1.9,l
KSSL_15747847,KSSL_40635.0,loam,0.8176571149784023,1.5488466848477533,0.26622000099999993,0.602274693845764,31.2,48.5,20.3,,8.0,,,0.016916752563567367,6,0.6339622641509434,0.26622000099999993,0.60226415796191,0.8562227417596998,4.709485911589381,0.11528189166263084,0.01690676066529995,10.5,l
KSSL_15747884,KSSL_40642.0,loam,0.2614789941297962,1.3171294547162296,2.408129558295002e-22,0.5280787621196557,47.7,38.5,13.8,,10.0,41.343555,-111.18786,0.025170992114109517,6,0.5584905660377358,0.01852317036244136,0.5268697026691513,0.16357497137119967,1.01,0.38420549166795076,0.024238165718293143,1.3,l
KSSL_15747837,KSSL_40633.0,loam,0.029851760178316866,1.9673219576857388,0.13872000099994716,0.40270533098165723,36.6,41.1,22.3,,59.0,38.36647,-112.64291,0.011350659730947104,6,0.43018867924528303,0.1377196712667931,0.3947645749373539,0.0416527408069477,10.999999999654044,0.07278422992672279,0.010919435633699648,0.2,l
KSSL_193755,KSSL_31570.0,silty clay,0.0048265050738817315,10.999999999520753,0.24567236237544055,0.3679451063645179,10.3,47.9,41.8,,49.5,40.90778,-77.690277,0.012304475507853681,6,0.320754716981132,0.18443696176544017,0.3729931536038053,0.001435050021407511,1.01,0.979999999999999,0.014259307896730905,0.2,sic
KSSL_153963,KSSL_24189.0,sandy loam,0.6356929456391859,1.199097284430625,1.6152466257151898e-13,0.42413003718360964,56.2,31.9,11.9,,15.5,41.581257,-119.73465,0.020114306531386662,6,0.4490566037735849,3.270946464689423e-15,0.4230649423316721,0.5173278423442105,1.01,0.2060493949735336,0.019507748284076247,0.3,fsl
KSSL_193761,KSSL_31571.0,clay,0.0055430745528211684,1.1477175911111885,2.4156837054614497e-16,0.41038973656736627,4.1,37.8,58.1,,115.0,40.720554,-77.934166,0.009585817555353785,6,0.41132075471698104,2.301553288447868e-09,0.4111351347942946,0.004029784272897418,1.01,0.16606470663470266,0.009289040344261687,0.2,c
KSSL_207905,KSSL_34310.0,silty clay loam,0.10804969285109842,1.1423203368085098,3.14136431632481e-10,0.4644804020569627,1.5,63.7,34.8,,50.0,41.27689,-94.448914,0.006036829668108212,6,0.4188679245283019,1.6990718468191644e-16,0.46510687460523725,0.09062466921063934,1.0100000001631841,0.14724336604540317,0.005827930166370571,0.8,sicl
KSSL_115943,KSSL_18455.0,sandy loam,0.05957856654944397,1.5944192740886929,0.07354521741064982,0.2855828401685014,66.1,24.0,9.9,,179.0,45.296387,-89.858154,0.009798781938860331,6,0.2566037735849056,0.08682192817607265,0.28839438308527776,0.02307007623123926,1.1385136006051932,0.9799999999999986,0.00869853775155167,0.02,sl
KSSL_207912,KSSL_34310.0,silty clay,0.004490469420081717,1.207061938719929,1.3550198767882893e-31,0.43984279570725177,5.0,52.3,42.7,,,41.27689,-94.448914,0.020823825949276075,6,0.33207547169811313,3.162363990823426e-12,0.44061712022748845,0.0023429178931009937,1.01,0.28018811392399073,0.019966888390838794,0.1,sic
KSSL_15950526,KSSL_75722.0,silt loam,0.4599724747244708,1.1822317422325095,8.031879776777993e-15,0.46921923805406424,20.2,53.3,26.5,,35.5,44.989498,-99.953697,0.008451003326960015,6,0.49433962264150944,2.7741856026539765e-14,0.4691250085375296,0.41044949143808307,1.0100000000000007,0.1845182250760988,0.008205624357633591,1.0,sil
KSSL_199794,KSSL_32754.0,loam,0.027870203322245005,2.2906542148681,0.15707285746395214,0.41832919488848486,45.1,29.0,25.9,,13.0,46.735813,-111.19501,0.01030941724697807,6,0.46037735849056594,0.1578879429906419,0.4235693661667411,0.019433892793824147,1.6595637394017047,0.9799999999999999,0.009255497798676987,0.8,l
KSSL_152997,KSSL_24010.0,loam,0.3458466952241854,1.2267144515584871,1.0066093979986453e-25,0.49118247219185296,28.7,46.1,25.2,,2.5,,,0.02086784061515728,6,0.5207547169811321,9.072567826780557e-15,0.49077780278400784,0.2710839557166141,1.01,0.23807676918957182,0.02015216206610487,1.6,l
KSSL_15769487,KSSL_43796.0,loam,0.5559956344543378,1.2953482768543432,0.13511241367577867,0.6122824983526033,33.5,45.8,20.7,,7.0,45.296951,-123.35513,0.016473185234146228,6,0.6452830188679245,0.15447362954864363,0.6116721514087892,0.37149355286524033,1.0100000000000007,0.353901163031686,0.01593867857344512,2.6,l
KSSL_15950583,KSSL_75731.0,silty clay loam,0.057111538534354855,1.2153564890785105,5.831623318498845e-23,0.4462914517529269,6.1,64.6,29.3,,62.5,44.303917,-96.918724,0.015172816519001478,6,0.4188679245283019,1.2495746306763054e-13,0.4472862940160471,0.04292354256641666,1.0100000000000056,0.23187235457430927,0.014925009664468476,0.8,sicl
KSSL_207932,KSSL_34312.0,silt loam,0.03164130065167901,1.542210494378152,0.14328248863428192,0.4643005090539761,0.8,75.9,23.3,,191.5,41.734974,-94.968002,0.008546368401558958,6,0.4528301886792453,0.164466296524755,0.46887514388787327,0.01627369471909927,1.1537827978560087,0.7337297293898069,0.008074197262759633,0.1,sil
KSSL_110062,KSSL_17572.0,sandy loam,0.1197430170696221,1.8165529041655195,0.06160000100000001,0.3141258013409969,74.3,16.8,8.9,,106.5,45.61694,-91.862389,0.004990081297411263,6,0.32830188679245276,0.05647831363832206,0.3117364728141122,0.18048578718743796,3.4603749255894805,0.18263691485537142,0.0029913640182773057,0.1,sl
KSSL_183276,KSSL_29692.0,silty clay loam,0.04246297848098972,1.3232179687620778,0.07750032148209031,0.4108729933501796,4.9,64.1,31.0,,79.0,43.733334,-96.616669,0.006289340842803991,6,0.4339622641509434,0.14645551813947258,0.4121032486644139,0.011725257575982268,1.01,0.8818678050016139,0.004629368017356426,0.5,sicl
KSSL_192599,KSSL_31331.0,silt loam,0.023625816488068208,2.209248751324153,0.0973956530044629,0.4089755190228683,10.5,73.9,15.6,,6.5,33.083332,-90.51667,0.020197285780662922,6,0.4716981132075472,0.09483214877112804,0.41975779876536645,0.016314882953234747,1.4306633930437684,0.9799999999999999,0.01921186969419338,1.1,sil
KSSL_15747843,KSSL_40634.0,loam,0.7529321744073826,1.1819225784777114,0.0006377953380854277,0.4621781600727005,47.5,30.6,21.9,,55.5,41.88728,-111.57061,0.010812472026087157,6,0.4867924528301887,0.02024198871355884,0.46202969567009883,0.6054449362939475,1.0100000000000746,0.202776024657249,0.010682106420694166,1.3,l
KSSL_206252,KSSL_34026.0,clay loam,0.0030509388026047747,1.481474275322332,0.11066709139140773,0.3858217466943326,30.8,36.4,32.8,,133.5,40.695972,-96.855225,0.021329995950852033,6,0.2943396226415095,0.12185686338054774,0.38919311542826585,0.000888562180605595,1.0100000000000002,0.9799945996950604,0.021210982688960805,0.1,cl
KSSL_198132,KSSL_32396.0,sand,2.8279305602962035,1.2293668650081448,1.7265719418949779e-09,0.30463881341706567,90.1,8.5,1.4,,79.5,46.566029,-115.90884,0.012431525507702561,6,0.320754716981132,1.3471412235433097e-13,0.30458665600251505,2.6394431678049166,1.0100000000000462,0.22981893712259033,0.01238250138053038,0.1,cos
KSSL_15950504,KSSL_75718.0,silt loam,0.664578853676571,1.1630958297351315,5.3120504962389746e-24,0.44039538771531256,29.5,50.3,20.2,,79.5,43.504799,-96.762001,0.009775405802370551,6,0.4641509433962264,5.531368997505263e-14,0.4402338589386668,0.6050328464823947,1.01,0.1643246459252668,0.009554280521986194,1.0,sil
KSSL_207908,KSSL_34310.0,silty clay loam,0.005556356661026733,1.2792367571746155,1.3605026410004013e-19,0.40821203372807247,0.2,69.0,30.8,,124.0,41.27689,-94.448914,0.014095083484557845,6,0.369811320754717,1.1592229441325798e-18,0.41065153879514904,0.003380622165514017,1.01,0.3412776019241786,0.012884438845499656,0.1,sicl
KSSL_15950497,KSSL_75716.0,silt loam,0.4327206778963584,1.1863758526292199,7.170239777626059e-18,0.4332516659621542,13.7,63.6,22.7,,87.0,43.731602,-96.681396,0.01650141708644277,6,0.45660377358490567,9.601035173105871e-23,0.4330680535355231,0.38055001390863485,1.01,0.189344118572019,0.016332498476004716,0.3,sil
KSSL_15769450,KSSL_43792.0,clay loam,0.9710438493430802,1.411705524569848,0.22323132609381557,0.6202197375958816,21.2,48.0,30.8,,6.5,45.302959,-123.35186,0.015700882890754064,6,0.6528301886792454,0.22599312361130702,0.6201872333903895,0.7563577504808742,1.0100000000007674,0.44044611516274856,0.015673945247714788,5.8,cl
KSSL_193750,KSSL_31569.0,silt loam,0.018158485641959956,1.3192371777084664,0.029564260566741524,0.4095047168745013,10.6,65.4,24.0,,59.5,40.911388,-77.696114,0.007020592616458105,6,0.369811320754717,0.12868179691997575,0.4123896340151768,0.005186504123475892,1.0100000118890327,0.9799999995173878,0.0057437893665659365,0.2,sil
KSSL_15950617,KSSL_75737.0,clay loam,0.05530615551112481,1.1879375254115059,1.0250826424857176e-09,0.42409394010028656,25.4,42.1,32.5,,31.5,45.915401,-101.3448,0.008460852782802807,6,0.3735849056603773,0.0325078930548386,0.424894125860975,0.03987414665241234,1.0100000000000002,0.2299700771460917,0.008413782361893567,1.5,cl
KSSL_15747864,KSSL_40638.0,sand,0.7295551182010442,1.6780418442637874,0.03911890495074174,0.37641551527376804,91.4,5.5,3.1,,32.5,37.195446,-112.19864,0.00043706860120408465,6,0.39622641509433953,0.038941927680549715,0.3764150944233236,0.7668005230056426,5.739611864011586,0.11630663642346924,0.0004212801688463145,0.2,fs
KSSL_206375,KSSL_34043.0,loam,0.09922589284259437,1.3427684440014398,0.11476120026986654,0.39778267207018675,29.7,46.5,23.8,,59.5,28.66264,-97.552223,0.004135661143991511,6,0.4075471698113208,0.03512945734143834,0.39485195940750645,0.2022084824590326,3.9353910866515838,0.04605910361934397,0.0011064676007788146,0.5,l
KSSL_15950640,KSSL_75741.0,silty clay loam,0.07359497414947537,1.1610040941184743,3.46774792297543e-21,0.3805685085069652,18.1,51.2,30.7,,63.5,45.440601,-99.6754,0.008176234791961202,6,0.4037735849056603,8.043501444923007e-16,0.3807708249540113,0.058967846935054934,1.01,0.16937264592735024,0.007609491383627911,1.0,sicl
KSSL_15950517,KSSL_75720.0,loam,0.14744227796969653,1.2087238063532537,2.0865630951650123e-21,0.38097223895875537,39.5,38.0,22.5,,83.0,45.526402,-102.4712,0.013812736779311873,6,0.3999999999999999,5e-324,0.38000066803432453,0.2125622301101138,9.509165880590283,0.02000000000001352,0.013643176273027718,0.4,l
KSSL_197484,KSSL_32239.0,sandy loam,3.3809756535240156,1.2288680271165842,0.028311553694613648,0.5484305310563167,72.1,24.2,3.7,,23.0,38.849018,-120.07943,0.015979539208649408,6,0.5773584905660378,0.033379477522014554,0.5483758778507207,2.9905878836346407,1.0100000000058738,0.2365851547053279,0.01592171465991676,5.9,cosl
KSSL_190711,KSSL_31009.0,silt loam,0.020491213900651114,1.512817909340923,0.06741213378076885,0.4343215195212091,10.5,71.9,17.6,,2.5,,,0.011470750738630625,6,0.4792452830188678,0.10429077012035629,0.44179676023741904,0.0076198323801976026,1.0373312456689678,0.9799999999999999,0.010040932450825496,2.5,sil
KSSL_149363,KSSL_23393.0,loam,2.150457724969307,1.2021117228560363,2.320338398691878e-15,0.508669737508708,46.7,34.8,18.5,,9.5,,,0.017118020686042457,6,0.5358490566037736,2.246487919847382e-22,0.5084290199617478,1.9728980315921592,1.01,0.20322493012398085,0.016890129402560024,3.2700000000000005,l
KSSL_15950636,KSSL_75740.0,sandy loam,1.0240962403580587,1.2276997326872174,7.578133496300763e-23,0.4119129747452998,79.8,9.3,10.9,,75.5,45.416698,-101.0841,0.01855500606663279,6,0.4339622641509434,2.883992840252502e-22,0.41169691083161625,0.9150659173797515,1.0100000000034381,0.23024751230167306,0.018382937293204758,0.2,fsl
KSSL_115952,KSSL_18456.0,sandy loam,0.0862756541709881,1.450097550900865,0.05637571853386767,0.31747390301946155,66.2,22.8,11.0,,218.5,45.325275,-89.816483,0.00841099009920249,6,0.27924528301886786,0.07173374029103817,0.3181635129100197,0.04819728770923554,1.1620917663831527,0.5593882481524353,0.008261640205021372,0.04,sl
KSSL_149346,KSSL_23385.0,loam,0.13255612248835824,1.4011321062371247,0.05204242864685814,0.5487923616459288,26.6,48.7,24.7,,2.0,,,0.024598149013951374,6,0.5886792452830188,0.11056943238690266,0.5428882938985042,0.0309413235980486,1.01,0.9799999999999999,0.02025320645803209,3.3,l
KSSL_15950593,KSSL_75733.0,loam,0.24231541463752182,1.4102809813856565,0.08907822325936736,0.46667590486683663,41.0,40.3,18.7,,44.0,45.573502,-98.030098,0.010143259539028854,6,0.49056603773584906,0.0822287874925634,0.46603775486937177,0.30910003961416777,10.584208686147921,0.034787514883568765,0.009382817747489502,1.9,l
KSSL_211773,KSSL_35018.0,sand,0.5101975214458652,1.5290112910827938,0.014689272680244083,0.333459289122719,96.4,0.7,2.9,,148.0,41.695618,-101.49545,0.007862476188905792,6,0.3509433962264151,0.013003360464999444,0.33339623378365324,0.6018490122657696,9.536852498406311,0.05207746996112632,0.007773363957124061,0.0,fs
KSSL_181231,KSSL_29352.0,sandy clay loam,0.16840050694166725,1.3028639658212624,0.058107998355324056,0.3516335373728204,66.0,13.3,20.7,,80.5,32.601921,-106.76308,0.001946580336062832,6,0.369811320754717,0.041271505821307834,0.35130349796355126,0.22282885994406124,1.6483968578630268,0.15338783874903916,0.0017654091351079384,0.2,scl
KSSL_153911,KSSL_24178.0,silt loam,0.02237539446606137,1.91946718415631,0.11512168185915266,0.43975226145834717,11.8,70.8,17.4,,21.0,45.210636,-123.11656,0.010253827506431902,6,0.46037735849056594,0.09429574155427653,0.4339926954622322,0.039108659634204714,10.999999999845631,0.05216810316060973,0.009541407731650313,1.5,sil
KSSL_15747874,KSSL_40639.0,sandy loam,0.1826327939421105,1.4468806812758581,0.04754421982608083,0.3615609140595113,67.7,20.8,11.5,,115.5,37.190613,-112.19253,0.0050168158599528745,6,0.38113207547169814,0.06243712188802235,0.3613867984669679,0.08760932765856462,1.01,0.6369625177668468,0.004005080293328068,0.1,vfsl
KSSL_193775,KSSL_31574.0,clay,0.04083004873033139,1.0949919428622907,8.611954361883673e-36,0.4308755033011569,11.9,27.2,60.9,,65.5,40.640556,-78.129166,0.010243882410022949,6,0.39245283018867916,7.284798501294213e-35,0.4311816912629016,0.034909619290570224,1.01,0.09870779329567354,0.009894738183238778,0.5,c
KSSL_181189,KSSL_29349.0,sandy loam,0.02815132042633572,2.290964173199802,0.09955971426794512,0.31959265396487835,68.7,13.2,18.1,,118.5,32.596363,-106.76321,0.010802713183224595,6,0.3547169811320754,0.09963142361167146,0.32507502929507853,0.019851925316501803,1.6078921111677131,0.9799999999999999,0.010019999239500053,0.1,sl
KSSL_198128,KSSL_32396.0,sandy loam,6.212937921624737,1.2055287870507434,0.036184689812887194,0.6201446072576863,56.0,37.9,6.1,,10.0,46.566029,-115.90884,0.02063494728145689,6,0.6528301886792454,0.0406604612351218,0.6201042352429255,5.651349379601262,1.010000000158203,0.2100835228984927,0.020600663392829087,5.7,sl
KSSL_206254,KSSL_34028.0,silty clay loam,5.616263735834174,1.0725189558306074,2.799774762920484e-19,0.45155233149686586,3.5,64.0,32.5,,8.5,40.845001,-96.561501,0.020613494110768536,6,0.47547169811320744,7.650150540061172e-14,0.45151023580451133,5.50871032581257,1.0100000526617947,0.07198451246459492,0.020602882241314454,3.2,sicl
KSSL_211738,KSSL_35014.0,silty clay loam,0.04624142829386909,1.1756386313496723,8.920959099467226e-12,0.4724043045495754,5.6,59.1,35.3,,80.5,40.627335,-97.958916,0.007854017904943621,6,0.3433962264150944,4.638174006646179e-18,0.4736903132207982,0.03755286801846865,1.0100000002917195,0.18496605464590019,0.007636867424392557,0.3,sicl
KSSL_207904,KSSL_34310.0,silty clay loam,0.0770544269787845,1.1729933979122957,0.00949485804239665,0.4775639964741185,1.3,67.5,31.2,,30.0,41.27689,-94.448914,0.00255573941870776,6,0.4377358490566038,0.030802977376220016,0.47776330558969676,0.07010609545799067,1.1289387081164912,0.16813943627740607,0.002544478951173528,1.7,sicl
KSSL_15950556,KSSL_75726.0,loam,0.05715331723132654,1.1525840999919468,1.734457393371443e-17,0.37571505393747756,41.9,32.2,25.9,,140.5,44.987499,-101.253,0.02168397614471982,6,0.3999999999999999,2.0882012551802204e-27,0.37433055888479155,0.03966375312481208,1.01,0.1672526548818976,0.021303709190030124,0.7,l
KSSL_203342,KSSL_33548.0,silt loam,0.10983145579773411,1.711269514600569,0.07104886785202562,0.535070240027877,36.8,50.5,12.7,,26.0,43.653446,-103.54916,0.019605949984103494,6,0.43018867924528303,0.0488709036774475,0.5269080945728564,0.1946529595946917,10.999999999999998,0.04465758338711459,0.011202195429734234,0.8,sil
KSSL_181506,KSSL_29390.0,silt loam,0.08014222931456144,2.006175151548125,0.10584000099999999,0.689685650915759,30.7,66.8,2.5,,20.5,63.781944,-145.08167,0.009268439078531227,6,0.5207547169811321,0.09156422613460044,0.6822050153869461,0.1274547532685211,3.678439286667151,0.19505708877868086,0.0044842994601548385,2.4,sil
KSSL_15950600,KSSL_75734.0,sandy loam,11.12032719229776,1.0961810443212907,2.131153369139853e-13,0.3082753055713141,72.0,13.3,14.7,,46.0,44.678299,-103.5606,0.011981353944220396,6,0.3245283018867925,8.730930753002621e-16,0.3082624956188063,10.980756475729862,1.0100000162969198,0.09537926354897357,0.011976290526894856,0.6,cosl
KSSL_15950488,KSSL_75715.0,loam,31.622776601683583,1.2126564693023878,0.12561078262653724,0.386726199903185,46.7,33.2,20.1,,9.0,43.560989,-100.7435,0.010834388139136175,6,0.4075471698113208,0.12555441247942448,0.38672736663504415,31.622776601682517,1.0100002287292515,0.21040552293628473,0.010831254476337017,1.3,l
KSSL_15830386,KSSL_53323.0,loam,0.07466290860588685,1.2327558009599198,2.869664961782496e-19,0.3947219047207555,35.2,43.1,21.7,,50.5,37.799084,-107.9249,0.011200479715189657,6,0.4226415094339623,0.06502492756188417,0.3945847817802521,0.0377819368600805,1.01,0.38724040449857033,0.010338269147493221,0.5,l
KSSL_107869,KSSL_17224.0,loamy sand,0.42888559282282335,1.3677759192562677,7.121508086198723e-24,0.25522869347193616,79.8,18.2,2.0,,175.5,46.106941,-89.084793,0.012593561706171706,6,0.26792452830188673,5e-324,0.2545283983074302,0.5035805837242372,10.337656563375177,0.034298343556628065,0.012105938241510145,0.04,ls
KSSL_211754,KSSL_35016.0,loamy sand,0.38650743076902877,1.2265210540299556,0.00901085718435203,0.3679376895711867,80.9,8.4,10.7,,89.5,41.698494,-101.42796,0.011904075287311295,6,0.3886792452830189,0.039164556856612485,0.3671412698284575,0.2437262439344498,1.0100000000000002,0.29577085329312525,0.011467277096657163,0.0,lfs
KSSL_15950515,KSSL_75720.0,loam,0.6147864466018872,1.1970790451897693,1.1565620072997574e-12,0.4587700119738188,33.8,41.9,24.3,,23.0,45.526402,-102.4712,0.007675706425750586,6,0.4830188679245283,1.117574264755699e-14,0.45877352302508745,0.5591774087038002,1.0100000002337597,0.19861996359301035,0.007607546902914497,1.3,l
KSSL_110049,KSSL_17570.0,sandy loam,0.08770999245792895,1.4769647291052506,0.047444071342917636,0.2830246692782618,71.6,18.9,9.5,,213.5,45.57777,-91.628769,0.007962357698062139,6,0.2867924528301887,0.06673458216629546,0.28404012639212334,0.02549026647296086,1.0130298923049088,0.9799999999999903,0.007490843036569516,0.06,sl
KSSL_184690,KSSL_29927.0,silty clay loam,0.0271139265549856,1.381466135084006,0.10186153248476881,0.45691465232239586,9.8,54.5,35.7,,130.5,38.456944,-87.275833,0.008966736246142587,6,0.3547169811320754,0.13083427731443678,0.4592986557827304,0.018244119988957867,1.1658747638082316,0.44978916149603765,0.008900599112004108,1.7,sicl
KSSL_15950537,KSSL_75723.0,sandy loam,0.7129484291720267,1.1678712026916511,1.5174775329287637e-20,0.4193424912613807,54.4,25.9,19.7,,156.5,44.858799,-98.530296,0.014198258946712075,6,0.44150943396226416,1.6153261569429356e-13,0.41930032687443813,0.6597757686551793,1.0100000111358531,0.16853914734869826,0.014154704889782176,0.9,fsl
KSSL_181169,KSSL_29348.0,loamy sand,0.3091049399396954,1.3618860588713657,0.009116365894352446,0.3561524930577915,81.0,8.2,10.8,,18.5,32.596363,-106.76321,0.022237143888946265,6,0.37735849056603776,0.035351730509410595,0.3531020740689774,0.12917674251147934,1.01,0.5721319024726356,0.021146530076966638,0.2,ls
KSSL_107851,KSSL_17222.0,loamy sand,0.5249946522032822,1.5455906936670964,0.029750000999994378,0.31973515141504383,80.3,16.5,3.2,,123.5,46.106384,-89.084793,0.01563962077757409,6,0.3358490566037735,0.029750000999999998,0.3190566299572696,0.5600402378834622,10.547282476882998,0.051441750037655484,0.015028672121625501,0.06999999999999999,ls
KSSL_207925,KSSL_34312.0,silty clay loam,0.3777176802335912,1.1552174092151906,7.396905901454514e-26,0.465915996399461,0.7,67.1,32.2,,35.5,41.734974,-94.968002,0.016543026770533046,6,0.49433962264150944,2.150668833311919e-18,0.46539278502214126,0.31956772742728934,1.010000000000001,0.15900100796444447,0.01605546344125913,0.9,sicl
KSSL_193746,KSSL_31568.0,clay,0.0037181681371299376,1.1954641716628465,9.45632101720099e-13,0.3891656755324963,8.8,35.6,55.6,,90.5,40.93639,-77.649719,0.015064774486973258,6,0.3660377358490565,1.2022991467104312e-11,0.39013083650518265,0.0022503802043187552,1.01,0.24170990706278683,0.014852274470342416,0.1,c
KSSL_107820,KSSL_17218.0,loamy sand,0.26046995219219493,1.3583309350201214,0.018482575516174535,0.28142829107113587,80.4,12.6,7.0,,214.0,45.417221,-88.586998,0.017006964459125924,6,0.2943396226415095,0.015963068659091167,0.27962713390161403,0.3439791836361135,10.999999910221451,0.029631247758335786,0.016107130930350995,0.05,ls
KSSL_110078,KSSL_17574.0,sandy loam,0.22343084109723588,1.1428977001359715,0.012741039240945324,0.27056284558243243,65.1,19.4,15.5,,131.0,45.247215,-92.080734,0.007986819487067226,6,0.2566037735849056,2.0295448897805222e-11,0.26886188149983425,0.3186347986257998,6.108955423596558,0.02000000173743379,0.007221904376069493,0.04,sl
KSSL_181244,KSSL_29353.0,sandy loam,0.022259674283934314,3.819240623507316,0.06407000099999986,0.3709851602644432,78.5,12.1,9.4,,38.0,32.601921,-106.76308,0.014272602869439098,6,0.41509433962264153,0.06407000099999997,0.370373605274952,0.032167533031289226,10.999999996298572,0.17800743713894926,0.014042770483123836,0.4,fsl
KSSL_160720,KSSL_25186.0,silt loam,0.016877404016581797,2.5145407955573362,0.12702000099995125,0.4381730308564827,31.1,51.1,17.8,,20.5,,,0.0120706233805678,6,0.4188679245283019,0.11523877000218422,0.4345948572311073,0.03144043901872273,10.99999999994169,0.07475000676599429,0.008202454000574231,1.1,sil
KSSL_105911,KSSL_16910.0,sandy loam,0.05171512836373357,1.929106620626883,0.1191255731110853,0.3952006675847026,75.4,6.1,18.5,,71.0,34.440647,-103.58688,0.014409254126437272,6,0.3886792452830189,0.12546000099999996,0.4001262646728449,0.029363662739502035,1.4407291529056026,0.9799999999999999,0.013035023496990145,0.16999999999999998,fsl
KSSL_203337,KSSL_33547.0,loam,0.10827464992433519,1.7343813062401556,0.15184000099999997,0.6365085804472782,30.4,45.2,24.4,,111.5,43.600555,-103.54858,0.019498216685717554,6,0.3735849056603773,0.13625729069881545,0.6245655888072316,0.18650733318663779,10.999999999998778,0.04744778788438824,0.009204176206538517,0.6,l
KSSL_15769398,KSSL_43783.0,clay,0.10621568703996948,2.4514448965553117,0.326340001,0.5906150904018905,15.0,33.9,51.1,,9.0,39.380348,-106.19783,0.009308350140593972,6,0.5622641509433963,0.326340001,0.586352826581433,0.15235244163016054,4.8807415356313015,0.22236141617789845,0.007228236590578979,8.7,c
KSSL_15950664,KSSL_75745.0,silty clay loam,0.5179302904252299,1.1255741457410178,7.945069783571831e-21,0.44736458115016087,14.2,57.8,28.0,,17.0,44.5256,-99.460098,0.010236263739123204,6,0.4716981132075472,5.881081347382129e-23,0.4471812984145533,0.47497488864737897,1.0100000000000013,0.12635771341744476,0.010061069636721159,2.6,sicl
KSSL_193738,KSSL_31567.0,silt loam,0.02732834228675876,1.3090218883215785,8.953193290694311e-18,0.411838492819696,32.9,50.3,16.8,,14.5,40.948891,-77.634163,0.004842611592675334,6,0.3849056603773584,0.09690601265152121,0.41415137160032467,0.008149921964871439,1.01,0.856955777695883,0.0032362274421010103,1.9,sil
KSSL_181201,KSSL_29350.0,sandy loam,0.24299451722304974,1.360206285941519,0.03578694958304026,0.38846995834524284,73.0,12.8,14.2,,50.0,32.602318,-106.76126,0.013710396245132664,6,0.41132075471698104,0.0634614599207121,0.3863275628071666,0.1043638671121598,1.01,0.5669836975762772,0.012274446639533563,0.2,fsl
KSSL_173602,KSSL_27795.0,sandy clay loam,0.037353442407178555,1.2654098448840123,0.05791288292237354,0.37087406424511293,46.9,25.9,27.2,,63.5,33.437721,-88.780502,0.00471331512290838,6,0.3396226415094339,0.12739574562999495,0.3723726454864539,0.014920271023588769,1.0100000000000147,0.5809463369038436,0.004093243239768921,0.4,scl
KSSL_211743,KSSL_35015.0,loamy sand,0.20867958573703982,1.4310614280673566,0.023567865142879466,0.3778466962096918,87.9,4.6,7.5,,30.0,41.472214,-101.67149,0.02116199218233724,6,0.3999999999999999,0.04994389497491584,0.3740973476186255,0.06831788660872291,1.01,0.7859060251581859,0.019675949677336716,0.4,lfs
KSSL_211747,KSSL_35015.0,loamy sand,0.15070805524614614,1.6368546208180121,0.07113115992168559,0.3774685477906624,85.5,5.2,9.3,,98.0,41.472214,-101.67149,0.0058082226462924085,6,0.39622641509433953,0.059296808356019144,0.3764407640367213,0.2446226185237414,4.467618575607737,0.10684832229364573,0.005222483919205069,0.1,lfs
KSSL_204143,KSSL_33665.0,loamy sand,0.17144200932941261,1.4532375085041735,0.038540228626140344,0.37475379439703266,81.7,13.9,4.4,,128.0,47.856152,-117.03548,0.011236950792025923,6,0.39245283018867916,0.018512903460059175,0.37285022682418334,0.28027086947172086,10.999999959888155,0.03090646897320818,0.009673948928626188,0.2,lcos
KSSL_15950582,KSSL_75731.0,silty clay loam,0.012360013860199952,1.3263752543770009,2.0627224003291e-13,0.47191965591489193,10.0,58.9,31.1,,30.5,44.303917,-96.918724,0.016557954355570753,6,0.34716981132075475,0.12695619167438302,0.47572200751684623,0.003677717720961454,1.010000000000758,0.9799999983264237,0.014698527676032717,2.3,sicl
KSSL_195179,KSSL_31841.0,clay,0.23585518536515082,1.1567125114522134,6.0482265202829484e-12,0.5162942314195968,10.3,37.1,52.6,,2.5,32.531113,-106.79083,0.00916508000438841,6,0.5471698113207547,4.2301055445487625e-18,0.5164162192403501,0.19824240754222194,1.01,0.1617138780172735,0.00841155472705706,2.4,c
KSSL_194334,KSSL_31715.0,clay,0.08955014173454816,1.436227697170255,0.17793850797492097,0.5996913001708651,39.6,17.8,42.6,,78.5,31.753471,-81.53289,0.009150009543071727,6,0.290566037735849,0.19165135105437064,0.600272680493669,0.06831144543612834,1.2723359418397222,0.40785182616137305,0.009076759167354625,0.3,c
KSSL_15950509,KSSL_75719.0,loam,0.6690148225881294,1.212405002716855,7.595659869087043e-14,0.45130593932365737,41.0,39.4,19.6,,22.0,44.087002,-96.584999,0.009031471527530898,6,0.47547169811320744,1.846520587093669e-15,0.45115546070107687,0.5965791970413798,1.0100000002112637,0.21498103908590238,0.008726642936610069,1.4,l
KSSL_15747898,KSSL_40645.0,silt loam,0.8336111631934938,1.1343882422358746,3.0114544175758664e-24,0.37892835589721263,26.5,53.4,20.1,,2.5,40.166016,-113.0209,0.02196815093036041,6,0.3999999999999999,6.454808671196008e-20,0.3784911109399363,0.7454310359245155,1.01,0.13573189076513084,0.021830078921113723,0.9,sil
KSSL_110040,KSSL_17569.0,sandy loam,0.07174675473320818,1.4384323547782127,0.04382909080437706,0.27033856675531576,66.7,23.1,10.2,,160.0,45.578606,-91.629051,0.007421007832385549,6,0.28301886792452835,0.06802918624446186,0.2715765147796603,0.019983315600675254,1.0100000000203504,0.9799999999997737,0.006336825124539747,0.06,sl
KSSL_195180,KSSL_31841.0,clay,0.044629854261634884,1.2859179079995349,0.1227021757056328,0.5070093381981885,9.0,31.0,60.0,,12.5,32.531113,-106.79083,0.006908823111549787,6,0.4188679245283019,0.1921547639657395,0.5093941528296771,0.01904681799697846,1.0100000000000016,0.5591184665249466,0.006276638291183765,0.7,c
KSSL_195302,KSSL_31861.0,loam,1.043042121572101,1.1898884035997597,9.566557345724548e-11,0.4836516222329866,48.9,34.8,16.3,,2.5,42.600445,-116.55947,0.0053464843855062305,6,0.5094339622641508,1.93014504736378e-15,0.4835595203796418,0.9462302468126312,1.0100000000000124,0.1914667795199687,0.004988396369230535,2.2,l
KSSL_15747872,KSSL_40639.0,sandy loam,0.7884629485719805,1.3813696564909888,1.8621903540100036e-22,0.4407655518335997,72.3,21.7,6.0,,33.0,37.190613,-112.19253,0.016338604702514883,6,0.4641509433962264,3.693094787302343e-12,0.4406145589215862,0.6560017922253625,1.0100000000000233,0.392830668144572,0.016085201137481433,0.3,vfsl
KSSL_190680,KSSL_31006.0,silty clay,0.1399756771678906,1.4250650534708194,0.21910870563720206,0.6006559306098439,5.3,44.3,50.4,,33.0,,,0.014750524116559194,6,0.38113207547169814,0.19273754537347748,0.5942759316799847,0.23049012563090798,10.999999999780826,0.02845992320431131,0.009499845912880164,0.7,sic
KSSL_153996,KSSL_24196.0,clay,0.048467054008210164,1.143070283644086,1.1560813472822466e-19,0.6226804662193995,9.5,23.8,66.7,,26.5,41.925694,-119.92744,0.00829574146866797,6,0.3169811320754716,4.190002591442562e-23,0.6249565144533012,0.04213886879268413,1.01,0.1480551500228676,0.007349990056804253,1.1,c
KSSL_15830391,KSSL_53325.0,loam,0.1881330470901992,1.3213086236682576,5.722104605396824e-20,0.48035973780181346,50.1,35.9,14.0,,24.0,37.657513,-107.80286,0.0193655117317084,6,0.5094339622641508,0.011167820764562703,0.4796904770999632,0.11995665898467314,1.01,0.37811740031593905,0.018103180202244537,3.0,l
KSSL_15950577,KSSL_75730.0,loam,0.007394924953292337,2.190464812508502,0.13796413911343927,0.33917391873509306,43.1,34.7,22.2,,15.5,44.325001,-96.768501,0.008131814194936873,6,0.369811320754717,0.14236223698759343,0.3414516861085819,0.00497593985655293,1.680615304152553,0.9799999999999999,0.007684862829668885,2.0,l
KSSL_107793,KSSL_17215.0,loamy sand,0.42510990027394974,1.3911675588213672,0.04415738857995814,0.25879218456156294,76.3,19.1,4.6,,47.0,45.521385,-88.485046,0.008265542624958265,6,0.2716981132075471,0.04366875838562965,0.2581132369030265,0.49951435335401834,10.93146988448923,0.034252916152028426,0.007652412148810831,0.12,ls
KSSL_15950490,KSSL_75715.0,clay loam,0.0027157080997782844,1.4467121573422583,7.910661458412085e-16,0.3356393181710594,27.9,37.4,34.7,,59.0,43.560989,-100.7435,0.02440700956629882,6,0.33207547169811313,9.4125750407079e-12,0.3399864640509196,0.0009032920377218338,1.01,0.8019714790666623,0.023412532554568197,0.5,cl
KSSL_115945,KSSL_18456.0,silt loam,0.17394322681026247,1.2948058412262036,1.5364027966805296e-26,0.5150689578495877,18.6,70.4,11.0,,15.0,45.325275,-89.816483,0.024420903635842393,6,0.5509433962264151,3.5350290572443246e-17,0.5150507748729667,0.11301463060340498,1.0100000000000011,0.3314430682256539,0.022629478356416648,1.44,sil
KSSL_15769482,KSSL_43795.0,silty clay,0.12773390648672636,7.457017058700102,0.376540001,0.6880787955439946,6.6,43.0,50.4,,74.0,45.289513,-123.35818,0.029182359314710152,6,0.4075471698113208,0.376540001,0.6885584251020707,0.15248048900734296,10.999999999999998,0.3630496454915269,0.029112102320963132,0.6,sic
KSSL_15747836,KSSL_40633.0,silt loam,0.02866068898366214,2.0367150843078994,0.12096000099999937,0.42420690213919504,22.8,57.1,20.1,,38.5,38.36647,-112.64291,0.01689404219046021,6,0.46037735849056594,0.12096000099999998,0.4146738563940111,0.03938919600822278,10.999999999298197,0.07940891509709035,0.016102078392184513,0.4,sil
KSSL_184706,KSSL_29929.0,silty clay loam,0.004770818707818435,10.999999997303703,0.17358142308936142,0.32159686428241985,8.4,62.7,28.9,,114.0,38.070278,-87.435555,0.016050092480562942,6,0.23773584905660372,0.17362841134224902,0.3215967932008374,0.004730736035700993,10.999999999999998,0.9799999999995225,0.016050011082744193,1.3,sicl
KSSL_107819,KSSL_17218.0,loamy sand,0.3912819826756968,1.3103683995574902,4.310385177230193e-10,0.30084991060970145,82.4,11.1,6.5,,176.0,45.417221,-88.586998,0.015331506831168285,6,0.3169811320754716,0.002212702323741731,0.30069573081958817,0.2871363157115606,1.010000000000193,0.33715409635043253,0.015153679121541138,0.05,ls
KSSL_195210,KSSL_31845.0,clay,0.029192158570193114,1.4138045576924423,0.21700734088354093,0.49278453002436745,2.1,23.3,74.6,,147.5,32.66777,-106.77194,0.007543625912424669,6,0.34716981132075475,0.2561584291438069,0.496810004317406,0.009754521530773788,1.01,0.9134715347687032,0.006959607889450445,0.2,c
KSSL_203341,KSSL_33548.0,silt loam,0.1318282104059075,1.6483442293016917,0.1058027149342081,0.5786558062744994,30.9,51.5,17.6,,16.5,43.653446,-103.54916,0.028023104768962966,6,0.5056603773584905,0.0947346705645379,0.5693649089727513,0.20763531979168254,10.999999999999826,0.04643775385211649,0.020246974550431462,2.7,sil
KSSL_207901,KSSL_34309.0,silty clay loam,0.06510717650843482,1.1737313040274853,1.550317945974094e-14,0.5059074843873339,1.0,67.5,31.5,,152.5,41.278641,-94.452499,0.004895235134733235,6,0.4037735849056603,4.010910183318748e-10,0.5074985737857566,0.051785212513859785,1.0100000000000193,0.1835581197934812,0.0037560471509007574,0.2,sicl
KSSL_195192,KSSL_31842.0,sandy loam,0.25605407192157487,1.3180668306169891,0.05251115628958016,0.35151369697720436,66.9,18.3,14.8,,142.5,32.529713,-106.78555,0.0031165900286079587,6,0.369811320754717,0.029499455438914742,0.35132079652304016,0.4007723609814386,10.473200166178106,0.023388554948776348,0.0030286899721300633,0.1,sl
KSSL_207909,KSSL_34310.0,silty clay loam,0.004950110560888346,1.292323133850048,4.04602380489395e-16,0.39545730092283815,4.6,65.0,30.4,,145.0,41.27689,-94.448914,0.018959173438666186,6,0.3433962264150944,2.6832897623200004e-13,0.39776462758543746,0.0027126788811028596,1.01,0.3798245189610787,0.017676094593787203,0.1,sicl
KSSL_197472,KSSL_32236.0,sandy loam,12.392677097699458,1.0891856225943513,4.1652520103218467e-23,0.3404814857160535,63.3,29.7,7.0,,63.0,38.934116,-120.05445,0.02363183932059971,6,0.3584905660377359,1.6107209619522873e-15,0.3404459884184739,12.165033313374545,1.0100000000003384,0.08851687682994766,0.023624642597279758,1.3,sl
KSSL_15747890,KSSL_40643.0,loam,0.23800413611158358,1.1233981487945788,3.401939668127609e-21,0.3826753555212159,36.7,36.7,26.6,,62.5,,,0.019080446620906712,6,0.4075471698113208,4.984565340312782e-41,0.38134626575025665,0.18876514050447565,1.01,0.12823199536992205,0.0187581341276339,0.9,l
KSSL_173611,KSSL_27796.0,silty clay,0.04366137246347182,1.1598704173263479,1.809558513869239e-12,0.5608108528593078,1.5,42.6,55.9,,137.0,33.973782,-90.904984,0.006796359872946423,6,0.3396226415094339,0.08592403397468518,0.5626041763743317,0.031108063048030092,1.0100000000000164,0.22159152579168803,0.0065359613934740865,0.7,sic
KSSL_181088,KSSL_29342.0,sandy loam,0.01506559529008328,2.4841186898392857,0.13792000040916544,0.3286675903169005,68.5,17.5,14.0,,117.5,32.549934,-106.76495,0.02826417323699324,6,0.39622641509433953,0.13437760882155358,0.3274156851919305,0.019998218083443875,3.4630065276010145,0.318726638618076,0.028219343748605238,0.3,fsl
KSSL_115968,KSSL_18458.0,loamy sand,0.14527477294062105,1.6415382036384678,0.03739272904920957,0.32014615272553193,74.6,22.1,3.3,,70.0,45.552498,-89.8601,0.016901149961315684,6,0.33207547169811313,0.03283871217802905,0.3159132705094753,0.22251982115830557,10.999999998526881,0.04760410558161792,0.013686873559789817,0.18,ls
KSSL_115940,KSSL_18455.0,sandy loam,0.034973695333256574,1.838949192490937,0.08702887671663415,0.3241847495950866,55.7,34.9,9.4,,67.0,45.296387,-89.858154,0.00907741340839965,6,0.29811320754716975,0.09325278149396199,0.3300684374954676,0.01881152867178087,1.2891524072510705,0.9799999999998699,0.007849954399121502,0.06,fsl
KSSL_15769455,KSSL_43792.0,clay,0.07591365071741621,1.7360029880318693,0.3554128342145162,0.5588040175857697,19.4,35.7,44.9,,86.0,45.302959,-123.35186,0.018655948044073792,6,0.41509433962264153,0.35581000099999993,0.5608327385611059,0.03134146461228271,1.207662267453868,0.9799999999999999,0.016544223937832975,0.4,c
KSSL_107866,KSSL_17224.0,loamy sand,0.28103602146154605,1.690492704453232,0.035650000999998294,0.397352922127861,78.2,19.4,2.4,,86.5,46.106941,-89.084793,0.02427235430921121,6,0.41509433962264153,0.035650000999999994,0.394351237318972,0.32046067053097765,10.999999976038412,0.061782684148553535,0.021820465056266506,0.45,ls
KSSL_152992,KSSL_24010.0,loam,0.20194992621149216,1.2116432600992402,2.986560191366991e-22,0.44796587370859375,27.4,47.8,24.8,,7.5,,,0.020797455144070692,6,0.4792452830188678,2.779636970246853e-22,0.4479933022464891,0.15253775725039348,1.01,0.22574084293966498,0.019956467855203518,0.9,l
KSSL_15950646,KSSL_75742.0,clay loam,0.0460689380279431,1.1655523030290489,3.3804133685412664e-14,0.3418697872672088,33.1,38.1,28.8,,36.5,45.029202,-99.113403,0.006407357379947937,6,0.36226415094339626,6.355176043348218e-14,0.34242314069835267,0.03654784449341998,1.01,0.17563673527706264,0.005902358007692563,0.9,cl
KSSL_197511,KSSL_32243.0,silt,0.02242762773487944,3.624705193662201,0.07104000099999982,0.447627509781618,6.1,84.9,9.0,,185.5,35.216667,-92.916664,0.017331720610869752,6,0.4377358490566038,0.07104000099999999,0.44663027202797945,0.03275081329473098,10.999999995670201,0.16585566772328478,0.016968072355666317,0.0,si
KSSL_192666,KSSL_31339.0,silt loam,0.0804753450917581,1.319359133565499,0.07706530879055148,0.43318159771212744,9.0,67.8,23.2,,114.5,39.786335,-99.329529,0.0063856702369507416,6,0.46037735849056594,0.13195062558830645,0.43328120471014137,0.02788227381737832,1.01,0.6612188601115457,0.004316013313867455,0.2,sil
KSSL_15950485,KSSL_75714.0,sandy clay loam,0.0023937515548058705,1.4641337841938302,2.1594846637274257e-11,0.26914612986901976,46.3,21.9,31.8,,73.0,44.425999,-103.38,0.025544603493158412,6,0.31320754716981136,0.026929356312988432,0.2730461993241075,0.0007687428181230005,1.01,0.9799999999931612,0.025216542121531637,0.5,scl
KSSL_197700,KSSL_32317.0,silt loam,0.02666792258975383,2.941621246687566,0.085560001,0.47001414201378877,12.3,77.4,10.3,,180.5,,,0.016054070731077983,6,0.4528301886792453,0.085560001,0.47308561274071675,0.021561286244769596,2.339076501870495,0.9799999999999943,0.015572457601777622,0.2,sil
KSSL_181188,KSSL_29349.0,sandy loam,0.08112826651589587,1.553619841198858,0.05644615307268183,0.3783161418303545,73.8,10.3,15.9,,102.5,32.596363,-106.76321,0.01734049346773988,6,0.41132075471698104,0.07630512667731831,0.3822449076354558,0.028347287768492182,1.0746616225160044,0.9799999999999999,0.013698632725439246,0.2,sl
KSSL_192653,KSSL_31337.0,sandy loam,3.9300683686109714,1.174166586890264,8.31079536093331e-10,0.35130702673372816,80.4,8.7,10.9,,109.5,37.13139,-97.086113,0.0035914522004509048,6,0.369811320754717,9.461357081470996e-12,0.3512993990057412,3.7978718897550383,1.0100007858012328,0.17332382270126914,0.0035668347817817306,0.2,fsl
KSSL_190681,KSSL_31006.0,silty clay loam,0.11775533457458838,1.5650845584128112,0.1792585523205921,0.5992099787215464,10.1,58.5,31.4,,2.5,,,0.02318594605369103,6,0.44150943396226416,0.14762602119167256,0.5887821821348672,0.20124239409973133,10.999999994066698,0.0350815315191817,0.01743845198780309,2.2,sicl
KSSL_181378,KSSL_29369.0,silt loam,0.024224407848392596,2.095917327873411,0.12600325704445964,0.43103698548234415,1.3,82.3,16.4,,181.0,34.236195,-89.898529,0.010477707270580297,6,0.4037735849056603,0.11651449328815335,0.4259116820882977,0.03925961564897687,10.999999618585235,0.0681120647066567,0.010217227268541618,0.1,sil
KSSL_206264,KSSL_34027.0,clay loam,0.00795698863398556,1.230995981453316,7.267344386060401e-16,0.38501407762219164,28.7,40.9,30.4,,99.5,40.869026,-96.794357,0.009808195747967041,6,0.33207547169811313,3.6832506019429855e-14,0.38708059489482566,0.005336071276630456,1.01,0.26813197973902686,0.009040283669474222,0.1,cl
KSSL_183268,KSSL_29691.0,silty clay loam,0.06927603807902673,1.41427598671613,0.08196887184290531,0.4490238573867925,17.6,55.2,27.2,,79.0,43.738651,-96.619019,0.009715672141487133,6,0.43018867924528303,0.12231313111874394,0.45172660120256036,0.022359946317020596,1.0100000005560588,0.8492133349348732,0.008809823679272683,0.4,sicl
KSSL_206388,KSSL_34044.0,loam,0.04367849215603477,1.2083196241397274,2.7369110631344083e-47,0.41745806912397326,29.0,47.3,23.7,,193.0,28.647194,-97.61953,0.01819965265937941,6,0.3849056603773584,6.607221263612213e-45,0.41697344390413604,0.02616060119777583,1.01,0.24191276491396493,0.017125224649282438,0.4,l
KSSL_190738,KSSL_31012.0,silty clay,0.0047102536879714925,10.999999845126505,0.23856645910885485,0.3511845799271427,11.4,47.0,41.6,,48.5,,,0.012509853206115328,6,0.3584905660377359,0.15906222203944306,0.3549172394066451,0.001005668331721378,1.01,0.9798177756296553,0.013769405202063977,0.4,sic
KSSL_153931,KSSL_24183.0,silt loam,0.025884972648654917,1.2918180921949596,0.014685999728936472,0.41477854592220287,14.0,63.2,22.8,,2.5,45.210274,-123.11528,0.0048002377170359555,6,0.44150943396226416,0.12057008440379906,0.41667565037818105,0.007384268727751191,1.0100000000000002,0.8831938751521405,0.003608138543386555,2.0,sil
KSSL_181299,KSSL_29357.0,sandy clay loam,0.02434389263657706,2.3960796984389128,0.13650000099999998,0.3981349332415108,48.4,25.7,25.9,,10.5,32.345222,-105.7775,0.020170624638022817,6,0.45660377358490567,0.13446195533371558,0.4075391641618109,0.018330463846652576,1.5361529920830939,0.9799999999999999,0.019713765189281047,0.9,scl
KSSL_164088,KSSL_25820.0,loam,0.04314546396162336,1.8330943619169675,0.1286157081826695,0.3736151316356987,38.8,41.0,20.2,,33.5,46.306026,-105.97742,0.011016922899289334,6,0.4075471698113208,0.13484826608916822,0.38083672044526284,0.023296248497362428,1.2681085469804918,0.9799999999998422,0.008900081182304216,0.6,l
KSSL_115922,KSSL_18453.0,sandy loam,0.019057746235903956,2.940728613639269,0.08477000099999998,0.3115194214153804,59.6,30.3,10.1,,143.5,45.234997,-89.837875,0.007605726234948377,6,0.320754716981132,0.0833170769359515,0.3102109333003177,0.03260336234645879,10.999999957801032,0.10673515685758779,0.006604401795147568,0.08,fsl
KSSL_15747882,KSSL_40641.0,sandy loam,0.05605736246851552,1.2358810602748915,2.526916967261838e-33,0.3113939366987596,54.9,30.8,14.3,,72.5,41.331444,-111.30356,0.011426596345057213,6,0.3396226415094339,9.6696117391134e-27,0.31251699666023997,0.04006851119629872,1.01,0.2597954646799792,0.01008476175303666,0.7,sl
KSSL_15830389,KSSL_53324.0,silt loam,0.2367623849813024,1.3088561788955189,2.253744051780222e-25,0.6734648476786069,11.4,69.2,19.4,,49.0,39.014637,-107.04946,0.026854867311672418,6,0.7132075471698114,1.9240670181206646e-17,0.672260978392449,0.16898066339818954,1.010000000000005,0.33336487346350935,0.02497490617306836,1.9,sil
KSSL_211759,KSSL_35017.0,clay loam,1.0273964537062201,1.1491142337116391,1.6057069374489103e-10,0.6157413179269592,41.5,30.3,28.2,,27.0,41.704082,-101.43115,0.018791650392200585,6,0.6490566037735849,1.8117940787103154e-11,0.6155647187541885,0.9443313811710545,1.0100000000010065,0.14994919387102318,0.018608219568322152,2.5,cl
KSSL_206267,KSSL_34027.0,clay loam,0.006450987527990686,1.2072943836157044,4.2250022602093434e-19,0.393025838330828,25.1,44.6,30.3,,189.5,40.869026,-96.794357,0.010747291035826376,6,0.27924528301886786,3.1387156746848175e-26,0.39399620140212355,0.003833021251146185,1.01,0.2572033861671512,0.00968917379538061,0.0,cl
KSSL_183270,KSSL_29691.0,silt loam,0.06704271530958121,1.5412478059591206,0.07412292545403876,0.4382681064248138,8.1,72.8,19.1,,134.5,43.738651,-96.619019,0.007294261723739785,6,0.4641509433962264,0.09585041571988175,0.44146476774694904,0.030808124820114687,1.1513729139106088,0.7759413861654064,0.006177882452911899,0.2,sil
KSSL_164210,KSSL_25842.0,loam,0.021678800444340427,2.1720798830477968,0.17955000099973284,0.44638182747054006,26.7,46.4,26.9,,2.5,39.616703,-82.99987,0.020853581971937363,6,0.5056603773584905,0.17769093051839902,0.45486140485659876,0.014546726340073585,1.4056866443355396,0.9799999999999999,0.020926437109711718,4.4,l
KSSL_186811,KSSL_30329.0,loamy sand,31.62277660168378,1.2644310333989264,0.024150000999999997,0.3612162031574587,85.3,10.4,4.3,,34.5,41.800007,-81.066673,0.013373927348245133,6,0.38113207547169814,0.024150000999152803,0.3612234088128754,31.62277660168378,1.0100000002822023,0.26173121361530116,0.013364880780601617,0.3,lfs
KSSL_153990,KSSL_24195.0,sandy loam,0.6524868900628064,1.3267631913450515,0.08212438801665845,0.38657420449499574,64.8,29.5,5.7,,3.0,41.583477,-119.73604,0.019885031663983473,6,0.4075471698113208,0.0938137330906718,0.38592335830098157,0.4104439843477729,1.010000000000001,0.40024082354394125,0.019571116206977886,0.3,sl
KSSL_173603,KSSL_27795.0,sandy clay loam,0.04222662097889154,1.3242141935007217,0.09239928976230824,0.35242456374275694,49.9,24.5,25.6,,89.0,33.437721,-88.780502,0.0048164322949095445,6,0.33207547169811313,0.13707675807188405,0.35440771807166316,0.01581273783567353,1.0100000000000349,0.6826771438507756,0.00414776232392016,0.3,scl
KSSL_153953,KSSL_24188.0,sandy loam,1.1882996484977866,1.2085215128916342,2.01835085989169e-15,0.4511477684541957,57.9,34.4,7.7,,2.5,41.581257,-119.73465,0.013598351286126657,6,0.47547169811320744,2.356875864265825e-19,0.4509066328381173,1.0595578892525714,1.0100000000000224,0.21107758302779353,0.013313382058098577,0.6,fsl
KSSL_115932,KSSL_18454.0,sandy loam,0.08291986433810225,1.3359036803383169,0.015373755612932393,0.27889925139376487,69.4,22.0,8.6,,71.0,45.235828,-89.840096,0.006367333445177796,6,0.2754716981132076,0.04766987273245344,0.2796487426693178,0.032985561242153794,1.01,0.6075036551072122,0.006094312311326905,0.06,sl
KSSL_194331,KSSL_31715.0,sandy loam,0.31319568539818216,1.8130318551287161,0.063840001,0.4660953585309932,70.0,22.1,7.9,,14.0,31.753471,-81.53289,0.009958346948244403,6,0.49056603773584906,0.063840001,0.46599015272102273,0.3489267906788561,2.2946758991461254,0.33900701120492516,0.009887382967462633,1.8,fsl
KSSL_193747,KSSL_31568.0,clay,0.02486402285990022,1.1139555405764454,1.450814191462077e-30,0.42361757748090456,4.5,39.9,55.6,,117.5,40.93639,-77.649719,0.012006035946419791,6,0.3886792452830189,3.165022949755536e-35,0.4243326923426939,0.02093771451462508,1.01,0.11959277512925404,0.011561819304261527,0.1,c
KSSL_108638,KSSL_17329.0,loam,0.026928305846803918,2.465432687802405,0.08890000099997811,0.5106156267643045,44.1,46.5,9.4,,7.5,47.808163,-119.90921,0.017407941065514743,6,0.5132075471698113,0.08890000099999999,0.5168518897886716,0.019717767020960213,1.8512436895584337,0.9799999999999999,0.016782689372990177,1.15,l
KSSL_118576,KSSL_18827.0,silty clay loam,0.017889747817813096,1.178086295102864,2.3290152526041247e-16,0.4073779880540024,7.2,57.3,35.5,,6.5,,,0.007511232148348925,6,0.38113207547169814,3.4814867749878573e-22,0.4091461245044108,0.0141610599600569,1.01,0.19108617009985931,0.006536571317487207,2.66,sicl
KSSL_195187,KSSL_31842.0,sandy clay loam,0.05248943093531033,1.3535799221511087,0.05805315326826798,0.40806229087448964,58.4,20.0,21.6,,4.0,32.529713,-106.78555,0.009794528310027799,6,0.4377358490566038,0.11167310206335242,0.4108146434886071,0.018046999156888177,1.010000000000444,0.7600540335183606,0.008607798731170091,1.5,scl
KSSL_153989,KSSL_24194.0,sandy clay loam,0.03117906559505503,1.7958470156378201,0.16202824721634912,0.4074165123655515,48.3,22.7,29.0,,29.5,41.583115,-119.73584,0.015466684652629176,6,0.4528301886792453,0.16427663502759862,0.42016822282386224,0.016881664227211417,1.0758849372599193,0.9799999999999999,0.013881815177791986,0.4,scl
KSSL_15742058,KSSL_39573.0,sandy loam,0.1627629934083309,1.391100549512394,0.11618985366727401,0.5039739674516582,70.6,25.8,3.6,,26.5,48.859165,-121.43889,0.009527858966826093,6,0.5320754716981132,0.14466294587102618,0.5029890525160987,0.0715819254153126,1.010000000000004,0.6079374884052249,0.007929915392197269,5.3,sl
KSSL_15950650,KSSL_75742.0,silt loam,0.24768269299557458,1.2069830007416211,1.3089426758850276e-23,0.4390477379624588,32.7,50.6,16.7,,125.0,45.029202,-99.113403,0.012682683511269777,6,0.4641509433962264,3.663575989883908e-10,0.43870893991079796,0.2021301941485953,1.0100000000242115,0.2146496069920166,0.012074685074498782,0.3,sil
KSSL_190683,KSSL_31006.0,clay,0.15849592087093958,1.6542171237531456,0.27380000099999996,0.6067763153586554,12.4,36.9,50.7,,33.0,,,0.02777690996297084,6,0.3735849056603773,0.27380000099999996,0.5975533033670808,0.21414941694078865,10.99999999521425,0.05334343066219872,0.0223780050972748,0.3,c
KSSL_15950499,KSSL_75717.0,silt loam,1.6073729559151222,1.1422502650777488,2.6253290925755273e-27,0.45124659831815567,16.4,61.9,21.7,,10.0,43.7687,-96.889702,0.018099788710399706,6,0.47547169811320744,1.4394922935953058e-22,0.4510415085329134,1.5010616906831105,1.0100000000000575,0.14244057908065352,0.01798774322959771,0.9,sil
KSSL_15950525,KSSL_75722.0,silt loam,0.33414130789485724,1.1899015933992487,7.492520212909751e-24,0.4886929017111401,17.1,56.3,26.6,,11.5,44.989498,-99.953697,0.014026322310544627,6,0.5169811320754717,3.323330666786509e-17,0.4879722338333782,0.2765327992830021,1.01,0.19584701566718768,0.013239287458473198,2.2,sil
KSSL_118545,KSSL_18823.0,sandy loam,1.0639896901228527,1.1189743252214779,1.205057892190932e-17,0.32594832624611947,58.5,28.6,12.9,,7.5,35.878139,-76.658012,0.008257589680712355,6,0.3433962264150944,1.2557543840884142e-13,0.3258575342642078,0.9958368502337498,1.0100000000004743,0.11917074406675997,0.008187418949821577,1.35,fsl
KSSL_15950516,KSSL_75720.0,loam,0.5453620170822308,1.2160689923978834,0.026811654568954818,0.43047145031493367,35.0,39.9,25.1,,47.5,45.526402,-102.4712,0.009435349435169698,6,0.4528301886792453,0.019653304199760642,0.4301886905881003,0.6314196565097897,6.792054302146887,0.02992922560256207,0.009171711874180257,0.7,l
KSSL_195177,KSSL_31840.0,clay loam,0.24179358347485178,1.1850777343028298,4.684133132845078e-20,0.3798667324825707,35.5,31.9,32.6,,131.0,32.512779,-106.74306,0.01075137232811774,6,0.4037735849056603,4.643690716858552e-21,0.3792188544263179,0.18774941618421787,1.01,0.1947985014439535,0.009870775299937821,0.1,cl
KSSL_183265,KSSL_29691.0,silty clay loam,0.024550359255881175,1.204205822444558,4.297052182835938e-18,0.38106171379813625,14.6,54.9,30.5,,5.0,43.738651,-96.619019,0.006805179657817478,6,0.4075471698113208,7.531400620487312e-19,0.38350951853053467,0.019623696773975748,1.01,0.21792030931855358,0.005953296273243991,2.2,sicl
KSSL_181115,KSSL_29344.0,sandy loam,0.29494105846083185,1.4048528568673058,0.05067133466815235,0.4230185093639867,73.9,12.7,13.4,,37.5,32.548763,-106.76363,0.017704518144355186,6,0.44528301886792454,0.06513314582641824,0.4224367580983476,0.15865340377120166,1.01,0.533176968353979,0.017365093725701167,0.3,sl
KSSL_190712,KSSL_31009.0,silty clay loam,0.014761504667116567,1.2358373591007854,1.229684064543771e-19,0.3879978744836732,5.8,63.5,30.7,,33.0,,,0.010184375815492999,6,0.41132075471698104,1.5881580976525237e-13,0.3906770759534564,0.010785032025374591,1.01,0.2610294840051579,0.009076652237864172,0.3,sicl
KSSL_184698,KSSL_29928.0,loam,0.02445161231813103,1.268653517266645,7.912668382507202e-22,0.40470856633354524,27.2,48.9,23.9,,127.0,38.232777,-87.3125,0.007822796202398704,6,0.3547169811320754,0.1154407476298108,0.4059695667070464,0.007062168921130612,1.01,0.8288856086677227,0.006648727106938572,2.3,l
KSSL_206368,KSSL_34042.0,sandy clay loam,0.30550413019291955,1.2777882420567368,0.14982052289463688,0.33376591869170474,66.4,7.7,25.9,,43.5,28.946056,-97.664719,0.0027758028724688437,6,0.3509433962264151,0.13501643074008068,0.3333962348216933,0.4523604457135674,10.420161866210181,0.020977239349523686,0.0022958752144262703,0.4,scl
KSSL_15747848,KSSL_40635.0,loam,1.4768569736173989,1.2273998873654859,0.012563247283403509,0.5806358580894755,33.1,49.9,17.0,,24.5,,,0.014760306515076435,6,0.6113207547169811,0.02286310036045517,0.5805417802919278,1.2404509305801203,1.010000000006999,0.24165446594903137,0.014651453183755448,3.5,l
KSSL_184679,KSSL_29926.0,silt loam,0.004200633328864277,10.999999999995984,0.21876904835724667,0.387172458129913,4.2,71.0,24.8,,85.0,38.453609,-87.314445,0.024271880158125994,6,0.3094339622641509,0.21876982202544365,0.38717247118984766,0.004171499487704038,10.999999999999998,0.9766811747857689,0.024271873788377658,0.2,sil
KSSL_15769437,KSSL_43790.0,silty clay loam,0.1221721487370878,4.478450764570617,0.38488000099999997,0.628722135413197,15.0,48.2,36.8,,99.0,45.300217,-123.38321,0.01763609578219671,6,0.4226415094339623,0.38488000099999997,0.6270532569194367,0.18955279618978488,10.999999999988134,0.11428718625220262,0.012062746908870296,0.3,sicl
KSSL_118583,KSSL_18827.0,silty clay loam,0.024732459013104596,1.2271978631400118,2.2970406716336247e-24,0.4899622526483062,2.9,67.3,29.8,,163.0,,,0.013069396174853093,6,0.42641509433962266,7.369266287033759e-21,0.49339842624401936,0.018451043963110432,1.01,0.2493681994902829,0.0112368613253558,0.1,sicl
KSSL_108658,KSSL_17331.0,silt loam,0.10500998886236375,1.3736053250916833,0.09873535386135536,0.4516844549501216,31.0,50.9,18.1,,137.5,47.553719,-119.9606,0.007183383105851299,6,0.41509433962264153,0.02500569658550947,0.4480385226598453,0.2188730420704698,10.532485015056324,0.02000000000000002,0.0038828437829989365,0.13999999999999999,sil
KSSL_15769410,KSSL_43785.0,sandy loam,3.3398271929906915,1.218543186546295,3.1331811315727516e-09,0.44810607010220366,75.3,15.7,9.0,,26.5,38.990612,-106.74514,0.022923636887823826,6,0.4716981132075472,0.0027290887293326222,0.44808718008400666,3.06357457227317,1.0100000000000007,0.2224190060401198,0.022913288297501114,0.4,cosl
KSSL_115936,KSSL_18455.0,silty clay loam,1.2280047244172614,1.1334855808978865,5.341998570316457e-19,0.5974055200125231,8.5,61.2,30.3,,5.0,45.296387,-89.858154,0.028683915417464984,6,0.630188679245283,2.0485906552872814e-15,0.5970903118048885,1.1315358608793016,1.01,0.13412600787529502,0.02853231305648732,9.6,sicl
KSSL_190694,KSSL_31007.0,silt loam,0.10283767598767847,1.5224299864197208,0.14712025977692522,0.615586304142602,26.3,50.7,23.0,,7.5,,,0.012627292900206455,6,0.369811320754717,0.09270564832112256,0.6072197700171614,0.19909084453906603,10.999999999878531,0.029230590969919958,0.00350941148279189,1.6,sil
KSSL_192588,KSSL_31329.0,silt loam,0.2538794526220268,1.20425957493818,5.948935418287354e-22,0.5138258752381131,39.7,52.6,7.7,,74.5,45.271732,-117.68747,0.019822795121259094,6,0.5471698113207547,7.363456793472462e-21,0.5134618044368104,0.19667902568325138,1.01,0.2155835803345434,0.018882654732058708,0.6,sil
KSSL_15769406,KSSL_43784.0,sandy loam,0.14349333118938523,1.4953035592393285,0.08007663020391909,0.419906421154176,58.3,27.3,14.4,,51.0,40.397972,-105.84597,0.013809755757078823,6,0.4377358490566038,0.06370130456337413,0.41603782419944846,0.23763898729603752,10.999999999968953,0.03397294880329172,0.010615257201081243,0.1,fsl
KSSL_15747869,KSSL_40638.0,loamy sand,0.07266469551157381,1.881897616795744,0.0716457197652907,0.42983537611253203,82.2,12.7,5.1,,161.5,37.195446,-112.19864,0.008595870562596293,6,0.45660377358490567,0.08007493671065165,0.4316567082091433,0.03821500614519172,1.385136999445142,0.9799999999999884,0.00507902158725308,,lvfs
KSSL_107800,KSSL_17216.0,loam,0.5710868791519494,1.2898721831580482,0.04366569629635142,0.4413591323142335,43.6,49.4,7.0,,12.5,45.46833,-88.586716,0.011298173125815904,6,0.4641509433962264,0.03809267758695895,0.4409434117966578,0.6882744948002898,9.15172128347271,0.029509579865944904,0.010903017432121603,1.02,l
KSSL_115939,KSSL_18455.0,silt loam,0.02622933662636328,1.820511416695573,0.09902306395032161,0.3758082489444621,26.8,59.0,14.2,,45.5,45.296387,-89.858154,0.008376516315982054,6,0.37735849056603776,0.10147084732905802,0.3772515590737349,0.022868503436146298,1.6406089989160293,0.551302967588331,0.008353701726440763,0.2,sil
KSSL_153976,KSSL_24192.0,sandy clay loam,0.29065169713589567,1.1443855966189245,6.979336418416171e-24,0.4385522452384184,47.4,24.0,28.6,,28.5,41.583115,-119.73584,0.009578021133489887,6,0.4641509433962264,3.797038320732754e-15,0.4385842679235477,0.2510539298242718,1.01,0.14778034893144132,0.00921083595737377,0.4,scl
KSSL_107812,KSSL_17217.0,loamy sand,0.141866183221283,1.8103304743807396,0.043930000999999975,0.3102066165611975,80.8,11.6,7.6,,215.5,45.46833,-88.586716,0.020470895156619075,6,0.2754716981132076,0.043930000999999996,0.3026014570222547,0.19843156062408523,10.999999999654158,0.06424937373788926,0.014028385263272538,0.04,ls
KSSL_206366,KSSL_34042.0,loamy sand,0.15368330304171618,1.6904028930295172,0.05952327278029859,0.4129484823142756,82.5,6.3,11.2,,11.0,28.946056,-97.664719,0.005915941815341409,6,0.4339622641509434,0.05433848915354198,0.4125757843980538,0.19824950222305693,2.2267148145125013,0.2669840147878991,0.005861965847578483,0.6,lfs
KSSL_15950653,KSSL_75743.0,clay,0.011304112087804422,1.1354910284833535,1.4708983551653345e-185,0.415574932030916,10.2,39.7,50.1,,31.0,45.519402,-103.289,0.01903872264651929,6,0.290566037735849,7.90242081602507e-67,0.41453499372124464,0.006563324018795294,1.01,0.16623773538882208,0.01852117984303937,1.4,c
KSSL_197461,KSSL_32234.0,loamy sand,0.7446820313778408,1.3100076786862573,6.745076284001739e-26,0.41160620440285745,80.2,13.6,6.2,,38.0,39.164246,-119.89687,0.016685106498541824,6,0.4339622641509434,1.9895160539615048e-17,0.41125699356290857,0.5994151150346457,1.01,0.3225406146388932,0.016232198196793668,0.6,ls
KSSL_15950621,KSSL_75738.0,sandy loam,2.0992587659615807,1.1155819838713386,3.361467961795667e-08,0.3620076879302262,53.1,27.1,19.8,,9.0,45.796299,-100.7805,0.010726529714145287,6,0.38113207547169814,6.329137176978787e-13,0.3619899774717633,2.039634605277432,1.0100000232155473,0.11493405971286567,0.010713250821404943,1.5,fsl
KSSL_184687,KSSL_29927.0,silt loam,0.004293167489820752,10.999999999999632,0.17645574021010907,0.3402394494855913,11.9,67.6,20.5,,59.5,38.456944,-87.275833,0.022686291833276372,6,0.3018867924528301,0.17645974827874508,0.3402394595510471,0.0042615427688870436,10.999999999999998,0.9798955366027977,0.022686282074726765,0.1,sil
KSSL_207902,KSSL_34309.0,silty clay loam,0.06677208096943361,1.2491693381340072,0.032578910549091344,0.5449114247511321,1.3,69.4,29.3,,183.0,41.278641,-94.452499,0.005506026176974004,6,0.44528301886792454,0.08337077274357878,0.5460860324962584,0.04656543497739839,1.0915939133828252,0.3040102355988048,0.005336380536688422,0.2,sicl
KSSL_197474,KSSL_32236.0,sandy loam,1.353131339212203,1.2417902969392673,2.9180944469509225e-17,0.368666737039629,68.2,29.2,2.6,,99.5,38.934116,-120.05445,0.016513289970519335,6,0.3886792452830189,1.0142715803301899e-19,0.3682826357010306,1.1704494562716699,1.0100000000000038,0.2465007295225662,0.01620274552648081,0.4,cosl
KSSL_15950552,KSSL_75726.0,loam,0.8437658963221882,1.1542779675820094,5.143657605318111e-19,0.4551335917283831,42.4,31.0,26.6,,6.5,44.987499,-101.253,0.012161516260497286,6,0.4792452830188678,6.841299620839898e-14,0.45507023100019856,0.788765439719682,1.0100000116667378,0.15455760003898955,0.012094617680053325,1.4,l
KSSL_107755,KSSL_17211.0,sandy loam,3.0234573026998444,1.3459788101390928,0.04509018673795959,0.30116769786041636,74.8,19.7,5.5,,73.0,45.750832,-88.323929,0.010144036127390546,6,0.3169811320754716,0.04640722035034117,0.3011320796054821,2.8483909449378704,4.83716159771575,0.07371874892333521,0.010110313779809576,0.06,sl
KSSL_107782,KSSL_17214.0,silt loam,0.04160916132600926,1.7303797549164042,0.006860466274439909,0.4298149645586023,20.5,76.7,2.8,,56.0,45.521385,-88.485046,0.013200369955384487,6,0.4226415094339623,0.022824027028950974,0.4351126661046586,0.019011947408993975,1.2579976739530696,0.9799999999999999,0.012213646251095805,0.31,sil
KSSL_198089,KSSL_32379.0,loam,0.2483886497411661,1.2747288943944306,3.42504472385238e-25,0.48421195338839124,36.0,48.6,15.4,,57.0,41.358898,-111.4875,0.01598349477287569,6,0.5132075471698113,0.02674996407835056,0.4832190794116152,0.15058292366864445,1.01,0.3486723514667012,0.014917573651946757,1.6,l
KSSL_173589,KSSL_27793.0,silt loam,0.022034864531126817,2.1629198404224095,0.11476000099981568,0.37978074162281744,9.8,71.9,18.3,,38.0,34.848499,-86.884941,0.013294745378294727,6,0.41132075471698104,0.10755508251330682,0.37545013707608277,0.036487471894301106,10.999999999995481,0.07063561499312745,0.011159504919912352,0.6,sil
KSSL_195204,KSSL_31844.0,silt loam,0.040493915239978855,1.9261424767559046,0.09955546267390418,0.4725145514221588,20.1,56.6,23.3,,210.5,32.546936,-106.71056,0.009269158298641705,6,0.4830188679245283,0.107900001,0.4793342193762165,0.024006285467304666,1.4301697650669212,0.9402104006300595,0.008046720127440591,0.1,sil
KSSL_15950625,KSSL_75738.0,sandy loam,0.168735463976534,1.6814175825463409,0.15504000099999996,0.41968099644002743,66.3,15.0,18.7,,142.5,45.796299,-100.7805,0.005666227697157023,6,0.44150943396226416,0.15210679463788704,0.4194340110288203,0.22609614649153925,10.990925080771468,0.053846095379431136,0.0052841409474715184,0.5,fsl
KSSL_181292,KSSL_29356.0,sandy loam,0.023175382499629072,2.683061308752248,0.115830001,0.36873378658448386,58.7,23.0,18.3,,7.5,32.351501,-105.76539,0.018601822628905192,6,0.4188679245283019,0.115830001,0.3658001803677438,0.035194822531146204,10.999999999890703,0.11052803433597873,0.017825111156280847,0.7,vfsl
KSSL_15950627,KSSL_75739.0,loam,0.03794979172369684,1.3046027692719346,0.03340230982703139,0.37909209773818,49.0,33.1,17.9,,8.5,45.292999,-97.514999,0.017439302302907474,6,0.4075471698113208,0.11938744916439124,0.37831336592497844,0.008907133677047846,1.01,0.9799999999999999,0.015959965147518688,2.6,l
KSSL_181147,KSSL_29346.0,sandy loam,0.02219938702692932,2.7215462479283206,0.107580001,0.3205089346621831,66.9,15.7,17.4,,130.0,32.54837,-106.76523,0.008498651158086056,6,0.3396226415094339,0.107580001,0.31878494193124446,0.03521808515965795,10.999999997454612,0.1074227002606254,0.007150946000558698,,fsl
KSSL_197505,KSSL_32243.0,silt loam,0.02250125285993028,3.95170443664603,0.027550000999999,0.3803747056807035,36.6,59.2,4.2,,36.5,35.216667,-92.916664,0.020775136912811312,6,0.44528301886792454,0.027550000999999994,0.38078987582885254,0.01987580169327304,3.4655492458050348,0.9799999999999999,0.020747597686902184,0.1,sil
KSSL_15747831,KSSL_40632.0,sandy loam,0.5013757017002396,1.2587186179592602,0.03626613504421999,0.5014073585255501,56.9,28.2,14.9,,32.5,41.96735,-118.18941,0.016121268271440198,6,0.5283018867924528,0.05755927570320361,0.5010552919097888,0.35148519526220895,1.0100000000016653,0.3060076252204801,0.015852760171002553,1.5,fsl
KSSL_181146,KSSL_29346.0,sandy clay loam,0.030816278548403186,1.9062721168925933,0.12453764287813009,0.3310842794778706,62.5,15.5,22.0,,95.0,32.54837,-106.76523,0.008612921412916861,6,0.32830188679245276,0.12827586269874863,0.3353960535532323,0.01924239838934273,1.3928300367337803,0.8878257404759635,0.008369703573204913,0.0,scl
KSSL_195256,KSSL_31853.0,sandy loam,3.369505076663554,1.213211398332918,6.097701387547067e-11,0.40149963919635956,74.6,17.1,8.3,,5.0,32.513634,-106.796,0.003454228969923403,6,0.4226415094339623,0.0003578060035553049,0.40149468175163294,3.2045095494761853,1.01,0.21317733509633424,0.0034275698607546664,0.3,sl
KSSL_108642,KSSL_17329.0,silt loam,0.09025308008830527,1.7751713460629333,0.07721694820790649,0.45776512112183293,37.0,52.0,11.0,,99.5,47.808163,-119.90921,0.003035127656105738,6,0.4830188679245283,0.08353084789288384,0.45922639170442253,0.06516402734687118,1.492883817688571,0.6426106972753441,0.0020293124522849353,0.37,sil
KSSL_15769483,KSSL_43795.0,clay,0.12778494064875545,7.043768234194893,0.41021000099999994,0.7001658901033039,8.4,37.5,54.1,,100.0,45.289513,-123.35818,0.02302201223863229,6,0.39245283018867916,0.41021000099999994,0.70071256363156,0.15605810588783853,10.999999999999984,0.32485488519830596,0.022892842925180245,0.3,c
KSSL_193754,KSSL_31570.0,silty clay loam,0.009553144670407436,1.3048345133471329,3.3140012273442284e-19,0.37148616052865896,13.1,59.7,27.2,,31.5,40.90778,-77.690277,0.009130074324067974,6,0.37735849056603776,0.11291052455100663,0.3739492827275905,0.0028519854329141737,1.01,0.9799988125587772,0.008374182172317631,0.3,sicl
KSSL_197492,KSSL_32241.0,loam,0.3083190162131165,1.2144895972746073,0.012577486051221939,0.48221618387485016,50.5,34.4,15.1,,31.0,39.135368,-120.21872,0.016255765084967056,6,0.5094339622641508,0.060922412264833754,0.4809124879139155,0.18705499862283423,1.0100000000000002,0.29242667287145263,0.01572791619951172,1.2,l
KSSL_181156,KSSL_29347.0,sandy loam,0.7188612958036655,1.2952946443476225,0.02995003000083596,0.3830286331562958,77.3,8.4,14.3,,13.0,32.54837,-106.76523,0.014053942958419602,6,0.4037735849056603,0.043129062360569376,0.3825735932076126,0.48799629429769775,1.0100000000000042,0.34981705231406507,0.013691857839669,0.3,fsl
KSSL_107874,KSSL_17225.0,sandy loam,0.2156974421156896,1.496304480515394,0.052824943167788116,0.46390681226226815,47.3,49.2,3.5,,30.5,46.106941,-89.084793,0.010213756269516735,6,0.4867924528301887,0.04083708591938291,0.4624569268488344,0.31828329209721534,10.999996997653732,0.037079291986259144,0.008441927186614216,1.3199999999999998,fsl
KSSL_167523,KSSL_26366.0,sand,0.2188105372925342,1.4121600838107276,1.1255699692637008e-18,0.3285251303009043,87.9,9.0,3.1,,27.5,33.706985,-116.15584,0.026975424921721506,6,0.3509433962264151,0.006280585344251919,0.32488633422583124,0.09407489640017926,1.01,0.5706011791366109,0.025481660095108726,0.2,s
KSSL_108657,KSSL_17331.0,silt loam,0.0691629943335929,1.3807709728015798,0.05656983997583041,0.39191975951191393,22.4,64.6,13.0,,113.5,47.553719,-119.9606,0.005692877526015923,6,0.41509433962264153,0.09811055031068054,0.39363410419009254,0.02298043637252218,1.0100000000000116,0.7807788839774065,0.004179649162748939,0.12,sil
KSSL_190689,KSSL_31007.0,loam,0.0762395680437965,1.5367860115579968,0.15218957673761258,0.5204825386827251,29.4,43.8,26.8,,38.5,,,0.016596567680731235,6,0.3433962264150944,0.12311947093765484,0.5009559640825889,0.11903393375349079,10.999999998412976,0.03357774092316208,0.012777470775396415,0.3,l
KSSL_15950522,KSSL_75721.0,clay loam,0.1095676134956133,1.1302699123742677,5.540124870635158e-20,0.37062638603278764,42.4,25.8,31.8,,66.0,45.9189,-102.1081,0.0140999056247004,6,0.3547169811320754,3.3814537868244237e-18,0.368700447435212,0.16495972094067105,5.838148159453373,0.020000000015372218,0.013637214355537997,0.7,cl
KSSL_15747868,KSSL_40638.0,loamy sand,0.07976292091386514,1.720838256484597,0.06924993486752673,0.38346112211501626,77.3,16.7,6.0,,132.5,37.195446,-112.19864,0.0009294882680964415,6,0.4037735849056603,0.07001837267551303,0.3835486773382664,0.07696154835989859,1.6788315983016147,0.4394021834345081,0.0009064583047212977,0.0,lvfs
KSSL_153969,KSSL_24191.0,sandy loam,1.1904915522341841,1.1889441393277493,3.977053663626491e-18,0.4542301062623107,59.2,30.5,10.3,,2.0,41.581257,-119.73409,0.019391064532509623,6,0.4792452830188678,2.3386060617937635e-16,0.4537185492750858,1.0472144042899107,1.01,0.19177833013898482,0.019053130276356967,0.3,fsl
KSSL_197493,KSSL_32241.0,sandy loam,0.17328174917982583,1.2827319158884731,0.04803428658210481,0.46853040638438365,52.6,32.7,14.7,,44.0,39.135368,-120.21872,0.01943095977655775,6,0.4981132075471698,0.11783438183315267,0.4619144775792813,0.051027955790637944,1.01,0.6193649602687992,0.017882275464148976,1.2,fsl
KSSL_181505,KSSL_29390.0,silt loam,0.07708714587771368,1.8455057368209151,0.14589805900317027,0.7027880981698001,19.8,75.6,4.6,,5.5,63.781944,-145.08167,0.016823444435060834,6,0.6641509433962264,0.16121232499304616,0.7058732399912879,0.038714853227181094,1.3882900034094425,0.9799999999999999,0.01500076135729682,8.1,sil
KSSL_192665,KSSL_31339.0,silty clay loam,0.05273024224339667,1.1864304197731264,4.0992825439041164e-22,0.4603049515295429,7.6,58.8,33.6,,93.5,39.786335,-99.329529,0.006530372345743655,6,0.3849056603773584,0.07490878428671323,0.4615487186458825,0.032789008082585475,1.01,0.27964981988240295,0.005931306911638199,0.3,sicl
KSSL_183546,KSSL_29746.0,clay,0.009866632698381688,1.1433457784932044,4.684664145494683e-17,0.4993181682915799,4.0,39.9,56.1,,114.5,37.186501,-86.041031,0.007164628835048883,6,0.3886792452830189,1.4154480810852997e-11,0.5004673566632856,0.007870310196910943,1.01,0.1536445527323957,0.006736654105409975,0.1,c
KSSL_192619,KSSL_31333.0,silt loam,29.385198034840418,1.1810680379992562,0.03586724430514232,0.7133900768766485,16.5,74.8,8.7,,10.0,45.684818,-118.10657,0.017025249586449923,6,0.7509433962264151,0.037342342446599744,0.713382946162805,28.323602528028996,1.010000000000122,0.18103490748360532,0.017017433319395477,8.6,sil
KSSL_15950491,KSSL_75715.0,loam,0.03855257538025698,1.2668631887909658,1.8731268376300915e-21,0.3711572299344873,45.8,29.2,25.0,,76.5,43.560989,-100.7435,0.015250806236211526,6,0.3999999999999999,0.05214193892096828,0.37259948792252084,0.019861848887511177,1.01,0.4295067342223519,0.014530010140836228,0.2,l
KSSL_198100,KSSL_32381.0,silt loam,0.17241894321187154,1.376770058137369,2.094992422613819e-21,0.4737690528678269,37.6,53.1,9.3,,74.0,41.366695,-111.45781,0.02443458067879145,6,0.5056603773584905,0.0024011887534983955,0.4730355384816225,0.09324179939047955,1.01,0.46051585817778834,0.022265412646062268,0.5,sil
KSSL_15950598,KSSL_75734.0,sandy clay loam,31.62277660168378,1.2376350719829028,0.16689966739189868,0.3760514257362238,48.9,26.5,24.6,,6.5,44.678299,-103.5606,0.009562805836557694,6,0.39622641509433953,0.16685795195984282,0.3760518690691582,31.62277660168378,1.0100000450770865,0.23510969437246304,0.009560826897819917,2.9,scl
KSSL_118542,KSSL_18822.0,loam,0.10408138903690663,1.2114202241977938,0.1137714675226019,0.4905839386226789,44.5,29.4,26.1,,133.0,,,0.008483701162125167,6,0.4679245283018868,0.09074893288783649,0.4903982063275203,0.12038657506651262,1.3009582717822203,0.1426701378518971,0.0084760406826012,0.13,l
KSSL_107859,KSSL_17223.0,loamy sand,0.11953499424003758,1.6634271763154858,0.024328078985819266,0.262036536458967,83.7,13.7,2.6,,76.5,46.106384,-89.084793,0.01593025318341175,6,0.2716981132075471,0.01699807477344145,0.2589442536824345,0.20510035105122243,10.999999999998986,0.044892859006087665,0.013821247817581333,0.05,ls
KSSL_181183,KSSL_29349.0,loamy sand,0.0224873223819557,4.455583550223421,0.04672000099999998,0.3788840774282855,82.9,9.0,8.1,,12.5,32.596363,-106.76321,0.011688594233572235,6,0.3358490566037735,0.04672000099999999,0.378646594191327,0.030870561894647666,10.999999999990472,0.2249195732189196,0.011557301559911005,0.4,lfs
KSSL_15950480,KSSL_75713.0,clay loam,0.017828487775971676,1.2127197587654455,2.2088074728128811e-69,0.35392023564920094,34.0,37.4,28.6,,100.5,45.716301,-98.931,0.020644984271193736,6,0.3849056603773584,2.2564168547540278e-27,0.3544443104809668,0.011164688765599414,1.01,0.25084072434084964,0.01984750841889132,0.1,cl
KSSL_15769438,KSSL_43790.0,silty clay loam,0.1260286694971039,6.743975570954805,0.39396000099999995,0.6868401339154294,16.9,45.7,37.4,,142.0,45.300217,-123.38321,0.02259126194279457,6,0.4188679245283019,0.39396000099999995,0.6883384688143156,0.16043829053636172,10.999999999999998,0.2711943707576336,0.022131895365139067,0.2,sicl
KSSL_115937,KSSL_18455.0,silt loam,0.021771515454459406,2.0712124808191223,0.14255010090010503,0.45812744964286395,14.7,71.0,14.3,,15.0,45.296387,-89.858154,0.009429903843740182,6,0.45660377358490567,0.13724921334851845,0.4555079946258458,0.02815128172301545,2.7924687148481597,0.31089447468499026,0.009353135962444714,1.3199999999999998,sil
KSSL_206385,KSSL_34044.0,sandy clay loam,0.16626160323894446,1.2775426135285877,0.18576227420662922,0.3755279936469821,62.0,9.7,28.3,,105.5,28.647194,-97.61953,0.006195804577447571,6,0.3433962264150944,0.1581717678438679,0.3732886760989942,0.2735075120474108,9.59542965286278,0.020000000008571987,0.0048351297481969225,0.1,scl
KSSL_192623,KSSL_31333.0,silt loam,0.024045471214357697,2.009913218436638,0.15806717009410132,0.4411872393017816,24.0,74.0,2.0,,100.0,45.684818,-118.10657,0.00788951463878829,6,0.4716981132075472,0.15630894544781132,0.4400475446670899,0.02683279244051423,2.243425803978586,0.41390959638497526,0.007874271099024709,0.3,sil
KSSL_183269,KSSL_29691.0,silt loam,0.18471161650409312,1.285234447564034,0.028027762400425454,0.4423485450945233,15.5,61.9,22.6,,109.5,43.738651,-96.619019,0.011386760523134384,6,0.4679245283018868,0.07291218447169424,0.4409213171219168,0.08832525912057283,1.01,0.44441454943987374,0.010307274190436394,0.2,sil
KSSL_15747830,KSSL_40632.0,sandy loam,0.03016971607453822,2.509085535735862,0.20956000099999994,0.45852733841574195,55.4,28.7,15.9,,11.0,41.96735,-118.18941,0.01706976101057757,6,0.5018867924528303,0.20956000099999994,0.46448136664921,0.0229973157521853,1.805674653402479,0.9799999999999999,0.01649141975308397,5.6,fsl
KSSL_15747825,KSSL_40630.0,loam,0.03709617330880641,1.3192027223573155,5.043325495416612e-16,0.4309779917256947,49.7,35.3,15.0,,116.0,,,0.013544658137310466,6,0.4679245283018868,1.1636268722330935e-13,0.43658336862018643,0.026987368078279693,1.01,0.35201404506712164,0.012389686996261052,0.1,l
KSSL_192600,KSSL_31331.0,silt loam,0.0197608463717512,2.380520471164073,0.13737145934118095,0.41041695708554404,11.2,71.6,17.2,,18.0,33.083332,-90.51667,0.008748134495915766,6,0.3735849056603773,0.13101537737583985,0.4081755446034958,0.02929565131780984,4.081513294173656,0.2356035187578027,0.008511973261979097,0.4,sil
KSSL_211734,KSSL_35014.0,silt loam,0.1166146276269914,1.1823997610566355,2.081796611268908e-23,0.4094034154794436,7.0,70.8,22.2,,5.5,40.627335,-97.958916,0.011841010733598898,6,0.4377358490566038,1.4064326936153945e-32,0.40883828998092125,0.08862017665186074,1.01,0.1938555161683104,0.010740808300039038,2.0,sil
KSSL_15950630,KSSL_75739.0,sandy loam,2.2255078870470855,1.2027416767627774,1.636949073211814e-20,0.46220971071820793,59.4,25.9,14.7,,57.5,45.292999,-97.514999,0.025431572117555947,6,0.4867924528301887,9.782878257240015e-19,0.4620143959770688,2.0567720375101226,1.01,0.2034082599118041,0.025322668205706025,0.6,fsl
KSSL_149355,KSSL_23389.0,loam,0.022760063482769908,2.2552761140531645,0.15295000099998735,0.46203962340875504,25.6,49.1,25.3,,11.5,,,0.013013588748739998,6,0.5056603773584905,0.14557728331560182,0.4576246303184461,0.037217405934789206,10.999999861940255,0.07681812557298301,0.012235614892180073,2.5,l
KSSL_15950521,KSSL_75721.0,clay loam,0.07568201592410359,1.1582975855715367,1.452941045126632e-08,0.3794829079521545,39.6,27.9,32.5,,30.0,45.9189,-102.1081,0.006575149916966843,6,0.38113207547169814,3.75857537356715e-52,0.37845444848362786,0.09759463390658195,1.5954989645533186,0.09240277485816757,0.006465765190760655,1.1,cl
KSSL_15769453,KSSL_43792.0,silty clay loam,0.15746332872710894,1.9852343488500703,0.33512000099999834,0.5519853763287992,19.8,42.0,38.2,,40.5,45.302959,-123.35186,0.01753208976410927,6,0.4830188679245283,0.335120001,0.547213844096696,0.2081184543070438,10.999999999995977,0.0813807515516066,0.01349431404340479,1.8,sicl
KSSL_195201,KSSL_31844.0,sandy clay loam,0.07413427982901494,1.2176737630422423,4.7121279772356617e-32,0.3323077297353517,47.8,24.4,27.8,,85.0,32.546936,-106.71056,0.009408662708416185,6,0.3584905660377359,6.244502582863264e-33,0.33335045450264567,0.05306997176615252,1.01,0.23924198140129527,0.00803656513760803,0.3,scl
KSSL_107833,KSSL_17220.0,silt loam,0.053830995256728034,1.399299977682563,0.039841877481999445,0.4069868528833248,20.3,63.7,16.0,,53.5,45.466942,-88.585884,0.010494990655134418,6,0.3999999999999999,0.08676765542396617,0.41054819999463843,0.01748756722014669,1.01,0.8530840830229117,0.009518143599534063,0.22000000000000003,sil
KSSL_15950585,KSSL_75732.0,clay loam,0.27066612286292835,1.1094161300694032,1.969398815552859e-10,0.4260197199004127,34.8,35.4,29.8,,9.5,44.073002,96.530197,0.011050531566318491,6,0.4490566037735849,8.222106529388677e-18,0.4259351217754987,0.24675039495430695,1.0100000000000016,0.11039903949758169,0.010960800701046883,3.7,cl
KSSL_108654,KSSL_17331.0,silt loam,0.09169187211177278,1.5331789033786225,0.09411585667373296,0.4179571711495193,18.2,65.3,16.5,,45.5,47.553719,-119.9606,0.009008104804305053,6,0.43018867924528303,0.09408766411780568,0.4179559575461105,0.0917707362442294,1.533907291101353,0.34740501468213236,0.009008104272283136,0.37,sil
KSSL_206265,KSSL_34027.0,loam,0.004893503731769734,1.2876350252746096,1.9198456526305746e-13,0.3540173897102096,35.3,38.2,26.5,,125.5,40.869026,-96.794357,0.010165904266996371,6,0.3584905660377359,5.103550046536651e-09,0.35646304113048494,0.0027892152104684303,1.01,0.36345282110923394,0.009695871332789475,0.1,l
KSSL_181155,KSSL_29347.0,sandy loam,0.18890369836471987,1.364369662645736,0.02840556901854776,0.36033474334538595,76.3,9.9,13.8,,6.0,32.54837,-106.76523,0.021735200346745132,6,0.3849056603773584,0.07244242194990765,0.3512249581307498,0.03662382379660162,1.01,0.9799999999999995,0.01959943003034095,0.3,fsl
KSSL_108652,KSSL_17331.0,silt loam,0.09124099773814164,1.8909514767944358,0.11625000099993353,0.5651317074033444,28.3,58.7,13.0,,23.0,47.553719,-119.9606,0.010455563613106159,6,0.39245283018867916,0.09859917757998483,0.5566282686972176,0.16076441464785152,5.885257347573065,0.10092866476094027,0.0010238486635883825,0.49000000000000005,sil
KSSL_107796,KSSL_17215.0,sandy loam,0.10731849704429221,1.355539968381672,0.016408547533018323,0.29025003208097033,72.6,19.4,8.0,,142.0,45.521385,-88.485046,0.007717681057332825,6,0.3056603773584906,0.04517651953455428,0.29042601652520184,0.04209116825416776,1.01,0.6246990278892363,0.007275503555131244,0.06,sl
KSSL_15812456,KSSL_50361.0,clay loam,0.11533046523016517,1.818812031934867,0.18893576183613287,0.5980761847863104,23.1,45.4,31.5,,5.0,37.634014,-102.26577,0.01787869915920566,6,0.5018867924528303,0.16665171270364487,0.590616468009656,0.19717438034509877,10.999999999990868,0.050326924088749746,0.009423866154524823,1.8,cl
KSSL_192627,KSSL_31334.0,sandy loam,0.024446883402144896,3.537603944604459,0.03818000099999997,0.32752082393136206,46.0,49.9,4.1,,21.5,34.25,-92.01667,0.009883123486836176,6,0.3660377358490565,0.038180001,0.3282159964676534,0.020985855365816198,2.999006165867817,0.9799999999999999,0.009731209370920228,0.4,vfsl
KSSL_197482,KSSL_32238.0,sandy loam,0.72640762561329,1.2177136912234423,5.255924390952259e-10,0.3546891749878338,69.9,22.8,7.3,,86.5,38.849998,-119.93333,0.006543319725831542,6,0.3735849056603773,2.8963802116301267e-09,0.3546473710951486,0.6354818730369416,1.0100000003750638,0.22144853644721776,0.006368544899999174,0.4,sl
KSSL_183266,KSSL_29691.0,silty clay loam,0.03901954684532782,1.199392729933393,7.380464123596487e-19,0.4182411240151596,15.6,54.3,30.1,,20.0,43.738651,-96.619019,0.004714981313165624,6,0.36226415094339626,1.931550683690719e-12,0.42085463749246593,0.031523798290224926,1.01,0.21161973965952452,0.003368169233772532,1.6,sicl
KSSL_181365,KSSL_29368.0,silt loam,0.02988893016755921,1.7876438792812417,0.13230671706519562,0.42411325570361497,1.0,74.3,24.7,,20.5,34.255165,-89.873558,0.01117067904900933,6,0.46037735849056594,0.1393369085870818,0.42963781692922937,0.018485211093770465,1.3273296623662425,0.8124586871554588,0.010912698288759418,0.4,sil
KSSL_207928,KSSL_34312.0,silty clay loam,0.11111618545004501,1.175217501799112,4.36368987652558e-21,0.4459660917117572,1.3,71.5,27.2,,100.0,41.734974,-94.968002,0.009815924424050914,6,0.47547169811320744,0.05165053661161094,0.4463077805642941,0.074951847037117,1.01,0.23222319040248943,0.009227415210588582,0.2,sicl
KSSL_190724,KSSL_31011.0,silt loam,0.061706570843125835,1.2058510954094221,6.787011669341772e-24,0.4791967391967423,16.4,57.2,26.4,,7.5,,,0.015492717634408508,6,0.5245283018867924,2.9786627728178266e-19,0.4833492779943304,0.05191462497716187,1.01,0.21618595452148243,0.014291736428842256,4.3,sil
KSSL_118566,KSSL_18825.0,sandy loam,0.0500258830228661,1.5586967998435037,0.11603638534335935,0.3292607102290153,65.6,15.9,18.5,,148.0,,,0.0021482543549382156,6,0.3358490566037735,0.1279975029689268,0.3316967107607405,0.025258050320477926,1.181203611167705,0.7456846918478182,0.0009324183688591274,0.02,fsl
KSSL_15769400,KSSL_43783.0,sandy loam,0.06060493445293172,1.3338395461843255,1.1703280309968125e-22,0.34724164040356803,63.0,28.3,8.7,,38.0,39.380348,-106.19783,0.016793803845557998,6,0.28301886792452835,1.3441962613303815e-22,0.34988394018082963,0.0358226274818776,1.0100000000000025,0.397324237099538,0.01592320060972215,0.1,sl
KSSL_195170,KSSL_31840.0,loam,0.8227735837326539,1.1492241339604723,2.391710023135824e-19,0.3936679876285854,51.0,31.1,17.9,,5.0,32.512779,-106.74306,0.00851209679207856,6,0.41509433962264153,5.0543269016784704e-17,0.39346871497677854,0.7444366608819538,1.01,0.15056954681695348,0.00827066309247464,0.8,l
KSSL_15950578,KSSL_75730.0,loam,9.891055176949148,1.101927479965008,8.942084102958184e-21,0.3907225276973841,41.2,35.3,23.5,,31.5,44.325001,-96.768501,0.01506884108826385,6,0.41132075471698104,2.1942057655547055e-15,0.39070611402896605,9.75986900120265,1.0100000504896536,0.10108917466379144,0.015061912408230587,1.0,l
KSSL_211767,KSSL_35018.0,sandy loam,0.17799272539773803,1.3332027095411965,0.05373931513953556,0.5454588395589497,66.6,16.0,17.4,,30.0,41.695618,-101.49545,0.024491595009773263,6,0.5811320754716982,0.12065916680859788,0.5376709089863394,0.04930561569722644,1.01,0.7316588525623573,0.02204826571177788,1.0,fsl
KSSL_15950667,KSSL_75745.0,clay loam,0.007414264392316562,1.2892758968639293,1.7105694144590052e-49,0.34344578808778453,31.5,38.4,30.1,,93.5,44.5256,-99.460098,0.01619636190513601,6,0.3245283018867925,4.707334646936396e-22,0.3447093043040886,0.003467084783245876,1.01,0.4048424619250016,0.014501211534409439,0.6,cl
KSSL_211763,KSSL_35017.0,sand,0.06881827100109161,1.6516245330853416,0.035548595579435203,0.3567730824936226,88.7,4.6,6.7,,126.0,41.704082,-101.43115,0.022263356877346135,6,0.39622641509433953,0.04966340295215578,0.36388451610117906,0.029143867247600697,1.1411468721752382,0.9799999999999999,0.018633107679853683,0.0,fs
KSSL_197467,KSSL_32235.0,sandy loam,0.9358540068795207,1.319396089843446,0.06061708205497006,0.39089774201636757,76.6,12.8,10.6,,85.5,38.999565,-120.1314,0.005315179693040488,6,0.41132075471698104,0.0592800998662229,0.3907547204552713,1.0376521870788744,7.607459688189385,0.040703708420206416,0.00503361347624939,0.2,sl
KSSL_203345,KSSL_33548.0,loam,0.10832664196199492,1.7731835956100312,0.15855000099999997,0.6446694129324491,24.1,49.4,26.5,,103.0,43.653446,-103.54916,0.018531559632432217,6,0.369811320754717,0.14518460766798563,0.6335041644730052,0.18660272292542734,10.999999999984423,0.05015810385990558,0.007192490391341202,0.4,l
KSSL_15747897,KSSL_40644.0,silty clay,0.007185261626694778,1.2911035762654801,8.876865722829018e-17,0.4957925295089371,1.7,55.1,43.2,,150.0,40.424221,-112.39259,0.010626074488930543,6,0.43018867924528303,0.14994726311662596,0.4987440817062524,0.0023731807428532406,1.01,0.8533144000647472,0.009607001334871126,0.2,sic
KSSL_186829,KSSL_30332.0,silt loam,0.053987338161203755,1.1993544976739932,1.2612849980208566e-20,0.3835964313707309,12.5,62.0,25.5,,33.0,35.064335,-86.591393,0.009000569326907949,6,0.4075471698113208,0.025452349517352327,0.38580252462290193,0.0404105799874451,1.0100000000542593,0.23920735194437212,0.008778497885392188,0.3,sil
KSSL_15769456,KSSL_43792.0,clay,0.100941098106785,1.7229006672657097,0.388960001,0.5775696490067858,11.9,27.9,60.2,,110.0,45.302959,-123.35186,0.01618402274559488,6,0.369811320754717,0.388960001,0.5776596789364215,0.03932301129970314,1.1815563924142962,0.9799999999999999,0.014678894662943084,0.3,c
KSSL_95883,KSSL_15186.0,sandy loam,31.62277660168378,1.1449914561131778,0.06042105039792318,0.4608758931985508,69.7,13.9,16.4,,41.0,41.594032,-119.89049,0.012247224854208111,6,0.4867924528301887,0.06023034099289004,0.46088306480027613,31.622776601683405,1.0100000005657563,0.14341059363219213,0.012235729695513172,0.37,fsl
KSSL_164244,KSSL_25846.0,silt loam,0.08634492136540121,1.2390286050876698,8.398853340332657e-21,0.4915148738850695,17.4,56.1,26.5,,2.5,39.616703,-82.966736,0.023055337264339632,6,0.5320754716981132,0.13426895514404413,0.48573329427290046,0.018539395175556427,1.01,0.7927881333766408,0.021487322469787497,4.9,sil
KSSL_195267,KSSL_31855.0,sandy clay loam,0.2989428992313908,1.298948139823132,0.07199278437534487,0.4155376508718539,51.8,22.4,25.8,,53.5,32.515766,-106.74073,0.002468381689757671,6,0.4377358490566038,0.08879390580910505,0.41555300280583596,0.19051315878995773,1.01,0.37034295344190854,0.0017820963197416537,0.3,scl
KSSL_183273,KSSL_29692.0,silty clay loam,0.031502222270297114,1.2334341145000962,1.6187411926713526e-18,0.40606021257373254,7.8,62.1,30.1,,6.5,43.733334,-96.616669,0.006179721938637373,6,0.4377358490566038,0.02302714651343472,0.40929681298626436,0.022751590638337534,1.01,0.2816189925518616,0.005088530964205814,2.5,sicl
KSSL_118575,KSSL_18826.0,silty clay loam,0.028703246887457793,1.2222386452767675,3.3459915183643515e-30,0.3977179259145383,11.2,49.6,39.2,,206.0,35.166752,-102.08379,0.015094772209433002,6,0.39622641509433953,5.618598710535639e-30,0.40006368913586865,0.020648981407150893,1.01,0.24739587698307025,0.013677940295926436,0.1,sicl
KSSL_198093,KSSL_32380.0,loam,0.9321474486218337,1.2207210408837863,2.7973617446144543e-18,0.5440517096326504,33.6,49.6,16.8,,27.0,41.366276,-111.4575,0.01331092623497931,6,0.5735849056603772,9.932515286367158e-15,0.5436872830041858,0.811538631583883,1.0100000000000007,0.22472948850366134,0.01273970769326648,2.3,l
KSSL_211752,KSSL_35016.0,sandy loam,0.07893395111272042,1.3884244872878941,0.08626457520876375,0.4626508985277401,68.3,19.2,12.5,,38.5,41.698494,-101.42796,0.020489365058763198,6,0.5018867924528303,0.1398002298156175,0.4634205031331224,0.020159320431556958,1.0100000000000002,0.9799999999999757,0.017927856884147695,0.2,fsl
KSSL_181203,KSSL_29350.0,sandy loam,0.15469452946424342,1.365459456347368,0.044457366155381726,0.3993507358756845,70.8,9.3,19.9,,79.5,32.602318,-106.76126,0.00691671461475205,6,0.4226415094339623,0.07553219788725378,0.39874799096435437,0.06412330629714187,1.01,0.6006740293179526,0.004922978024117411,0.3,fsl
KSSL_206390,KSSL_34045.0,sandy clay loam,0.6085158764122097,1.1204763224605139,0.11811090902543792,0.3872202719112518,48.6,17.1,34.3,,22.0,28.63825,-97.605392,0.0019071981737022398,6,0.4075471698113208,0.08325811352987693,0.3871627479168817,0.8012523912669889,1.8642876794209076,0.05191015138234985,0.0018512759878055287,1.6,scl
KSSL_203335,KSSL_33547.0,loam,0.19033784564013884,1.599826050553589,0.09192747952634894,0.5265064731180666,31.5,49.9,18.6,,52.0,43.600555,-103.54858,0.014657282114164474,6,0.5509433962264151,0.08268001147328803,0.5234248776318705,0.2778996993468833,10.999999999972534,0.04500974163636875,0.011120759409253176,1.5,l
KSSL_118548,KSSL_18823.0,sandy clay loam,0.07068524213779544,1.2979189670904334,0.06823155095318606,0.39835168352197975,48.5,27.3,24.2,,72.5,35.878139,-76.658012,0.005084154101771705,6,0.369811320754717,0.11580888795555017,0.3996448863447758,0.03069325046554079,1.0100000000009564,0.5332417032368432,0.004596616892139865,0.31,scl
KSSL_15950581,KSSL_75731.0,silty clay loam,0.02767726787648688,1.2368934978215784,8.590026511121837e-20,0.46489039364165113,10.5,59.6,29.9,,8.5,44.303917,-96.918724,0.016704718576061702,6,0.4188679245283019,2.238810246777809e-23,0.46699827575014574,0.019219692352277617,1.01,0.26604183741905263,0.015461549611108804,4.3,sicl
KSSL_15950471,KSSL_75712.0,clay,0.0019992002926260207,10.999999974317257,0.2131471646905632,0.3490301693705314,1.3,29.2,69.5,,4.5,43.798195,-99.415749,0.020345484563548465,6,0.3396226415094339,7.90951762260012e-17,0.3576416362593446,0.00046141560058932693,1.0100000000339495,0.979999999998795,0.021447100946396822,1.2,c
KSSL_195175,KSSL_31840.0,clay loam,0.19899311250882584,1.1767259361375844,1.4686272522061991e-10,0.40008222513004293,38.0,24.2,37.8,,74.5,32.512779,-106.74306,0.0037458663472809354,6,0.4226415094339623,7.331295483210498e-10,0.40067233127267293,0.16606591564749115,1.0100000002010883,0.18300830037493096,0.003175299298777946,0.4,cl
KSSL_197473,KSSL_32236.0,sandy loam,0.17402589467483828,1.2724950859879656,3.0586750249384023e-27,0.34714177936297463,70.3,25.4,4.3,,80.5,38.934116,-120.05445,0.01609562083354854,6,0.3735849056603773,2.311440736534979e-25,0.3466094589741921,0.11272826355304437,1.01,0.3063063378462956,0.014624549818765377,0.5,cosl
KSSL_184650,KSSL_29923.0,silt loam,0.004172658528246258,10.999999999962222,0.21575796168753075,0.33699241818078635,15.7,58.5,25.8,,55.0,39.022499,-87.020554,0.0296066632929586,6,0.23018867924528297,0.21575976371116107,0.33699244510155324,0.004142495263034219,10.999999999999998,0.9799999998346368,0.02960665804308339,0.5,sil
KSSL_183267,KSSL_29691.0,silty clay loam,0.0440418584724079,1.3232268744514712,0.07879631987985242,0.46701526428819645,5.9,59.7,34.4,,45.5,43.738651,-96.619019,0.005424263189232058,6,0.42641509433962266,0.141150687769825,0.47001430889721874,0.017471574424080292,1.010000055479726,0.6416822720404862,0.004644846076051676,1.1,sicl
KSSL_207926,KSSL_34312.0,silty clay loam,0.47546089288588,1.1438442533874755,6.34078010369863e-13,0.4603411312034879,0.7,69.1,30.2,,58.5,41.734974,-94.968002,0.01330181826213218,6,0.4867924528301887,3.322294549078963e-12,0.4600762427195053,0.41888794066582374,1.0100000000000007,0.14595229130893891,0.012978902694065727,0.5,sicl
KSSL_186825,KSSL_30331.0,clay,0.0021721341886639972,1.1736706946922546,8.410781311011243e-15,0.45866627241740576,17.5,20.2,62.3,,75.0,35.074665,-86.894165,0.020089308074295948,6,0.3094339622641509,0.25318639362221224,0.45927396366432655,0.0006226237261537547,1.01,0.9775241885115487,0.020009841070120073,0.4,c
KSSL_110057,KSSL_17571.0,sandy loam,0.043507585670401853,1.7844388793871575,0.0679858748636198,0.2900394121781297,72.6,15.9,11.5,,268.5,45.57777,-91.628494,0.007318406291240407,6,0.2754716981132076,0.07526556117424489,0.29468602215945366,0.021869334976317652,1.273479858276568,0.9799999999999999,0.005458127101314449,0.03,sl
KSSL_195269,KSSL_31855.0,sandy clay loam,0.0552762038976542,1.3617578000872108,0.07067346499782753,0.3393602491833827,46.6,24.3,29.1,,130.0,32.515766,-106.74073,0.003302690726566196,6,0.3433962264150944,0.08497321378654085,0.3402142472109468,0.04210178470014552,1.2141790779760901,0.36599182355288973,0.0032097730136127264,0.0,scl
KSSL_206255,KSSL_34028.0,silty clay,0.0013596223243132928,1.462269736205331,2.5618031902312208e-17,0.3919902964997989,1.9,53.3,44.8,,27.5,40.845001,-96.561501,0.018695212203028833,6,0.369811320754717,5.879228972351046e-19,0.3946256248138098,0.0003849713519407287,1.0862068194988577,0.9799999999832837,0.018304967339913977,1.5,sic
KSSL_206259,KSSL_34028.0,silty clay loam,0.022596428876318707,1.3943275414820588,0.10254257801564153,0.4576639697013541,2.2,66.7,31.1,,171.5,40.845001,-96.561501,0.006162325386590873,6,0.4377358490566038,0.12333418850308188,0.45869111700687215,0.01795975373969333,1.264501008510562,0.381602590533508,0.006110300842506247,0.1,sicl
KSSL_108651,KSSL_17331.0,silt loam,0.0745402869277897,1.6774476962553226,0.08419750229721701,0.5408800513289119,28.5,59.5,12.0,,9.0,47.553719,-119.9606,0.010777342840207748,6,0.5018867924528303,0.0927711174346428,0.5421414045100357,0.05721239826021038,1.4725286260834674,0.5494599717314352,0.01057747354936514,0.96,sil
KSSL_15769445,KSSL_43791.0,clay loam,0.023100327270945815,3.318957298884467,0.360400001,0.5568567232442239,27.5,36.7,35.8,,74.0,45.303555,-123.37746,0.026003855654390774,6,0.49056603773584906,0.360400001,0.5575807659567287,0.019405625734445167,2.776020130836521,0.9799999999999649,0.025897248405325386,0.4,cl
KSSL_184704,KSSL_29929.0,silt loam,0.02992541777943673,1.7144739057412055,0.11201591737321695,0.45024692485082696,3.4,77.0,19.6,,43.0,38.070278,-87.435555,0.01212511949064693,6,0.39245283018867916,0.1261672628599025,0.45785350761085175,0.014208376194723173,1.1978926872104412,0.9799999999999999,0.009702808001807102,0.2,sil
KSSL_115950,KSSL_18456.0,sandy loam,0.05394910454166113,1.52146469729364,0.053662521828142594,0.2767120689271559,66.7,23.2,10.1,,155.0,45.325275,-89.816483,0.009301788950272208,6,0.260377358490566,0.0720709225652258,0.2800123602761891,0.018795023596119887,1.0683039061700605,0.9799999999999999,0.008378886118380153,0.05,sl
KSSL_15950514,KSSL_75720.0,loam,0.4736992444866086,1.2259067149311262,4.613208182432398e-13,0.4872412628138251,35.2,42.9,21.9,,9.0,45.526402,-102.4712,0.008081350396917068,6,0.5132075471698113,7.326256329212429e-18,0.4872117299028884,0.41491091796571694,1.010000000006291,0.2297157629226825,0.007836386765570079,2.0,l
KSSL_15950476,KSSL_75713.0,loam,2.638197064548536,1.1136432955055846,2.3322357370932615e-21,0.4370976168397975,34.1,41.3,24.6,,8.0,45.716301,-98.931,0.02123012839720495,6,0.46037735849056594,8.927634133539992e-20,0.43698906214584454,2.529185081374816,1.010000000021158,0.11323444642466418,0.021190505006938476,2.8,l
KSSL_15950562,KSSL_75727.0,sandy loam,0.07339863541988124,1.2517991363108214,4.998658601854476e-31,0.34055387987801355,65.4,21.4,13.2,,100.0,43.384102,-97.992798,0.009524420271057555,6,0.3660377358490565,2.505305790368601e-25,0.34120029954678477,0.0512768008230138,1.01,0.2775832634321022,0.007824614972472985,0.1,sl
KSSL_15742057,KSSL_39573.0,loamy sand,0.46901840639314285,1.307818423455045,0.09928537810170171,0.6268348941064021,73.2,24.3,2.5,,15.0,48.859165,-121.43889,0.015105583691331715,6,0.660377358490566,0.11938732461567655,0.6263587968041644,0.3146127776371587,1.0100000000000122,0.3669131936864466,0.014572689157698562,9.1,lfs
KSSL_197489,KSSL_32240.0,loam,0.4723589059199155,1.0907174517163716,1.5464076780417761e-15,0.4582230162400026,27.5,46.9,25.6,,41.0,39.171566,-120.1548,0.004957433913487032,6,0.4830188679245283,3.1821869743825324e-11,0.4581762586556395,0.4399898125716862,1.0100000000062854,0.09106728199742797,0.0048158856452163255,1.6,l
KSSL_181258,KSSL_29354.0,loam,2.6447619750649096,1.2891491722729738,3.813612816599165e-21,0.5268006199504705,42.3,44.4,13.3,,48.0,32.912251,-106.15305,0.026193690542611784,6,0.5547169811320753,1.2515980053172984e-13,0.5266134203235955,2.381528873217801,1.01,0.2920511184417373,0.02602729094168902,0.1,l
KSSL_15747861,KSSL_40637.0,loam,0.5427655456425139,1.1267904964625586,1.2052280018839036e-24,0.43277678574440737,43.2,34.4,22.4,,85.0,37.869888,-112.43461,0.009002819260060121,6,0.45660377358490567,4.050326537216167e-17,0.4325541390546906,0.49517844958931356,1.0100000000005056,0.1277085482095177,0.008765669955298722,0.6,l
KSSL_195215,KSSL_31846.0,loamy sand,0.8409134114271636,1.2538830876935916,3.620461272983032e-19,0.32539928582694166,79.1,14.0,6.9,,95.0,32.514439,-106.80028,0.018831627121847962,6,0.3433962264150944,1.0500660378312005e-17,0.32500391455916383,0.6967523965168286,1.010000000000001,0.2619182244323201,0.018557346569376593,0.1,lcos
KSSL_107792,KSSL_17215.0,sandy loam,0.07424186827650965,1.6505546779726166,0.05519942628743908,0.3598628664882584,51.8,42.7,5.5,,33.0,45.521385,-88.485046,0.00634815747416839,6,0.32830188679245276,0.032665469980786954,0.3542547594432165,0.12754704781691084,3.3623318436320386,0.12854708882977472,0.003400293757181875,0.18,fsl
KSSL_190697,KSSL_31008.0,silty clay loam,0.10195523213101686,1.5756223134728051,0.1765335325952429,0.6087755015401145,10.7,57.2,32.1,,7.5,,,0.021658936661910103,6,0.3886792452830189,0.13818235738110643,0.597165709505203,0.17663893325678212,5.7673473704459655,0.06553160963976565,0.01651519166032878,1.5,sicl
KSSL_181515,KSSL_29391.0,silt loam,0.07225228736095798,1.7695430489758075,0.06132000099999999,0.6530764010252805,38.9,54.3,6.8,,22.5,64.226448,-149.37283,0.015540424597894134,6,0.43018867924528303,0.023456880965838228,0.6391511622236001,0.1231120475127077,3.921199645071126,0.12858894835084972,0.008942949152664454,0.3,sil
KSSL_190682,KSSL_31006.0,silty clay loam,0.13108148934531919,1.5746034362937162,0.19712000097186236,0.5825283246071503,11.1,56.8,32.1,,7.5,,,0.022927379446772703,6,0.3660377358490565,0.17806286171701893,0.5730768137177025,0.2091544705627954,10.999999999997629,0.038722276614327734,0.017071842762597746,1.2,sicl
KSSL_107774,KSSL_17213.0,sandy loam,0.1688664060143573,1.6846115091428193,0.04628000099938044,0.33565295394062783,69.9,25.2,4.9,,68.5,45.521664,-88.48616,0.02780064067899718,6,0.3245283018867925,0.046280000999999994,0.3283198693922465,0.2164237774376349,10.999999999992594,0.05878943578795329,0.022942434672333086,0.04,fsl
KSSL_195188,KSSL_31842.0,sandy loam,1.9688526980772856,1.1417777614156848,3.805496685864917e-17,0.36545625563729056,69.6,12.4,18.0,,17.5,32.529713,-106.78555,0.006703644905963738,6,0.3849056603773584,1.413084439643505e-13,0.3653822042141579,1.8638110953654452,1.0100000681473982,0.14165812676361803,0.006604394530298549,0.5,sl
KSSL_190498,KSSL_30981.0,sandy loam,0.11434128666736751,1.412428231181032,0.03638368232892851,0.28513932088400273,71.8,19.7,8.5,,85.0,30.471195,-88.741692,0.012089841889070559,6,0.3056603773584906,0.06478933765679765,0.28355535993042474,0.02823782826063873,1.01,0.9799999999999999,0.010030212338674861,0.1,fsl
KSSL_15769462,KSSL_43793.0,silty clay loam,0.4036122120798249,1.2609906979621681,0.12369892329652026,0.5928481401257568,12.4,57.5,30.1,,36.5,45.300289,-123.34981,0.019927100699255972,6,0.6264150943396226,0.16197783284636377,0.5911435790752085,0.23066608569114752,1.0100000000000047,0.3552324614006742,0.019117757899511433,1.7,sicl
KSSL_153991,KSSL_24195.0,loamy sand,0.5115846878554093,1.329304144447021,0.04403909479074205,0.3895662801022867,76.6,17.9,5.5,,9.5,41.583477,-119.73604,0.024812728109375088,6,0.41132075471698104,0.06224902456253951,0.38819468508392174,0.2848571137968045,1.0100000000000007,0.4350184096730261,0.024293499649237313,0.3,lcos
KSSL_184638,KSSL_29922.0,silty clay loam,0.00445938009150031,10.99999836353337,0.2153526426747094,0.3449831389453694,19.4,53.0,27.6,,63.5,39.042778,-87.054443,0.017028754050433855,6,0.2566037735849056,0.21537958689180245,0.3449831400050821,0.004425465452026347,10.999999999999998,0.9797662789568655,0.017028734617637927,0.2,sicl
KSSL_184640,KSSL_29922.0,clay loam,0.0038042273860377537,1.3039840862415153,3.276014381507205e-16,0.3857578465195415,24.3,45.4,30.3,,126.0,39.042778,-87.054443,0.011616415890112372,6,0.3056603773584906,0.1142681060383837,0.3873788612071344,0.0010527518771603801,1.01,0.9799973862799437,0.011291900870837599,0.3,cl
KSSL_193776,KSSL_31574.0,clay loam,0.021158577304005773,2.552417306749468,0.156940001,0.4161421395481602,44.3,24.0,31.7,,102.5,40.640556,-78.129166,0.01176459103450377,6,0.39245283018867916,0.156940001,0.4134130649261937,0.03472205483730197,10.999999998085292,0.09543643830001092,0.009624859579753129,5.6,cl
KSSL_173600,KSSL_27795.0,clay loam,0.040891611212863825,1.160300219022835,1.6610900278162535e-17,0.36146204837386914,39.3,32.3,28.4,,10.0,33.437721,-88.780502,0.004266493336400594,6,0.290566037735849,0.13508247058434267,0.36097956178665136,0.01575559615086575,1.01,0.45402753880133545,0.0037073766806114926,0.5,cl
KSSL_15769444,KSSL_43791.0,clay,0.14013697427714902,1.7868835229470084,0.38752000099999995,0.5825540817065353,29.8,28.7,41.5,,60.0,45.303555,-123.37746,0.01791092995137199,6,0.41132075471698104,0.38752000099999995,0.5818326177612088,0.060102006904737285,1.1880222534623806,0.9799999999999996,0.017665923146863202,0.6,c
KSSL_15769518,KSSL_43800.0,silty clay loam,0.26933982733770584,1.5803425869339662,0.23203405494539078,0.6015865609964307,15.2,57.4,27.4,,6.0,45.311638,-123.33768,0.025652677061050073,6,0.630188679245283,0.2348531622904064,0.5986897336268165,0.31975031906277906,10.999998833359642,0.051882639692026236,0.02373310151550445,6.4,sicl
KSSL_110075,KSSL_17574.0,silt loam,0.011564383014496556,2.317257116278823,0.11799081751004466,0.3890705501888249,16.4,67.0,16.6,,38.0,45.247215,-92.080734,0.008445948887954661,6,0.3584905660377359,0.12182630336174434,0.39105390268508594,0.008175945529818963,1.8624774382495946,0.9799999999991136,0.007289455408424393,0.25,sil
KSSL_15769451,KSSL_43792.0,clay loam,0.5467233238307123,1.2911993870341332,0.22538461967442067,0.5517935688489852,23.6,46.8,29.6,,13.0,45.302959,-123.35186,0.00955923244678205,6,0.5811320754716982,0.23684192357528216,0.5515459086547343,0.38152307149049103,1.01,0.3398390125182768,0.009297152278679747,2.7,cl
KSSL_15950558,KSSL_75727.0,loam,0.29773351173794416,1.137886501507044,2.0807190758058106e-23,0.39274091825122803,37.9,36.4,25.7,,16.0,43.384102,-97.992798,0.018578942976989497,6,0.41509433962264153,1.3932147978916804e-15,0.3923096744285559,0.25789393052609055,1.01,0.14061854889601594,0.01839143646133228,1.7,l
KSSL_15950589,KSSL_75732.0,clay loam,0.10484316937814799,1.1359963950490721,1.6242587818778565e-21,0.38874561508329775,37.0,33.8,29.2,,124.0,44.073002,96.530197,0.011322195370206572,6,0.3358490566037735,1.9292221744266873e-14,0.3865118534420396,0.15949855380625,6.065839013532392,0.02000000002349874,0.010637728252323881,0.4,cl
KSSL_181168,KSSL_29348.0,loamy sand,0.3803004922981553,1.4383359163282454,0.025625166399944558,0.3761729825860851,82.8,8.4,8.8,,7.5,32.596363,-106.76321,0.016488221742348083,6,0.39622641509433953,0.035681030821481406,0.3756599851373489,0.2130540882796464,1.01,0.5575525771809109,0.016067793497165094,0.2,ls
KSSL_153974,KSSL_24192.0,sandy loam,0.4257211545790746,1.171786535600646,9.819461051616992e-21,0.40190566047216403,60.5,24.0,15.5,,6.5,41.583115,-119.73584,0.01629419882663819,6,0.42641509433962266,5.907063813114658e-24,0.40114044155896184,0.3487734594199496,1.01,0.17771238248654286,0.01577767663593532,0.5,sl
KSSL_115941,KSSL_18455.0,sandy loam,0.1150327854343937,1.5167875212074828,0.04250433532586945,0.2958473548071646,68.5,24.8,6.7,,95.0,45.296387,-89.858154,0.013969404577937437,6,0.3094339622641509,0.05837036576587197,0.29588497572843053,0.03601132752934985,1.032411109648656,0.9619912254928847,0.013824624338150087,0.05,sl
KSSL_153987,KSSL_24194.0,sandy loam,0.2799560778123297,1.305572023534684,0.007468316914797947,0.40849870864637333,72.6,19.2,8.2,,7.5,41.583115,-119.73584,0.027840631965245048,6,0.4339622641509434,0.05456425289003436,0.4026625432572662,0.09978360805260644,1.01,0.5532088722756933,0.026661313932396576,0.6,cosl
KSSL_110061,KSSL_17572.0,sandy loam,0.6143429461602538,1.3054463584057898,5.810872435153499e-09,0.3157721613668359,74.9,19.4,5.7,,73.5,45.61694,-91.862389,0.007617880003616155,6,0.33207547169811313,5e-324,0.3154717071256385,0.7045494911218765,9.06452414711983,0.032705549242049436,0.007269894668935534,0.11000000000000001,sl
KSSL_211772,KSSL_35018.0,sand,0.1435797551060721,1.5784065043492332,0.026914797373871716,0.31463622183817713,93.2,2.4,4.4,,112.5,41.695618,-101.49545,0.009201040726294208,6,0.33207547169811313,0.03901594022366943,0.31516897070910993,0.04896545681726452,1.0364314314101624,0.9799999999999999,0.007810729617598051,0.0,fs
KSSL_181217,KSSL_29351.0,loamy sand,0.49846593896017544,1.3571258462634113,0.01979849444401484,0.39027540202060285,81.1,8.0,10.9,,33.0,32.602318,-106.76126,0.010768463596428772,6,0.41132075471698104,0.031936624285889496,0.3898674191424787,0.31586035073444296,1.0100000000000016,0.43307050907740907,0.010209086151146884,0.3,ls
KSSL_195254,KSSL_31852.0,sandy loam,0.29720437422280616,1.2839138891192954,0.06713531747508952,0.3545585837635319,59.1,22.9,18.0,,127.5,32.514435,-106.79056,0.00465989756528237,6,0.3735849056603773,0.08299750440170384,0.3544475971068147,0.18870635877564035,1.01,0.3555062088047143,0.004314083824449322,0.2,cosl
KSSL_198136,KSSL_32397.0,sandy loam,0.06170669672113713,1.2841135274792375,0.0065996579791803974,0.3156428235944682,57.2,34.8,8.0,,68.0,46.804974,-116.85367,0.010711053366145206,6,0.3433962264150944,0.08186868962047944,0.3144331140652911,0.013843327258743751,1.01,0.9218057265882799,0.009146801383648456,0.2,sl
KSSL_195255,KSSL_31852.0,sandy loam,0.1435251555604397,1.312778699163501,0.03096325716064547,0.35459958558055416,63.0,22.3,14.7,,167.5,32.514435,-106.79056,0.010188437092136524,6,0.37735849056603776,0.07605627337307541,0.35204517446994427,0.04886274512376828,1.01,0.6193304349870116,0.008546721616689977,0.1,sl
KSSL_181228,KSSL_29352.0,sandy loam,0.9082061518647249,1.4515607106816062,0.05379120729647538,0.4266042007000719,77.5,11.5,11.0,,25.5,32.601921,-106.76308,0.0014595678088376205,6,0.4490566037735849,0.054652424676212286,0.4266070347992197,0.8375376289892326,1.249289160081323,0.3712035446981432,0.0014549595372001902,0.2,fsl
KSSL_192622,KSSL_31333.0,silt loam,0.029681157921727822,1.504573696114617,0.16112050707124934,0.45363867620106957,26.5,57.2,16.3,,134.5,45.684818,-118.10657,0.006391075806724409,6,0.44528301886792454,0.19117364751677596,0.45788809336522923,0.01060165738852708,1.079200082190882,0.9799999999999991,0.004199873441529343,0.3,sil
KSSL_15747822,KSSL_40630.0,clay loam,0.736680137297948,1.128794730911885,7.093180991438751e-17,0.49382187875802813,26.2,40.4,33.4,,15.5,,,0.01232106734619776,6,0.5207547169811321,1.2771383851779027e-16,0.4935998006506902,0.6797288071373375,1.0100000000003437,0.12937574784159048,0.012123329904448088,3.8,cl
KSSL_15747856,KSSL_40636.0,silty clay loam,1.8535912406662287,1.173646328429426,9.159689767343076e-10,0.5555417292147761,7.3,64.3,28.4,,87.5,,,0.012136476230096485,6,0.5849056603773584,6.344137640570739e-19,0.5554915658983242,1.766979476351955,1.0100000000204477,0.1732467127741793,0.012063436582029833,1.5,sicl
KSSL_193768,KSSL_31573.0,silt loam,0.019765912877270007,1.2834552079150228,2.0462380403030522e-22,0.3991657328887125,11.7,64.6,23.7,,8.5,41.070557,-77.489998,0.005387585485582274,6,0.39245283018867916,5.1381476890204e-18,0.40305936109332313,0.014001956297611544,1.0100000000000005,0.3161423636778003,0.0036706479789323032,1.5,sil
KSSL_195199,KSSL_31844.0,clay loam,1.452292520130344,1.1369097291797878,1.5179333340609494e-17,0.42267263001408917,44.4,25.4,30.2,,21.5,32.546936,-106.71056,0.006828735271859232,6,0.44528301886792454,1.0892776409629818e-14,0.42256159080168143,1.361990995395842,1.0100000000234723,0.13705983460436424,0.006663413417383884,0.6,cl
KSSL_193765,KSSL_31572.0,silt loam,0.0313642229091625,1.273114924994871,3.346579982915473e-12,0.39181669344974135,18.6,63.4,18.0,,39.0,40.719723,-77.933052,0.006720116952170847,6,0.39622641509433953,2.2049114649976692e-17,0.39408181950320514,0.027118121327489187,1.1147522642224323,0.25741708190973805,0.006612857840152955,0.3,sil
KSSL_153992,KSSL_24195.0,clay loam,0.15803864426986983,1.4322668567271317,0.26999802405986256,0.4443377993033927,40.4,31.9,27.7,,24.5,41.583477,-119.73604,0.007503847707650709,6,0.44528301886792454,0.25917367300589667,0.4434272314007347,0.2676212624375134,10.999655870174367,0.029219841028554648,0.006931142152252706,0.5,cl
KSSL_181084,KSSL_29342.0,sandy loam,1.0503097953191438,1.2690270602332683,0.019041201261977992,0.3940391800536309,76.5,10.4,13.1,,35.5,32.549934,-106.76495,0.012210967660847886,6,0.41509433962264153,0.029282730209314305,0.3938111765669784,0.7929368303812289,1.010000000004337,0.3010273683524217,0.011983093540547366,0.2,fsl
KSSL_193774,KSSL_31574.0,clay,0.04549370304771228,1.241406430486744,0.1553070243499363,0.4833901724448346,9.4,32.0,58.6,,41.0,40.640556,-78.129166,0.007061868788394147,6,0.3547169811320754,0.2354222386593017,0.4842028016806957,0.01768071723426868,1.01,0.5520634568583288,0.0063871927383610866,0.5,c
KSSL_118540,KSSL_18822.0,clay loam,0.13634345937623407,1.0917542165624448,1.7223122781994642e-18,0.4284068151173749,35.7,31.5,32.8,,66.0,,,0.008236839722726928,6,0.43018867924528303,1.915139173371108e-14,0.42833866348201716,0.11963655534091058,1.0100000000000535,0.09376071748456154,0.008015904169403048,0.16999999999999998,cl
KSSL_15950470,KSSL_75711.0,loam,0.3158494892590755,1.1833363089089042,5.781733362927796e-20,0.4277373129193927,32.3,43.2,24.5,,168.5,43.959999,-101.854,0.021464829819437658,6,0.4490566037735849,3.67515533165556e-225,0.4266038453076362,0.3689258268377049,8.863696013149703,0.020000041762703744,0.02105154396196167,0.2,l
KSSL_184639,KSSL_29922.0,silty clay loam,0.004595188316940627,10.99999999468404,0.21677795237265438,0.38005572887300715,14.4,56.8,28.8,,95.5,39.042778,-87.054443,0.013734790845129598,6,0.3245283018867925,0.06686267560940708,0.38529686966942195,0.0007710539759001298,1.01,0.9799975218846457,0.014595215046621113,0.5,sicl
KSSL_108653,KSSL_17331.0,silt loam,0.08615871379047671,1.7430906797249317,0.09046635279074479,0.4596104170167096,25.4,60.2,14.4,,33.0,47.553719,-119.9606,0.008591567072294451,6,0.4830188679245283,0.101158303009109,0.4613220297169441,0.045439086780804196,1.3248940995154956,0.8456479077670432,0.007884604157873601,0.44000000000000006,sil
KSSL_190703,KSSL_31008.0,silt loam,0.11254675338767536,1.3408434705741787,0.03800997498387018,0.5902600145228692,11.0,68.2,20.8,,7.5,,,0.02370886112225784,6,0.43018867924528303,5.857464745242281e-22,0.577704143183612,0.1884196320933225,6.361157132105656,0.03975192429057944,0.018457798729023013,1.3,sil
KSSL_197469,KSSL_32236.0,loam,0.8632010347886766,1.253044614596295,0.173572033108258,0.5944146741708138,48.3,35.9,15.8,,14.0,38.934116,-120.05445,0.021540397322913463,6,0.6264150943396226,0.1912291487707983,0.5938546556232863,0.6091227399735545,1.0100000000017273,0.29645498808100873,0.021254454403312306,9.6,l
KSSL_192610,KSSL_31332.0,silty clay,0.008864988035694514,1.1554457194291667,1.499223388211415e-17,0.4778032830392548,2.9,49.0,48.1,,28.0,33.00016,-91.066788,0.015457928647501744,6,0.3509433962264151,5.076105297313596e-12,0.47921888197848755,0.006984008520693288,1.0100000000000002,0.16786582123013788,0.015079544577381032,0.6,sic
KSSL_110085,KSSL_17575.0,sandy loam,0.13853938901933474,1.636124758538351,0.07954000099999681,0.27006441607422976,72.8,17.0,10.2,,155.0,45.34166,-91.859894,0.01213261481194553,6,0.26792452830188673,0.07801675856547492,0.26540379070443854,0.20607106100412395,10.99999999998596,0.048471453612075485,0.008753942963328676,0.04,sl
KSSL_181173,KSSL_29348.0,loamy sand,0.02552459431820781,3.0796139874941915,0.0684600009996656,0.33523651286416345,80.9,9.2,9.9,,94.0,32.596363,-106.76321,0.016464893212699977,6,0.3660377358490565,0.0684600009999926,0.3374618367725482,0.02108717393263657,2.434974029631793,0.9799999999999999,0.016011756943883942,0.1,ls
KSSL_206382,KSSL_34044.0,sandy clay,0.08593594056482896,1.0954272123620818,6.393275456951314e-10,0.47109216546664817,48.2,6.7,45.1,,36.0,28.647194,-97.61953,0.0037273315891654534,6,0.27924528301886786,0.06630501368168529,0.4714187375328407,0.07032964854367642,1.01,0.12021314375533827,0.0035869993823222806,0.9,sc
KSSL_190713,KSSL_31009.0,silt loam,0.010093619823551774,1.3788337611564678,1.7543798713819083e-16,0.36208906186238987,10.9,71.3,17.8,,7.5,,,0.010311365909026239,6,0.3999999999999999,0.07671259781355147,0.36584997724613405,0.00319407515684466,1.01,0.97999373687026,0.00920057490030958,1.8,sil
KSSL_15769484,KSSL_43795.0,clay,0.12908832729933897,8.200612860132034,0.4209000009999999,0.8288286438563724,11.8,35.4,52.8,,133.0,45.289513,-123.35818,0.024178575636127443,6,0.4188679245283019,0.4209000009999999,0.8290287323673248,0.14724383639954133,10.999999998853845,0.452689797206068,0.02414856505162342,0.3,c
KSSL_195191,KSSL_31842.0,sandy clay loam,1.082207251471999,1.1253813910132209,1.272521419461777e-18,0.358198680250067,54.5,25.1,20.4,,86.0,32.529713,-106.78555,0.011598152030992463,6,0.37735849056603776,1.5017924263639865e-13,0.358094126917251,1.0102343246621273,1.0100000030666738,0.12565002379043075,0.011532039288129183,0.2,scl
KSSL_193756,KSSL_31570.0,silty clay,0.012480942898843102,1.1743982914536062,4.626008451318722e-16,0.37393672909300285,10.1,47.8,42.1,,76.0,40.90778,-77.690277,0.009098250373844478,6,0.3584905660377359,0.18991177959538666,0.3743273777585234,0.00313927624639099,1.01,0.9797943020050026,0.008721609754532534,0.2,sic
KSSL_15950605,KSSL_75735.0,loam,31.622776601683697,1.0701193796964346,7.567274112773689e-08,0.40103611518497695,34.7,38.8,26.5,,31.5,43.052601,-96.904099,0.016793442609872002,6,0.4226415094339623,4.2322833624562e-09,0.4010401748768777,31.622776601141407,1.0100000177495418,0.06942415530690553,0.016793307600082217,2.1,l
KSSL_15950629,KSSL_75739.0,loam,1.2441330139716902,1.180371996855988,8.13738927599041e-23,0.42292474503765476,49.9,32.3,17.8,,42.0,45.292999,-97.514999,0.013089460307062527,6,0.44528301886792454,4.1523739038018096e-17,0.4228776247307702,1.1696562300674047,1.0100000000000093,0.18045047845659903,0.013040643145130195,1.1,l
KSSL_15950590,KSSL_75732.0,loam,0.0917975514851068,1.4686746213779671,0.1799200004167259,0.3489746658728311,32.4,42.9,24.7,,173.5,44.073002,96.530197,0.02187976870528776,6,0.3056603773584906,0.16578282940196742,0.34520186082678994,0.14207725773231242,10.999999978258566,0.030694877846391574,0.021040728610071734,0.4,l
KSSL_110055,KSSL_17571.0,sandy loam,0.050855679007902256,1.7353735894369928,0.03289979188859375,0.3003915034280667,73.3,20.0,6.7,,152.0,45.57777,-91.628494,0.008735883096147236,6,0.3056603773584906,0.043186135116177034,0.3047458927021501,0.02378896237364769,1.2525918835400613,0.9799999999999989,0.006550228776818386,0.09,sl
KSSL_192658,KSSL_31338.0,silty clay loam,0.007905226200067113,1.2205020736710634,2.841763527656143e-19,0.41096643871441696,9.2,53.1,37.7,,82.0,39.700474,-96.162941,0.015138928683120997,6,0.3547169811320754,1.4907961607557765e-21,0.4129648586759593,0.005409142467912344,1.01,0.25261007472815517,0.014395318221652959,0.4,sicl
KSSL_15950493,KSSL_75715.0,sand,0.8160281326095057,1.316368165850032,1.3094406538301349e-21,0.34003297765735546,90.1,4.8,5.1,,184.5,43.560989,-100.7435,0.02601696990877595,6,0.3584905660377359,2.7233539126589382e-17,0.33945774472394646,0.6535994666046184,1.01,0.3284922544721125,0.025700459458060244,0.0,s
KSSL_181507,KSSL_29390.0,silt loam,0.0655101640358666,2.1073959718712896,0.06800000099999905,0.585437125910171,31.1,65.7,3.2,,42.5,63.781944,-145.08167,0.012342073821309883,6,0.4830188679245283,0.066541964637206,0.572353728775829,0.09670680035546243,3.942026190140367,0.21392322273140396,0.007154655595074279,0.9,sil
KSSL_206249,KSSL_34026.0,clay,0.017186062838374136,1.1176531258749731,4.923456569086405e-21,0.4234623746912587,24.8,28.4,46.8,,45.0,40.695972,-96.855225,0.009393190596513364,6,0.26792452830188673,2.194595862415357e-15,0.4241589540485247,0.014475293143699275,1.01,0.12355200402624744,0.009126936474547038,1.0,c
KSSL_193780,KSSL_31575.0,clay,0.04364155750122064,1.4651134767776302,0.23794711552976647,0.44564928038774554,13.7,36.1,50.2,,48.5,40.648613,-78.129997,0.006325983809411811,6,0.43018867924528303,0.2599530994046751,0.4493611231528664,0.014108134407801188,1.0100000000000013,0.9799999630284947,0.005512219891700426,0.1,c
KSSL_195229,KSSL_31848.0,sandy loam,0.12979219720831034,1.164161207400402,3.259062210009134e-23,0.35125037406602394,63.5,18.3,18.2,,134.0,32.610268,-106.79639,0.008924497519985856,6,0.37735849056603776,1.5216555149409326e-26,0.3517822746661082,0.10475359038263689,1.01,0.17242141950217574,0.008129727628674976,0.3,sl
KSSL_107811,KSSL_17217.0,loamy sand,0.15140410176241842,1.6360311602085513,0.03801589341180161,0.3014033354667062,83.5,10.0,6.5,,175.0,45.46833,-88.586716,0.02222926911004703,6,0.26792452830188673,0.039123990369656206,0.29611288612188613,0.2139630398221201,10.99999999957651,0.05213911550244,0.01870601059349774,0.04,ls
KSSL_15950496,KSSL_75716.0,silt loam,0.17412474987619592,1.1904989320610808,1.944701620112168e-20,0.44946670980259074,10.5,62.9,26.6,,38.0,43.731602,-96.681396,0.014601449264079492,6,0.47547169811320744,1.5679477652973293e-14,0.4490715731837539,0.13976626592928026,1.01,0.19870725138171577,0.01403425210983953,1.4,sil
KSSL_199800,KSSL_32755.0,silt loam,0.19440291109302066,1.2935113423204117,4.032718884973119e-23,0.4951925715779605,14.7,64.5,20.8,,24.5,46.513851,-110.31191,0.018136384912006778,6,0.5283018867924528,0.008083053598372077,0.49523020949720103,0.12518980894944567,1.01,0.3406718371279244,0.01644076512737779,0.8,sil
KSSL_110065,KSSL_17572.0,sandy loam,0.10070829528826249,1.909186831707699,0.05820000099999757,0.29309862421215965,77.2,13.3,9.5,,212.5,45.61694,-91.862389,0.008152999278871816,6,0.26792452830188673,0.05308708822990745,0.28720664185028566,0.17323887564709653,9.430702624035781,0.06723997586562189,0.002802850544529856,0.0,sl
KSSL_118570,KSSL_18826.0,clay,0.03923920517236282,1.153145139507523,2.942248062567613e-23,0.4761150271792903,15.5,39.2,45.3,,39.5,35.166752,-102.08379,0.009527129812395611,6,0.3056603773584906,6.4480358850683056e-21,0.47776037099410557,0.032626174328429396,1.01,0.16090415290820376,0.008753966597701305,0.8300000000000001,c
KSSL_183278,KSSL_29692.0,silt loam,0.026363562088424313,2.1402293814334126,0.12897782870365188,0.4793356353075545,9.6,68.8,21.6,,173.0,43.733334,-96.616669,0.012251312167780278,6,0.46037735849056594,0.13223665462131873,0.4856648434137018,0.017113150485414313,1.567351396348077,0.9799999999999999,0.010742855471186861,0.2,sil
KSSL_173598,KSSL_27794.0,loam,0.04267485119510636,1.2714315729589534,0.07581346227352591,0.3322917830791804,38.6,37.2,24.2,,74.0,34.439362,-86.687447,0.0031081646566933348,6,0.34716981132075475,0.12502928658546256,0.33367573900581987,0.01854360917581635,1.0100000005112009,0.5335875408089215,0.0026416292384078013,0.3,l
KSSL_181185,KSSL_29349.0,loamy sand,0.022194863362316984,4.5256821787299035,0.064260001,0.3668395000799766,82.8,8.5,8.7,,40.0,32.596363,-106.76321,0.00909226137436337,6,0.36226415094339626,0.064260001,0.366960927033618,0.02012680598214277,4.045137975404939,0.9799999999167315,0.009072623505997223,0.2,ls
KSSL_198095,KSSL_32380.0,loam,0.005593981823521854,1.2949970130166184,3.671726678692381e-17,0.289774846732933,29.2,46.2,24.6,,86.0,41.366276,-111.4575,0.015720798549556565,6,0.33207547169811313,1.3199726908770788e-17,0.29179349804981336,0.003161750223173557,1.01,0.37103691392472227,0.015111562271472418,0.3,l
KSSL_15747866,KSSL_40638.0,sandy loam,0.335054134643646,1.3238556129527808,0.020245244938017267,0.36908284571883876,79.6,10.8,9.6,,72.5,37.195446,-112.19864,0.003605319010472819,6,0.3886792452830189,0.0320932131040068,0.3690151955349058,0.22849741835337717,1.01,0.3814461210000579,0.0032451499709464852,0.1,fsl
KSSL_192652,KSSL_31337.0,sandy loam,5.462667629679134,1.1194468221625347,8.018895653242189e-21,0.3297711392096258,74.8,10.0,15.2,,84.0,37.13139,-97.086113,0.009052790346077642,6,0.34716981132075475,6.895815558587059e-15,0.3297489365600637,5.337450463197842,1.0100000711756831,0.11865274282727628,0.00903739816095311,0.3,fsl
KSSL_15950592,KSSL_75733.0,loam,0.13652199397571455,1.229239358903396,1.0281128516608802e-29,0.45145954379570846,40.7,39.7,19.6,,23.0,45.573502,-98.030098,0.027243613815063825,6,0.4830188679245283,5.87064676201921e-24,0.4501571771910269,0.09541812469620527,1.01,0.24952747004964296,0.026274255173926425,3.0,l
KSSL_195181,KSSL_31841.0,clay,0.08317806245030478,1.1875614012188733,0.07102184922842733,0.5143503482717786,9.1,32.4,58.5,,27.5,32.531113,-106.79083,0.002898049989390785,6,0.43018867924528303,0.15040408749496476,0.5148200748236652,0.0483596971204002,1.01,0.29703688298282793,0.0024552122995072714,0.5,c
KSSL_153985,KSSL_24193.0,sandy clay loam,0.03101606903194479,2.0535757027940447,0.1777072039683025,0.4181119171462458,50.3,22.0,27.7,,27.5,41.583115,-119.73584,0.010408275130180044,6,0.45660377358490567,0.179856638388872,0.42480131403658383,0.01961126635129976,1.423294341607046,0.9799999999999999,0.00933078386927602,0.4,scl
KSSL_190496,KSSL_30981.0,sandy loam,0.28351208833579633,1.3393588114572699,0.005331109525091595,0.3108286743795502,72.7,21.0,6.3,,48.0,30.471195,-88.741692,0.008773580865156371,6,0.32830188679245276,0.02425827003249672,0.31014575306921954,0.15068017425078764,1.01,0.4674133746861344,0.007983473591713822,0.1,fsl
KSSL_15769519,KSSL_43800.0,silt loam,0.16679902975163843,1.3832575025643825,0.15949746883732016,0.5698656955746999,19.2,57.5,23.3,,14.5,45.311638,-123.33768,0.021722499627682718,6,0.5962264150943397,0.13682083734377082,0.5664896918076323,0.2688153178395906,10.999999953297161,0.027009383809440114,0.01990589665857342,3.7,sil
KSSL_198090,KSSL_32379.0,loam,0.05516961271802603,1.6056857933981967,0.05372600052880661,0.4528997559906373,39.3,46.0,14.7,,82.5,41.358898,-111.4875,0.023610921630107008,6,0.5018867924528303,0.07534453076744367,0.46404164098945594,0.022636331112241947,1.0823914527349336,0.9799999999999999,0.019716562440523316,0.8,l
KSSL_206374,KSSL_34043.0,silty clay loam,0.07112014263479505,1.4037094437513848,0.16146021976795702,0.4520006770507038,17.8,52.7,29.5,,29.5,28.66264,-97.552223,0.003964284832107218,6,0.369811320754717,0.17787296366557412,0.4531174699596732,0.04862507775012811,1.195396186562676,0.43862708403360023,0.003734209030030337,1.0,sicl
KSSL_153997,KSSL_24197.0,sandy loam,1.0617276301924017,1.2380278613433158,1.1370631495307057e-21,0.43331401001692293,76.3,14.9,8.8,,4.0,41.53384,-119.54144,0.017378847869928563,6,0.45660377358490567,8.766882528417925e-15,0.4330942245485886,0.928921758024532,1.0100000000328624,0.24206728893635548,0.017153981870434227,0.8,sl
KSSL_197508,KSSL_32243.0,silt loam,0.020842546861077133,3.089955762976647,0.08378000099999901,0.43667612050676474,29.1,59.4,11.5,,105.5,35.216667,-92.916664,0.011670202552097381,6,0.4037735849056603,0.08337540983601203,0.43514943870922485,0.03337054659692928,10.999999912750171,0.12465941376742642,0.011199639726261076,0.1,sil
KSSL_192603,KSSL_31331.0,silty clay loam,0.03473118410098933,1.3586176111839832,0.14728729981076052,0.4439940812430241,7.0,61.6,31.4,,61.0,33.083332,-90.51667,0.008095646307927322,6,0.39245283018867916,0.20350500528664145,0.44619101532837685,0.009409309924835567,1.01,0.9799999999420261,0.006306108472701885,0.2,sicl
KSSL_186822,KSSL_30331.0,clay loam,0.057572307631548206,1.268186271388481,0.10310355330721299,0.39591880007240243,21.1,50.9,28.0,,15.0,35.074665,-86.894165,0.006903570193030814,6,0.4226415094339623,0.1649429051101135,0.39649075676039636,0.021041096285171555,1.01,0.5991482269369525,0.006055044447928906,1.1,cl
KSSL_195270,KSSL_31855.0,sandy clay loam,0.22126343665594045,1.347888182185337,0.09509542079661937,0.4131103072954402,51.8,25.8,22.4,,198.0,32.515766,-106.74073,0.0038909049712974944,6,0.4339622641509434,0.07061255193015575,0.4122624329307429,0.35058231869418033,4.81686515101882,0.054807172879480635,0.0025590713585365576,0.0,scl
KSSL_206258,KSSL_34028.0,silty clay loam,0.03152631368429714,1.225199845713684,0.009650263053535757,0.46585589440545,1.6,66.5,31.9,,128.5,40.845001,-96.561501,0.0063817134517611335,6,0.4339622641509434,0.11692435281874809,0.4669822840700555,0.01512885853306736,1.010000035476741,0.44259968039393055,0.006106184769115863,0.2,sicl
KSSL_107824,KSSL_17219.0,silt loam,0.029365155403740312,1.679049531648564,0.020414745705632953,0.3808377062521608,26.6,67.0,6.4,,55.0,45.466942,-88.585884,0.011385623563725713,6,0.3886792452830189,0.03269277505837661,0.3856243906020277,0.018796512116344342,1.3169175285461798,0.7030596437832127,0.01110857664124883,0.31,sil
KSSL_15747893,KSSL_40644.0,silt loam,0.8474345458852404,1.179358110255462,6.058451752097371e-26,0.5263371556977647,27.3,52.1,20.6,,18.5,40.424221,-112.39259,0.013668031007294544,6,0.5547169811320753,1.8688243902840874e-13,0.5260910383467747,0.7689713569338305,1.0100000000000002,0.1807810305144663,0.01337703498458701,0.9,sil
KSSL_192635,KSSL_31335.0,silt loam,0.019126643046967342,3.3892455557121632,0.09975000099999999,0.4955805093260745,6.1,78.3,15.6,,4.0,34.783333,-90.816666,0.018288122794037083,6,0.5547169811320753,0.09975000099999999,0.4939437199849186,0.031316788558039405,10.999999999541288,0.13144262183662783,0.01640111767868068,2.5,sil
KSSL_204138,KSSL_33665.0,silt loam,0.13740006354868434,1.7011257262490278,0.09064679488476332,0.7154791911172772,20.7,76.0,3.3,,26.5,47.856152,-117.03548,0.025460129671415664,6,0.7471698113207548,0.06957259371967764,0.7100839889839472,0.22874971415657144,10.999999999999998,0.04687187481446887,0.02118270933836246,3.7,sil
KSSL_195263,KSSL_31854.0,clay loam,0.10459729355483009,1.1693305872841475,3.4205840915509245e-08,0.3707183655041177,36.2,33.4,30.4,,117.5,32.540001,-106.86139,0.0053299118466751515,6,0.3849056603773584,5.29896277429542e-13,0.37027316853454734,0.11162454596581048,1.248356750293887,0.13314682736541253,0.0053099869245972165,0.1,cl
KSSL_197504,KSSL_32243.0,silt loam,0.024712666782061788,3.5399842054257187,0.02482000099995569,0.3787261219272159,34.9,60.9,4.2,,25.0,35.216667,-92.916664,0.021480282181920368,6,0.44528301886792454,0.024820000999999998,0.3799206283453002,0.021263810989695833,2.9588104430913322,0.9799999999999999,0.021262565528841842,0.1,sil
KSSL_207896,KSSL_34309.0,silty clay loam,0.08858680951217783,1.1802363417681565,8.345220842754442e-12,0.48161482700627906,1.2,66.7,32.1,,10.5,41.278641,-94.452499,0.004552685961727619,6,0.4377358490566038,2.1305656227150906e-15,0.48224098913372415,0.08193328015868263,1.1073734225718275,0.16623453968118246,0.004512744247797111,2.6,sicl
KSSL_203338,KSSL_33547.0,loam,0.10599699448001947,1.7504923832612216,0.14058000099999998,0.6566500674563143,27.7,47.2,25.1,,138.0,43.600555,-103.54858,0.01876290601767657,6,0.4037735849056603,0.11952325809380154,0.6449853443234995,0.1867059950075996,10.999999999999998,0.046954387240454136,0.006450657040910642,0.4,l
KSSL_153971,KSSL_24191.0,sandy loam,0.23573327264340668,1.2730010850472115,0.02681995259732459,0.44090474594070783,58.1,27.3,14.6,,15.0,41.581257,-119.73409,0.019220366790885887,6,0.4679245283018868,0.08118676365246211,0.43666352541686065,0.09519627487593227,1.01,0.47419957861538325,0.01801942421076215,0.3,fsl
KSSL_197496,KSSL_32242.0,silt loam,0.020709189555447063,2.1696957089463997,0.09799662438085077,0.38872586900573086,6.9,77.0,16.1,,19.0,34.283333,-91.349998,0.006689893389884319,6,0.4226415094339623,0.10100400951780221,0.39058507279593874,0.01576229076744973,1.8198003154781142,0.804358146873113,0.006576179876226645,0.6,sil
KSSL_211750,KSSL_35015.0,loamy sand,0.1481924042509271,1.7088761001940642,0.07044563616915145,0.38294264670772127,82.6,8.0,9.4,,183.5,41.472214,-101.67149,0.0037188773018825387,6,0.4037735849056603,0.0759801007493388,0.3835990731346291,0.09515749538102723,1.3270407886535343,0.6845618081324591,0.0031981715200067808,0.0,lfs
KSSL_110084,KSSL_17575.0,sandy loam,0.13312401592016404,1.6896996453070137,0.07600000099999998,0.2696905699790344,74.2,15.8,10.0,,117.0,45.34166,-91.859894,0.00910096854944835,6,0.27924528301886786,0.07243353982827841,0.2656973155579689,0.2078888324936125,10.999999999998197,0.049504240766978055,0.005073811240307306,0.04,sl
KSSL_15769434,KSSL_43790.0,silty clay loam,0.12288890645587809,6.390568123227634,0.326120001,0.6084974188828893,15.4,53.8,30.8,,37.5,45.300217,-123.38321,0.02522012902331359,6,0.47547169811320744,0.326120001,0.611191961568984,0.16852920813283342,10.999999999999998,0.1998066391474053,0.024160222172370644,1.4,sicl
KSSL_15950567,KSSL_75728.0,clay loam,0.2759566181029199,1.1089001765439859,4.580755339469833e-16,0.36657251459567647,24.8,40.3,34.9,,85.0,43.732101,-98.693802,0.02364692162752552,6,0.3886792452830189,1.1208438821562428e-19,0.36587773842655114,0.23484686866740456,1.01,0.11136475468855464,0.023514642544657842,0.6,cl
KSSL_193749,KSSL_31569.0,silt loam,0.011271977544230696,1.2958967001827226,1.543122121612465e-20,0.3953189129343519,6.7,67.5,25.8,,41.0,40.911388,-77.696114,0.00955722399021744,6,0.38113207547169814,6.614328292614826e-15,0.39885542333004587,0.00747567987641355,1.01,0.3395149194283623,0.008527781437336722,0.2,sil
KSSL_211741,KSSL_35014.0,silt loam,0.041690008958204856,1.4316764250285505,0.1008673471892066,0.46872662774614576,6.7,68.0,25.3,,184.5,40.627335,-97.958916,0.010043850171758193,6,0.4830188679245283,0.049309170403951934,0.464280103830289,0.06464347064720866,2.259843434391262,0.12762035387510048,0.009185423231066692,0.1,sil
KSSL_198098,KSSL_32381.0,silt loam,0.3256573019036484,1.3150354591684335,1.6917732600110217e-15,0.5339569672051874,35.1,51.7,13.2,,36.5,41.366695,-111.45781,0.028594243714199854,6,0.5660377358490567,1.2549376153119687e-17,0.532622284444755,0.22264414237276106,1.01,0.3456003691561664,0.027265171255908684,1.3,sil
KSSL_195303,KSSL_31861.0,loam,0.9186243546726114,1.18961179232472,1.1216039710627021e-17,0.49761223791010284,37.7,42.5,19.8,,9.0,42.600445,-116.55947,0.010151501378003615,6,0.5245283018867924,5.276513072289592e-19,0.4974142625104697,0.8198856835605097,1.0100000000000002,0.19193008728491207,0.009778635821578717,2.4,l
KSSL_107840,KSSL_17221.0,sandy loam,0.04142599550112391,1.7244691020384812,0.027033501495726822,0.31793415080181525,49.0,46.0,5.0,,43.5,46.105553,-89.084793,0.005764192428070771,6,0.32830188679245276,0.03850503065771956,0.32271484156852714,0.0207592483718254,1.2617040623419873,0.9207058405674885,0.004594958618425523,0.12,fsl
KSSL_181369,KSSL_29368.0,silt loam,0.023510828060981686,1.7861538419199778,0.12656526892853667,0.4255195939922311,1.5,79.4,19.1,,80.5,34.255165,-89.873558,0.009695852873313517,6,0.4075471698113208,0.12307501232649697,0.42390913284772896,0.026819117983184187,2.03639306972149,0.3498277246444244,0.009685720040679836,0.1,sil
KSSL_160725,KSSL_25187.0,loamy sand,0.027604853236171806,2.7940898427832526,0.03562890239451026,0.3289750278234628,79.0,17.0,4.0,,89.0,,,0.01724352220882977,6,0.37735849056603776,0.033369075304663876,0.33476481104605865,0.022118218374247982,1.9891228345521483,0.9799999999999999,0.01626894927135191,1.2,lfs
KSSL_152989,KSSL_24010.0,loam,0.2559150953178465,1.2442720432466587,6.252209732098941e-17,0.48486975304148494,29.8,47.2,23.0,,2.5,,,0.025778291606723385,6,0.5169811320754717,0.010858300715376431,0.48371170148218,0.17385412822169657,1.01,0.27903500119419156,0.024804696494417914,1.6,l
KSSL_192611,KSSL_31332.0,silty clay,0.010643483159492505,1.1982217381238254,1.3825827630456326e-19,0.4777303761037763,1.6,53.6,44.8,,42.0,33.00016,-91.066788,0.010822417595279285,6,0.3396226415094339,8.449826643008019e-16,0.47986760460227634,0.007913971877502955,1.01,0.21819803810130145,0.010003560564064238,0.8,sic
KSSL_173609,KSSL_27796.0,silty clay,0.09589784178463145,1.1095529680990375,3.1285568018156337e-09,0.5416652440526409,1.7,46.8,51.5,,89.0,33.973782,-90.904984,0.001761292701584233,6,0.3396226415094339,0.08840842996334944,0.5419741250237847,0.0736413260187835,1.01,0.14660560013259377,0.0014003882931472142,1.0,sic
KSSL_15950533,KSSL_75723.0,sandy loam,13.0999793249558,1.1581104013188825,9.346751035459268e-10,0.3907545067250383,72.5,12.8,14.7,,46.5,44.858799,-98.530296,0.006161914880444955,6,0.41132075471698104,7.47214576279134e-15,0.390754026199896,12.989694720271409,1.0100005600030002,0.1567020774168143,0.006161163365256334,0.5,fsl
KSSL_15950554,KSSL_75726.0,loam,0.010617859030861291,1.2586322373208745,1.0966145305398679e-27,0.3799999313643034,43.5,30.3,26.2,,36.0,44.987499,-101.253,0.016180372870632505,6,0.3660377358490565,1.282927060844254e-49,0.3803684911550705,0.005312511487052146,1.01,0.34290288439863664,0.014443060148714847,0.5,l
KSSL_197471,KSSL_32236.0,sandy loam,0.1312099568928342,1.2641224071321526,0.007439307411908535,0.4194510406630615,61.2,30.5,8.3,,46.0,38.934116,-120.05445,0.024210780470062525,6,0.4528301886792453,0.10504849753795847,0.4085734672436704,0.01984982394255723,1.01,0.9799999999999999,0.021341252336434528,2.4,cosl
KSSL_15812446,KSSL_50360.0,silty clay loam,0.11916641499402718,1.960912672610629,0.26058000099999995,0.6579633110536462,5.1,56.7,38.2,,20.0,37.590195,-102.61552,0.026620803391972755,6,0.4226415094339623,0.26058000099999995,0.6470785818331061,0.1858476228227197,10.999999999994182,0.06771780561081932,0.02000650047474509,0.4,sicl
KSSL_193742,KSSL_31567.0,silty clay loam,0.022290080622144822,1.2455431772550332,1.7337043894621418e-19,0.4449523258452379,16.8,52.3,30.9,,111.5,40.948891,-77.634163,0.006585639061862447,6,0.369811320754717,0.13890167319922056,0.44629907036847805,0.00703472629094568,1.01,0.7493393324495253,0.005468618441505916,0.1,sicl
KSSL_115965,KSSL_18458.0,sandy loam,0.36431104541379045,1.451993879064205,0.05126972927984867,0.5101485025263648,66.2,24.5,9.3,,18.0,45.552498,-89.8601,0.02200576808667672,6,0.5358490566037736,0.04896978134502511,0.5090568331669575,0.4469023111817453,10.998692493733802,0.03842745007674189,0.021148029525255598,1.35,sl
KSSL_15950612,KSSL_75736.0,clay loam,31.622776600191376,1.1656691246738886,0.1909200008705118,0.30800442412298745,30.2,38.9,30.9,,84.5,45.105499,-97.102402,0.018738381041183215,6,0.3245283018867925,0.19092000099999998,0.30800376005792535,31.62277660168378,2.0028032868687973,0.08272185417404311,0.01873822405692754,0.1,cl
KSSL_15950645,KSSL_75742.0,loam,0.030373741749976035,1.3011898256215648,0.021171629331684746,0.42477365431718034,29.5,45.8,24.7,,17.5,45.029202,-99.113403,0.0119967213659993,6,0.41132075471698104,0.12679338050563171,0.4243805872475168,0.007367006189848508,1.01,0.9799999999999864,0.010565245838760779,2.5,l
KSSL_107785,KSSL_17214.0,sandy loam,0.31314623475889974,1.2780196007425009,4.95637810264822e-12,0.27539964251046894,74.5,20.5,5.0,,139.5,45.521385,-88.485046,0.005082578260048324,6,0.290566037735849,1.8447215883978633e-12,0.2756811122467657,0.24221292061890876,1.01000000000025,0.29318089128435004,0.0047870175336571005,0.04,sl
KSSL_107827,KSSL_17219.0,loamy sand,0.385669310975935,1.4043376823731286,0.03253114300354834,0.32632876637756364,82.4,10.3,7.3,,159.0,45.466942,-88.585884,0.014044878470376764,6,0.3433962264150944,0.04019832471429159,0.3261314939442691,0.23572390157935938,1.0100000000062712,0.4913552909275277,0.013932013356062839,0.1,lcos
KSSL_15950529,KSSL_75722.0,loam,0.07274653016405688,1.4059202607270196,0.08519434723445711,0.4504809578569588,31.9,45.5,22.6,,148.0,44.989498,-99.953697,0.014507403517771519,6,0.4377358490566038,0.029954476554374065,0.44332245081865407,0.12923464309719626,10.99999999993914,0.02329621205178016,0.009823317635382115,0.2,l
KSSL_193782,KSSL_31575.0,clay,0.16218414164257736,1.0693048804958614,0.04267002519369858,0.4341992004184106,10.8,31.3,57.9,,93.0,40.648613,-78.129997,0.0021616779736287517,6,0.42641509433962266,0.1408768000154058,0.4339834954055582,0.12598099900668258,1.0100000000000005,0.10329500233964445,0.0020659629826222247,0.1,c
KSSL_192613,KSSL_31332.0,silty clay,0.017671182932018796,1.2072655563326067,8.931991318069393e-17,0.4723918460793102,2.0,58.0,40.0,,66.0,33.00016,-91.066788,0.007878171370190663,6,0.3584905660377359,6.432288113563755e-20,0.4751451057475931,0.013666148404676637,1.01,0.22404454410284513,0.006585908558815325,0.5,sic
KSSL_195174,KSSL_31840.0,clay loam,0.1305070983733061,1.1413253960333423,4.91790731432642e-07,0.3863188228690478,36.5,24.2,39.3,,56.0,32.512779,-106.74306,0.00471103750277418,6,0.3999999999999999,1.6923811736145654e-27,0.3844153647707396,0.17775629814385505,1.809039291820409,0.07172166488188488,0.0042653159060849315,0.5,cl
KSSL_152988,KSSL_24010.0,loam,0.03347942072404148,1.4756474799507553,0.09964492850863564,0.39665875933102984,28.4,46.7,24.9,,7.5,,,0.0046883259701012625,6,0.4037735849056603,0.13253670281240382,0.4008901902343008,0.0112233538498312,1.0492155898720117,0.9799999999999999,0.0026725829974133214,1.0,l
KSSL_15769469,KSSL_43794.0,silt loam,1.5065112200179718,1.1672338910052378,7.002483324270763e-20,0.6304340279799057,21.7,55.0,23.3,,5.0,45.299068,-123.35285,0.012891999375668145,6,0.6641509433962264,1.6321575121942069e-22,0.6302609887264217,1.3965138016654248,1.0100000000000027,0.1678175860543788,0.012631698537675387,4.5,sil
KSSL_190735,KSSL_31012.0,silty clay loam,0.028671448987614433,1.1746854800212871,4.471507907060881e-18,0.3855758348107133,15.5,52.5,32.0,,2.5,,,0.004382066662588203,6,0.41132075471698104,0.15566756239876667,0.38556788636368206,0.009591199330144696,1.01,0.5957550533510045,0.0037839088024224587,3.0,sicl
KSSL_190719,KSSL_31010.0,silty clay,0.19809090317813435,1.0716659598000704,6.783519598449354e-45,0.36792574342544626,16.5,43.1,40.4,,33.0,,,0.010527863207544409,6,0.39245283018867916,9.883310571778616e-83,0.36710481894734187,0.1645486466319028,1.01,0.07370159528827362,0.010364893474948528,0.3,sic
KSSL_181523,KSSL_29392.0,sandy loam,0.09416453120862164,1.7304491016673067,0.04342000099999944,0.4420080588200689,50.4,43.8,5.8,,42.0,62.398613,-142.48555,0.025574324379259352,6,0.3584905660377359,0.04342000099999995,0.4244148814959404,0.14061120355293688,6.230429266042631,0.0952290451812093,0.020028371441134056,0.2,vfsl
KSSL_181509,KSSL_29390.0,silt loam,0.023643294103086885,3.2007710967108127,0.05980000099999999,0.5688400769361465,27.3,69.3,3.4,,71.0,63.781944,-145.08167,0.028533430867330043,6,0.5056603773584905,0.05980000099999999,0.571040719527047,0.01969402283540016,2.6694354251220718,0.9799999999999999,0.028417274687564036,0.5,sil
KSSL_181372,KSSL_29369.0,silt loam,0.049644537196942,1.5178768614492228,0.0944472103200889,0.4763441085919518,1.1,83.8,15.1,,3.5,34.236195,-89.898529,0.015499299449856157,6,0.5207547169811321,0.12397090608957194,0.4860143752563082,0.017619798971881307,1.0110106812840571,0.9799999999999999,0.012729637943559913,4.1,sil
KSSL_107818,KSSL_17218.0,loamy sand,0.20983917369526325,1.3557959232057926,6.669296634445406e-14,0.29318517316473464,82.8,12.0,5.2,,137.0,45.417221,-88.586998,0.01681327435444214,6,0.3094339622641509,0.014348323532698588,0.2922050010990896,0.1065891011970746,1.0100000000000562,0.4856703520589671,0.016362982946462063,0.04,ls
KSSL_115948,KSSL_18456.0,sandy loam,0.08524226606978995,1.402374896139581,0.027721925488238788,0.3000430703778312,64.4,28.6,7.0,,68.5,45.325275,-89.816483,0.0102511295013393,6,0.3169811320754716,0.05741458769825428,0.3010241624315793,0.027604356585711542,1.0100000000000038,0.811890389039898,0.00967118133497899,0.13,fsl
KSSL_107843,KSSL_17221.0,loamy sand,0.23908461477547627,1.6588057690019165,0.03330000099999995,0.2823202929598159,82.1,13.0,4.9,,124.5,46.105553,-89.084793,0.017160050646329493,6,0.2943396226415095,0.033300000999999996,0.27964971453364756,0.2891741402344161,10.999999993467867,0.0573556809565266,0.015144230530989759,0.04,ls
KSSL_198738,KSSL_32500.0,loam,0.034092542407850014,1.3085359530937861,2.0118241130322606e-12,0.6946235216840977,37.26315789473684,44.421052631578945,18.31578947368421,,31.5,19.956617,-155.53522,0.02378999064866862,6,0.7132075471698114,2.752961171282545e-13,0.703676752953786,0.024435775791152716,1.0100000000000016,0.3424257271270621,0.0228663884918054,6.5,sil
KSSL_190726,KSSL_31011.0,silt loam,0.01673244856036056,1.9053205824932304,0.15111319398178774,0.4653706636554349,20.0,60.3,19.7,,2.5,,,0.008767114212480059,6,0.5056603773584905,0.13994560690083133,0.4633142396120035,0.02222322484405569,2.4586496615416102,0.28432322339385263,0.008699751190037084,4.7,sil
KSSL_181142,KSSL_29346.0,sandy loam,0.49878200982080634,1.3622274221022148,0.03565667769402152,0.3867958270070549,78.0,8.7,13.3,,37.0,32.54837,-106.76523,0.01166374389089444,6,0.4075471698113208,0.04651460583438238,0.38644039264831875,0.3179389805055709,1.010000000000009,0.4367697271190894,0.011242458680498148,0.2,fsl
KSSL_115962,KSSL_18457.0,sandy loam,0.12727494617208807,1.2873501041885145,0.012722329909640798,0.2476200895636669,71.0,21.4,7.6,,221.0,45.55444,-89.859543,0.006793023830229071,6,0.23773584905660372,8.751012416449496e-36,0.24495117821145218,0.2238615851337096,10.999999999999732,0.02005670095442069,0.005218447028114832,0.05,sl
KSSL_199803,KSSL_32756.0,sandy clay loam,0.042874810606405966,1.5301317865557826,0.11240660857237701,0.41309078573804814,57.1,17.6,25.3,,18.0,46.489288,-110.31808,0.0043598474275552725,6,0.3735849056603773,0.11281050133796164,0.4131642624409588,0.04247241344015899,1.5212006849624087,0.350956742134077,0.004359583314030357,1.1,scl
KSSL_15950467,KSSL_75711.0,loam,2.070465164248671,1.161313359808514,9.536105128861644e-16,0.44795073829595583,45.4,34.5,20.1,,20.5,43.959999,-101.854,0.012835486412129275,6,0.4716981132075472,2.7459889791341573e-13,0.4478657790104955,1.968307682216852,1.0100000001552527,0.16101060906177683,0.012757361268716502,0.5,l
KSSL_195208,KSSL_31845.0,clay,0.05467501510296339,1.1905278830476567,0.10020236674924127,0.48539001631266077,3.2,24.8,72.0,,82.5,32.66777,-106.77194,0.00422105376417522,6,0.36226415094339626,0.19696968743793805,0.485806742047899,0.02664078709114803,1.0100000000000002,0.37722088373902485,0.00359850913072654,0.2,c
KSSL_192587,KSSL_31329.0,silt loam,1.6209614434082429,1.177671640921453,2.304747655792526e-18,0.5622851497978115,35.0,57.9,7.1,,49.5,45.271732,-117.68747,0.01622149368011166,6,0.5924528301886792,6.977352881312534e-20,0.5620522420827182,1.490691416350323,1.0100000000000402,0.17857987481740153,0.01598057920215325,0.9,sil
KSSL_15747881,KSSL_40641.0,sandy loam,0.597403981975415,1.1760449965006232,4.863438773553825e-23,0.4146952608723301,55.1,30.7,14.2,,35.0,41.331444,-111.30356,0.015547538420945342,6,0.4377358490566038,1.616468465492206e-17,0.4142305360438738,0.5205100543402507,1.01,0.1790446584528944,0.015220714141026735,2.6,fsl
KSSL_107823,KSSL_17219.0,silt loam,0.17190289805875683,1.3660372854128766,1.6743261266484506e-08,0.4801452763383346,27.8,65.6,6.6,,23.0,45.466942,-88.585884,0.021297332927110918,6,0.5018867924528303,6.685492603557638e-32,0.47687643457375284,0.2646970599149573,10.999999999520075,0.029156409372359915,0.019541861396706564,1.24,sil
KSSL_167521,KSSL_26364.0,sandy loam,0.019298439620332643,3.5778162813707377,0.05040000099999999,0.4459873790701426,71.1,22.4,6.5,,33.0,33.614769,-116.12306,0.020032768033477005,6,0.4188679245283019,0.05040000099999999,0.44448735469367007,0.03094277513142507,10.999999999479574,0.14113453017402672,0.018088332296030737,0.2,fsl
KSSL_195219,KSSL_31847.0,loamy sand,0.5644490982532129,1.3696646200853473,5.0199523424311867e-23,0.42923613335613187,85.5,6.0,8.5,,87.5,32.618599,-106.78584,0.024133165558961868,6,0.4528301886792453,0.009259412440631214,0.4284058464846501,0.36510791741013937,1.0100000000019616,0.4344254844110963,0.023535423935952766,0.2,ls
KSSL_211756,KSSL_35016.0,sand,0.22629612044984496,1.3473812232109672,0.012512446624293292,0.33825692034904103,90.6,3.7,5.7,,151.5,41.698494,-101.42796,0.01296107829812701,6,0.3584905660377359,0.04107061583052562,0.3362095371952109,0.09510590666367813,1.01,0.5613343306278029,0.011721305249293731,0.0,fs
KSSL_15950616,KSSL_75737.0,clay,0.09376437606525571,1.099276096358118,7.113355339394835e-12,0.45150023591252786,12.9,36.4,50.7,,18.5,45.915401,-101.3448,0.010903790181251738,6,0.45660377358490567,1.0473651357625267e-13,0.45154475616991774,0.08325127258294335,1.01,0.10121148304990428,0.010824193874175327,4.5,c
KSSL_15950570,KSSL_75729.0,silt loam,0.8660905252089629,1.1890022541344507,1.8715090985459546e-09,0.46979569904696233,28.4,51.9,19.7,,9.0,43.167198,-101.7162,0.01452654974933597,6,0.49433962264150944,5e-324,0.46962266097241195,0.9276522537086285,5.552486332137388,0.03363127963896918,0.014411979854710152,1.3,sil
KSSL_199796,KSSL_32754.0,silt loam,0.10317972078893041,1.331659119730661,0.12359945441513964,0.43545033793700494,27.6,51.7,20.7,,63.5,46.735813,-111.19501,0.004595693799261831,6,0.45660377358490567,0.059864228284768554,0.4339050187111953,0.19613406540582937,2.66102343987123,0.07464011362017595,0.004001540685203466,0.3,sil
KSSL_15950628,KSSL_75739.0,loam,0.22935836148918826,1.2135222938092112,1.477909821459139e-12,0.43622949737848254,31.9,46.4,21.7,,25.0,45.292999,-97.514999,0.010052903955745093,6,0.46037735849056594,2.8036415757589177e-12,0.4363079661500071,0.1902612672920179,1.01,0.22067305068112533,0.009670482191544991,1.8,l
KSSL_206367,KSSL_34042.0,sandy loam,0.17094651802927713,1.7358377058639594,0.10833000099999997,0.36371519258417884,78.7,6.1,15.2,,26.0,28.946056,-97.664719,0.005467745814659999,6,0.38113207547169814,0.10631104865991055,0.36208017008366356,0.2561722533112023,10.999991906247821,0.05449762331915681,0.002953457187826912,0.5,fsl
KSSL_181083,KSSL_29342.0,sandy loam,6.102237197415966,1.2099431048670948,0.01905073039701892,0.3979248881565783,76.7,10.4,12.9,,22.0,32.549934,-106.76495,0.007915564666019375,6,0.4188679245283019,0.02009792717820178,0.3979232712595976,5.805096307423731,1.0100000000000002,0.2107249536869205,0.007913490491718614,0.2,fsl
KSSL_206386,KSSL_34044.0,sandy clay loam,0.07792694873863587,1.3082058543558461,0.1425857402111281,0.4360702446259782,60.2,11.0,28.8,,132.5,28.647194,-97.61953,0.0016322446185159684,6,0.32830188679245276,0.14495370021245021,0.43615280445731275,0.07543681468694939,1.2876214033070101,0.245353463188633,0.0016293257318150812,0.0,scl
KSSL_191387,KSSL_31130.0,clay loam,0.6217924799541247,1.2632049904795604,0.17293593730209073,0.5835184119158169,29.8,40.6,29.6,,4.0,43.777248,-114.42558,0.02431040457789766,6,0.6150943396226415,0.19335688676157797,0.58275258848096,0.4147621350954327,1.0100000000000573,0.3192401223482973,0.02400011561253281,9.3,cl
KSSL_108767,KSSL_17347.0,sandy loam,0.07367877268201199,2.133252201949471,0.060338783155999116,0.45590371935100477,65.4,26.8,7.8,,78.5,39.18718,-112.37746,0.006028716217854255,6,0.4188679245283019,0.06280477503571721,0.4566296764914708,0.06332000240866224,1.952658560827615,0.6555875373382407,0.005914405836695308,0.13,vfsl
KSSL_15950644,KSSL_75742.0,loam,0.5471151204944706,1.148300139570744,2.07260442232818e-22,0.43574760209536784,31.3,45.7,23.0,,5.5,45.029202,-99.113403,0.017016008212661297,6,0.46037735849056594,1.40784973126136e-14,0.4351991096754512,0.47878271355210167,1.01,0.15064242721447205,0.01671813769152591,3.1,l
KSSL_198099,KSSL_32381.0,silt loam,0.05528626336580526,1.5581882341264026,0.035431249584209186,0.45307531384762345,34.5,52.8,12.7,,53.5,41.366695,-111.45781,0.0264942403178558,6,0.5018867924528303,0.06308875235477727,0.4639043172955214,0.02103844296025647,1.051525860128027,0.9799999999999999,0.022811058221987687,1.0,sil
KSSL_197502,KSSL_32242.0,silt loam,0.05207862926754813,1.2092595398197195,4.995012846962713e-20,0.46733411729371455,12.4,60.8,26.8,,185.0,34.283333,-91.349998,0.007285085904147865,6,0.3660377358490565,0.11360289827366171,0.4674980183454822,0.022899068632394177,1.01,0.43322910750033805,0.006601333640185295,0.1,sil
KSSL_183545,KSSL_29746.0,clay,0.0015195626439493699,1.2531341040324637,1.6787168104714055e-15,0.5041305424839355,3.6,31.9,64.5,,96.5,37.186501,-86.041031,0.01857044909331593,6,0.39622641509433953,0.3847996383461134,0.502776405196502,0.004436942463250907,10.999999999999998,0.9721785871360177,0.017925602154290527,0.2,c
KSSL_192628,KSSL_31334.0,sandy loam,0.027331460779728034,3.1313998224495254,0.035860000999999996,0.3204686711174967,51.8,45.2,3.0,,40.5,34.25,-92.01667,0.01930832175834489,6,0.37735849056603776,0.035860000999999996,0.3236090689663229,0.022907438732807657,2.38973158028492,0.9799999999999999,0.018832652003868095,0.3,vfsl
KSSL_110038,KSSL_17569.0,sandy loam,0.05677841530632547,1.375904438292957,0.013973340797075498,0.307546663374422,57.1,34.4,8.5,,76.5,45.578606,-91.629051,0.008096740522951272,6,0.3245283018867925,0.02511213460099911,0.30826483935736837,0.046830540732420003,1.2629033542630088,0.3447243886531006,0.008064264067289861,0.1,fsl
KSSL_192604,KSSL_31331.0,silty clay loam,0.03340606014332862,1.4035379276145925,0.1587508102131802,0.45356143594774173,5.6,59.5,34.9,,82.5,33.083332,-90.51667,0.00713911680444201,6,0.3849056603773584,0.20361485699794507,0.45704211371309,0.009862654686481356,1.010000001593934,0.979999999999998,0.005160151499216624,0.2,sicl
KSSL_107876,KSSL_17225.0,loamy sand,1.0321808906122227,1.2685020055344407,1.4818120065613216e-09,0.2618461458975764,80.3,18.2,1.5,,59.5,46.106941,-89.084793,0.00878443440631981,6,0.2754716981132076,5e-324,0.2616981227940856,1.117237884052247,7.043191555887728,0.0375648090694479,0.008659841581884034,0.22000000000000003,ls
KSSL_181234,KSSL_29352.0,sandy loam,0.06322469316187355,1.7669701191351388,0.07168472906200513,0.3606786277477123,73.9,12.4,13.7,,162.5,32.601921,-106.76308,0.0067586286495942985,6,0.3849056603773584,0.08191595173545162,0.364576610163372,0.030303802266700337,1.2913380855733265,0.9799999999999999,0.004325920775934652,0.0,fsl
KSSL_118564,KSSL_18825.0,loam,0.05741143115247718,1.3662061083658257,0.0569355331033962,0.30859971209479875,51.3,34.4,14.3,,71.0,,,0.005690398921226704,6,0.32830188679245276,0.09242232113426868,0.31034704065624225,0.01929206715377399,1.0100000000104605,0.7767920110630774,0.004815882543594895,0.15,l
KSSL_15747886,KSSL_40642.0,clay loam,0.04915729079369465,1.243723805505431,9.946113618289116e-27,0.44397944791592514,28.7,42.1,29.2,,40.5,41.343555,-111.18786,0.014045060333891536,6,0.4830188679245283,5.099775856704782e-24,0.4470515409801985,0.037423198689804725,1.01,0.2636210142089653,0.012427124002494247,0.7,cl
KSSL_164227,KSSL_25844.0,loam,0.018313544878726093,2.593377522057483,0.13056000099999995,0.3808763921259109,38.3,38.3,23.4,,2.5,39.616779,-82.9832,0.013140028703686395,6,0.39622641509433953,0.1297672986264589,0.3777403191786414,0.03174268018478318,10.99999999999363,0.08969715016238376,0.009423564541433792,2.0,l
KSSL_208923,KSSL_34516.0,silty clay loam,0.06617983119193752,1.5270758344384934,0.1768157225671661,0.5906069141294922,2.8,70.1,27.1,,4.0,39.79187,-81.518951,0.0148967367476163,6,0.47547169811320744,0.1227033360357196,0.58241884970993,0.12395022759801126,10.999999999999119,0.029184033467430065,0.008750465671146561,3.7,sicl
KSSL_181497,KSSL_29388.0,loamy sand,0.7927589428316396,1.2317085913444699,3.5929722911531716e-13,0.2897571167844966,79.8,17.5,2.7,,44.5,63.352444,-142.98331,0.022585126450565138,6,0.3056603773584906,2.1919527212985313e-15,0.2894017021844181,0.6659286356063244,1.01,0.238067426772242,0.022434247814774478,0.2,lfs
KSSL_211737,KSSL_35014.0,silty clay,0.005576447835809551,1.2325230785360737,1.7383345245210359e-12,0.4579042003738424,4.4,48.9,46.7,,56.5,40.627335,-97.958916,0.016300227621620245,6,0.29811320754716975,7.295967473379373e-24,0.45913446316122714,0.002934643383628321,1.01,0.30901492331822933,0.014929323984193575,0.5,sic
KSSL_206263,KSSL_34027.0,clay loam,0.0024579639242907477,1.7577204714201606,0.1678158784188678,0.3797038100984847,21.9,41.9,36.2,,78.0,40.869026,-96.794357,0.02103108283519304,6,0.3094339622641509,2.2045481018640762e-18,0.37910560646699376,0.00704320371298631,8.935472560104525,0.020000000000000042,0.020855191925233874,0.2,cl
KSSL_149361,KSSL_23392.0,loam,0.24662340616297246,1.1871647262765974,7.440416154581441e-25,0.4373860582018799,39.9,35.6,24.5,,10.5,,,0.016004296263305996,6,0.4679245283018868,1.652399617319873e-33,0.4358001210142757,0.18190964106069255,1.01,0.19960622393216348,0.014788471258163072,4.11,l
KSSL_164267,KSSL_25849.0,loam,0.07287694017198963,1.169270593459613,1.0241167025889184e-97,0.33711406747049566,45.0,34.2,20.8,,2.5,39.665894,-82.999863,0.01166611376646818,6,0.369811320754717,1.5293682346871542e-56,0.3374436709055817,0.05397829965382212,1.01,0.183656438261578,0.010604616593074847,1.6,l
KSSL_105951,KSSL_16916.0,sand,0.5177342650278877,1.4773446617347616,1.7881390718891855e-20,0.36527695209337585,96.4,2.2,1.4,,35.5,34.375095,-103.50938,0.018709254247783393,6,0.3849056603773584,1.260924245491794e-18,0.3648794453201167,0.3502263296585385,1.0100000000001241,0.5263813981351094,0.01819243455490906,0.06999999999999999,fs
KSSL_15950494,KSSL_75716.0,silty clay loam,0.14163857028013271,1.5431051331403156,0.17493000099999995,0.47879307952610395,7.5,62.9,29.6,,7.5,43.731602,-96.681396,0.01578212562967057,6,0.5018867924528303,0.17307371410028,0.47679465582050745,0.19168114820936627,10.999999970995265,0.0439762837412428,0.014525293107175987,3.7,sicl
KSSL_195296,KSSL_31859.0,sandy loam,0.39289090840772645,1.3319707611191332,3.62134586307418e-16,0.5026714746725065,65.0,28.4,6.6,,29.5,,,0.02942244680193422,6,0.5320754716981132,6.498059200947763e-20,0.5013545811466614,0.27135493097098606,1.01,0.36284776355620074,0.028303547772889723,1.1,cosl
KSSL_15747883,KSSL_40641.0,loam,0.014169512935545423,1.2669715491543108,5e-324,0.320667627779937,26.2,49.8,24.0,,109.5,41.331444,-111.30356,0.022997334186975724,6,0.37735849056603776,4.3865850405123195e-39,0.3243485846784837,0.01005828361458609,1.01,0.303926559615206,0.021714651894068585,0.3,l
KSSL_118581,KSSL_18827.0,silty clay loam,0.03309292822200471,1.1877409455634473,6.4700158872138e-31,0.47452907394702254,4.0,61.4,34.6,,100.0,,,0.013703607012557711,6,0.39245283018867916,1.0969688032851862e-32,0.47631756139933557,0.024729994060523015,1.01,0.2052199915620384,0.01221495575237715,0.2,sicl
KSSL_15747859,KSSL_40637.0,sandy clay loam,0.02767721705164606,2.044407403527398,0.18174130359314913,0.39472628219008027,54.9,25.0,20.1,,14.0,37.869888,-112.43461,0.013148686989355356,6,0.4339622641509434,0.18254694188123738,0.40274904088650426,0.017795450864340683,1.3290196548407964,0.9799999999999999,0.01240125501218559,1.6,scl
KSSL_184652,KSSL_29923.0,silty clay loam,0.004186608463718778,10.999999999968809,0.1559975685660315,0.2814044584397513,10.3,62.0,27.7,,126.0,39.022499,-87.020554,0.016517978488490688,6,0.1924528301886793,0.15599988870835682,0.2814044601519143,0.004184573502060556,10.999999999999995,0.9136749524880473,0.016517978162308457,1.5,sicl
KSSL_195193,KSSL_31842.0,sandy clay,0.9130610431460847,1.0844163678533143,2.2299163154787506e-16,0.3800104866565625,45.1,17.5,37.4,,187.5,32.529713,-106.78555,0.006135690118942799,6,0.3999999999999999,3.805985224024511e-12,0.3800060305966586,0.8757403369062139,1.0100000000188372,0.08418366038094735,0.006124735745686003,0.1,sc
KSSL_15830393,KSSL_53325.0,sandy loam,2.4941639839456156,1.22952984060858,2.064452557596019e-23,0.41575314833561766,66.3,24.9,8.8,,87.5,37.657513,-107.80286,0.01264884371622535,6,0.4377358490566038,3.013084693721855e-19,0.41566430017672346,2.335520947964923,1.01,0.22974078103490556,0.012544235230459373,0.7,fsl
KSSL_149359,KSSL_23391.0,loam,1.8809906332059398,1.1365011661320554,8.667825131462566e-09,0.4622695992148475,38.9,37.0,24.1,,10.0,,,0.004618064313486669,6,0.4867924528301887,3.076069310804407e-12,0.46221841945357434,1.7900238405262514,1.0100000000005331,0.13625463546824837,0.0044792850550850445,3.81,l
KSSL_195171,KSSL_31840.0,sandy clay loam,1.1389104360598503,1.1439422886606367,3.742907140349445e-21,0.4120709702084812,52.7,25.3,22.0,,14.0,32.512779,-106.74306,0.005492129787852303,6,0.4339622641509434,1.1241130790710553e-12,0.41201448168494875,1.062607234349366,1.010000008935358,0.14427096515965052,0.005364721163735478,0.6,scl
KSSL_195265,KSSL_31855.0,sandy loam,14.8533934985067,1.1025580934917003,2.7749669262572217e-12,0.3656648145533616,59.6,24.9,15.5,,14.0,32.515766,-106.74073,0.012904306145790141,6,0.3849056603773584,3.3795127067650154e-17,0.3656648818190089,14.748851257213065,1.0100019194136862,0.10162708373216145,0.01290447048144546,0.6,fsl
KSSL_15747863,KSSL_40638.0,sand,3.1561211336978463,1.5307939787112503,0.019855879091624753,0.4122632232449124,94.7,1.1,4.2,,11.0,37.195446,-112.19864,0.003924019058204624,6,0.4339622641509434,0.020226570827891126,0.4122597842592025,2.8002384905788413,1.0100000002119147,0.5406088916494739,0.0038981991160198506,0.1,fs
KSSL_206384,KSSL_34044.0,sandy clay,0.34351213118584684,1.0514433621039228,7.952862018889226e-09,0.3919998845657575,55.1,9.5,35.4,,84.0,28.647194,-97.61953,0.004160433058875582,6,0.3169811320754716,1.8030570539882686e-11,0.39154083269288714,0.4506104491663978,2.435459107956023,0.020000066218115335,0.003993304507695369,0.5,sc
KSSL_160723,KSSL_25187.0,sandy loam,0.020502276439384303,3.120481421501014,0.05738000099999999,0.3689925843895799,73.1,20.4,6.5,,12.5,,,0.019741151104066327,6,0.42641509433962266,0.05738000099999999,0.3671565815849502,0.03278307409448775,10.999999999977838,0.12452208662835831,0.018722498984252673,0.3,fsl
KSSL_181377,KSSL_29369.0,silt loam,0.032538049982659314,1.6634467774109427,0.11012968377489997,0.4274405297842891,0.9,80.0,19.1,,145.0,34.236195,-89.898529,0.006091791490889729,6,0.4037735849056603,0.1269293171385319,0.43305252431473923,0.014361683996992535,1.184851116679675,0.9799999999999999,0.004758379443093112,0.2,sil
KSSL_184647,KSSL_29923.0,silt loam,0.018221695579199382,1.3087854674648085,9.36394923189629e-19,0.3931858015318505,8.2,72.1,19.7,,10.0,39.022499,-87.020554,0.005874061831638831,6,0.3735849056603773,0.1067480183314415,0.395727847425443,0.005075796829398222,1.0100000000000002,0.9799998694824164,0.004561719614302806,1.2,sil
KSSL_15769472,KSSL_43794.0,silty clay loam,0.1483348511553043,1.3360688019054572,0.20599430150070513,0.5224737134802097,19.6,49.4,31.0,,49.0,45.299068,-123.35285,0.013658347547746055,6,0.5509433962264151,0.2411318691779509,0.5205382223762869,0.05561822483905775,1.01,0.6013177099591742,0.012887752669184625,1.3,sicl
KSSL_183277,KSSL_29692.0,silt loam,0.05562417306030963,1.3959400371439732,0.06423224438933166,0.41185405489607063,15.9,61.0,23.1,,128.5,43.733334,-96.616669,0.009161951333975234,6,0.44150943396226416,0.11434708070364019,0.4141060465923278,0.015052319313490865,1.01,0.9799999999982925,0.006898006594137144,0.2,sil
KSSL_152999,KSSL_24010.0,silt loam,0.019289157783509772,2.9882203324620966,0.12600000099999997,0.4827969395266381,25.0,50.6,24.4,,2.5,,,0.016942243005657935,6,0.4528301886792453,0.12600000099999997,0.4801540692373294,0.032192366040416975,10.99999999999968,0.11180819737977583,0.013958061519788657,1.4,sil
KSSL_206369,KSSL_34042.0,sandy clay loam,0.20378950122523676,1.4210730232069206,0.12499940012647036,0.3516603536423473,70.4,8.4,21.2,,84.0,28.946056,-97.664719,0.002665111560717633,6,0.369811320754717,0.11240472098117137,0.3513207254454749,0.30600097641922663,2.593507459771982,0.12706483975416175,0.002334144923234009,0.2,scl
KSSL_206256,KSSL_34028.0,silty clay,0.0026208458281875104,1.3567112165631663,3.878976220711848e-09,0.39227749053548994,1.3,58.6,40.1,,54.0,40.845001,-96.561501,0.02245609652179874,6,0.36226415094339626,0.07428210877683572,0.3948591840669033,0.0007167705417726062,1.01,0.9796654345126378,0.022283168786633348,0.6,sic
KSSL_15747851,KSSL_40635.0,sandy loam,0.07491477413878447,1.3789993164239553,0.007984977794999149,0.3562240069996132,57.5,31.7,10.8,,104.5,,,0.015280230848970818,6,0.38113207547169814,0.053442224533169914,0.357162745169211,0.025952081242251113,1.0100000000101954,0.7659147038066512,0.014215771484496898,0.2,fsl
KSSL_206376,KSSL_34043.0,loam,0.11422657272017031,1.2753518875862793,0.10437163635895343,0.40565438079506466,32.5,42.3,25.2,,89.0,28.66264,-97.552223,0.005977678960674652,6,0.3849056603773584,6.361410958025067e-15,0.4021770927622063,0.22846422519836954,6.063124362104332,0.02347449548709683,0.0033151470159427823,0.4,l
KSSL_198092,KSSL_32380.0,silt loam,2.1269449647733962,1.202419836738324,7.454457857881875e-19,0.5696987190472916,32.9,50.0,17.1,,9.0,41.366276,-111.4575,0.015710243840209324,6,0.6,1.9762660188453806e-22,0.5695209832075026,1.9679176288255242,1.0100000000052292,0.20318068545388684,0.015497087188175536,3.2,sil
KSSL_195176,KSSL_31840.0,clay loam,0.25425958837357043,1.1820701272776313,3.571996014784549e-11,0.3645265209317163,40.4,27.5,32.1,,99.5,32.512779,-106.74306,0.003063303187128965,6,0.3849056603773584,9.931080568222663e-13,0.36483323730753603,0.21254679309931504,1.0100000000000104,0.18810418041340116,0.0023735098824751613,0.2,cl
KSSL_186819,KSSL_30330.0,silty clay loam,0.029961380320381502,1.4477719136835883,0.14499651948418096,0.4083797650654761,10.8,56.2,33.0,,100.0,35.139362,-86.191109,0.005890472621963906,6,0.4226415094339623,0.1778857139716657,0.4126375603800235,0.009687512140758034,1.0130917849062508,0.9799999999999981,0.005292325746202638,0.1,sicl
KSSL_190739,KSSL_31012.0,silty clay loam,0.05081824979457653,1.1478088305979757,4.049992888860367e-30,0.3697689610907259,17.3,52.4,30.3,,7.5,,,0.01091015870100195,6,0.4075471698113208,1.8059566286688658e-28,0.3714168498267018,0.04396663755106393,1.01,0.15376877850349205,0.010142190645462403,2.1,sicl
KSSL_15950635,KSSL_75740.0,sandy loam,0.21978998084629262,1.4650932729049753,0.05013632811062357,0.41523522347252945,78.6,9.6,11.8,,41.0,45.416698,-101.0841,0.0077007719300120295,6,0.4377358490566038,0.06494532079948846,0.41466328523673346,0.10615505088349961,1.01,0.6517014524841968,0.0063195515576587305,0.4,fsl
KSSL_15950652,KSSL_75743.0,loam,1.2612050469906722,1.1896625240960454,5.48204970083936e-24,0.4905867591915783,31.8,48.2,20.0,,8.5,45.519402,-103.289,0.02172978351233442,6,0.5169811320754717,2.480277972048392e-22,0.4902577512666629,1.1412262927981067,1.010000000000003,0.19115973480967627,0.021517977802187668,1.7,l
KSSL_194332,KSSL_31715.0,sandy clay loam,0.08555288959225855,1.6775875919680607,0.12452447590906689,0.47003290897053984,58.4,20.1,21.5,,32.5,31.753471,-81.53289,0.006644999925778041,6,0.3094339622641509,0.09979935889475014,0.46448027075257514,0.15262643948296847,3.939436901583276,0.11256126552322795,0.0012262854167725049,0.3,scl
KSSL_173604,KSSL_27795.0,clay loam,0.03449381478172098,1.3566815756461494,0.09911262132170494,0.37043493063235555,39.7,31.6,28.7,,115.5,33.437721,-88.780502,0.006336053668298882,6,0.369811320754717,0.1409091004896566,0.3734470907725501,0.013190840632007744,1.0100000004738847,0.7269494830298372,0.005923367078382907,0.3,cl
KSSL_195237,KSSL_31849.0,sandy clay loam,0.09633061126232402,1.3873927842308484,0.057603001781559325,0.43511409099746995,62.4,17.5,20.1,,107.5,32.588604,-106.84361,0.01275656061949174,6,0.4641509433962264,0.10453317216526974,0.43474979808445063,0.02771814319201172,1.01,0.8588429333497536,0.010584569637309776,0.1,scl
KSSL_181144,KSSL_29346.0,sandy clay loam,0.22024720113736326,1.2978277201444501,0.055352155654132956,0.4048430430857484,64.8,11.3,23.9,,62.5,32.54837,-106.76523,0.018565857778272386,6,0.43018867924528303,0.10371609369166639,0.39945313328282184,0.07133827449289974,1.01,0.5895476185711156,0.01727376338686255,0.3,scl
KSSL_15950651,KSSL_75742.0,silt loam,0.09718362324361873,1.2910371516238663,1.6578068646215603e-20,0.4242896161221817,11.3,74.8,13.9,,172.5,45.029202,-99.113403,0.012233757099451587,6,0.4528301886792453,0.04082770191637952,0.42377654062067593,0.04922774377879246,1.01,0.4317309809479914,0.010696464545170875,0.2,sil
KSSL_193779,KSSL_31575.0,silty clay loam,0.04781017465991913,1.1031154531986753,2.2174272209584385e-31,0.3928569047247115,13.0,50.4,36.6,,30.5,40.648613,-78.129997,0.00995786207268768,6,0.37735849056603776,3.007311334954647e-39,0.3929047542451441,0.03914834995708967,1.01,0.10833037557653934,0.009578797233269761,0.3,sicl
KSSL_203343,KSSL_33548.0,silt loam,0.10753550655632564,1.762853393156692,0.099450001,0.5865071308045621,32.9,51.1,16.0,,45.5,43.653446,-103.54916,0.018583707677187655,6,0.38113207547169814,0.07859536805765169,0.5766126705943766,0.18931687421861917,10.99999999997441,0.047650206060329964,0.007080896150430553,0.8,sil
KSSL_15950487,KSSL_75714.0,loam,0.17880478860888033,1.14479807470096,1.8339206022790865e-20,0.3183653080782334,38.3,38.0,23.7,,185.5,44.425999,-103.38,0.026935570182203935,6,0.3358490566037735,1.5695512344606547e-13,0.318108134564427,0.15149776268077159,1.0100000000000033,0.14878841590215133,0.0268655672990298,0.0,l
KSSL_184668,KSSL_29925.0,silt loam,0.04853220960960956,1.1768506332834283,4.1917013581655154e-18,0.39285899963157805,14.6,61.3,24.1,,45.5,38.564724,-87.008614,0.002902457390020161,6,0.3245283018867925,0.07119319123315851,0.39399920587433224,0.030771218741629094,1.01,0.27092688280464794,0.002407195339968926,0.1,sil
KSSL_195264,KSSL_31855.0,sandy loam,0.9905067592625376,1.1919009260804678,8.209223163042704e-11,0.37293462772123565,62.6,26.4,11.0,,3.5,32.515766,-106.74073,0.004110050410605737,6,0.39245283018867916,5e-324,0.3728301926528,1.1049671324299202,7.098865560433028,0.026481222247563038,0.003943673691116247,0.4,fsl
KSSL_190731,KSSL_31011.0,silty clay loam,0.004793040231359894,3.5649397141046757,0.2069283214785769,0.358166922804407,9.4,60.6,30.0,,33.0,,,0.007908383392732421,6,0.34716981132075475,0.20758770575913937,0.3582047955883571,0.004266288941128248,3.4180300865692965,0.9799999999999841,0.007903771805538924,0.3,sicl
KSSL_197460,KSSL_32234.0,loamy sand,7.760534749506206,1.251674075043364,7.553482481589228e-20,0.5484633451188661,82.0,12.6,5.4,,20.0,39.164246,-119.89687,0.0185350603106986,6,0.5773584905660378,1.0599648980232288e-20,0.5484286046926082,7.458994315492437,1.010000000049669,0.2507179000313035,0.01849457858518287,1.7,lcos
KSSL_198101,KSSL_32381.0,silt loam,0.2517483610163632,1.2206094584460216,2.9560088249280613e-20,0.3694880186295853,31.9,53.1,15.0,,99.0,41.366695,-111.45781,0.009340522499007037,6,0.39245283018867916,9.635349149531764e-25,0.3689478339793827,0.1892782983385535,1.01,0.23461940215772778,0.008127821387997235,0.2,sil
KSSL_167522,KSSL_26365.0,silt loam,0.019399477676429713,2.153140928091015,0.12864000099999953,0.534772437992038,23.1,57.2,19.7,,103.0,33.617825,-116.12556,0.021422407907378246,6,0.4792452830188678,0.10549925470762933,0.5280493637109233,0.03430905816786146,10.999999999999433,0.06227326784731674,0.017623849108756022,0.1,sil
KSSL_173601,KSSL_27795.0,clay loam,0.0238162691615041,1.5443461362703699,0.14915041516800265,0.3978649909211989,39.5,31.2,29.3,,31.5,33.437721,-88.780502,0.006610846442968906,6,0.3094339622641509,0.1716588132770612,0.4020110705784819,0.00918561360967053,1.0931259046335695,0.979999999986779,0.006337209982791144,0.4,cl
KSSL_15950623,KSSL_75738.0,loam,0.1598120866003398,1.7063794792280762,0.13195000099998985,0.4018789399836242,45.3,34.9,19.8,,65.0,45.796299,-100.7805,0.014428937801711585,6,0.4226415094339623,0.13195000099999996,0.40150950598825663,0.21050550420409705,10.915589297662004,0.058331704254874286,0.014203431070502525,1.2,l
KSSL_198094,KSSL_32380.0,loam,0.38399450691520687,1.2095861687437126,3.2733950438323593e-14,0.4304382327830626,36.5,48.5,15.0,,47.0,41.366276,-111.4575,0.015595234722748168,6,0.45660377358490567,5.306504468020525e-21,0.42935363228396367,0.2985614339659763,1.01,0.2200116931981448,0.01465174484077666,1.2,l
KSSL_206394,KSSL_34045.0,clay loam,0.026826507377736526,1.6919683891533672,0.17084149514168703,0.40967228368669617,24.3,46.7,29.0,,178.5,28.63825,-97.605392,0.00605952570671619,6,0.4188679245283019,0.1826031228923024,0.41428119361411025,0.012065584678247731,1.179796074134178,0.9799999999999999,0.005010341469074693,0.3,cl
KSSL_192637,KSSL_31335.0,silt loam,0.02125343360991435,2.106012550776112,0.15128904095186343,0.44553954740889906,2.2,74.6,23.2,,63.5,34.783333,-90.816666,0.009253364773464282,6,0.44150943396226416,0.13651513520344416,0.4414508252867078,0.03760241087993832,10.999999998526611,0.06158957247697976,0.009077830782388926,0.2,sil
KSSL_195211,KSSL_31845.0,clay,0.02579076221970777,1.1683823393377883,2.527410658925078e-17,0.5007318601425493,1.2,19.6,79.2,,182.5,32.66777,-106.77194,0.007679431858233334,6,0.34716981132075475,1.033024355785616e-15,0.5028336800209123,0.021115706079539484,1.01,0.17806689254387653,0.006727080051264546,0.2,c
KSSL_118565,KSSL_18825.0,sandy loam,0.028976641118760135,1.8668986974816892,0.13283165849483936,0.3369367671699021,57.1,24.5,18.4,,108.5,,,0.00691504398908975,6,0.3358490566037735,0.13773603293220787,0.34143271843183026,0.015874485192057836,1.3191388712092718,0.9799999999999738,0.00641065850812996,0.02,fsl
KSSL_197464,KSSL_32235.0,loamy sand,0.885947789929197,1.3244996579076054,3.0747854332244576e-23,0.4726202240994225,82.0,14.5,3.5,,10.0,38.999565,-120.1314,0.021804913837991786,6,0.4981132075471698,2.7319413333010048e-15,0.47223464595687425,0.719185541274282,1.0100000000474199,0.3368417344400643,0.02137309435623993,5.3,lcos
KSSL_206380,KSSL_34044.0,sandy loam,1.0057457294084207,1.2807655646292457,0.05029675457593184,0.3799153172084077,74.0,14.4,11.6,,8.0,28.647194,-97.61953,0.0050784747275833325,6,0.3999999999999999,0.05697464803665465,0.3798511306465828,0.7889614179475065,1.0100000000009577,0.3068698452390016,0.0049203702376146245,1.3,fsl
KSSL_184702,KSSL_29929.0,silt loam,0.02767679118711701,1.8253353831307646,0.10796051842774847,0.4316872633033106,2.2,77.8,20.0,,4.5,38.070278,-87.435555,0.009545764559330172,6,0.46037735849056594,0.11745980886891007,0.4380785555719104,0.014578129033981745,1.3050634599560194,0.9799999999999999,0.007485077315517136,1.4,sil
KSSL_107804,KSSL_17216.0,loamy sand,0.39431595196779184,1.5930367672122574,0.03026000099992812,0.309707045256698,83.5,12.2,4.3,,127.5,45.46833,-88.586716,0.019038554770519505,6,0.3245283018867925,0.030260000999999998,0.3083023308968321,0.4228280575638743,10.999959932287439,0.05406673180818082,0.017969888263089626,0.09,ls
KSSL_181495,KSSL_29388.0,loam,0.04135879515707863,1.70128505119456,0.08051492444048498,0.4496559766362909,44.1,45.5,10.4,,11.5,63.352444,-142.98331,0.008796654003037318,6,0.46037735849056594,0.09702994060367504,0.4564311046143921,0.018940562955934114,1.213405681597758,0.9799999614624997,0.007187047821414349,0.9,l
KSSL_15747835,KSSL_40633.0,silt loam,0.024454049161657887,2.0840837944065553,0.15621000099999996,0.41634327828491363,20.5,53.8,25.7,,20.5,38.36647,-112.64291,0.013820077590465437,6,0.44528301886792454,0.15621000099999957,0.4096496797328613,0.03690236010765074,10.999999990327943,0.07700786755233328,0.011551323649099665,1.4,sil
KSSL_184670,KSSL_29925.0,silt loam,0.025284334987212238,1.1827153721932424,6.611120869480955e-24,0.4056926745827225,4.9,68.4,26.7,,114.5,38.564724,-87.008614,0.007774770003014706,6,0.3433962264150944,4.063682446933365e-18,0.4075309673209936,0.01987626394923195,1.01,0.19631219473900255,0.006600058544819746,0.2,sil
KSSL_149354,KSSL_23389.0,loam,0.46593770279322694,1.1843370741499226,2.63374307036884e-21,0.506960959700823,28.7,47.3,24.0,,3.0,,,0.009602585328558913,6,0.5358490566037736,6.656165172391247e-21,0.5065412448606206,0.3931026431412338,1.01,0.18934942529652313,0.008690825718550118,4.26,l
KSSL_196478,KSSL_32034.0,sandy loam,0.23036919254187513,1.4608549103638324,0.04735622921108578,0.553211367964892,50.3,45.4,4.3,,19.0,48.861668,-118.3975,0.024032291377530615,6,0.5849056603773584,0.07609690791898188,0.5501805816541192,0.08656624678126448,1.01,0.7584045246256919,0.021861563411222973,2.1,sl
KSSL_115966,KSSL_18458.0,sandy loam,0.4181394181392091,1.5231142650964906,0.05950650244279561,0.4490273731417965,71.5,23.0,5.5,,29.5,45.552498,-89.8601,0.016247579099046863,6,0.4716981132075472,0.060224039311637154,0.4481133051207934,0.475524672391373,10.964728444823372,0.04657111831402662,0.015278786153191306,0.85,sl
KSSL_15747829,KSSL_40631.0,sandy clay loam,0.2693804182766792,1.3098901815215627,0.052350533323293126,0.47892927259438384,59.9,18.9,21.2,,88.0,41.661983,-115.32397,0.01816512665187669,6,0.5056603773584905,0.08648927629327875,0.4774380214141014,0.13751626673821205,1.010000000000014,0.44544914790179413,0.017380671557437093,0.7,scl
KSSL_110042,KSSL_17569.0,sandy loam,0.09084376563205748,1.3985009217475197,0.04523382436037073,0.3022134303223594,62.0,27.9,10.1,,240.5,45.578606,-91.629051,0.00828009648850321,6,0.27924528301886786,0.07163675458911416,0.30258120925189264,0.030173967603544596,1.01,0.7747506833595511,0.007855339750800019,0.05,fsl
KSSL_207913,KSSL_34311.0,silty clay loam,0.3621460320767753,1.1907425416762203,8.969739767371894e-22,0.5256470624611141,1.5,69.2,29.3,,10.0,41.733891,-94.966774,0.02407882171755091,6,0.5584905660377358,9.673801710966219e-17,0.5247127143078208,0.29149768005797744,1.0100000000000016,0.19783501955283345,0.023332439283689332,3.9,sicl
KSSL_197487,KSSL_32240.0,loam,0.022138535106834247,2.3724273656925403,0.2316482990390163,0.5650480334314597,33.5,46.2,20.3,,9.0,39.171566,-120.1548,0.012449937224233688,6,0.6075471698113207,0.23364000099997456,0.5686430100815032,0.015664687077032877,1.8404616998185919,0.9799999999999961,0.012098590962532692,8.4,l
KSSL_15812450,KSSL_50360.0,silty clay loam,0.09483958333014131,1.8071909517974691,0.2418528125835274,0.6830238374238086,7.9,57.7,34.4,,138.0,37.590195,-102.61552,0.015225786529481386,6,0.42641509433962266,0.19107852471540515,0.6747945492265272,0.1762082253401473,6.022967984197339,0.07620093482909839,0.009831265485251046,0.1,sicl
KSSL_193759,KSSL_31571.0,loam,0.0033068169469994825,1.2548949047261595,2.5718241567958743e-20,0.2785599979091013,42.9,33.7,23.4,,27.0,40.720554,-77.934166,0.012475300551175053,6,0.3169811320754716,3.238119788806426e-08,0.2795446541269652,0.0016015047935974817,1.01,0.35699319721986006,0.01218831696798041,0.2,l
KSSL_15747842,KSSL_40634.0,loam,0.23164219380883033,1.2952107641966826,0.019877965490620618,0.48192181989230526,48.5,31.2,20.3,,31.5,41.88728,-111.57061,0.021855215611141073,6,0.5094339622641508,0.06640085583614184,0.47991746471744634,0.11008232861428563,1.0100000000000002,0.45388166430094007,0.021047081961439448,1.2,l
KSSL_192659,KSSL_31338.0,silty clay loam,0.007110297204486931,1.2402285761757892,1.139175445196261e-14,0.41444401347836923,12.5,49.5,38.0,,108.0,39.700474,-96.162941,0.016794769347446226,6,0.3433962264150944,3.006303832088963e-18,0.41665220881248916,0.004611215423041185,1.01,0.28211877428452653,0.01600533505466046,0.4,sicl
KSSL_198087,KSSL_32379.0,loam,0.8152812920698946,1.2105727868788632,5.585907380481497e-13,0.5152554296773659,36.1,48.8,15.1,,5.0,41.358898,-111.4875,0.019231859627681674,6,0.5433962264150943,6.443265587021978e-10,0.5149539050657674,0.7083896944288339,1.0100000000005676,0.2145587131150743,0.01890548020470177,2.9,l
KSSL_153000,KSSL_24010.0,loam,0.021514387289004323,2.215796149907944,0.13625681580315507,0.43128292827157655,28.2,45.1,26.7,,7.5,,,0.01260813564323371,6,0.45660377358490567,0.13857386849051812,0.4344000750049776,0.015892476351399648,1.7629274355598827,0.8668014921960449,0.012559193623962628,0.9,l
KSSL_206250,KSSL_34026.0,clay,0.005397269698616999,1.170669915324253,1.1596247482851067e-21,0.3888928176042107,27.0,31.2,41.8,,74.0,40.695972,-96.855225,0.013436626964727161,6,0.2264150943396227,7.228400346478782e-14,0.3900092188137479,0.003854310907341716,1.01,0.19410492716595518,0.013213506107182194,0.5,c
KSSL_192626,KSSL_31334.0,silt loam,0.02283708678461302,3.4429037224373293,0.04428000099999965,0.32586582799241215,24.6,71.3,4.1,,7.5,34.25,-92.01667,0.014500713247865685,6,0.3735849056603773,0.04428000099999999,0.32496289825049585,0.03346482860482674,10.999999966153453,0.15686043354728924,0.014335463667591518,0.6,sil
KSSL_190714,KSSL_31010.0,silt loam,0.0046999545432906496,10.999999999999307,0.17783064133177895,0.34770580331831014,10.6,66.4,23.0,,2.5,,,0.014002685966789444,6,0.3849056603773584,0.1778390384193425,0.34770573160262336,0.004661309547969302,10.999999999999998,0.9799999999999376,0.014002627502599018,3.0,sil
KSSL_192630,KSSL_31334.0,sandy loam,0.029571168081607518,2.54485956326275,0.041280000999811176,0.2971171274783499,52.4,42.3,5.3,,97.5,34.25,-92.01667,0.016016787653048502,6,0.3433962264150944,0.03752059444840951,0.3074426385422088,0.02335414094202981,1.6044459056024112,0.9799999999999999,0.014761902161303523,0.1,vfsl
KSSL_15769496,KSSL_43797.0,silt loam,2.17610496117011,1.19787773236111,5.623666413256587e-24,0.6951682497333028,20.9,60.2,18.9,,6.0,45.301857,-123.3787,0.025027076809949363,6,0.7320754716981133,3.768850067313373e-23,0.6949903368952106,2.024072350763438,1.0100000000000084,0.1984026403135349,0.02486721638502286,7.1,sil
KSSL_207911,KSSL_34310.0,silty clay loam,0.06828790660822058,1.1491449241208547,4.673660684194339e-23,0.4551439346732826,6.3,63.5,30.2,,195.0,41.27689,-94.448914,0.011932591772484239,6,0.3509433962264151,6.777250702901746e-29,0.4549856508576867,0.05099794430695112,1.01,0.15976914935446423,0.011257968798096988,0.1,sicl
KSSL_193770,KSSL_31573.0,silty clay,0.02551304582069987,1.8365233465860484,0.2234063522361355,0.5021463365775088,6.8,44.3,48.9,,50.5,41.070557,-77.489998,0.011441491682088264,6,0.4226415094339623,0.22477181607839272,0.5033993476545275,0.02326904278322892,1.689284381166686,0.526577715606875,0.011436809532809233,0.6,sic
KSSL_183275,KSSL_29692.0,silty clay loam,0.19862605191749863,1.1771989400418024,4.824390884214202e-13,0.44801391622239856,2.7,66.9,30.4,,51.0,43.733334,-96.616669,0.00829461395880852,6,0.47547169811320744,1.630276704811186e-18,0.4480394502106155,0.15913694020939312,1.01,0.18543469853822175,0.007263842667450505,0.8,sicl
KSSL_190702,KSSL_31008.0,silt loam,0.08723190345929674,1.3308719391820039,0.009839053361149963,0.5236383613730605,10.8,67.1,22.1,,2.5,,,0.010482474689662803,6,0.4830188679245283,8.278201674433729e-22,0.5163117760393819,0.13249642711883697,2.4924497866189523,0.11074470708719969,0.007983822095448637,1.4,sil
KSSL_195214,KSSL_31846.0,loamy sand,0.5527132251444892,1.2732321648055493,5.524170835672328e-11,0.3394527874266754,79.9,13.8,6.3,,56.5,32.514439,-106.80028,0.019635191239524667,6,0.3584905660377359,0.006719937804516392,0.3389036166263903,0.40444460551614675,1.0100000000001406,0.30380953685582673,0.019303239968855763,0.1,lcos
KSSL_197491,KSSL_32241.0,sandy loam,1.4207410294704181,1.146570008432045,3.54135128039963e-17,0.45484607401131794,59.1,26.3,14.6,,11.0,39.135368,-120.21872,0.010554624159376505,6,0.4792452830188678,3.8412241862255417e-19,0.4546753276762439,1.3203475009622556,1.0100000000000007,0.14699338516497612,0.010378699415954207,2.0,fsl
KSSL_197696,KSSL_32317.0,silty clay loam,0.04341135859522711,1.1854790495341279,0.04047383694038069,0.4701602515497964,3.4,58.7,37.9,,87.5,,,0.004091108683658494,6,0.3358490566037735,0.16819303779869668,0.4704863355799696,0.019218449920575056,1.010000000000037,0.42298160996923817,0.003297476888900255,0.6,sicl
KSSL_211746,KSSL_35015.0,loamy sand,0.16366424583716324,1.6239236071641874,0.07689345124948953,0.3810878409146875,84.1,5.1,10.8,,76.5,41.472214,-101.67149,0.005862569090382218,6,0.3999999999999999,0.06519201666181561,0.3800026860321894,0.2656941590801644,10.99999999904071,0.04268326398382858,0.004834290684699275,0.1,lfs
KSSL_206373,KSSL_34043.0,silty clay loam,0.10689432179125397,1.3360407875491225,0.20600086464210313,0.4359084315491333,15.3,48.1,36.6,,7.0,28.66264,-97.552223,0.004181507808356497,6,0.39245283018867916,0.18284325637728438,0.4353354568429991,0.15513026591782003,1.7435945021398727,0.1446953907706583,0.004062031641836441,3.2,sicl
KSSL_181374,KSSL_29369.0,silty clay loam,0.022776567906791174,1.8041423103417809,0.18017828743593753,0.42885141220150486,0.5,66.9,32.6,,38.5,34.236195,-89.898529,0.006867203270492183,6,0.3886792452830189,0.18888390607269137,0.4328148457976185,0.011991404924912229,1.3176750477489962,0.9639351246525738,0.006667681171061843,0.3,sicl
KSSL_195227,KSSL_31848.0,sandy loam,1.3829997918440298,1.3128772593329012,0.033851927605500695,0.3512737235514071,80.8,6.5,12.7,,83.0,32.610268,-106.79639,0.007985288831800127,6,0.369811320754717,0.037495722538762384,0.3512222473321032,1.1256928100779715,1.010000000000273,0.332921348533981,0.007899423499676449,0.2,fsl
KSSL_193748,KSSL_31569.0,silt loam,0.014932615683836505,1.6505132613007536,0.05633687389681652,0.4275276377730958,8.2,76.3,15.5,,16.5,40.911388,-77.696114,0.006481182996680882,6,0.43018867924528303,0.08828606372864724,0.4306954262138877,0.006925033239853024,1.2813533600781508,0.9799999999999999,0.005765955861576749,1.7,sil
KSSL_206387,KSSL_34044.0,sandy clay loam,0.2591382325517159,1.0972638922803895,0.05448876609709218,0.4000937214468142,50.9,17.0,32.1,,167.0,28.647194,-97.61953,0.008246816354375512,6,0.3396226415094339,0.03421436338950439,0.39816863804910146,0.3483877332732422,4.221333764400096,0.020000000000000004,0.0074588867931566685,0.1,scl
KSSL_107832,KSSL_17220.0,silt loam,0.037217795897078326,1.7575477216863504,0.03677813403356694,0.3907990033338756,24.8,67.5,7.7,,28.0,45.466942,-88.585884,0.008357529986986615,6,0.37735849056603776,0.04966164074072547,0.3974431767680827,0.01813696054362872,1.2582813323457676,0.9799999999999999,0.005519486696083527,0.29,sil
KSSL_15950665,KSSL_75745.0,silty clay loam,0.20138230643239954,1.1242942980328607,7.935591363723955e-22,0.39024686400182645,16.1,51.1,32.8,,36.5,44.5256,-99.460098,0.016151584320176424,6,0.41509433962264153,2.8788487514366156e-25,0.38920003179879836,0.16292990115301004,1.01,0.12880680225344165,0.015802453812783907,1.6,sicl
KSSL_197483,KSSL_32238.0,sandy loam,1.1664138606053396,1.1958188508327918,1.2883755256898247e-12,0.32249927880696877,76.4,16.6,7.0,,111.5,38.849998,-119.93333,0.005887618450557763,6,0.3396226415094339,5.201644497573525e-12,0.322453055325628,1.0639348336126568,1.0100000312146578,0.19719049124918472,0.0057778939154873405,0.3,cosl
KSSL_192657,KSSL_31338.0,silty clay,0.003739540182157144,1.284091046692133,1.4041390898087645e-21,0.4024789020430023,3.9,55.9,40.2,,49.5,39.700474,-96.162941,0.013792624091862781,6,0.3433962264150944,0.00034835906051336723,0.40412727008513866,0.0017447467961244688,1.01,0.4011489268933087,0.013428540117459684,0.5,sic
KSSL_149351,KSSL_23387.0,loam,0.11799152464898724,1.4012595729321216,0.09486834940913608,0.4497777002794276,34.5,42.2,23.3,,11.0,,,0.011461790156996459,6,0.4792452830188678,0.13606601831515677,0.4472860894835344,0.03059084664208622,1.01,0.9228542107713935,0.008278806880026607,1.6199999999999999,l
KSSL_110054,KSSL_17571.0,sandy loam,0.3290354794272374,1.4222768488454554,0.006934660386753656,0.37007978622531296,70.5,25.1,4.4,,97.5,45.57777,-91.628494,0.011719132354319423,6,0.3886792452830189,0.0017779029237708923,0.3692455043762375,0.427319698847088,10.99992422749039,0.03452325867384661,0.010855830616009797,0.19,sl
KSSL_105907,KSSL_16910.0,loamy sand,0.03842490872104686,2.15988031844514,0.07506469079690431,0.3411443934803093,83.9,3.5,12.6,,6.5,34.440647,-103.58688,0.01801151848432012,6,0.3660377358490565,0.0768083890278452,0.3511980922854505,0.026697791380147592,1.473625532839385,0.9799999999999999,0.016105605544626162,0.25,lfs
KSSL_197499,KSSL_32242.0,silty clay loam,0.018127006522338247,1.227682974978111,3.0813585810952114e-22,0.43746904619263455,5.5,66.3,28.2,,67.5,34.283333,-91.349998,0.014620298066294302,6,0.3433962264150944,1.331234715884403e-16,0.440588855990597,0.013690855909859509,1.01,0.24873591709634402,0.013668783631159705,0.3,sicl
KSSL_164090,KSSL_25820.0,sandy loam,0.12049702774037038,1.5148030957978453,0.08474516845939613,0.3847361905106097,53.8,28.1,18.1,,78.0,46.306026,-105.97742,0.008704323709016198,6,0.3999999999999999,0.058402658985697686,0.38012236944001404,0.21743902211384883,10.999999999996582,0.03127651342520773,0.0037034837749296704,,fsl
KSSL_153933,KSSL_24183.0,silt loam,0.03596572449111307,1.2373338167406847,7.138368326931423e-17,0.40987668244975994,13.0,64.2,22.8,,25.5,45.210274,-123.11528,0.0077396363397960475,6,0.44528301886792454,6.422289875880818e-21,0.4137256694784489,0.02837834043238511,1.01,0.25468007099350026,0.006189346753423407,1.6,sil
KSSL_184697,KSSL_29928.0,silt loam,0.020237344326890633,1.1937472004881804,9.824363788228084e-21,0.37992446403238284,9.2,65.3,25.5,,84.0,38.232777,-87.3125,0.014447468480387535,6,0.290566037735849,0.16634149979982032,0.3796432445993198,0.004491609668780718,1.01,0.9799999999999199,0.013888856874723802,0.1,sil
KSSL_195236,KSSL_31849.0,sandy loam,0.06373938165199536,1.5613813863358112,0.09119386249787008,0.39377309700454216,72.7,15.2,12.1,,82.5,32.588604,-106.84361,0.012403639438086351,6,0.42641509433962266,0.110870842841381,0.3993035949955865,0.023538725204291115,1.0755987555308293,0.9799999999999713,0.00971236119465352,0.2,sl
KSSL_15747849,KSSL_40635.0,loam,0.23367565926887518,1.3540347406839044,0.03717324961914467,0.5370745903329522,33.3,49.7,17.0,,48.5,,,0.008448301628978291,6,0.5660377358490567,0.06204845491099923,0.5367659650194103,0.13577123217646506,1.01,0.4593793212816747,0.007550106605662209,2.3,l
KSSL_186808,KSSL_30329.0,sandy loam,0.1582936197718173,1.2634439650641034,3.1683414854748966e-26,0.30641464308394006,62.8,30.2,7.0,,54.5,41.800007,-81.066673,0.009458028987002286,6,0.32830188679245276,3.8570831014950796e-33,0.30601706499524906,0.10420924241311487,1.01,0.29419681726733554,0.007738104330169733,0.1,fsl
KSSL_15950542,KSSL_75724.0,loamy sand,0.27746786065487916,1.2542760083943043,2.757191504986254e-19,0.3999773767807004,86.8,8.7,4.5,,82.0,43.200199,-100.7208,0.017130879925510656,6,0.4226415094339623,5.6345431167740205e-14,0.399616670709228,0.218784660514086,1.01,0.2661220284412053,0.016638497143767184,0.2,lfs
KSSL_195205,KSSL_31845.0,clay loam,0.4014522315789074,1.0984965032196317,3.727358558225198e-20,0.3855251730053846,34.1,30.4,35.5,,7.0,32.66777,-106.77194,0.012921757025962604,6,0.4075471698113208,8.060476727410946e-16,0.38518388696144257,0.35863883457089174,1.01,0.09971823669907481,0.012781655797696762,0.8,cl
KSSL_190696,KSSL_31008.0,silty clay loam,0.08939668489198767,1.5863408437051771,0.14538483323783077,0.5561179003480425,10.8,58.0,31.2,,2.5,,,0.010381396329004599,6,0.4339622641509434,0.10678224975136592,0.5482447928381787,0.16296381426104656,4.360830387331278,0.08578320237656246,0.0047163853078904,1.4,sicl
KSSL_192639,KSSL_31335.0,silt loam,0.027739695797544168,1.7902709748626697,0.14922809205943885,0.4502488913159845,2.8,76.0,21.2,,125.5,34.783333,-90.816666,0.006810228793752144,6,0.42641509433962266,0.159631309080534,0.45566716423567827,0.014105072010521188,1.2883628217221441,0.9799999999999999,0.005593629372833978,0.1,sil
KSSL_181184,KSSL_29349.0,loamy sand,0.02269598345595615,4.660132045208753,0.054250000999999486,0.33628813994616985,84.7,8.5,6.8,,24.0,32.596363,-106.76321,0.01732608214078523,6,0.39245283018867916,0.054250001,0.33642390665365424,0.020696233833962307,4.151929539064925,0.9799999999999571,0.017305950796218085,0.3,lfs
KSSL_15950566,KSSL_75728.0,clay loam,0.4417665390552997,1.1265992128403206,9.728038334547043e-09,0.4124520440782083,31.1,35.6,33.3,,35.0,43.732101,-98.693802,0.0074226808756855285,6,0.4339622641509434,5e-324,0.4122641627159924,0.5190364129927705,5.685317872288096,0.02157500275976497,0.007333302421708886,1.4,cl
KSSL_15950649,KSSL_75742.0,clay loam,0.1555502952084486,1.200197714492867,6.23779420242167e-20,0.4453600083609335,25.1,46.9,28.0,,98.0,45.029202,-99.113403,0.008514271872282646,6,0.4716981132075472,3.530586184548184e-19,0.44533430992557804,0.1244236000539368,1.01,0.20941338870393675,0.007531059148817469,0.5,cl
KSSL_107787,KSSL_17214.0,sandy loam,0.09402962801417927,1.384148234467133,0.04213522310228353,0.2493807001360814,74.0,18.1,7.9,,197.5,45.521385,-88.485046,0.013889076647845685,6,0.241509433962264,0.022107309280850057,0.24067419464877227,0.1417336430221996,6.007841839206394,0.045517536631183055,0.012222253214007255,0.05,sl
KSSL_192662,KSSL_31339.0,silt loam,0.051505786583110495,1.415938093755249,0.07191926531365997,0.4253665910578634,5.8,71.8,22.4,,9.0,39.786335,-99.329529,0.01571730794766809,6,0.4679245283018868,0.11936004865367333,0.4297967687950068,0.015053722658185423,1.0100000000000404,0.9799999999999323,0.012679049811231528,1.9,sil
KSSL_190685,KSSL_31006.0,silt loam,0.14969861308208945,1.279651041305789,0.05386275572247223,0.5625074083646165,11.3,62.4,26.3,,7.5,,,0.019552921493367917,6,0.39622641509433953,3.7455598050238016e-10,0.5541040699510354,0.2393898767234687,10.233369629237673,0.02000001821833072,0.014475325008151676,1.4,sil
KSSL_15950588,KSSL_75732.0,clay loam,0.0015101710678206948,1.3830372743425259,1.1615975738889638e-18,0.2833526711259018,33.9,37.4,28.7,,84.0,44.073002,96.530197,0.026493873167001417,6,0.3169811320754716,8.343880500267625e-07,0.2855548478040182,0.00038722757644592146,1.01,0.877512612096589,0.026195707972033383,0.5,cl
KSSL_153957,KSSL_24188.0,loam,0.4542719430527901,1.0446782843995714,9.771691505103142e-15,0.3759458990262199,47.2,37.1,15.7,,36.0,41.581257,-119.73465,0.0041989275321248675,6,0.39622641509433953,2.6336976025025673e-13,0.37591973016484953,0.4388765859473192,1.0100000000000455,0.044519517813057276,0.004176007045004307,0.3,l
KSSL_15950505,KSSL_75718.0,silt loam,0.16282097691130046,1.174291536283557,8.799478876770382e-17,0.4249777767119009,25.7,51.6,22.7,,119.0,43.504799,-96.762001,0.013246635580624186,6,0.4528301886792453,6.648564753160376e-22,0.42405478283076925,0.12621300468202135,1.01,0.18345404277698688,0.01232591965109178,1.0,sil
KSSL_15747834,KSSL_40633.0,silty clay loam,0.05587232073242149,1.5422900564084134,0.11112087308615429,0.45622658614692724,17.9,54.6,27.5,,4.5,38.36647,-112.64291,0.016685838535313857,6,0.49056603773584906,0.13794514646336312,0.4611305274539613,0.02042906132105503,1.0540639899460484,0.979999999999989,0.015117630609813115,1.7,sicl
KSSL_184703,KSSL_29929.0,silt loam,0.02954082728238596,1.59195572657251,0.11729154779708303,0.42256291493990933,3.4,74.3,22.3,,18.5,38.070278,-87.435555,0.009859134765831036,6,0.38113207547169814,0.13878340140605686,0.4283457064273987,0.012055000642139966,1.1229043518556,0.9799999999999999,0.007555013046160711,0.2,sil
KSSL_193762,KSSL_31571.0,silty clay,0.0007611715033847501,1.6177343750594573,5.860642137876185e-17,0.35427275945206305,14.4,40.4,45.2,,91.0,40.720554,-77.934166,0.015906208209478124,6,0.37735849056603776,0.2603999494929725,0.35425224912102593,0.004067812320786718,10.999999999999998,0.9767695419210592,0.015764438621845282,0.2,sic
KSSL_198135,KSSL_32397.0,loam,0.08877431704549295,1.2287943919220357,9.312121959279279e-27,0.34725349844885794,40.2,48.7,11.1,,52.0,46.804974,-116.85367,0.01074450170581099,6,0.37735849056603776,3.9884131421463666e-20,0.34936639936346103,0.06710140094021708,1.01,0.2475236934089118,0.009378165384353595,0.3,l
KSSL_197697,KSSL_32317.0,silty clay loam,0.0717527924683883,1.3856133166556797,0.1596958418868941,0.4948827491288795,1.8,67.3,30.9,,105.5,,,0.0010052556181742503,6,0.44150943396226416,0.16206258420208988,0.49501581364241903,0.06902697279595461,1.3591148661321917,0.2917342452533824,0.0009946828699215753,0.4,sicl
KSSL_181367,KSSL_29368.0,silt loam,0.023297446399284043,1.7681021324034094,0.12533457385216312,0.4371262941939783,1.5,76.4,22.1,,48.0,34.255165,-89.873558,0.011269382693835076,6,0.4377358490566038,0.10087817038742301,0.4304114145805185,0.03993422457415801,10.999999911687235,0.0444240470281213,0.010247532934598487,0.2,sil
KSSL_15950626,KSSL_75738.0,sandy loam,0.08161363454567985,1.248490909533212,3.924167104965348e-14,0.4215989252247533,64.6,15.9,19.5,,175.0,45.796299,-100.7805,0.02123275464690121,6,0.4490566037735849,0.0023375064820825684,0.42259504185355273,0.05878721403674357,1.01,0.27316772371328873,0.02062687966273773,0.3,fsl
KSSL_15769441,KSSL_43791.0,clay,0.17060545788132442,1.7426207930151896,0.3628800009999999,0.5361404972331938,10.5,27.7,61.8,,14.0,45.303555,-123.37746,0.010630679092952802,6,0.49433962264150944,0.3628800009999999,0.5334022893447039,0.2323953178944859,10.999999999998737,0.0605154213205745,0.008266940834661106,2.6,c
KSSL_15950503,KSSL_75718.0,sandy loam,2.1379572199238455,1.2879021461371056,0.06760230963291344,0.43377081767934056,55.0,30.5,14.5,,52.0,43.504799,-96.762001,0.01559560530894967,6,0.45660377358490567,0.06888483522230536,0.4337707161004117,1.9747194992822894,1.044826011787205,0.28198297755302676,0.015594966424340153,0.7,fsl
KSSL_118549,KSSL_18823.0,clay loam,0.035189333236272526,1.4778749701158773,0.14369106061486014,0.4344510841747111,44.7,25.9,29.4,,93.0,35.878139,-76.658012,0.008224136214454201,6,0.34716981132075475,0.17330215476001157,0.4395844692294512,0.012469818753076841,1.031935131680432,0.9384151134780456,0.00763281165286063,0.26,cl
KSSL_15769480,KSSL_43795.0,silty clay loam,0.6181133228980675,1.2265506426743469,0.10002359169071842,0.6159526599567224,9.9,56.0,34.1,,39.0,45.289513,-123.35818,0.018133174991139395,6,0.6490566037735849,0.12463793953063797,0.6154773775097486,0.4511697517089774,1.0100000000000218,0.2641327759770861,0.017832995897801865,3.5,sicl
KSSL_211758,KSSL_35017.0,clay loam,12.36219490961995,1.071862801616221,3.612295887161705e-21,0.5519848397509415,36.5,30.4,33.1,,9.5,41.704082,-101.43115,0.011759681312778181,6,0.5811320754716982,4.971628998152305e-16,0.5519585395301703,12.221027466077533,1.010000005866142,0.07125485362631417,0.011745204889128375,4.4,cl
KSSL_15747827,KSSL_40631.0,sandy clay loam,4.78892976820827,1.1360472746241081,1.339503196743871e-19,0.5161774791268349,46.5,27.9,25.6,,25.5,41.661983,-115.32397,0.010132725647930238,6,0.5433962264150943,1.1429711763055323e-12,0.5161532418051039,4.685354113294922,1.0100002247800621,0.13511026746815297,0.010104474825640433,2.0,scl
KSSL_15747885,KSSL_40642.0,clay loam,0.25730652586315306,1.192603070023117,1.3596781318840392e-23,0.49147957577023826,32.4,40.1,27.5,,25.0,41.343555,-111.18786,0.01765177723676408,6,0.5207547169811321,7.06328384050617e-23,0.4910742234051369,0.2117528583862555,1.01,0.19931036190564427,0.01704103719294014,1.5,cl
KSSL_195232,KSSL_31849.0,loamy sand,1.3545901250128436,1.2927395137236826,6.739576463506451e-18,0.3510111125815875,84.6,8.6,6.8,,5.0,32.588604,-106.84361,0.020123339373417752,6,0.369811320754717,5.370283390977248e-18,0.3507879781835743,1.1606052078234168,1.0100000000000062,0.2993839786164095,0.019945575930823595,0.3,ls
KSSL_152998,KSSL_24010.0,clay loam,0.021866449861742084,2.295955393680156,0.1327181446645791,0.4158700184221081,27.4,45.5,27.1,,7.5,,,0.01595082406849486,6,0.4679245283018868,0.1334669028834179,0.4209346120544221,0.015264531213588397,1.6737422694742152,0.9799999999999999,0.0155710223798114,0.9,cl
KSSL_184642,KSSL_29922.0,clay loam,0.0017803694361100426,1.4825691978761881,6.14453778496914e-14,0.3950526079082784,23.5,45.1,31.4,,191.5,39.042778,-87.054443,0.018266710578448295,6,0.3094339622641509,5.252109848351994e-18,0.3967138951356493,0.0005119832735904747,1.124912189346956,0.9799999999999999,0.01812261750223962,0.5,cl
KSSL_181120,KSSL_29344.0,sandy loam,0.022943564164651757,2.918461635182225,0.13600000099999995,0.4581448816601231,61.4,22.2,16.4,,147.5,32.548763,-106.76363,0.018788816261223442,6,0.4528301886792453,0.13600000099999995,0.4556289556993889,0.034760835869323214,10.99999999997601,0.12371043041495423,0.01823251392289454,0.2,fsl
KSSL_195260,KSSL_31854.0,clay,0.5439921474531692,1.0887231656091203,2.0108760691164103e-21,0.49265758719308006,1.7,26.7,71.6,,4.0,32.540001,-106.86139,0.01511196777473594,6,0.5207547169811321,2.0022684814410402e-17,0.49226860041303266,0.49557355541394477,1.01,0.08938414574987844,0.014955303045826162,2.1,c
KSSL_190736,KSSL_31012.0,silty clay loam,0.020782157827112097,1.4384235928977116,0.18734777129225222,0.39063612099623424,17.0,44.1,38.9,,2.5,,,0.005744192035776883,6,0.37735849056603776,0.2163665695779048,0.39407781861621444,0.006929762818030358,1.010000064265545,0.9799999999068579,0.004810508160236369,3.4,sicl
KSSL_15812448,KSSL_50360.0,silty clay loam,0.11988029775959046,1.7197608223120926,0.24600549765612434,0.654590835588309,4.9,62.1,33.0,,59.0,37.590195,-102.61552,0.0214838498810557,6,0.42641509433962266,0.21456148480855966,0.646035689952929,0.2043188282430015,10.99999999999961,0.04309828450004234,0.01493528010272445,0.2,sicl
KSSL_186816,KSSL_30330.0,silty clay loam,0.026013939110583157,1.9300523403160361,0.19233150291555728,0.43094451176741577,5.7,57.1,37.2,,38.0,35.139362,-86.191109,0.009981123495833584,6,0.4377358490566038,0.19666179551924828,0.43622143211566283,0.01498333687916823,1.360504570387739,0.979999999813723,0.009773209752272609,0.4,sicl
KSSL_190692,KSSL_31007.0,loam,0.0815897933829649,1.4864405255927122,0.11648543224290997,0.49420865490607563,33.6,44.8,21.6,,38.5,,,0.006259139288156546,6,0.3584905660377359,0.06946333183280795,0.4891341038696571,0.14860292365886354,3.0739973756477195,0.09960490221178156,0.002681567470259751,0.2,l
KSSL_15747894,KSSL_40644.0,silty clay loam,0.026863365322378017,1.5191431104144613,0.04059356646454128,0.6822667742916786,7.7,62.5,29.8,,39.0,40.424221,-112.39259,0.020146026176277698,6,0.7396226415094339,0.08748038094126459,0.6915933834439023,0.013981025632455586,1.1263913850846865,0.7222915919831956,0.019482722336645563,1.1,sicl
KSSL_15742059,KSSL_39573.0,loamy sand,0.03612130775577909,2.3803943703723425,0.07950000099999999,0.3839510414981744,76.8,21.6,1.6,,41.5,48.859165,-121.43889,0.011229755196055333,6,0.41509433962264153,0.07950000099999999,0.38951132156530044,0.02598495963729523,1.771611462467521,0.9799999999931058,0.010624495912005403,1.4,ls
KSSL_190707,KSSL_31009.0,clay,0.04729930904955288,1.1126062508703445,8.93280079815469e-19,0.45902395923131606,6.3,30.7,63.0,,33.0,,,0.0040970600789189205,6,0.37735849056603776,2.0336692005506988e-14,0.4601286708727535,0.042638328687913,1.01,0.11517462093380691,0.0035485543939938625,0.7,c
KSSL_15887536,KSSL_65342.0,silt loam,3.8808078278040887,1.199679530052938,0.03361473853717128,0.6380805094272448,19.6,58.6,21.8,,1.5,,,0.01775173738965842,6,0.6716981132075472,0.038877672353446545,0.6380536530200289,3.5267279561118086,1.0100000000000002,0.20445249303708615,0.01772510552395898,8.7,sil
KSSL_181119,KSSL_29344.0,sandy loam,0.019974287552621883,2.3540421827037354,0.15478000099999992,0.4137581171473171,63.9,21.5,14.6,,100.0,32.548763,-106.76363,0.01310345001545598,6,0.4377358490566038,0.1499180745145923,0.41018050212241197,0.03415780365260315,10.99999999983494,0.07860018801351666,0.010848819916123697,0.4,fsl
KSSL_198130,KSSL_32396.0,sandy loam,0.4709605277928699,1.3176157305488594,0.02089363259047814,0.4682017646452119,72.8,23.5,3.7,,37.0,46.566029,-115.90884,0.02220971180844427,6,0.49433962264150944,0.04491337802384781,0.46691427033701793,0.2735158602588217,1.01,0.41298986488534467,0.021479997785906618,0.8,cosl
KSSL_153004,KSSL_24010.0,loam,0.018296621578941817,2.6198457582935606,0.1322100009999989,0.41460777668039417,26.9,46.5,26.6,,7.5,,,0.011848146757139858,6,0.41132075471698104,0.12778230194445261,0.4117318831294566,0.03243530249127899,10.999999990223445,0.08706103411715801,0.009172103755634793,1.0,l
KSSL_15950663,KSSL_75745.0,silty clay loam,3.9442674222526066,1.1192448995261775,1.4362385242943018e-23,0.4910017341514714,18.8,53.7,27.5,,4.5,44.5256,-99.460098,0.015516727115607346,6,0.5169811320754717,1.704124432719133e-22,0.4909405419732499,3.8299156226306845,1.0100000000015703,0.11856315045818733,0.015479688013771673,3.7,sicl
KSSL_207918,KSSL_34311.0,silty clay loam,0.1978095368816779,1.1431706620299242,3.1208081613046527e-21,0.42669195849838026,1.2,68.9,29.9,,119.0,41.733891,-94.966774,0.007913741206487357,6,0.4528301886792453,8.14094792219717e-22,0.42694825277356413,0.16885313290283627,1.01,0.14694613240323431,0.007438191991964762,0.4,sicl
KSSL_181368,KSSL_29368.0,silt loam,0.022321107646431776,1.938318209673957,0.13388206805501798,0.4197104702311978,1.6,79.6,18.8,,62.0,34.255165,-89.873558,0.011808384013954168,6,0.4226415094339623,0.1173642343347787,0.41433325423241935,0.038164369094709556,10.999999990654736,0.05447070645849519,0.01027972706122956,0.1,sil
KSSL_192634,KSSL_31335.0,silt,0.019093964682912842,3.3191941849665074,0.07599000099999997,0.3945713426138257,1.8,87.4,10.8,,19.0,34.783333,-90.816666,0.011698273837752692,6,0.43018867924528303,0.07599000099999997,0.3931319985972445,0.03147934015006947,10.99999999998333,0.12703291033201666,0.009140741440744827,0.5,si
KSSL_190678,KSSL_31006.0,silty clay loam,0.1224050097891678,1.5486328074144582,0.20653110651335452,0.6405862223051477,11.6,54.7,33.7,,2.5,,,0.024447231955009904,6,0.369811320754717,0.17567663072867234,0.629929006508386,0.20518882644464928,10.999999998850647,0.034810395624517,0.01850603793827312,2.3,sicl
KSSL_190732,KSSL_31012.0,silt loam,0.03378396603244067,1.2236931943208027,8.431964909273366e-21,0.3986215281999332,17.3,59.2,23.5,,2.5,,,0.01194368665354763,6,0.44150943396226416,9.944175750877605e-24,0.4024343043692439,0.02763902411873504,1.01,0.23763656973259834,0.010659728728738315,2.4,sil
KSSL_107775,KSSL_17213.0,sandy loam,0.24259688921536066,1.2572815363656429,5.170096611694131e-18,0.30038214543045166,66.9,26.6,6.5,,93.5,45.521664,-88.48616,0.021570116320133496,6,0.31320754716981136,3.727028871554138e-34,0.2975641527013731,0.3184400388354307,10.997646100980091,0.02180691368029383,0.020527298869578686,0.06,fsl
KSSL_115942,KSSL_18455.0,sandy loam,0.030779710308737742,1.7675587579307568,0.08465173511974956,0.2699094730522442,61.9,25.5,12.6,,129.5,45.296387,-89.858154,0.00700787918907213,6,0.2867924528301887,0.08868550565098751,0.2726603527196017,0.021210602119755294,1.3874976501865062,0.7100908739287596,0.006883399296531712,0.03,sl
KSSL_195253,KSSL_31852.0,sandy loam,0.27185564834526893,1.4230574884678078,0.053001999042047415,0.3826981080769952,62.9,23.9,13.2,,101.0,32.514435,-106.79056,0.008524943504541829,6,0.4037735849056603,0.06814846231908409,0.3820471984798871,0.1321969263015094,1.01,0.5946735395098492,0.007318388883966661,0.1,cosl
KSSL_190705,KSSL_31009.0,silty clay loam,0.008680698912269729,1.2960746671265486,3.29861142941372e-18,0.3728382793171496,6.6,65.8,27.6,,2.5,,,0.008754701185650162,6,0.39622641509433953,7.622071264006359e-20,0.3756508006638134,0.00535854437033581,1.010000000000001,0.35165252529599067,0.0077046153602311545,2.0,sicl
KSSL_153910,KSSL_24178.0,silt loam,0.024314769523151664,1.7300569190572883,0.12274081803020619,0.4580576681489119,12.3,70.7,17.0,,7.5,45.210636,-123.11656,0.009076208579423194,6,0.47547169811320744,0.12706428599174566,0.4596228205083535,0.02094663230798258,1.564821764068009,0.5205241080089399,0.009053618067541304,2.6,sil
KSSL_195221,KSSL_31847.0,sandy loam,0.04091067880511872,1.8130710915822865,0.08772518781489363,0.3349350995401125,71.8,9.9,18.3,,152.5,32.618599,-106.78584,0.013362120282063019,6,0.3735849056603773,0.09252065976238655,0.345499405011536,0.02232749260253527,1.1717271488743042,0.9799999999999999,0.010869389107500294,0.2,fsl
KSSL_190716,KSSL_31010.0,silty clay loam,0.025017943149849342,1.7627065148666707,0.15827839803172275,0.43119190369556,6.9,58.6,34.5,,33.0,,,0.014289090470035843,6,0.4792452830188678,0.16330730384142467,0.4414543588059726,0.01265973366980112,1.1075504595504226,0.9799999999999999,0.013307515903497422,0.3,sicl
KSSL_164087,KSSL_25820.0,loam,0.18943730901914368,1.3873500557819352,0.137427374510946,0.3934259930102596,41.0,33.9,25.1,,16.5,46.306026,-105.97742,0.006136599439898191,6,0.41509433962264153,0.15471981419254105,0.39294009032760197,0.08410512774346408,1.01,0.5917034591030854,0.005155067516082397,0.7,l
KSSL_107828,KSSL_17219.0,loamy sand,1.3988564046545309,1.3171274990171113,2.069163708704714e-18,0.43690185681266375,86.4,7.3,6.3,,222.5,45.466942,-88.585884,0.029658408914134588,6,0.46037735849056594,8.978348140687092e-20,0.4364799404269539,1.1664903819059578,1.0100000000000002,0.32666082619209547,0.02937274641151653,0.06,lcos
KSSL_107852,KSSL_17222.0,loamy sand,0.24289867757876743,1.570444104361409,0.027789559081036166,0.264265058111915,81.7,15.4,2.9,,156.5,46.106384,-89.084793,0.016167258845008463,6,0.2754716981132076,0.030720000999997717,0.26172383970585567,0.29028177494464114,10.999999993215134,0.05175456285016962,0.014381667357513851,0.04,ls
KSSL_152990,KSSL_24010.0,loam,0.023873143285679032,1.9598718626808571,0.13504312909378996,0.3988293071393203,28.6,47.3,24.1,,7.5,,,0.013739248536718976,6,0.44528301886792454,0.13697406830574588,0.40713369383460923,0.014258761324615886,1.2959999020838815,0.9799999999999999,0.012767582431939449,1.0,l
KSSL_211761,KSSL_35017.0,loamy sand,0.590543945761921,1.2534398392008739,0.012126781964821474,0.3760579527350984,84.5,6.5,9.0,,75.5,41.704082,-101.43115,0.007519823436613813,6,0.39622641509433953,0.026214009468063623,0.3758686818960731,0.4314794959947184,1.01,0.2919478566440261,0.00723720165818902,0.0,lfs
KSSL_186831,KSSL_30332.0,clay,0.1395355086615863,1.086650833300482,1.3995056175880164e-26,0.4405867503197381,21.4,30.8,47.8,,86.5,35.064335,-86.591393,0.014373722449608679,6,0.4679245283018868,7.683896935595904e-23,0.4399488701725392,0.11685054620045351,1.01,0.08936076447022162,0.014178465531637409,0.1,c
KSSL_107842,KSSL_17221.0,loamy sand,0.7950564842133042,1.227668329224394,2.8279698215185917e-11,0.2082573882624801,80.0,14.7,5.3,,80.0,46.105553,-89.084793,0.009298254939789693,6,0.21886792452830195,5e-324,0.20792454328056906,0.873831315789512,7.966196354265987,0.028083293901822484,0.009112248959129493,0.04,ls
KSSL_152987,KSSL_24010.0,silt loam,0.5584502706812894,1.1899372175870788,7.364006137178899e-10,0.46172568099293665,25.5,50.0,24.5,,2.5,,,0.006675641926038305,6,0.4867924528301887,0.002792314610949754,0.46169984880206666,0.4809426932582004,1.01,0.19600690069271948,0.0063156672342855125,1.3,sil
KSSL_15950536,KSSL_75723.0,sandy loam,1.9226181507088476,1.2281087151947063,0.07589315187495857,0.3764507843421461,61.2,20.3,18.5,,136.5,44.858799,-98.530296,0.01267840553265075,6,0.39622641509433953,0.07634511796831717,0.37641510448035304,1.953502808996969,4.122422156519734,0.055397561455153885,0.012656716019564395,0.4,fsl
KSSL_110053,KSSL_17571.0,loamy sand,0.18155671957981076,1.5313086337808146,0.02453338116944235,0.26889657460285366,75.1,21.4,3.5,,63.5,45.57777,-91.628494,0.013743867454040451,6,0.27924528301886786,0.02258983766611634,0.2653879127967327,0.25296125636636035,10.999999999900107,0.042527296832842204,0.011129864240796308,0.13,ls
KSSL_197497,KSSL_32242.0,silt loam,0.0417288979415513,1.1914378955456888,7.228981903548162e-27,0.3904576978419992,5.7,68.4,25.9,,31.5,34.283333,-91.349998,0.011106693456143204,6,0.43018867924528303,3.012514249120543e-24,0.3931578042446002,0.03449902513220134,1.01,0.2024246764382162,0.0099266599017483,0.4,sil
KSSL_181370,KSSL_29368.0,silt loam,0.04157686315428178,1.423163940119962,0.09738080060266097,0.439443247370231,0.8,78.5,20.7,,104.0,34.255165,-89.873558,0.00879110970839343,6,0.4075471698113208,0.11969400827554463,0.44201127380618566,0.027424782510217852,1.1867203023098065,0.48485169494344904,0.008611252594615182,0.1,sil
KSSL_118567,KSSL_18825.0,sandy clay loam,0.06558485200339723,1.5255235823697146,0.11713044350228485,0.359698500304808,67.3,12.1,20.6,,196.5,,,0.0068544214213224364,6,0.3433962264150944,0.13489806570883128,0.36222574061480867,0.024473166476679357,1.0909764295214066,0.9082580910470573,0.006081680786658671,0.03,scl
KSSL_197694,KSSL_32317.0,silty clay loam,0.04106868874332671,1.1362580251714904,1.6913435342058061e-22,0.433010529222697,6.0,58.9,35.1,,33.0,,,0.007650885419560407,6,0.3433962264150944,1.673349655477505e-16,0.4341369865757117,0.034594705913778695,1.01,0.14246416419803723,0.006941969130927424,0.9,sicl
KSSL_206260,KSSL_34027.0,silty clay loam,0.5099474593027595,1.08134882288245,5e-324,0.3913579443699165,19.0,46.2,34.8,,6.5,40.869026,-96.794357,0.022858851146585195,6,0.41509433962264153,2.5378505329549884e-151,0.35336705077440983,0.010767965537888387,1.01,0.19500796791716332,0.023762476930598773,1.8,sicl
KSSL_15950532,KSSL_75723.0,sandy loam,12.801183190663743,1.1386013274574378,2.822207901132922e-19,0.4481051681574347,55.4,27.7,16.9,,24.0,44.858799,-98.530296,0.008912001092171964,6,0.4716981132075472,4.950763832728048e-15,0.4480986277626827,12.668534551907904,1.0100000000001972,0.1374051702333491,0.008904759187140019,1.5,fsl
KSSL_15950468,KSSL_75711.0,sandy loam,0.40298941152580714,1.39260636636804,0.07862223322901023,0.40523872960815643,58.2,24.2,17.6,,57.0,43.959999,-101.854,0.006856392261792893,6,0.42641509433962266,0.07571878582136271,0.40509434438744135,0.47208805267769754,8.140636551228571,0.04538391030708372,0.006625414893771024,0.2,vfsl
KSSL_195195,KSSL_31843.0,sandy clay loam,0.1296116288328788,1.361577623093518,0.0876051420081688,0.35543930194598566,63.5,14.3,22.2,,96.5,32.52972,-106.78555,0.007973829782393476,6,0.37735849056603776,0.11865154725384387,0.3542315538886087,0.04314910429107471,1.01,0.7083451296355245,0.0064189531928111904,0.1,scl
KSSL_211749,KSSL_35015.0,loamy sand,0.14434358612508086,1.8840440278982638,0.07992000099999999,0.40000847388992405,82.3,8.1,9.6,,146.5,41.472214,-101.67149,0.005401029119509528,6,0.4188679245283019,0.07748539015435861,0.39790415516241046,0.2101924299827487,4.003548564310322,0.17878633612968775,0.0025466527149926622,0.0,lvfs
KSSL_149347,KSSL_23385.0,clay loam,0.14665891010469664,1.3559141907570902,0.06949770255124772,0.5091552339239132,23.0,49.8,27.2,,8.0,,,0.019927337879668928,6,0.5433962264150943,0.13170642821175751,0.5013748495814456,0.03282412728295135,1.01,0.9093217230386951,0.016905690156252543,2.42,cl
KSSL_181090,KSSL_29342.0,sandy loam,0.1542844705094333,1.1320829612077605,5.1988528917459345e-19,0.3305747324720031,67.9,22.8,9.3,,172.0,32.549934,-106.76495,0.014025699216950769,6,0.3509433962264151,3.96594745038067e-15,0.3305366310080592,0.1283227001603728,1.0100000000000016,0.13692734739610016,0.01382843169471573,,fsl
KSSL_110064,KSSL_17572.0,sandy loam,0.08454074926810776,1.8937588476455751,0.06660000099999967,0.2913351988123316,75.2,14.5,10.3,,176.5,45.61694,-91.862389,0.006045456074352823,6,0.28301886792452835,0.05672240506855705,0.28728514193620247,0.14293982439897676,4.320828543628078,0.1392404356619394,0.003909639223167333,0.05,sl
KSSL_15769442,KSSL_43791.0,clay,0.18193496895954234,1.5740168579128944,0.3757648129768102,0.6458276900323394,13.5,27.9,58.6,,26.5,45.303555,-123.37746,0.021371429589494742,6,0.4490566037735849,0.3768341958945242,0.6418628213116607,0.2456110065142005,10.99999997887064,0.0480923877138747,0.01902154266504692,1.7,c
KSSL_186812,KSSL_30329.0,sandy loam,0.0869730703231489,1.320387274270689,5.91521354492009e-31,0.33520332461533214,60.6,32.0,7.4,,85.0,41.800007,-81.066673,0.012323541864572454,6,0.3660377358490565,8.393898954557561e-21,0.33829690616851527,0.05567607620227188,1.01,0.3697314776672321,0.010012392184540076,0.2,fsl
KSSL_153967,KSSL_24190.0,sandy loam,1.2063348842406652,1.18012926781766,1.6360268857748046e-14,0.46514996825793237,58.0,27.8,14.2,,12.5,41.581257,-119.73465,0.020225872393574405,6,0.49056603773584906,3.982898461209252e-24,0.4647980795714552,1.079555515772643,1.0100000000000002,0.1821568880062626,0.01999082855225551,0.4,fsl
KSSL_15769443,KSSL_43791.0,clay,0.10755911307572315,1.7196867544060686,0.37123583490328593,0.6147220571108684,20.1,29.3,50.6,,44.5,45.303555,-123.37746,0.02289978802856355,6,0.4641509433962264,0.37645493760362053,0.6133720260809488,0.0429504695719091,1.2195879335516662,0.9799999999999999,0.021103365713603883,0.9,c
KSSL_184684,KSSL_29927.0,silt loam,0.05090671416196885,1.2744664891893764,0.00822300262789634,0.4318882108886321,10.2,71.6,18.2,,5.0,38.456944,-87.275833,0.005548454939827157,6,0.4037735849056603,0.08319096488157504,0.43393834245711527,0.022414668472749033,1.010000001824163,0.5190143229025729,0.004920984645823368,1.0,sil
KSSL_153006,KSSL_24010.0,loam,0.021891060697102685,2.3841027132821555,0.12995000099999898,0.42253941624796154,26.6,46.5,26.9,,7.5,,,0.024838797044301607,6,0.49433962264150944,0.12471537367060494,0.4345091119339346,0.016403022406587538,1.4528718621644945,0.9799999999999999,0.02448840816437582,1.1,l
KSSL_181204,KSSL_29350.0,sandy clay loam,0.11264337289983496,1.4746765593884994,0.06572561423913212,0.4017638183808275,66.1,12.1,21.8,,93.5,32.602318,-106.76126,0.008543383077303119,6,0.42641509433962266,0.09281861805330037,0.40195878989294426,0.03209006944188067,1.0100000000000002,0.979999999999985,0.005274991649369675,0.0,scl
KSSL_15747896,KSSL_40644.0,silty clay loam,0.005378723616905998,1.4750449182374388,0.01921748348285467,0.48120540313232885,1.8,61.1,37.1,,102.5,40.424221,-112.39259,0.012688068932730976,6,0.45660377358490567,0.11330703007718364,0.4842970286637816,0.002228464397641958,1.1741654792945935,0.9799999999999999,0.012274610042425228,0.2,sicl
KSSL_197698,KSSL_32317.0,silt,0.02688749548943586,3.044691855266172,0.08190000099999999,0.4529035721716858,5.8,83.8,10.4,,128.0,,,0.012908550444839689,6,0.47547169811320744,0.08190000099999999,0.4553320068478354,0.022029506611580395,2.4518719036600896,0.9799999999999999,0.012460827510505985,0.2,si
KSSL_190718,KSSL_31010.0,silt loam,0.028196246086991724,1.2136954927002312,3.387872648226014e-24,0.36387390275242604,14.6,60.8,24.6,,7.5,,,0.010763643478493217,6,0.4037735849056603,1.2958968943841767e-20,0.36656505488495744,0.02205820260630622,1.01,0.23077745756602375,0.009393766010006908,1.5,sil
KSSL_153964,KSSL_24189.0,clay loam,0.08181380382749318,1.1403031704134963,6.633177652612552e-44,0.4559490136612182,31.5,29.0,39.5,,26.0,41.581257,-119.73465,0.015138676923630629,6,0.4981132075471698,7.129412127199937e-33,0.4570129066369006,0.06817099403390565,1.01,0.1468283342617158,0.014307056968273266,0.6,cl
KSSL_115930,KSSL_18454.0,sandy loam,0.5575045892565791,1.2576587219552762,2.228991299398177e-17,0.44661802837100234,57.4,38.4,4.2,,25.5,45.235828,-89.840096,0.014047147520384537,6,0.4716981132075472,9.90633804774524e-18,0.44597771799430785,0.4448464304995878,1.010000000159891,0.2686075796669509,0.013177575956055933,0.9800000000000001,fsl
KSSL_197481,KSSL_32238.0,loamy sand,0.9713634403888707,1.3349196017085412,0.03799112851071799,0.4266768415213618,78.0,16.1,5.9,,58.5,38.849998,-119.93333,0.007407776615459346,6,0.4490566037735849,0.03595645443862755,0.42660377774009633,1.0859837939907286,7.204443184613401,0.04480770634945885,0.00728627331657296,1.1,lcos
KSSL_206371,KSSL_34042.0,sandy loam,0.17533850695024905,1.9891412348889999,0.06536000099999954,0.40057975060495193,76.6,14.8,8.6,,168.0,28.946056,-97.664719,0.009760256379885694,6,0.4188679245283019,0.06536000099999999,0.3979723678602362,0.24532689776626523,10.999999999896142,0.07500550997727717,0.0049635944240970335,0.1,fsl
KSSL_195244,KSSL_31851.0,sandy loam,0.9544242379703926,1.334340907231264,0.04177431285778487,0.4265211791171794,76.2,12.3,11.5,,12.0,32.489162,-106.78167,0.006715078262295634,6,0.4490566037735849,0.04742165565737746,0.42644916338396893,0.7356459527731297,1.01,0.36429773687356376,0.006521202649740411,0.3,cosl
KSSL_181085,KSSL_29342.0,sandy loam,0.31589781849985693,1.345192251224458,0.058545730041063795,0.38029785934782284,71.2,11.6,17.2,,54.5,32.549934,-106.76495,0.015833992786476098,6,0.3999999999999999,0.07120220958586429,0.38003033528406943,0.1920232032860848,1.0100000000000002,0.42938857661226426,0.015743605836464104,0.5,sl
KSSL_195184,KSSL_31841.0,clay,0.07173162743982238,1.1485118455409895,3.614342525493303e-18,0.5293993405907437,6.4,34.3,59.3,,137.5,32.531113,-106.79083,0.003001915650243848,6,0.4037735849056603,0.12212553864843731,0.5295647146193427,0.04339632173571417,1.01,0.2483298800711581,0.0023541336000987177,0.3,c
KSSL_190494,KSSL_30981.0,loamy sand,0.572021709082176,1.3370189619152688,8.111950042690054e-12,0.38290220988032564,77.2,19.1,3.7,,16.5,30.471195,-88.741692,0.016640078989635463,6,0.4037735849056603,0.004300721763107561,0.38250972332108646,0.41503509855211335,1.0100000000000569,0.37107736348634524,0.0162028925787327,1.1,lfs
KSSL_186827,KSSL_30332.0,silt loam,0.08673695141559652,1.2385534074629823,3.9943946350031066e-23,0.42808633598003076,14.8,66.1,19.1,,5.0,35.064335,-86.591393,0.01603255017735795,6,0.4641509433962264,0.10163400171661463,0.4242813203848267,0.024755743824896183,1.01,0.6142929824719578,0.014609915686215365,2.3,sil
KSSL_15769473,KSSL_43794.0,silty clay loam,0.1680068962068174,1.90983265791068,0.325080001,0.5547093816875197,19.2,43.2,37.6,,75.5,45.299068,-123.35285,0.025641139733526927,6,0.5622641509433963,0.325080001,0.5496988257114152,0.2136625256954383,10.99999999996649,0.07848577248416057,0.022557700908966718,0.6,sicl
KSSL_167520,KSSL_26364.0,sandy loam,0.01816760374512378,2.7620203823404976,0.07599000099999997,0.3937426920433551,65.6,26.6,7.8,,9.0,33.614769,-116.12306,0.016529727269532807,6,0.41132075471698104,0.07599000099999997,0.39021324528914103,0.031301877443615685,10.999999999996874,0.09771369652845187,0.012323577429497598,0.9,fsl
KSSL_118551,KSSL_18823.0,sandy clay loam,0.06314799410123426,1.2344958744361512,0.04530687484840463,0.38462105978339833,53.3,24.0,22.7,,127.0,35.878139,-76.658012,0.003703326518602782,6,0.32830188679245276,0.11342313674053857,0.38514608774297054,0.028614575860519503,1.0100000000000016,0.44639061644704253,0.0029305132309381263,0.13,scl
KSSL_15769432,KSSL_43790.0,silty clay loam,0.12634057262642615,6.896608661647531,0.32528000099999993,0.5742699444685743,19.7,51.4,28.9,,16.0,45.300217,-123.38321,0.018417349369669146,6,0.5660377358490567,0.32528000099999993,0.5754451110339384,0.15881101236681658,10.999999999999998,0.2871634951634821,0.018084456088609056,3.4,sicl
KSSL_193744,KSSL_31568.0,silty clay loam,0.004646299790492276,10.999999936551825,0.17738729429143002,0.35088460203156735,7.3,61.3,31.4,,32.0,40.93639,-77.649719,0.016082718867924145,6,0.38113207547169814,0.17740931720574463,0.35088454301031186,0.004608833327480614,10.999999999999998,0.9799999905789113,0.01608267956302315,0.3,sicl
KSSL_15950530,KSSL_75722.0,loam,0.07114242262606636,1.2482801419048486,2.377739586268669e-13,0.4185885411844486,34.0,43.5,22.5,,181.5,44.989498,-99.953697,0.007247132062221986,6,0.44150943396226416,4.159279450142919e-14,0.41996920993822767,0.0574082409905427,1.0505200978341342,0.2515313837202513,0.007057383844823464,0.2,l
KSSL_195304,KSSL_31861.0,loam,1.886099152571442,1.1486760798334719,2.052050196460493e-17,0.46572442560176125,37.1,41.4,21.5,,38.5,42.600445,-116.55947,0.009054939782919687,6,0.49056603773584906,6.297982438560257e-13,0.4655961909376581,1.7735978578598879,1.0100000000014513,0.1487404045211774,0.008891075475039497,1.5,l
KSSL_197510,KSSL_32243.0,loam,0.021614750660619516,3.8950286316811504,0.06864000099999991,0.41992605069071304,48.7,40.5,10.8,,159.0,35.216667,-92.916664,0.012857768047795011,6,0.4339622641509434,0.06864000099999999,0.41935082520602357,0.031685642226388734,10.999999998144114,0.17677821445368044,0.012232500791006408,0.0,l
KSSL_195206,KSSL_31845.0,clay,0.042041621743167355,1.521571811742543,0.16058177262514686,0.4099330778148418,18.7,23.0,58.3,,21.0,32.66777,-106.77194,0.006360620309462533,6,0.39245283018867916,0.1815766836280808,0.4144725073562624,0.0149777368681821,1.0552188514665395,0.9799999999999999,0.005237373447891421,0.6,c
KSSL_164089,KSSL_25820.0,loam,0.07325292129732432,1.313690181880779,0.05481222115795863,0.3720740836826384,46.3,31.5,22.2,,52.5,46.306026,-105.97742,0.004184278155765562,6,0.369811320754717,0.033136530433133436,0.37143695749167355,0.09174957459273511,1.4863586776179076,0.17509591314310194,0.004111523525883925,0.3,l
KSSL_15747877,KSSL_40640.0,loam,0.05393490610564567,1.2642266354159295,1.0715935296638777e-23,0.36310793547840126,43.3,37.7,19.0,,57.5,41.331444,-111.30356,0.009233686168195051,6,0.39245283018867916,1.4413317204236854e-27,0.36497875765097487,0.03805404599640588,1.01,0.29247779963860876,0.0071445485127255605,0.7,l
KSSL_15747855,KSSL_40636.0,silty clay loam,1.9612445596072425,1.159512906018744,2.116768250028559e-14,0.5268663120996824,7.4,62.3,30.3,,55.5,,,0.008921889825914126,6,0.5547169811320753,6.974060233954304e-20,0.5268171385413064,1.8780696078077141,1.0100000000141378,0.15901332028687332,0.008839441193319806,1.5,sicl
KSSL_107807,KSSL_17217.0,silt loam,0.08401046715063726,1.3408574984896786,2.156459856925743e-21,0.36639949519881687,39.1,54.9,6.0,,24.0,45.46833,-88.586716,0.011080929349416286,6,0.3886792452830189,8.500867870244255e-18,0.3691353836994072,0.05092988040144794,1.01,0.3994671306173846,0.00976866799516444,0.6599999999999999,sil
KSSL_153954,KSSL_24188.0,sandy loam,1.525090688673585,1.1555823520929367,1.9185846826725618e-16,0.4083228977825168,58.2,32.8,9.0,,7.5,41.581257,-119.73465,0.010516196134421008,6,0.43018867924528303,7.523516889700452e-18,0.4082033547880876,1.4194054055192082,1.010000000000068,0.1559941295234937,0.010387768579314349,0.3,fsl
KSSL_195185,KSSL_31841.0,clay,0.08711070970640984,1.1389857596780741,1.0513560614307683e-12,0.5354139713089314,5.2,36.5,58.3,,175.0,32.531113,-106.79083,0.004012274329405839,6,0.39622641509433953,0.05039279695682758,0.536356766468157,0.06799655725240622,1.01,0.1685968878508601,0.0036474017876226466,0.3,c
KSSL_195213,KSSL_31846.0,loamy sand,5.189341625436583,1.221194780031792,1.0587911840678754e-21,0.35487247849771003,83.2,11.3,5.5,,31.0,32.514439,-106.80028,0.009626632617659647,6,0.3735849056603773,5.972543823906122e-17,0.3548421967710487,4.96894931766177,1.0100000000106684,0.22050125003529475,0.009586918284337423,0.1,lcos
KSSL_207900,KSSL_34309.0,silty clay loam,0.008916024289570836,1.2373319270510459,8.103569356462366e-28,0.43139331816651333,0.8,65.5,33.7,,122.5,41.278641,-94.452499,0.014961287894957391,6,0.4188679245283019,3.988270960656033e-25,0.4339018667417896,0.006133679296637483,1.01,0.2727507951848768,0.013634719742582792,0.3,sicl
KSSL_107772,KSSL_17213.0,silt loam,0.0713149533393462,1.4044609769384517,0.006466681883295697,0.39480855307615287,31.1,64.5,4.4,,32.0,45.521664,-88.48616,0.020856250777548123,6,0.3396226415094339,0.05671113373384549,0.3958089722425445,0.018606388587762188,1.0100000000000635,0.9799999999999999,0.01898698710708338,0.6799999999999999,sil
KSSL_15950591,KSSL_75733.0,loam,0.5170792657461315,1.1992702178217236,1.514473092594457e-09,0.530357273238045,40.0,41.1,18.9,,7.5,45.573502,-98.030098,0.014068405606302755,6,0.5584905660377358,8.872940834307919e-20,0.530327272630208,0.4632605770354517,1.0100000000000424,0.20154645687372272,0.013963881641357577,4.9,l
KSSL_197509,KSSL_32243.0,loam,0.022669605316976423,4.0225043584279145,0.06192000099999998,0.41201016707852683,46.9,44.5,8.6,,132.0,35.216667,-92.916664,0.012838371810335102,6,0.43018867924528303,0.06192000099999999,0.41234082326362237,0.0200985964624206,3.5366159271024173,0.9799999999999999,0.01280697043228708,0.0,l
KSSL_110080,KSSL_17574.0,sandy loam,0.09517180611454719,1.3748001673104335,0.09515137326279725,0.3300226727994693,61.5,21.3,17.2,,205.5,45.247215,-92.080734,0.0053876551664396935,6,0.2754716981132076,0.040070190717194865,0.3285076167280916,0.20487508548850714,4.351049104340316,0.0466442086382559,0.005048059216385046,0.04,sl
KSSL_110083,KSSL_17575.0,loamy sand,0.20036051480552944,1.5034351184222894,0.034174712462854716,0.3088001963658474,81.1,12.0,6.9,,73.5,45.34166,-91.859894,0.016063181418849565,6,0.3245283018867925,0.04616389105016788,0.30771274217282124,0.0764360106893182,1.01,0.7995055661607375,0.015643554762243116,0.11000000000000001,ls
KSSL_183271,KSSL_29691.0,silt loam,0.04249099059531847,1.657723818246788,0.0921135919140785,0.4523421893666293,12.4,68.8,18.8,,163.5,43.738651,-96.619019,0.010653633837338684,6,0.44150943396226416,0.11073828182249956,0.4591392284343286,0.018496346912797796,1.1731627663864526,0.9799999825631173,0.009203495377526677,0.1,sil
KSSL_115956,KSSL_18457.0,sandy loam,0.6271444849421179,1.4132224543471825,0.0413570097759998,0.4090072203722638,71.2,24.6,4.2,,42.0,45.55444,-89.859543,0.008167455992469935,6,0.43018867924528303,0.04040641926995346,0.4086792518718992,0.7078243997534615,9.453385555233371,0.042215929509038706,0.0076099884800365615,0.79,sl
KSSL_115967,KSSL_18458.0,sandy loam,0.29759760117431144,1.386882403879882,0.0218962845613058,0.34840747466135197,73.1,22.9,4.0,,46.0,45.552498,-89.8601,0.010657787411625241,6,0.3660377358490565,0.013420563927997172,0.3477361509746358,0.4090597435570319,10.998688772040166,0.030421576962192654,0.010057688598697812,0.35,sl
KSSL_15769514,KSSL_43799.0,silt loam,0.02257771551780179,3.0508572989566662,0.2415600009999988,0.5423414233704075,26.2,52.2,21.6,,45.5,45.291489,-123.38734,0.01966956976258435,6,0.6,0.24156000099999972,0.5432712058452224,0.018208748796947824,2.54977243489906,0.9799999999988266,0.019336872126091892,1.0,sil
KSSL_15950611,KSSL_75736.0,silt loam,0.04115000103082419,1.2912970345177956,7.561172271660912e-20,0.4531891956679963,20.6,53.7,25.7,,48.0,45.105499,-97.102402,0.022176692269047452,6,0.43018867924528303,0.014835306574658652,0.45506866043831756,0.024973688900626862,1.01,0.3606936722421932,0.021502846684544285,0.9,sil
KSSL_15747876,KSSL_40640.0,loam,0.11819671924201207,1.2428692112415434,6.683630726189386e-23,0.3899644010164382,49.5,32.0,18.5,,35.5,41.331444,-111.30356,0.009080257398741035,6,0.41509433962264153,1.2427599449227773e-16,0.3906577633854487,0.08982235018064418,1.01,0.2590289386749234,0.007908249823438534,1.0,l
KSSL_15950543,KSSL_75724.0,silt loam,0.14139763292670637,1.2730336546862795,8.997327635593362e-25,0.40605208496250295,38.0,59.6,2.4,,107.5,43.200199,-100.7208,0.024398865953537588,6,0.4339622641509434,1.8651819930530346e-26,0.4048553564811548,0.0939274868151104,1.01,0.3024421445530383,0.02325649104904936,0.1,sil
KSSL_152986,KSSL_24010.0,loam,0.03081886988793978,1.6576287847170885,0.12101151851929876,0.4101146025946863,26.3,48.4,25.3,,7.5,,,0.009582531346730074,6,0.4490566037735849,0.1348473262551455,0.41767350012751964,0.013740318574073707,1.1234355507615394,0.9799999999999999,0.0075270509389134,0.9,l
KSSL_211770,KSSL_35018.0,sand,0.9413721776060155,1.3769395080470512,0.023723269813155874,0.4086004667670279,88.6,5.8,5.6,,76.0,41.695618,-101.49545,0.008328566657282837,6,0.43018867924528303,0.0286361589892854,0.40852037938068425,0.707271593060684,1.010000000169447,0.4133397721572293,0.008136169014776004,0.1,fs
KSSL_195262,KSSL_31854.0,clay loam,0.4547081108100408,1.1038322388940884,6.306824336675774e-14,0.4003547429575743,26.4,41.5,32.1,,58.5,32.540001,-106.86139,0.012004323702949536,6,0.4226415094339623,7.134126823378447e-19,0.40011345262282505,0.4110248447064691,1.01,0.10486032089244106,0.01187235746979537,0.3,cl
KSSL_181131,KSSL_29345.0,sandy loam,0.05454952579235783,1.9190132406798113,0.057806041184072954,0.403717208339883,78.1,9.2,12.7,,27.5,32.548763,-106.76363,0.019110078684591254,6,0.4037735849056603,0.06617245047743653,0.40928513270319294,0.030406371663811844,1.4373981612625537,0.9799999999999999,0.016161566061858916,0.2,fsl
KSSL_184705,KSSL_29929.0,silt loam,0.057537107245701866,1.3543078231652084,0.07372519273417905,0.4505426885630555,2.9,74.7,22.4,,67.0,38.070278,-87.435555,0.0084124730748363,6,0.4226415094339623,0.13597877394229457,0.4513109328611577,0.015755059884583783,1.01,0.8872631371761652,0.00651124334599665,0.1,sil
KSSL_15950510,KSSL_75719.0,loam,3.375251088766368,1.14661017775688,0.02604444545669528,0.3692479688741498,42.6,36.7,20.7,,46.0,44.087002,-96.584999,0.001196923427885735,6,0.3886792452830189,0.023905644457219093,0.36924528337327317,3.542880740228095,3.8330332102254223,0.037571839609501494,0.0011836962214845244,0.8,l
KSSL_107844,KSSL_17221.0,sandy loam,0.41555441124643644,1.3284216022739668,0.024664901349720256,0.26651265282662207,76.6,15.1,8.3,,166.5,46.105553,-89.084793,0.012375323339300377,6,0.27924528301886786,0.02808139509759121,0.26528315889162474,0.46502434458670283,10.987288152484988,0.030178593414320855,0.011583699761058589,0.03,sl
KSSL_181158,KSSL_29347.0,sandy loam,0.5617213691729642,1.270050194835132,0.016230920261204144,0.4004218812991847,73.6,10.3,16.1,,43.0,32.54837,-106.76523,0.01843088983854903,6,0.4226415094339623,0.03819202258737851,0.3995342215008678,0.355168814305953,1.01,0.3389821335024027,0.017980557903092366,0.2,sl
KSSL_192654,KSSL_31337.0,sandy loam,2.8258832943127463,1.1761938123109095,5.85693093751383e-08,0.3262174677309132,79.6,9.6,10.8,,164.0,37.13139,-97.086113,0.002894040339465993,6,0.3433962264150944,9.259401639248886e-13,0.32621450978028876,2.708889533340665,1.0100000030981688,0.17559771400623767,0.0028765980886113545,0.1,fsl
KSSL_181373,KSSL_29369.0,silt loam,0.018916944327529703,2.2251850585948176,0.07820402264850926,0.3779287642294755,1.5,86.0,12.5,,12.5,34.236195,-89.898529,0.013919197061629732,6,0.4188679245283019,0.060778505779575505,0.37381712668047773,0.0344616170353032,10.99999998978739,0.06363163491346437,0.012045825044938806,0.7,sil
KSSL_15950523,KSSL_75721.0,sandy clay loam,0.222261607228211,1.144402042742907,3.835403256307366e-12,0.3292125983567731,59.4,15.9,24.7,,120.5,45.9189,-102.1081,0.0098841798479779,6,0.34716981132075475,6.098509701938484e-19,0.32912718659053924,0.19423999466980996,1.0100000000049891,0.14721806177964017,0.009755615076100425,0.4,scl
KSSL_195216,KSSL_31846.0,sandy loam,0.5671486327498684,1.3056739073069643,0.022851962809622508,0.32933063613839664,74.5,17.4,8.1,,161.0,32.514439,-106.80028,0.009800845171035721,6,0.34716981132075475,0.034761791034503255,0.3289566886366671,0.37648682484089335,1.01,0.3665339785973266,0.009418815045021315,0.1,cosl
KSSL_194336,KSSL_31715.0,sandy clay,0.10603257585170262,1.7531226333017895,0.24960000099999952,0.7126319937548926,49.4,10.6,40.0,,137.5,31.753471,-81.53289,0.026311455090795223,6,0.2528301886792452,0.24960000099999974,0.698571980552229,0.16392576061015543,5.707559275642043,0.10611277897234088,0.020493182665331997,0.1,sc
KSSL_207930,KSSL_34312.0,silt loam,0.04042856932221004,1.404018006110133,0.11796010515242909,0.4440718391394418,1.0,75.1,23.9,,142.0,41.734974,-94.968002,0.007514225537775744,6,0.4641509433962264,0.1553374942985427,0.4481129799892127,0.01687505060591712,1.0320408137496375,0.7109269836017447,0.006884099828397351,0.2,sil
KSSL_173605,KSSL_27795.0,clay loam,0.05273062890506714,1.1662096647033073,3.809523871403148e-25,0.3674504195382569,39.8,32.2,28.0,,146.0,33.437721,-88.780502,0.0033693562786475334,6,0.33207547169811313,5.61460804193094e-20,0.3690673189904757,0.04433212733111666,1.01,0.17371462029744233,0.0024102637113501742,0.2,cl
KSSL_15769526,KSSL_43800.0,clay,0.15192613250737852,1.740565558061215,0.3785100009999991,0.663478514766758,30.7,26.5,42.8,,,45.311638,-123.33768,0.026262372820419943,6,0.4867924528301887,0.378510001,0.6590469959517072,0.22018871380626773,10.99999999976264,0.05824026233051557,0.023816515084630487,0.6,c
KSSL_115957,KSSL_18457.0,sandy loam,0.27549400284895087,1.4226865007771672,0.017892608597154885,0.34931777793301605,72.3,23.9,3.8,,66.0,45.55444,-89.859543,0.011583790838475149,6,0.3660377358490565,0.01298946061765611,0.3477374057220867,0.3658145135687505,10.999989901734994,0.03426605372808633,0.01002145317616282,0.32,sl
KSSL_207917,KSSL_34311.0,silty clay loam,0.5321711629838912,1.1358532112347308,3.017186224658859e-10,0.45387474081355905,1.2,67.8,31.0,,97.5,41.733891,-94.966774,0.009376785246457835,6,0.4792452830188678,6.489111805906308e-13,0.4537154678443153,0.47822350706535255,1.010000000000308,0.13723390675443084,0.009089955221435953,0.7,sicl
KSSL_190734,KSSL_31012.0,silty clay,0.004651418512477047,10.999999981391268,0.2401549426852433,0.35322057581733646,12.2,45.4,42.4,,48.5,,,0.013714407629805905,6,0.37735849056603776,0.13747560605296602,0.35636301986167124,0.0007771369852569022,1.01,0.9799997367880393,0.014833664673656672,0.3,sic
KSSL_15742062,KSSL_39574.0,loam,0.18109767633987964,1.276600087254252,3.711731155985727e-11,0.5474294941881246,47.8,37.8,14.4,,33.0,47.708332,-123.45722,0.009627434517198465,6,0.5773584905660378,0.02902670413717101,0.5476376736981254,0.11980544496762108,1.01,0.3391123848667243,0.009202717873193747,1.8,l
KSSL_181494,KSSL_29388.0,silt loam,0.10520066579553425,1.4947108232546287,0.059727792666945674,0.5894307632882188,36.1,55.8,8.1,,7.5,63.352444,-142.98331,0.026351762860498687,6,0.6264150943396226,0.09746138652185315,0.5905982352602577,0.03102061691319884,1.019792403675467,0.9799999999999991,0.02260154746913714,4.1,sil
KSSL_193741,KSSL_31567.0,clay loam,0.02139087520451586,1.7218801068730127,0.13401700838159047,0.44529673344876736,24.7,44.9,30.4,,87.5,40.948891,-77.634163,0.008700292303912815,6,0.39622641509433953,0.12893544770057278,0.4439297060483632,0.02452525312541373,1.935084305740388,0.33464519672222526,0.008691939127216521,0.1,cl
KSSL_115946,KSSL_18456.0,silt loam,0.11429852070505232,1.407911074191464,5.293685632481715e-19,0.4596350935559498,24.2,68.4,7.4,,30.5,45.325275,-89.816483,0.021137465024205902,6,0.49433962264150944,0.05043982596409432,0.4547821591357321,0.026724590057969774,1.01,0.9799999999997161,0.01723151199236732,0.63,sil
KSSL_193781,KSSL_31575.0,clay,0.1509074018107945,1.0548089395653122,1.5694554931906994e-30,0.43620473217316585,13.3,30.1,56.6,,71.0,40.648613,-78.129997,0.006154642996914611,6,0.4037735849056603,2.0256553438949864e-18,0.4360733801069061,0.13854575927985815,1.01,0.05531729441372592,0.006043279732896457,0.1,c
KSSL_193752,KSSL_31569.0,loam,0.027315194805311516,1.427034660516685,0.09708216410287923,0.36111100186806466,31.0,47.5,21.5,,99.0,40.911388,-77.696114,0.005172139432354061,6,0.3886792452830189,0.13454712913848166,0.36500354346679287,0.008639306986003441,1.0116530018885759,0.9799999999999999,0.004040309543084738,0.2,l
KSSL_173607,KSSL_27796.0,silty clay,0.037674395001715724,1.2818196810448415,0.1600607017716886,0.5353882600129096,0.9,47.8,51.3,,28.0,33.973782,-90.904984,0.007803482100159126,6,0.3245283018867925,0.2345926212181493,0.5378179903328804,0.01569329359883742,1.01,0.5798753001958131,0.007203711349004913,0.7,sic
KSSL_15742061,KSSL_39574.0,loam,0.19521920607315396,1.2765118391119818,6.406513844223199e-22,0.6095564108926944,37.3,44.2,18.5,,17.5,47.708332,-123.45722,0.020317974952638273,6,0.6452830188679245,6.697440745422632e-18,0.609639494288285,0.14775511310421338,1.01,0.2936592961366632,0.019185506229899618,3.1,l
KSSL_15769436,KSSL_43790.0,silty clay loam,0.15998525816064507,2.013267439534506,0.35376000099999994,0.6160399102875637,14.1,49.7,36.2,,74.0,45.300217,-123.38321,0.022899370958768796,6,0.43018867924528303,0.35376000099999994,0.6097439318276971,0.20540204185914257,10.99999999903163,0.08618616499333469,0.01750272337767647,0.2,sicl
KSSL_190722,KSSL_31010.0,silt loam,0.021271535491426234,1.3508831496923746,0.07298760181520979,0.3897762314268145,16.0,59.4,24.6,,7.5,,,0.006003366865356378,6,0.37735849056603776,0.1365988796293474,0.3928042554292514,0.006987972394882073,1.0100000968836793,0.8666447977745387,0.005767901245457346,1.8,sil
KSSL_211753,KSSL_35016.0,sandy loam,0.5424018776543574,1.241813806751618,0.04113029887942246,0.4512005958185292,73.8,14.0,12.2,,59.0,41.698494,-101.42796,0.012048296347034243,6,0.47547169811320744,0.06016864365194137,0.45088825334881316,0.38909693750750124,1.01,0.28360814116822614,0.011780346574122667,0.1,fsl
KSSL_197470,KSSL_32236.0,sandy loam,1.0199287873087144,1.245927686965106,0.11276828997428863,0.5406929678752835,55.3,31.7,13.0,,29.5,38.934116,-120.05445,0.024251910043086883,6,0.5698113207547169,0.1297352703620289,0.5401668914089387,0.7335564765451202,1.010000000000003,0.2847846939369843,0.024010200619106914,3.3,cosl
KSSL_207923,KSSL_34312.0,silty clay loam,0.7783270331653572,1.1693684476586133,9.307767124691689e-20,0.5425764469637185,1.2,66.1,32.7,,7.5,41.734974,-94.968002,0.026577921380016762,6,0.5735849056603772,5.1046466382962144e-14,0.5418636127533856,0.6784017868234298,1.0100000000000418,0.17208044877254375,0.026184751112824412,2.7,sicl
KSSL_206378,KSSL_34043.0,clay loam,0.2948771073923755,1.0561895795873364,1.1520530713938823e-11,0.39372976530709847,20.1,44.7,35.2,,140.5,28.66264,-97.552223,0.013385590593177742,6,0.3018867924528301,8.490968197926463e-15,0.3936335127344213,0.2771003453042161,1.0100000006360983,0.05627802742668803,0.013367410514358979,0.5,cl
KSSL_190737,KSSL_31012.0,silty clay loam,0.020104830445804613,1.1366339972762554,3.565615896411315e-16,0.35926733856858195,18.8,43.5,37.7,,7.5,,,0.005143287613303937,6,0.36226415094339626,6.991395849815141e-14,0.36039284967668883,0.01741730533944935,1.01,0.14174229353114964,0.004857412681442629,2.8,sicl
KSSL_193745,KSSL_31568.0,silty clay loam,0.005210284687739783,3.012476908953082,0.17032739105683822,0.3838624094924878,6.9,61.6,31.5,,58.5,40.93639,-77.649719,0.011070811862256785,6,0.3547169811320754,0.17249703834469876,0.3840487535325773,0.004370899884741481,2.7912748292775085,0.9799999999999948,0.011039476968138253,0.1,sicl
KSSL_184666,KSSL_29925.0,silt loam,0.026821949838953855,1.7879165315883183,0.1217655089946363,0.4190676214078802,6.2,73.8,20.0,,12.5,38.564724,-87.008614,0.009229236691801378,6,0.41509433962264153,0.12496340554923219,0.42087503858755176,0.02287809981080694,1.5892552060837146,0.5545186562614642,0.009197122412355685,1.3,sil
KSSL_15747858,KSSL_40637.0,loam,31.62277659156039,1.1111690745593061,0.14635280280464252,0.5376886873455061,43.1,30.7,26.2,,3.5,37.869888,-112.43461,0.016698587998913706,6,0.5660377358490567,0.14623309507702908,0.5376917576191037,31.622776601141776,1.0100000000002718,0.11000756713147676,0.016696900092146656,6.8,l
KSSL_184636,KSSL_29922.0,silt loam,0.022957548919113814,1.2393154570223068,1.9445229436594774e-21,0.394472466643322,12.5,64.9,22.6,,24.0,39.042778,-87.054443,0.006973802905308427,6,0.3547169811320754,7.831033177985107e-19,0.3976975458412933,0.017483150698072526,1.01,0.2600494602542978,0.005612900093011314,0.6,sil
KSSL_192661,KSSL_31338.0,clay,0.02892768942771254,1.1384127948661549,1.4112269484982564e-26,0.4670600883116701,22.6,31.9,45.5,,179.5,39.700474,-96.162941,0.014021593659322323,6,0.2943396226415095,2.672532577661582e-29,0.4683654204839783,0.02404844404533922,1.01,0.14583026763928578,0.013391898375499794,0.2,c
KSSL_149365,KSSL_23394.0,loam,0.5304610944778366,1.2498070866200917,3.2352031715947244e-13,0.522308262561987,45.1,37.3,17.6,,11.0,,,0.012161365865392676,6,0.5509433962264151,0.002110710189687874,0.5221471077342364,0.4315515114322326,1.01,0.26109759818525036,0.011565173634440871,3.6700000000000004,l
KSSL_190727,KSSL_31011.0,silt loam,0.016160801227127028,1.8767436810338827,0.12532374490546044,0.43743442438760666,18.0,61.7,20.3,,7.5,,,0.008525824564273558,6,0.46037735849056594,0.06613352257423442,0.4332895391829331,0.034099022081375975,7.651543380968553,0.05188496567197808,0.007574737517518222,2.8,sil
KSSL_15769521,KSSL_43800.0,silty clay loam,0.9181000507582184,1.3789282802552008,0.18379031560128145,0.556247986950237,13.5,55.3,31.2,,40.0,45.311638,-123.33768,0.02738499911646606,6,0.5849056603773584,0.1925991907846422,0.5556604089103038,0.8177562992333166,8.336904459639365,0.05067427236456653,0.02705017292376255,2.0,sicl
KSSL_211760,KSSL_35017.0,sandy loam,2.033306383202744,1.2273448992613618,0.041876153781155084,0.4480756317041943,72.4,10.9,16.7,,48.0,41.704082,-101.43115,0.004957546704584948,6,0.4716981132075472,0.04638298250839216,0.4480501245503463,1.7880446171658277,1.0100000000000011,0.23587633154492121,0.004886859810579294,0.4,fsl
KSSL_115934,KSSL_18454.0,sandy loam,0.1391864873775914,1.315459040785496,0.008457941691175466,0.2892391564006687,69.7,22.6,7.7,,151.0,45.235828,-89.840096,0.010296751914797946,6,0.26415094339622636,7.628237531506739e-32,0.2855206011688114,0.22849039880601252,10.999999999999952,0.023272985847206197,0.007885829677574117,0.01,sl
KSSL_181230,KSSL_29352.0,sandy clay loam,0.8286703668777163,1.233932710075125,0.012135545477368236,0.4443719895103045,66.5,12.6,20.9,,61.0,32.601921,-106.76308,0.004018578533967314,6,0.4679245283018868,0.02337486058221717,0.44430064914109846,0.6635116389224324,1.0100000000000018,0.25559068005318963,0.003747523752757595,0.2,scl
KSSL_192656,KSSL_31338.0,silty clay,0.014766378113196721,1.1751296750921694,4.618304597534628e-21,0.46098279584285956,1.6,50.6,47.8,,22.5,39.700474,-96.162941,0.0106273817317387,6,0.3433962264150944,2.529485824739638e-21,0.46287802032359726,0.011635960622519568,1.01,0.1884734939486915,0.009764576217820519,1.2,sic
KSSL_105908,KSSL_16910.0,loamy sand,0.05316313913468524,1.9103239394402238,0.05278467141459309,0.3376133387594874,85.6,3.9,10.5,,21.5,34.440647,-103.58688,0.014150342077066148,6,0.3660377358490565,0.06011679053409518,0.34285729181461383,0.029812167348457593,1.419600247547408,0.9799999999999999,0.011906159906875421,0.21000000000000002,lfs
KSSL_118580,KSSL_18827.0,silty clay loam,0.022217985569286326,1.1642711656937845,2.4278515281980205e-25,0.43115412897844985,4.9,58.7,36.4,,72.5,,,0.01139280984460914,6,0.3547169811320754,9.051072481592545e-21,0.43276577925707915,0.017699847003165705,1.01,0.17601047533325206,0.010441279186163948,0.35,sicl
KSSL_107838,KSSL_17221.0,loam,31.622776601682936,1.2245345687446898,0.029905872640691226,0.578849144128514,46.6,44.0,9.4,,18.0,46.105553,-89.084793,0.024312495011228116,6,0.6113207547169811,0.02971567030807916,0.5788584995344901,31.622776601682308,1.0100000000000005,0.2220610665008084,0.02428923241032283,1.46,l
KSSL_197465,KSSL_32235.0,loamy sand,2.5684273683836687,1.3679888645056801,0.047091130142926374,0.3836074673329866,80.0,13.9,6.1,,28.5,38.999565,-120.1314,0.0052364527717071955,6,0.4037735849056603,0.0472598727357975,0.3835849081216058,2.6065559215472813,4.993616799318159,0.07366980596404306,0.0051818368400850506,0.3,lcos
KSSL_15769523,KSSL_43800.0,silty clay loam,0.12865655712443422,8.08605071402968,0.357080001,0.7034419473006538,12.0,50.0,38.0,,78.0,45.311638,-123.33768,0.02809712229293783,6,0.3396226415094339,0.357080001,0.703689247986055,0.14789626118148314,10.99999999986114,0.4359698257318723,0.028068719324018845,0.5,sicl
KSSL_195183,KSSL_31841.0,clay,0.0441725116881089,1.394009223541097,0.20036540227025057,0.5456049839466854,7.8,33.6,58.6,,94.0,32.531113,-106.79083,0.007375108973819845,6,0.39245283018867916,0.24890262451976322,0.5493530875397624,0.014158501684027883,1.0100000000000036,0.8770174459159674,0.005909905637629346,0.6,c
KSSL_15747880,KSSL_40641.0,sandy loam,0.3408342459530252,1.2541192243617065,6.021203804117937e-13,0.5356270794005863,52.9,30.6,16.5,,8.0,41.331444,-111.30356,0.022820798725722,6,0.5660377358490567,6.896088147969251e-22,0.5350923496910666,0.2725362240284573,1.01,0.2647803386858667,0.02214044107733355,4.3,sl
KSSL_198091,KSSL_32379.0,loam,1.0570223247052586,1.2270593562751912,2.5267529425202755e-11,0.5089068189341129,36.3,48.2,15.5,,108.0,41.358898,-111.4875,0.0047837012163730475,6,0.5358490566037736,5.169745702784121e-16,0.5088701627283932,0.9483259566191765,1.0100000000000062,0.22948933567169905,0.004495092153180961,1.5,l
KSSL_181233,KSSL_29352.0,sandy loam,0.0743701063657562,1.5812991955022686,0.06839469646459288,0.3491434935402131,69.5,14.8,15.7,,140.5,32.601921,-106.76308,0.007554311874545353,6,0.3735849056603773,0.08440979827974193,0.3524454254568469,0.027264135442420803,1.1014234499362308,0.9799999999999871,0.004145671187482923,0.2,sl
KSSL_115961,KSSL_18457.0,sandy loam,0.1408557533165617,1.3024227055561868,0.016744666005853674,0.24049966289038496,70.0,22.9,7.1,,196.5,45.55444,-89.859543,0.007975352836342129,6,0.23018867924528297,7.836063050424506e-24,0.23768187855900008,0.23696025774319365,10.999999999999998,0.020675790154897605,0.0061268402874527905,0.02,sl
KSSL_107773,KSSL_17213.0,loam,0.029688583615026253,1.8138658390154276,0.07256328290645687,0.3714351010009885,40.1,49.1,10.8,,51.0,45.521664,-88.48616,0.022045105784717935,6,0.3547169811320754,0.07710500211375919,0.38465251787264443,0.016279940202293723,1.1358963968039508,0.9799999999987988,0.020425416092199174,0.1,l
KSSL_195182,KSSL_31841.0,clay,0.0559640025672313,1.3377043705707883,0.1851231069495765,0.5321579705388735,8.7,33.2,58.1,,51.5,32.531113,-106.79083,0.005540287396219075,6,0.3999999999999999,0.23987032273056932,0.5340356461762588,0.019343219041688148,1.01,0.7214632719167872,0.003822109033410091,0.4,c
KSSL_153934,KSSL_24183.0,silt loam,0.03882718302106927,1.203691963182743,3.562521216583681e-30,0.38938295381632754,10.3,67.3,22.4,,65.0,45.210274,-123.11528,0.011611945077413515,6,0.43018867924528303,7.293684308292853e-31,0.39195694354946436,0.030439003298722848,1.01,0.21946040519908638,0.010101569733253227,0.5,sil
KSSL_107860,KSSL_17223.0,loamy sand,0.330488655870278,1.5485342358341898,0.022365120567273692,0.29892941816308627,82.6,14.2,3.2,,164.5,46.106384,-89.084793,0.015374784416222545,6,0.31320754716981136,0.024524087515399216,0.2975484246676058,0.3768630006025026,10.999997007678354,0.049750258237894605,0.014222542916272706,0.04,ls
KSSL_15747878,KSSL_40640.0,silt loam,0.10959764474535065,1.2774495280405396,2.566344505634931e-27,0.42796936840398525,29.2,54.8,16.0,,88.0,41.331444,-111.30356,0.018300253185047743,6,0.46037735849056594,5.113962378892481e-40,0.4261929415544828,0.06772160240037596,1.01,0.3155839629005875,0.01592097656736908,0.4,sil
KSSL_115958,KSSL_18457.0,loamy sand,0.1865104524343997,1.6554766247542299,0.04004608014694083,0.2823952078137229,78.2,18.8,3.0,,94.0,45.55444,-89.859543,0.01147051182058903,6,0.2943396226415095,0.03794135092920532,0.2796811593836861,0.25840446646557425,10.999999999580387,0.05181289721207668,0.008834016398315386,0.18,ls
KSSL_118550,KSSL_18823.0,clay loam,0.014965975499568152,1.1661219564265481,9.30901893110973e-30,0.35909428696835094,38.7,30.0,31.3,,110.5,35.878139,-76.658012,0.01906142046692232,6,0.3547169811320754,2.3807250652521286e-27,0.3605088121786887,0.01172693946641428,1.01,0.18005933464304202,0.018546235928956645,0.2,cl
KSSL_110048,KSSL_17570.0,sandy loam,0.09298712706999626,1.578064987464166,0.03994996335393641,0.2964936218857091,73.8,18.5,7.7,,169.0,45.57777,-91.628769,0.010087892908695767,6,0.31320754716981136,0.05346434208825064,0.2974900078259499,0.0323811101578528,1.0984318330568967,0.9799999999999951,0.008602895252945907,0.08,sl
KSSL_181113,KSSL_29344.0,loamy sand,0.4069547003119397,1.5196084733632027,0.0550104171995854,0.3805933585487291,80.9,10.6,8.5,,14.5,32.548763,-106.76363,0.013278400341308562,6,0.3999999999999999,0.0544903868699968,0.3800000641159006,0.4775227946093988,10.982135065737994,0.04516660547771788,0.012662266070601119,0.3,lfs
KSSL_173597,KSSL_27794.0,loam,0.03564587791584228,1.3405181980293228,0.10434148029897226,0.336771645969538,35.5,38.8,25.7,,33.0,34.439362,-86.687447,0.005241910313156625,6,0.3433962264150944,0.1408067574185607,0.3391715591418215,0.014316180298755223,1.0100000038668944,0.6739889888379081,0.004924255097352926,0.5,l
KSSL_186830,KSSL_30332.0,silty clay loam,0.02380733529509458,1.1436604986095265,2.4700087791846017e-46,0.37684658371833923,12.9,51.1,36.0,,57.0,35.064335,-86.591393,0.01301122009224144,6,0.3849056603773584,1.0512385027264544e-37,0.3775317717700378,0.01829031397645909,1.01,0.15581116261124262,0.012339741068688964,0.2,sicl
KSSL_195249,KSSL_31852.0,sandy loam,0.7045107432826866,1.3062352431437096,0.01902435911993445,0.34026329652151305,75.4,15.9,8.7,,5.0,32.514435,-106.79056,0.011380279763020126,6,0.3584905660377359,0.02859736698757881,0.34000024704018716,0.4966764665188025,1.0100000000000084,0.35333581946087594,0.011125180497413255,0.2,sl
KSSL_184671,KSSL_29925.0,silty clay loam,0.0036917908685202045,1.3347499797232245,8.31256612493642e-20,0.35044186580630776,10.6,54.5,34.9,,145.0,38.564724,-87.008614,0.012141388427877424,6,0.26792452830188673,1.578618542407485e-10,0.3522503218019712,0.0014476837243876921,1.0100000000000615,0.5225195621957601,0.011421645239545048,3.1,sicl
KSSL_105913,KSSL_16910.0,clay loam,0.02694548622196804,1.3410995289872334,2.0328979530878967e-14,0.446861110319632,34.1,34.1,31.8,,120.5,34.440647,-103.58688,0.020623360270939504,6,0.4528301886792453,7.842254509842197e-18,0.45152627636749626,0.01619628560636619,1.01,0.4072508030807553,0.01950873644977581,0.12,cl
KSSL_181521,KSSL_29392.0,silt loam,0.05340581108292179,1.8376297474651637,0.038959792085106616,0.6400580882012394,32.0,63.5,4.5,,20.0,62.398613,-142.48555,0.01663083352787246,6,0.6264150943396226,0.05698608617340344,0.648983750319527,0.027673357293286845,1.358800056435132,0.9799999999999999,0.01212831741414467,2.0,sil
KSSL_15950545,KSSL_75725.0,clay loam,0.23981794581744556,1.1225782409416099,2.093230039826859e-14,0.43254527204759774,28.2,36.5,35.3,,10.0,43.5938,-99.712196,0.02039695838296447,6,0.4528301886792453,9.682250799100492e-10,0.43021293969614777,0.27883626988494764,5.902991408467724,0.02000000027838101,0.01972169288300427,3.1,cl
KSSL_118571,KSSL_18826.0,silty clay loam,0.08161026537542841,1.1460226541550105,2.8742203013758037e-16,0.4888217790187689,14.8,45.4,39.8,,77.5,35.166752,-102.08379,0.0114620175637333,6,0.3396226415094339,9.193056626093873e-24,0.48946775158755834,0.06647870527278779,1.01,0.15316049857328692,0.01097081275191557,0.39,sicl
KSSL_199795,KSSL_32754.0,loam,0.07595646713843217,1.4602187850157913,0.15461921775210896,0.39057494462853076,46.6,30.9,22.5,,30.5,46.735813,-111.19501,0.005635952835176984,6,0.41509433962264153,0.17680509452046486,0.3924585422513879,0.02211575481511086,1.0100000000000071,0.9799999999999999,0.003183010138751599,0.4,l
KSSL_207921,KSSL_34311.0,silty clay loam,0.05476345793093895,1.3569437906581139,0.12208538770211903,0.48165684791455077,1.3,70.5,28.2,,174.0,41.733891,-94.966774,0.007784267458664025,6,0.44150943396226416,0.16177511890470742,0.4843604335158754,0.027345124549337723,1.0589872399616547,0.5484461273633082,0.00733116043962384,0.1,sicl
KSSL_153913,KSSL_24178.0,silt loam,0.03842666965642989,1.3446413660933239,0.07887164973278778,0.4134623137016407,11.2,66.0,22.8,,89.0,45.210636,-123.11656,0.005137449861698562,6,0.43018867924528303,0.13395960036727325,0.41642041529866775,0.01384975686960698,1.0100000000000102,0.7381711073946232,0.004273405824154346,0.6,sil
KSSL_192606,KSSL_31331.0,silt loam,0.03290613221901764,1.793031599276476,0.12751290638972568,0.4100279334547754,30.5,50.6,18.9,,164.0,33.083332,-90.51667,0.008181570473259642,6,0.4188679245283019,0.13659880198143318,0.4160467921929492,0.01682582784068897,1.2699329079299222,0.9799999999999999,0.007196137837577914,0.1,sil
KSSL_15747865,KSSL_40638.0,sandy loam,0.06050715466022239,1.621982713073226,0.05784094262307944,0.5546720027254652,65.8,21.9,12.3,,50.0,37.195446,-112.19864,0.026312795142072434,6,0.6,0.08739615241311958,0.5605837600371295,0.024801783553244666,1.1410514686412863,0.9799999999999999,0.0230711222802553,0.0,fsl
KSSL_105953,KSSL_16916.0,sand,0.42142830064927683,1.5062290989384146,2.200846578907628e-20,0.38024030152492594,96.7,2.0,1.3,,136.0,34.375095,-103.50938,0.02960210258075432,6,0.3999999999999999,2.8207934578788603e-22,0.37989565326239416,0.2739716942993767,1.0100000000001963,0.5648898694041444,0.029449057935130408,0.06999999999999999,fs
KSSL_192602,KSSL_31331.0,silt loam,0.02554375183516334,1.8904709374049922,0.1510657478878958,0.43495324909118704,11.5,65.0,23.5,,40.5,33.083332,-90.51667,0.008048559531172192,6,0.37735849056603776,0.15791553562312605,0.44015385560410714,0.014187227090164366,1.3667026293251887,0.9799999999999999,0.006660139643547724,0.3,sil
KSSL_149356,KSSL_23390.0,loam,2.275967190507579,1.1714083326118527,2.467421204008094e-13,0.5698576361919352,30.3,46.2,23.5,,3.5,,,0.008819852602766872,6,0.6,5.491672962468723e-12,0.5698060952766099,2.1574173566982036,1.010000000000154,0.17120946235238377,0.008707818484179017,4.85,l
KSSL_197488,KSSL_32240.0,loam,0.04135221340906285,1.5840217632039777,0.17715590438473228,0.4991634560137981,31.5,44.6,23.9,,26.5,39.171566,-120.1548,0.013491919855409448,6,0.5433962264150943,0.1967021581587619,0.5082440217115727,0.016617841082847067,1.0574598661998427,0.9799999999999999,0.011040408645558967,3.3,l
KSSL_195250,KSSL_31852.0,sandy loam,0.4039926195993993,1.3263487550429396,0.033671638257890144,0.32520752214816284,71.7,18.2,10.1,,15.0,32.514435,-106.79056,0.01363498284112957,6,0.3433962264150944,0.05034139965002032,0.32422860624523997,0.22446013990762584,1.01,0.4355115562208948,0.013063002733344353,0.3,sl
KSSL_118538,KSSL_18822.0,loam,0.09681425783408217,1.1510153020324247,0.002044149132948989,0.39664044111105007,34.8,38.2,27.0,,32.0,,,0.006831608012376177,6,0.3999999999999999,0.09375867666200598,0.396084762035677,0.054889582578869965,1.01,0.25941144914012215,0.006613752998059444,0.44000000000000006,cl
KSSL_192614,KSSL_31332.0,silty clay loam,0.022342211844946266,1.20803555188222,7.374127815361475e-15,0.4787685923817305,7.6,54.0,38.4,,84.0,33.00016,-91.066788,0.00969525836995853,6,0.37735849056603776,3.9048689971107134e-21,0.4813856495981259,0.016901998852991977,1.01,0.2266668592858659,0.00826024033151358,0.6,sicl
KSSL_211740,KSSL_35014.0,silt loam,0.048342847491981776,1.2250900316054056,1.5987843603573004e-12,0.4517159308843358,6.6,67.1,26.3,,127.5,40.627335,-97.958916,0.008131599598140074,6,0.45660377358490567,3.237949114897279e-18,0.4490090378923024,0.05901623277579123,1.6004867529286742,0.13173123515451407,0.007825734474490099,0.1,sil
KSSL_195298,KSSL_31860.0,loam,0.5603717263624954,1.3154699515593364,0.08040033044552193,0.6084289828413328,38.3,45.7,16.0,,9.0,42.316666,-114.3,0.023524905726525283,6,0.6415094339622642,0.10221263773910051,0.6075326734355232,0.3575549560659243,1.0100000000000002,0.3861226469176412,0.022895440806855533,5.2,l
KSSL_181243,KSSL_29353.0,sandy loam,0.259309986882984,1.429238269335108,0.01914769225871369,0.40972994668012813,78.9,11.4,9.7,,24.5,32.601921,-106.76308,0.018925562314069555,6,0.4339622641509434,0.043513588374887134,0.40689093522285114,0.10050152968457791,1.0100000000000002,0.6988317927882746,0.01706804958420204,0.3,fsl
KSSL_15950561,KSSL_75727.0,sandy loam,0.06092668165318677,1.2329423669836168,3.116999587027199e-45,0.32471169484270634,57.7,25.8,16.5,,70.5,43.384102,-97.992798,0.013623761932638178,6,0.3547169811320754,2.56569656847314e-44,0.3245430754454858,0.03992182738496886,1.01,0.26282172418855204,0.01209664706862791,0.2,fsl
KSSL_15950508,KSSL_75719.0,loam,0.05799865938791122,1.2359377788796007,5.426570538435718e-15,0.41923139583831576,43.0,38.0,19.0,,6.0,44.087002,-96.584999,0.015594406774436667,6,0.4490566037735849,1.1349063533287335e-21,0.4210412488903024,0.043368033175007266,1.01,0.25537304864164717,0.014748357004316679,3.2,l
KSSL_15950538,KSSL_75723.0,sandy loam,0.25099124906595005,1.3076444069323951,2.247765430631553e-10,0.3729622124647332,74.0,15.6,10.4,,182.5,44.858799,-98.530296,0.008250287288353999,6,0.39245283018867916,2.0141508013156776e-92,0.3729501876523458,0.25460200255673165,1.336925555800557,0.2293334627350943,0.00825012895989515,0.2,fsl
KSSL_184694,KSSL_29928.0,silt loam,0.027900356747883708,1.5280417708583636,0.08389468113459983,0.4219417850768646,6.1,75.6,18.3,,7.5,38.232777,-87.3125,0.008279337823510917,6,0.4075471698113208,0.11528443638131446,0.42765161471820645,0.010397606971925015,1.0792575439747596,0.9799999999996828,0.007388291978082609,1.6,sil
KSSL_195186,KSSL_31841.0,silty clay,0.0820246721992271,1.223814161589751,0.13634546059330516,0.5223615311787231,5.0,41.3,53.7,,215.0,32.531113,-106.79083,0.0029749631568093777,6,0.4075471698113208,0.20115113204173152,0.5229027828701388,0.04275604204370905,1.0100000000000087,0.37072126837289543,0.0022430309210011113,0.2,sic
KSSL_211745,KSSL_35015.0,loamy sand,0.4294509016404499,1.3477417797766644,0.05204433984258986,0.38714743253495637,82.5,5.3,12.2,,58.0,41.472214,-101.67149,0.006499191637526357,6,0.4075471698113208,0.061216690858671,0.3871277080539777,0.28789714686380063,1.0100000000000016,0.4074461066737584,0.0063841182398344945,0.2,lfs
KSSL_206253,KSSL_34026.0,clay loam,0.005609083169722944,1.2304371124824054,1.2528942460099238e-12,0.3785095190981108,31.0,39.3,29.7,,175.0,40.695972,-96.855225,0.014758510858613074,6,0.31320754716981136,2.9760738281480804e-05,0.380359257116965,0.0036683413376145187,1.01,0.27134870595423805,0.01462425066282708,0.0,cl
KSSL_195231,KSSL_31848.0,sandy clay loam,0.29587615619100277,1.1840443276419024,0.030827300731791695,0.4181737356113559,50.4,24.1,25.5,,207.0,32.610268,-106.79639,0.006101211164717501,6,0.44150943396226416,0.07046716744489044,0.417727273502295,0.19963234845579217,1.01,0.2393021963249843,0.0056401289118811265,0.1,scl
KSSL_183542,KSSL_29746.0,loam,0.01886568738704987,2.297695848086237,0.07248000099939382,0.3665506476444747,40.5,49.8,9.7,,11.5,37.186501,-86.041031,0.014042191499385428,6,0.4075471698113208,0.058662058578384135,0.36267979423598196,0.034047004250265515,10.999999999557252,0.06839925474441773,0.012347441914926288,1.3,l
KSSL_173590,KSSL_27793.0,silt loam,0.054528030747980544,1.2272765492035955,8.768114493062093e-23,0.3784572660548271,11.3,65.8,22.9,,71.0,34.848499,-86.884941,0.008224378752091584,6,0.4037735849056603,0.005572720253790646,0.3815310762973935,0.04278019315442674,1.0100000310645698,0.2486913976207675,0.007920520412380174,0.3,sil
KSSL_197501,KSSL_32242.0,silt loam,0.023001879679605423,1.5467335556458295,0.10721313340715022,0.43377662752020374,11.6,65.7,22.7,,148.5,34.283333,-91.349998,0.0057522726550408515,6,0.3660377358490565,0.13906225141827977,0.4379569209950118,0.008995853368168886,1.1366481748357413,0.9799999999999999,0.0040121583532634585,0.1,sil
KSSL_192638,KSSL_31335.0,silt loam,0.022836570743290173,2.012427459555246,0.12960435065663947,0.42102614225507806,3.4,78.6,18.0,,85.0,34.783333,-90.816666,0.008665687466277284,6,0.43018867924528303,0.1151733061042084,0.4163175442608253,0.03920994044941963,10.999999933755566,0.05879709759583514,0.008220597908219707,0.1,sil
KSSL_197699,KSSL_32317.0,sandy loam,0.027341313646707967,3.906857041732668,0.052540000999999996,0.4293045016555025,47.0,47.5,5.5,,152.5,,,0.011917610784727943,6,0.4528301886792453,0.052540000999999996,0.4303399135326837,0.02424571948492666,3.2403687340519007,0.9799999999999941,0.011564364903544441,0.1,vfsl
KSSL_115949,KSSL_18456.0,sandy loam,0.12250311454671553,1.3973778393820229,0.0417692701844136,0.28969172445949654,66.3,24.7,9.0,,109.5,45.325275,-89.816483,0.008963507233670124,6,0.3018867924528301,0.011184698639996188,0.28695918733677617,0.2295019566595299,10.999999983547513,0.023559582689148276,0.007075044522194904,0.06999999999999999,sl
KSSL_153958,KSSL_24188.0,loamy sand,30.882958054305927,1.1317151122019555,1.1871155608288793e-19,0.4373531021791626,85.3,5.4,9.3,,53.0,41.581257,-119.73465,0.009362527244896049,6,0.46037735849056594,2.846956198122884e-15,0.4373486847178527,30.660667238160382,1.0100000000043048,0.13052216810648648,0.009358222681260213,0.1,ls
KSSL_153970,KSSL_24191.0,sandy loam,1.0566982313430384,1.1805672162525247,4.847648246163118e-18,0.46134662808231075,57.4,28.5,14.1,,7.5,41.581257,-119.73409,0.01901860631579809,6,0.4867924528301887,2.093035647519507e-15,0.4609093679580986,0.9340444870278818,1.0100000000000002,0.18311624826470965,0.01871731519422674,0.4,fsl
KSSL_192618,KSSL_31333.0,silt loam,0.06790898165042297,1.3101105098286245,2.1362303968054757e-19,0.45408748732122356,13.9,73.5,12.6,,63.5,45.684818,-118.10657,0.017817718300771883,6,0.4981132075471698,0.08723733368606106,0.4520078476039477,0.016769961980639497,1.01,0.8460650910157532,0.01519523837269813,0.5,sil
KSSL_207920,KSSL_34311.0,silty clay loam,0.05449877285168087,1.3212803095974333,0.10219691293228063,0.46250282448249364,1.5,69.3,29.2,,156.0,41.733891,-94.966774,0.0077407554720186535,6,0.4490566037735849,0.1442149018883184,0.46477807295676343,0.02932360543026443,1.0576430456620003,0.4768939292564187,0.007425914979614433,0.2,sicl
KSSL_15812449,KSSL_50360.0,silty clay loam,0.11714685860219225,1.5635300290765342,0.20504636808256035,0.6357840726406502,5.9,61.9,32.2,,88.0,37.590195,-102.61552,0.016980694883119662,6,0.4490566037735849,0.15215031395933715,0.6281955372429734,0.2119890328478563,10.999999999998307,0.031898031129518827,0.010360616788060996,0.2,sicl
KSSL_195172,KSSL_31840.0,sandy clay loam,1.3521605181277219,1.145114365599999,3.5913046078590728e-09,0.4336451108326431,47.5,25.6,26.9,,24.0,32.512779,-106.74306,0.0025765981069906948,6,0.45660377358490567,7.80630897850153e-15,0.4336174845118981,1.27283859618519,1.0100000002321823,0.14517425513200335,0.002395325698861005,0.4,scl
KSSL_164260,KSSL_25848.0,loam,0.03169290792945245,1.8413081544505885,0.12186800424424887,0.43199686626014056,48.6,33.2,18.2,,2.5,39.635326,-82.968407,0.02305269868538532,6,0.49433962264150944,0.11974586218518199,0.4549007635151525,0.018792557430267566,1.0100000000000047,0.9799999999164006,0.02004791090373371,3.7,l
KSSL_15769404,KSSL_43784.0,sandy loam,0.12644110413970092,1.6025376226495078,0.09629235280121855,0.46128459512279546,54.6,30.9,14.5,,20.0,40.397972,-105.84597,0.02251388224913112,6,0.4037735849056603,0.07931510411233834,0.4521165728955449,0.20337439275366098,10.999999999574033,0.04049791726434047,0.016677114807430202,0.2,fsl
KSSL_199802,KSSL_32756.0,sandy clay loam,0.10719002327701187,1.3125717728278476,0.034071500030214794,0.40904396288008404,61.0,15.4,23.6,,7.0,46.489288,-110.31808,0.006789522023449968,6,0.4339622641509434,0.08061635336212698,0.40939481332305994,0.045485426685284956,1.01,0.5425404574098185,0.005390415795097385,1.6,scl
KSSL_192615,KSSL_31332.0,loam,0.01951358876722931,1.9064453908398955,0.12363158297958643,0.45781594021952093,29.8,49.6,20.6,,122.0,33.00016,-91.066788,0.007885378275636517,6,0.4490566037735849,0.13366780079354965,0.46179566940864436,0.010991690523578367,1.444615358537921,0.9799999999999999,0.007051938528782633,0.3,l
KSSL_190733,KSSL_31012.0,silt loam,0.020453047599855695,1.3949010198866918,0.10512377187541597,0.379334568011395,17.3,59.5,23.2,,7.5,,,0.005312592477229931,6,0.4075471698113208,0.1541971004456566,0.3826601403513159,0.006391767390564115,1.0158198954982562,0.9799999999999999,0.004341485668752089,1.8,sil
KSSL_152983,KSSL_24010.0,loam,0.8229229274613179,1.180275596560239,6.38603934067444e-16,0.4645285268393399,28.9,48.1,23.0,,2.5,,,0.016793154557564693,6,0.49056603773584906,1.0419727297168724e-15,0.4640003802827563,0.7146923941692193,1.01,0.18361704723198496,0.01637418001426868,1.0,l
KSSL_152995,KSSL_24010.0,silt loam,0.21930335202339996,1.232673887488329,3.636835288036399e-22,0.46281163163996625,25.2,50.1,24.7,,2.5,,,0.023052727752884698,6,0.49433962264150944,0.0352742465337756,0.46059547000264683,0.12687228805751316,1.01,0.30802964539539535,0.022122705453002264,1.6,sil
KSSL_181498,KSSL_29388.0,sandy loam,0.0674844272627833,1.6399851449212768,0.057455739109288015,0.42065478482141105,49.3,43.9,6.8,,56.0,63.352444,-142.98331,0.007126736852628593,6,0.3584905660377359,0.0630907092800695,0.4216128257696908,0.056244229365037264,1.492227169062389,0.4860274428629415,0.0070187481211683046,0.2,fsl
KSSL_184649,KSSL_29923.0,silt loam,0.0133465381528378,1.2607798831756132,6.1789446548950244e-21,0.38793707195445304,10.5,66.2,23.3,,30.5,39.022499,-87.020554,0.013073444417754607,6,0.34716981132075475,2.8129487181564857e-14,0.3911205307563729,0.00944471321081986,1.01,0.2925230831678142,0.011977262270693356,0.4,sil
KSSL_15950668,KSSL_75745.0,loam,0.3515369209670353,1.150490962489296,1.5323520847544838e-22,0.39993365942282716,35.8,44.2,20.0,,152.5,44.5256,-99.460098,0.014113097791383781,6,0.4226415094339623,4.4993317210584054e-17,0.39949335211402165,0.30406628103908323,1.01,0.15347794705912127,0.013821883445513328,0.3,l
KSSL_207916,KSSL_34311.0,silt loam,0.4038422003362338,1.1548018889965306,1.0052279542451674e-09,0.4607568559193203,0.7,77.1,22.2,,70.0,41.733891,-94.966774,0.010264515995944938,6,0.4867924528301887,3.8074600145584483e-19,0.4607053774717026,0.3538102605563726,1.01,0.1573728764358668,0.009933391839479059,1.2,sil
KSSL_118572,KSSL_18826.0,silty clay loam,0.08450478287101504,1.248637095973684,0.08301019823710355,0.48977720902890715,19.2,42.3,38.5,,110.5,35.166752,-102.08379,0.0016899832283304558,6,0.34716981132075475,0.00878647188109715,0.48877943418156367,0.1257819048659929,1.5859226948082683,0.10802706612573326,0.0010692253758839087,0.27,sicl
KSSL_110076,KSSL_17574.0,loam,0.05470652166816189,1.3344237209481784,0.06245719359598909,0.404273404237107,32.2,49.7,18.1,,56.0,45.247215,-92.080734,0.010621615245757936,6,0.36226415094339626,0.12873820611835254,0.40381171859400977,0.012699559073406318,1.01,0.9799999999999999,0.008901813888826205,0.18,l
KSSL_118582,KSSL_18827.0,silty clay loam,0.044692361360759415,1.204671156921292,1.8096912066671607e-21,0.5024054330697658,4.7,62.5,32.8,,128.0,,,0.006708908633940267,6,0.4226415094339623,7.796623227060028e-17,0.505458022428725,0.03533599005412326,1.01,0.2187252991222737,0.004872583482837969,0.16999999999999998,sicl
KSSL_173606,KSSL_27796.0,silty clay,0.009626193114568289,1.1833145617254852,3.6224530879828004e-18,0.47664312291340966,1.5,43.6,54.9,,7.5,33.973782,-90.904984,0.012181131942579766,6,0.27924528301886786,1.3362039157848693e-17,0.47842035306187514,0.0071732810914265045,1.01,0.20213363558716457,0.011432886382840337,0.9,sic
KSSL_204142,KSSL_33665.0,sandy loam,0.1378527479826963,1.5165616745705108,0.050699477367512666,0.41752302116874573,74.6,18.5,6.9,,105.0,47.856152,-117.03548,0.024406992281655104,6,0.4188679245283019,0.03851485481527276,0.41204172641066866,0.221547189118715,10.999999999988567,0.0369984097368006,0.020994243314976894,0.1,sl
KSSL_195207,KSSL_31845.0,clay,0.12216766767548626,1.1158376067335238,6.422480342241409e-10,0.4765586461288838,8.0,25.7,66.3,,46.5,32.66777,-106.77194,0.00503216544132319,6,0.320754716981132,4.2112422386866465e-17,0.47712645350977423,0.10824595058908924,1.0100000000041607,0.11831339040115378,0.004942383425950574,0.2,c
KSSL_15950594,KSSL_75733.0,loam,0.12109322738518664,1.4115645958929712,0.043865761389492275,0.4488546989891311,47.7,35.8,16.5,,68.0,45.573502,-98.030098,0.009852539570065292,6,0.4716981132075472,0.008722085444619561,0.44811334459500535,0.2034099722000892,10.907229323853581,0.02718864367000313,0.009474911249193379,0.8,l
KSSL_207927,KSSL_34312.0,silty clay loam,0.10603528186845931,1.177029758169884,1.964264975465398e-18,0.4410718587771389,0.7,70.2,29.1,,79.0,41.734974,-94.968002,0.011677084353423843,6,0.4716981132075472,0.04736762860235959,0.44163172554129143,0.07261946253513096,1.01,0.23048377122743288,0.01111513444446175,0.4,sicl
KSSL_107821,KSSL_17218.0,loamy sand,0.3125154953889137,1.3353478644116452,0.01516091511673704,0.2759417888551432,80.5,12.1,7.4,,250.0,45.417221,-88.586998,0.004444427480745382,6,0.290566037735849,0.013910424648921775,0.27591741959263394,0.32621841069984514,1.3914402364902152,0.23585612272916567,0.004442323455573323,0.01,ls
KSSL_15950555,KSSL_75726.0,clay loam,0.0031340277460808127,1.381512346594302,6.092535898757532e-28,0.35751602278335376,43.3,29.5,27.2,,84.5,44.987499,-101.253,0.015862675805130504,6,0.3245283018867925,2.449746271625302e-13,0.3603211289521317,0.001002022100186442,1.01,0.7058565096268109,0.014154296014523454,0.7,cl
KSSL_184635,KSSL_29922.0,silt loam,0.018630225211015632,1.2954370289239585,5.278310249019197e-18,0.42207702254829754,8.2,70.9,20.9,,10.0,39.042778,-87.054443,0.005934317713729319,6,0.3849056603773584,4.361974038804943e-15,0.42653453354005216,0.01310595825615436,1.01,0.3302920237949287,0.004285614204251177,1.3,sil
KSSL_198137,KSSL_32397.0,loamy sand,1.386904312859586,1.1507891859731558,1.2745486529568246e-17,0.32210997201067804,76.2,18.5,5.3,,87.0,46.804974,-116.85367,0.009166942432427943,6,0.3396226415094339,4.161382407187162e-26,0.3219197998735292,1.2724379989935712,1.010000000000009,0.1516249961079103,0.009003536532118082,0.1,lcos
KSSL_181271,KSSL_29355.0,silt loam,0.6323975460688782,1.275057802510986,5.358286137209955e-16,0.5284488793853478,26.3,57.5,16.2,,2.5,32.892418,-106.15503,0.029555641890759942,6,0.5584905660377358,1.0472370101398257e-14,0.5273124822360811,0.49200913521710704,1.01,0.28883507025421445,0.028751613360236412,0.9,sil
KSSL_154000,KSSL_24197.0,loamy sand,0.6211253687664302,1.2893270697271118,0.009912860330943091,0.4439438023737275,81.9,8.5,9.6,,68.5,41.53384,-119.54144,0.021755125482734557,6,0.4679245283018868,0.026718565100191237,0.44338281258785567,0.423141849460834,1.0100000000000195,0.34280539634758705,0.02143585716373874,0.2,ls
KSSL_15747862,KSSL_40637.0,loam,0.035416447837393096,1.3499542496091388,0.13469976887941065,0.4492748655116389,34.2,41.9,23.9,,145.0,37.869888,-112.43461,0.004293848950298886,6,0.46037735849056594,0.1895406922401854,0.45071782467541904,0.0119423793760144,1.0100000000007894,0.783559904992715,0.0033855035391067885,0.7,l
KSSL_15769503,KSSL_43798.0,clay,9.869701431087018,1.1107773110482648,0.04018083365613056,0.6165398611468712,18.3,39.9,41.8,,17.0,45.301407,-123.39092,0.0276309033493284,6,0.6490566037735849,0.04830591673718337,0.6165085021559417,9.216835274129416,1.010000000001184,0.11323995387824014,0.02762043918205822,5.4,c
KSSL_192593,KSSL_31330.0,loam,31.62277660168352,1.3096987239109166,0.07814724479626782,0.6664877311696327,46.6,45.6,7.8,,9.0,45.265217,-117.17374,0.009442681862041552,6,0.7018867924528301,0.07803225540104693,0.6664905320181274,31.62277660168274,1.0100000676332022,0.30630739430533827,0.009424666269498885,4.5,l
KSSL_197693,KSSL_32317.0,silt loam,0.05851124129476992,1.26846270464389,0.06578242644556265,0.41198131197822313,22.6,53.1,24.3,,14.0,,,0.0015209344609718916,6,0.3735849056603773,0.1118007585495391,0.41320459879204796,0.03347483220547672,1.056110778151419,0.39480119763939786,0.0009424057661442123,0.7,sil
KSSL_188172,KSSL_30552.0,sand,11.325328466009571,1.1993168660354647,2.3782464569031866e-24,0.3979061591818577,91.3,4.1,4.6,,93.5,48.720554,-120.65861,0.010488133799813577,6,0.4188679245283019,2.868469364849692e-18,0.3978868925099968,11.044508693780204,1.010000000000001,0.19804960975766817,0.010465093596696819,0.5,s
KSSL_15830390,KSSL_53325.0,loam,0.19943089297521957,1.3157576352987934,0.022967975405431343,0.4883535845723888,50.1,34.5,15.4,,5.0,37.657513,-107.80286,0.01990345351872989,6,0.5169811320754717,0.07527459270761216,0.48492239894302713,0.07920863678510501,1.01,0.5420666492356387,0.018455695181070913,4.6,l
KSSL_184658,KSSL_29924.0,silt loam,0.03065622303341604,1.1821031468812835,2.271400195871696e-23,0.41503784144221095,4.4,69.3,26.3,,49.5,38.773335,-87.070557,0.007557548528187342,6,0.320754716981132,1.1646728951688954e-17,0.41696040790799277,0.024335735414401018,1.01,0.19475095941371406,0.006342365848231386,0.3,sil
KSSL_207898,KSSL_34309.0,silty clay loam,0.0767119274826023,1.1686150134130138,1.852057391506229e-21,0.4420844219004652,1.3,65.0,33.7,,49.5,41.278641,-94.452499,0.006038606217821154,6,0.4641509433962264,2.6975848085934425e-10,0.44325355420854223,0.06156217402821928,1.0100000000000002,0.17731981172627923,0.005438222654339767,1.4,sicl
KSSL_15950602,KSSL_75734.0,clay,0.028888960107732446,1.2018768699717497,6.300666071186762e-23,0.39854862028949406,33.8,25.4,40.8,,156.0,44.678299,-103.5606,0.014311082343153012,6,0.4075471698113208,2.906660430717543e-28,0.39859591008673007,0.019119038083089502,1.01,0.22952993394195265,0.013256177068662623,0.5,c
KSSL_181502,KSSL_29389.0,silt loam,0.025938424612300563,2.115637667710107,0.0723175787802864,0.38644227361819505,41.2,52.1,6.7,,49.5,63.353333,-142.98181,0.01587472631677963,6,0.39245283018867916,0.07487371372185424,0.39338143684225324,0.016803942684163888,1.5052651141332927,0.9799999999999999,0.015384176994474353,0.5,sil
KSSL_184657,KSSL_29924.0,silt loam,0.021228376870300183,1.2094046860459506,1.355763365670647e-16,0.3872005710839035,5.6,69.9,24.5,,31.5,38.773335,-87.070557,0.005853306850125049,6,0.33207547169811313,5.732951910489688e-14,0.3896781990837746,0.016742664360659736,1.01,0.22447185663190714,0.004893737437609765,0.2,sil
KSSL_15950560,KSSL_75727.0,loam,0.1695436403633462,1.1777560065908894,1.523028890703795e-17,0.33314224758665845,47.6,31.1,21.3,,49.5,43.384102,-97.992798,0.018347299530624233,6,0.3547169811320754,2.660181450680311e-24,0.331839420447149,0.1261338588471078,1.01,0.18871322132075136,0.01785846735871219,0.4,l
KSSL_206392,KSSL_34045.0,clay loam,0.1971646603202325,1.060447915455163,7.574194095422946e-05,0.33524708902490663,41.2,22.5,36.3,,82.0,28.63825,-97.605392,0.000563470501733281,6,0.3169811320754716,1.0471604740671823e-09,0.3353223548237494,0.18706130637799376,1.0100000000000917,0.06052301623168095,0.00047088576916425257,0.6,cl
KSSL_181503,KSSL_29389.0,sandy loam,0.1476360685692367,1.8254154079901423,0.03733314890712497,0.3712040601585404,61.2,37.1,1.7,,60.5,63.353333,-142.98181,0.0060828117275406254,6,0.3886792452830189,0.027286902274444812,0.3692454391809372,0.2375888736190698,10.14051560601329,0.05977657756908407,0.003221424704299345,0.1,fsl
KSSL_184656,KSSL_29924.0,silt loam,0.021086566047394593,2.0437835510689153,0.12416762319331434,0.4130047877579043,5.2,78.2,16.6,,10.0,38.773335,-87.070557,0.01188958172559353,6,0.3735849056603773,0.1078052249210432,0.40823109953087805,0.03688362288820427,10.99999999932662,0.058449709005982585,0.010126595478588364,1.3,sil
KSSL_107768,KSSL_17212.0,sandy loam,0.3002133824629347,1.5117775350958795,0.05661000099999894,0.28238507181293226,72.3,18.4,9.3,,180.0,45.521664,-88.48616,0.021648521983823613,6,0.2943396226415095,0.056610001,0.2796316737425538,0.33190952302123283,10.999999716251201,0.046451453772395644,0.020258569522399204,0.06,sl
KSSL_181205,KSSL_29350.0,sandy clay loam,0.04418759365324196,1.5049070916255873,0.07422264748329928,0.34967756897705987,58.9,17.2,23.9,,115.5,32.602318,-106.76126,0.005404195856671272,6,0.34716981132075475,0.09907323309935384,0.35344526349593447,0.015013516043856976,1.06261092239364,0.9799999999999999,0.0031413427490196524,0.2,scl
KSSL_206247,KSSL_34026.0,clay loam,31.62277660168371,1.1511404282149702,0.0997886940296508,0.500814366841525,31.3,40.5,28.2,,9.0,40.695972,-96.855225,0.01120039950132075,6,0.5283018867924528,0.09967708136084977,0.5008178360998577,31.62277660160263,1.010000044010097,0.14955030998254462,0.011192909657818276,2.9,cl
KSSL_110081,KSSL_17575.0,silt loam,0.033959515257913214,1.2926524933002124,2.638966706356681e-16,0.4006039540375697,29.9,56.5,13.6,,9.0,45.34166,-91.859894,0.009800951123975327,6,0.369811320754717,0.05763520372092282,0.40333560390834466,0.015931705474544058,1.01,0.5061037083802323,0.008821290524756858,1.6,sil
KSSL_190700,KSSL_31008.0,silt loam,0.08273371361785734,1.3426219616083375,0.023327091183086433,0.5697531866651182,11.3,67.7,21.0,,7.5,,,0.015656974368549428,6,0.4641509433962264,1.0641017593449178e-20,0.5572995768966436,0.1314063870663078,3.3054771121731,0.08101346245705185,0.012010251191519444,1.6,sil
KSSL_181170,KSSL_29348.0,sandy loam,0.7958870868674813,1.2924642192132136,0.0026014434864591253,0.39036895470037675,79.7,9.0,11.3,,34.0,32.596363,-106.76321,0.017640114027016568,6,0.41132075471698104,0.014442642686114377,0.3900196687330908,0.5686133501865416,1.01,0.3359243111034719,0.01739322257478096,0.2,fsl
KSSL_153984,KSSL_24193.0,sandy loam,0.02423633505152631,2.4031402402067243,0.131130001,0.3850258939785642,58.4,21.8,19.8,,17.5,41.583115,-119.73584,0.011906434614766022,6,0.4226415094339623,0.13097999646087183,0.38155051880015345,0.03711348549898196,10.999999996100469,0.09480940990736225,0.011558503946227303,0.5,fsl
KSSL_197507,KSSL_32243.0,silt loam,0.025055801976603533,2.425583207422105,0.13524000099999803,0.4437295531511874,10.6,68.4,21.0,,86.5,35.216667,-92.916664,0.012035072478482036,6,0.42641509433962266,0.135240001,0.443480405926906,0.025540699534863202,2.481764620565561,0.5666736094558,0.012034573367951034,0.1,sil
KSSL_186824,KSSL_30331.0,clay,0.11541371217782981,1.0715769461658435,1.054175235904441e-19,0.47073784338911345,16.3,27.0,56.7,,53.0,35.074665,-86.894165,0.0039055747683281504,6,0.36226415094339626,2.611138478294935e-17,0.4709857130352323,0.10733958283401156,1.01,0.07222228584659288,0.0036805900087567675,0.6,c
KSSL_118579,KSSL_18827.0,silty clay,0.018435679553656697,1.165032045427313,1.1067758742171798e-23,0.4343033653706852,3.1,56.3,40.6,,54.0,,,0.010835822923284768,6,0.34716981132075475,1.0697349038643653e-23,0.4359539215408803,0.014717516616406212,1.01,0.17678578117314345,0.009946459790483086,0.5900000000000001,sic
KSSL_107841,KSSL_17221.0,sandy loam,0.27110138357200814,1.3508632319961817,7.006233023213945e-17,0.28451448066598833,72.7,22.4,4.9,,56.0,46.105553,-89.084793,0.007234528203756068,6,0.29811320754716975,1.8465957235571472e-127,0.2832086224130039,0.35963742862875725,10.953069766829726,0.029655790690133032,0.005827070249412744,0.06,sl
KSSL_15950608,KSSL_75735.0,silty clay loam,0.0018427378798430848,1.3026331782332932,3.372321430787267e-17,0.33803939549507045,6.0,54.3,39.7,,155.0,43.052601,-96.904099,0.028746300635297192,6,0.3509433962264151,1.4983617754788502e-17,0.340212717795843,0.0007870918147109266,1.01,0.4746610876965731,0.02845581371965924,0.4,sicl
KSSL_181300,KSSL_29357.0,loam,0.4467550952978634,1.2296252150294826,0.03429682405357809,0.4578680336120083,40.9,34.1,25.0,,19.5,32.345222,-105.7775,0.015935432285696532,6,0.4830188679245283,0.06283014183149556,0.4572332445319743,0.2995757471096087,1.0100000000000058,0.28516542330877903,0.015596667179649736,0.9,l
KSSL_193769,KSSL_31573.0,silty clay,0.0015629601405360142,1.3640586377118895,7.015391566956132e-18,0.3525924055695817,9.6,49.6,40.8,,29.5,41.070557,-77.489998,0.01155026682967612,6,0.37735849056603776,5.334200132779946e-18,0.35419983646526154,0.0003239718960499974,1.0100000060800853,0.9799999999997688,0.011362768458254211,0.3,sic
KSSL_193743,KSSL_31568.0,silt loam,0.009840025998102906,1.4356142187630958,9.963613835119345e-15,0.4124751586123374,8.5,68.3,23.2,,11.0,40.93639,-77.649719,0.013375127905572893,6,0.4226415094339623,9.984306250515156e-18,0.41859590513796385,0.005145039891987883,1.0100000000003209,0.5566596286105143,0.010893828897407093,1.6,sil
KSSL_186817,KSSL_30330.0,silt loam,0.03706508224792569,1.21126004968015,1.2227453378505351e-19,0.40105273365235594,6.4,67.0,26.6,,10.0,35.139362,-86.191109,0.005128451147412798,6,0.4075471698113208,0.09955063487252755,0.4022286898777241,0.017525306889305065,1.01,0.42996225289763723,0.004439572657665665,1.3,sil
KSSL_153956,KSSL_24188.0,clay loam,31.62277660168378,1.0376041829237317,0.03161014655775619,0.4339479917964831,33.2,37.7,29.1,,21.0,41.581257,-119.73465,0.025593432224343862,6,0.46037735849056594,0.03271163592417058,0.4339629884132923,31.62277660168378,1.01,0.03735574142898289,0.02559264468618034,0.6,cl
KSSL_195259,KSSL_31853.0,sandy loam,0.18216007293882122,1.4116068639787804,0.035457125504911174,0.4087402845125054,70.2,18.0,11.8,,165.0,32.513634,-106.796,0.013674054304583533,6,0.4339622641509434,0.06626994269375197,0.40654247538461685,0.06350395642445662,1.01,0.7402693200454987,0.01146018803570145,0.1,cosl
KSSL_181145,KSSL_29346.0,sandy clay loam,0.07940862159893705,1.4722036217453471,0.06675122849508518,0.42708820023969635,61.7,12.9,25.4,,74.0,32.54837,-106.76523,0.025051568955561224,6,0.4679245283018868,0.09867108210419162,0.43185047987726505,0.02421212046373912,1.0100000000004383,0.9799999999999999,0.021577654839918626,0.3,scl
KSSL_110056,KSSL_17571.0,sandy loam,0.15004016793018968,1.4420856800753952,0.032022662856485605,0.3032378779079992,72.9,18.8,8.3,,207.5,45.57777,-91.628494,0.005696355487773694,6,0.320754716981132,0.05115085435690386,0.30296985112921504,0.05430543199172984,1.0100000000000198,0.7663345425670668,0.0038449131897787987,0.06,sl
KSSL_206389,KSSL_34045.0,sandy clay loam,0.05385443249158216,1.5172492300560854,0.18446807109590574,0.3994303104945464,52.3,18.8,28.9,,6.5,28.63825,-97.605392,0.0026359307421381633,6,0.3999999999999999,0.2015770990060444,0.4025386757419831,0.019698346865366225,1.0569834686407484,0.9206995328831822,0.0007537981165596582,2.4,scl
KSSL_192629,KSSL_31334.0,sandy loam,0.09802793486629899,1.6062510374795314,3.039850219626985e-19,0.34119568914471676,52.0,45.2,2.8,,69.5,34.25,-92.01667,0.019222521964170063,6,0.369811320754717,0.015442796250526913,0.3437763398543272,0.03610930304362892,1.1118050786618672,0.9799999999999726,0.015616034708801383,0.1,vfsl
KSSL_110039,KSSL_17569.0,sandy loam,0.03244148679285431,1.8913560701057313,0.07226795615781849,0.3186013686222169,56.4,31.7,11.9,,114.5,45.578606,-91.629051,0.013314870774611989,6,0.3396226415094339,0.07696343219547302,0.324413260293466,0.018017009529879054,1.3338332069494943,0.9799999999999999,0.011195007064805607,0.11000000000000001,fsl
KSSL_186813,KSSL_30329.0,sandy loam,0.04101597857201678,1.403463439776902,1.3752600186300351e-19,0.3167688704615119,59.4,33.3,7.3,,118.0,41.800007,-81.066673,0.006454693004806005,6,0.3433962264150944,0.01861535545587823,0.3221837091913565,0.02057423448634261,1.0100000000000002,0.5899690649317619,0.004684429857684727,0.3,fsl
KSSL_193753,KSSL_31570.0,silt loam,0.018313000462886447,1.3821851634971223,0.022455438058209324,0.4086574767945481,15.0,63.4,21.6,,13.0,40.90778,-77.690277,0.0061253589702449365,6,0.41132075471698104,0.1003035249786006,0.41213711761776517,0.005785135764037588,1.0436856058983435,0.979999999578212,0.00479845225346374,1.4,sil
KSSL_15769515,KSSL_43799.0,loam,0.019662081885381124,3.5948262923794565,0.233700001,0.5726258057485764,36.6,44.9,18.5,,62.5,45.291489,-123.38734,0.013151984555064963,6,0.5018867924528303,0.233700001,0.5730346465311572,0.016863006186010058,3.1669845059972657,0.979999999999961,0.012847389485417497,0.6,l
KSSL_154001,KSSL_24197.0,sand,1.3934081626387222,1.2394283309818035,0.01643351359629321,0.36547137497258686,88.2,7.9,3.9,,98.5,41.53384,-119.54144,0.016418650421614788,6,0.3849056603773584,0.024776231180637813,0.36531680853065984,1.1132313561997296,1.01,0.2609887217172055,0.016322599793781478,0.1,cos
KSSL_118539,KSSL_18822.0,clay loam,0.033315956517658424,1.668341671057883,0.18363318560380187,0.4085191342835195,39.9,30.3,29.8,,46.0,,,0.006879128499538181,6,0.41132075471698104,0.19438691257620672,0.41380829453763107,0.014952144177265604,1.151704826257711,0.979999999999991,0.005404424806174311,0.24,cl
KSSL_183543,KSSL_29746.0,clay,0.019368588863352437,1.117303764040556,1.9653167662159583e-14,0.4554712140155387,17.7,24.8,57.5,,40.5,37.186501,-86.041031,0.006881223985996272,6,0.3999999999999999,1.6132461481356218e-20,0.45651095626717847,0.016950717797009084,1.01,0.12141544069605148,0.006460109267630511,0.3,c
KSSL_107873,KSSL_17225.0,sandy loam,0.14406797335933166,1.802100901915959,0.09144000099999999,0.4923934984295024,51.6,43.4,5.0,,17.5,46.106941,-89.084793,0.012644726626537702,6,0.5132075471698113,0.08082387003385852,0.48771251143441274,0.226357920651614,10.999999999941794,0.05511012053675845,0.00591838549624048,2.07,fsl
KSSL_15812447,KSSL_50360.0,silty clay loam,0.12423330691902942,1.8222358496354025,0.26358000099999773,0.6926541773584513,5.0,59.4,35.6,,37.0,37.590195,-102.61552,0.024044730734707892,6,0.39245283018867916,0.26220331731347524,0.6823986642729478,0.19306452895366719,10.999999999833575,0.06009571621563935,0.01571070473409213,0.4,sicl
KSSL_164091,KSSL_25820.0,sandy loam,0.10674387210790612,1.5899164597547757,0.08451133669408899,0.3504269212431763,58.2,28.6,13.2,,119.0,46.306026,-105.97742,0.005123495587978301,6,0.3660377358490565,0.06644078845585628,0.3475895876954266,0.18217257871515186,3.4278761365838437,0.11917437586090128,0.0027770808726046647,0.0,fsl
KSSL_15812457,KSSL_50361.0,clay loam,0.092240318991538,1.9389489656519205,0.22078000099999123,0.6217084700382407,21.4,48.3,30.3,,15.0,37.634014,-102.26577,0.01712355175002346,6,0.4226415094339623,0.2146566059423647,0.6115958976190571,0.14340875303195275,4.566781965086944,0.1535215338928702,0.013388341600300687,0.7,cl
KSSL_195297,KSSL_31859.0,sandy loam,0.174524942724935,1.4152547117745229,4.643581629622704e-18,0.4953931986265308,65.7,28.2,6.1,,47.0,,,0.025433264211282485,6,0.5283018867924528,0.032801335488302844,0.4900971140298338,0.058514264191969596,1.01,0.7272551936010592,0.02258626558460955,0.9,cosl
KSSL_15950528,KSSL_75722.0,loam,0.09482014945663529,1.2334730627679802,3.449901226258441e-12,0.418302610088463,30.1,45.9,24.0,,113.5,44.989498,-99.953697,0.010064375534551362,6,0.4377358490566038,3.617132873918814e-49,0.4159270416830746,0.14486590122148285,3.2259933335565645,0.06405438576921216,0.009592334072008199,0.3,l
KSSL_181200,KSSL_29350.0,sandy loam,0.3067044612805334,1.3301842439973772,0.013229816678656348,0.3921011121191455,76.6,11.5,11.9,,31.5,32.602318,-106.76126,0.018758401206584247,6,0.41509433962264153,0.04266967474211499,0.38992478146492526,0.1452336233834319,1.01,0.49179026581748553,0.01773090510276214,0.2,fsl
KSSL_107802,KSSL_17216.0,sandy loam,0.025227055521934695,2.357663874036754,0.03572432133641419,0.3815983145404647,59.6,36.1,4.3,,49.5,45.46833,-88.586716,0.014309572955974228,6,0.38113207547169814,0.0363400009999979,0.3867749856492219,0.017815013368445893,1.764348885058968,0.9799999999999953,0.013756934798650079,0.19,sl
KSSL_184660,KSSL_29924.0,silt loam,0.03612323284428729,1.2318756811868055,3.333389514287412e-10,0.3928606684599192,16.3,62.8,20.9,,84.0,38.773335,-87.070557,0.0062630258664883335,6,0.3396226415094339,0.038146295671548536,0.39562094640973017,0.024252845689687493,1.0100000968508,0.3067940004289383,0.006031161701337392,0.4,sil
KSSL_211769,KSSL_35018.0,loamy sand,0.8043623371514108,1.36992083552822,0.05291657296044096,0.43727789275508816,83.4,6.8,9.8,,60.0,41.695618,-101.49545,0.007563700913003638,6,0.46037735849056594,0.058571069811322624,0.43720605981245114,0.5944941005748134,1.010000011827005,0.40926649344755484,0.007368910516151708,0.3,lfs
KSSL_197459,KSSL_32234.0,loamy sand,4.863525448451353,1.2154370475169791,3.680540135554697e-21,0.48748195616168566,82.3,11.9,5.8,,8.0,39.164246,-119.89687,0.017829512916599417,6,0.5132075471698113,2.1963100920893766e-14,0.48742711260455374,4.640869375506378,1.0100000339597113,0.21490475252433802,0.017777503676684268,2.8,lcos
KSSL_181157,KSSL_29347.0,loamy sand,0.8962657810070263,1.2689229755290872,1.0661905245059806e-09,0.39383215602593763,82.3,6.7,11.0,,26.5,32.54837,-106.76523,0.0172570871078122,6,0.41509433962264153,0.012912970502371621,0.39344809558095123,0.6505940031321292,1.0100000000057547,0.307705607125811,0.016991581346761864,0.2,ls
KSSL_184696,KSSL_29928.0,silt loam,0.012258060965951702,1.2070310862310274,6.144784373683094e-13,0.36305018181423937,10.7,64.5,24.8,,48.0,38.232777,-87.3125,0.013898662769961552,6,0.2754716981132076,0.16246833666460184,0.3640627638188192,0.0032599750116701536,1.01,0.979999999755588,0.013434949840345597,0.2,sil
KSSL_183544,KSSL_29746.0,clay,0.002637584974266427,1.1637328197627794,3.742631621055377e-18,0.49943510179533673,4.1,24.3,71.6,,72.0,37.186501,-86.041031,0.016593408653255873,6,0.3660377358490565,2.8251134075369823e-05,0.5000977652249797,0.0015278364944316552,1.01,0.21145113803938684,0.016419421051496155,0.2,c
KSSL_15769481,KSSL_43795.0,silty clay,0.2060246055619135,1.3781909853410952,0.27186759388197845,0.5786637539034134,8.3,47.1,44.6,,57.0,45.289513,-123.35818,0.02150776985098222,6,0.4981132075471698,0.2704023343007929,0.5749988534737186,0.280278949756494,10.999999997784434,0.031177118122802137,0.01970920166620911,1.2,sic
KSSL_199801,KSSL_32755.0,silt loam,0.06315581871431275,1.3621302621117382,2.0619364798319864e-18,0.4391352524167856,15.9,65.4,18.7,,61.0,46.513851,-110.31191,0.011775804780814659,6,0.47547169811320744,0.05915376559963102,0.4421125012634797,0.02195160090336171,1.01,0.7415236321696818,0.009329998066854113,0.5,sil
KSSL_192660,KSSL_31338.0,clay,0.009190632433694302,1.2019084245179015,3.0290633760174915e-16,0.4618904680044499,16.9,39.7,43.4,,141.0,39.700474,-96.162941,0.01540751419082266,6,0.28301886792452835,9.501630074094746e-17,0.4640449451613249,0.006789834121765857,1.01,0.22313218692055156,0.014857953909649176,0.3,c
KSSL_107764,KSSL_17212.0,silt loam,0.031454655860074454,1.8402092037235003,0.039847002875767736,0.363520904790449,34.0,60.1,5.9,,56.0,45.521664,-88.48616,0.012175237108780858,6,0.3999999999999999,0.047819736830825674,0.3717580097224716,0.01695141646234566,1.2769671864715395,0.9799999999999999,0.010915726249595945,0.25,sil
KSSL_15769401,KSSL_43783.0,sandy loam,0.14393811607523385,1.2951883806158877,0.07526903630439452,0.3803575926826995,58.3,25.2,16.5,,72.5,39.380348,-106.19783,0.02593662198206044,6,0.2113207547169812,0.04558914270870078,0.3727669383867341,0.21780857901168518,10.975505474701341,0.020000199785233628,0.024071262738167714,0.1,sl
KSSL_173599,KSSL_27795.0,clay loam,0.0044780321060210486,10.999999968657798,0.23993679202401133,0.3556431449020795,39.2,33.4,27.4,,2.5,33.437721,-88.780502,0.023723014424821606,6,0.260377358490566,0.239979190546493,0.35564317437302023,0.004443790690675004,10.999999999999998,0.9799999999666685,0.023722988435434366,3.1,cl
KSSL_149349,KSSL_23386.0,silt loam,0.39676350762747287,1.2571283150808688,0.017356026663481225,0.5393809072779217,25.0,51.5,23.5,,10.5,,,0.018235574530053547,6,0.5698113207547169,0.05568558245747989,0.5381539511264616,0.24198229427335238,1.0100000000000002,0.33623246499183845,0.017456010065964873,2.95,sil
KSSL_195261,KSSL_31854.0,clay,1.9998595346141985,1.0796942855168197,3.7013354561542798e-19,0.49742446123712003,5.1,31.7,63.2,,17.5,32.540001,-106.86139,0.017410203335507923,6,0.5245283018867924,5.8446960373923765e-18,0.4972247209541267,1.9056974431881153,1.01,0.07950245744162315,0.017342066800914897,1.6,c
KSSL_107794,KSSL_17215.0,loamy sand,0.476272932036965,1.5340101817774963,0.03612000099999999,0.33065540673474253,78.1,18.3,3.6,,74.0,45.521385,-88.485046,0.015407494673755172,6,0.34716981132075475,0.03612000099999999,0.32981137027232954,0.517414627723432,10.747794549786754,0.04912770199929359,0.014645608724453241,0.08,ls
KSSL_211735,KSSL_35014.0,silt loam,0.04607975701642893,1.3048256030934757,0.04736250364559869,0.4187473094090179,7.0,68.1,24.9,,17.0,40.627335,-97.958916,0.008511734704701937,6,0.43018867924528303,8.267288400095252e-21,0.41503577378037937,0.0681289264247154,2.028098951321029,0.1086259921575475,0.007709689072775606,1.3,sil
KSSL_15950483,KSSL_75714.0,clay loam,0.003818444653891198,1.3015670975474485,5.992545734006014e-94,0.32866145647457695,33.4,26.8,39.8,,24.5,44.425999,-103.38,0.028333160579435926,6,0.38113207547169814,2.085160659955184e-16,0.33105481590970054,0.0017368020689807466,1.01,0.44589032206370716,0.027437436862540653,0.9,cl
KSSL_107858,KSSL_17223.0,loamy sand,0.19242698252690696,1.6533363489664943,0.023898454796649257,0.3093039907465138,81.1,16.3,2.6,,44.5,46.106384,-89.084793,0.02083497656127629,6,0.320754716981132,0.02673443977765566,0.3049152382305663,0.24547776428820392,10.999999971067748,0.05726368347976557,0.017709474221389493,0.04,ls
KSSL_15747902,KSSL_40645.0,silty clay,0.004711788086978629,1.253718845407524,1.3494247399422062e-16,0.4840846472072669,2.0,50.8,47.2,,131.5,40.166016,-113.0209,0.015220685954652844,6,0.45660377358490567,0.19702866836844435,0.48646646855698933,0.0014443701446561115,1.010000000000016,0.9799999999999982,0.014926750617308812,0.3,sic
KSSL_105909,KSSL_16910.0,sandy clay loam,0.060948962061095846,1.7107812017139317,0.11679333760006465,0.396591764650149,75.8,3.4,20.8,,35.5,34.440647,-103.58688,0.007005632409194465,6,0.3886792452830189,0.12126729832030748,0.39782650558813604,0.04970082675312918,1.5295048535396487,0.537538715931959,0.006885350290291771,0.27999999999999997,scl
KSSL_181218,KSSL_29351.0,sandy loam,0.42955622826747325,1.4603841910051445,0.04540836752761038,0.3939700813872294,79.7,8.3,12.0,,48.5,32.602318,-106.76126,0.004899692550253284,6,0.41509433962264153,0.053764703121627906,0.3938190368944211,0.24953747212538036,1.0100000000002778,0.5727775671480813,0.0038272994671449106,0.1,fsl
KSSL_15747875,KSSL_40640.0,sandy loam,0.09585004422042827,1.290183391831191,1.0458155973139602e-22,0.41488167312517993,55.3,30.1,14.6,,14.0,41.331444,-111.30356,0.015327653575240073,6,0.44528301886792454,0.017895487681483916,0.4151891724601499,0.05762462732101014,1.01,0.36345971321583986,0.013710597860144048,2.6,vfsl
KSSL_181293,KSSL_29356.0,sandy clay loam,0.187575435451943,1.2772981378887793,0.04453426693725491,0.4267708958801206,49.7,27.0,23.3,,17.0,32.351501,-105.76539,0.017578189918863743,6,0.4528301886792453,0.09928382397211788,0.42310087597398277,0.071294756454622,1.01,0.5107742220064533,0.01654461524817006,0.9,scl
KSSL_15950498,KSSL_75716.0,silt loam,0.16639012421187643,1.2386302454290041,1.1738205408642494e-11,0.4511585193770019,11.7,68.7,19.6,,163.5,43.731602,-96.681396,0.0114318425490204,6,0.47547169811320744,1.7019663903585815e-10,0.4515861047868239,0.13279098273048465,1.0100000000003904,0.24968193273576536,0.0112270589767321,0.0,sil
KSSL_15950478,KSSL_75713.0,clay loam,0.013461099699293733,1.266534853352695,2.6088303027826344e-17,0.35371411892921756,41.7,28.5,29.8,,39.5,45.716301,-98.931,0.010627271291933136,6,0.3509433962264151,0.12047050738091657,0.3546309715876564,0.003556632719468521,1.01,0.979999999999998,0.009558588196562927,0.6,cl
KSSL_181082,KSSL_29342.0,sandy loam,3.994325772473813,1.2079189344374366,0.00922233945622684,0.39433097583084414,77.6,11.6,10.8,,12.0,32.549934,-106.76495,0.01178174603809712,6,0.41509433962264153,0.011485118394699807,0.3943199386915849,3.6962808580172277,1.0100000000000005,0.21107483472650107,0.011771249963915141,0.4,fsl
KSSL_207914,KSSL_34311.0,silty clay loam,1.0638965177075317,1.1423572822930472,3.0357703181241487e-16,0.4903777055527297,0.7,65.1,34.2,,29.0,41.733891,-94.966774,0.009492249123539841,6,0.5169811320754717,2.5499263357095653e-23,0.4901806907202985,0.9823936192933612,1.0100000000000002,0.14287907751470177,0.009225054724408481,2.3,sicl
KSSL_184637,KSSL_29922.0,silt loam,0.007304691383311708,1.2459822784022367,5.914661294701474e-19,0.36040675719049925,18.6,55.1,26.3,,35.5,39.042778,-87.054443,0.017254320886480833,6,0.2716981132075471,4.6098155255518394e-17,0.3626010991015796,0.004854938548508161,1.01,0.2854445716405871,0.01663745899182666,0.3,sil
KSSL_110063,KSSL_17572.0,loamy sand,0.3897593685986478,1.7823853200082604,0.04991000099999497,0.3697377828233223,81.7,10.1,8.2,,138.0,45.61694,-91.862389,0.009433247391348631,6,0.3886792452830189,0.049910000999999996,0.3692453887757832,0.43681441494380274,10.999086880544256,0.06895232229303899,0.008489061132632099,0.06,ls
KSSL_15950500,KSSL_75717.0,silt loam,0.009241254917625947,1.25422759852592,3.68657633758215e-17,0.31400353469829806,13.3,66.5,20.2,,51.5,43.7687,-96.889702,0.01757816480856725,6,0.34716981132075475,0.11968388695145893,0.31559426179063266,0.0026475761258263723,1.01,0.9799999999999996,0.016864107472866215,0.1,sil
KSSL_192667,KSSL_31339.0,silt loam,0.033587452180582233,1.794453780614965,0.13297604309292518,0.45011336869906626,9.6,69.6,20.8,,152.0,39.786335,-99.329529,0.007355855777744047,6,0.47547169811320744,0.14317344044891006,0.4564662889144364,0.017105340184987893,1.2797713067819165,0.9799999999999999,0.005528494559142284,0.2,sil
KSSL_192668,KSSL_31339.0,silt loam,0.042063738328187,1.6023106679200219,0.11901418633590588,0.45022769171446475,8.4,69.8,21.8,,187.5,39.786335,-99.329529,0.005373926992134095,6,0.4792452830188678,0.13964448329994325,0.45559574147833304,0.0167907948361684,1.1348541623892827,0.9799998340442797,0.002671495131459805,0.1,sil
KSSL_181522,KSSL_29392.0,sandy loam,0.08553010822841628,1.4474509556673958,0.014785499545977951,0.5097290819616798,43.5,49.7,6.8,,31.5,62.398613,-142.48555,0.011545285999528311,6,0.39245283018867916,1.2977625827683215e-20,0.5014620616643674,0.1387382117080996,3.026404809727631,0.11558429259843808,0.00767314974856326,0.5,vfsl
KSSL_160726,KSSL_25188.0,loam,0.02228942041496208,1.8934632916589278,0.10170326775929658,0.365222455684296,50.3,36.7,13.0,,37.0,,,0.008316813313227634,6,0.39245283018867916,0.08381875020491199,0.3604143279677227,0.03912099388719798,10.99999799229109,0.05046290675036422,0.008131961938133644,,l
KSSL_15747899,KSSL_40645.0,clay loam,1.715377156480063,1.1481571324457702,8.648118709545237e-18,0.4406567739688172,25.8,43.4,30.8,,10.0,40.166016,-113.0209,0.011940733194002176,6,0.4641509433962264,1.5784023969833345e-17,0.4405228647522442,1.6176067806615326,1.01,0.148099368079442,0.011823721046413656,1.0,cl
KSSL_15769440,KSSL_43791.0,clay,1.8640256100273263,1.1261391399345866,0.07595420755585655,0.5877718021788405,10.8,30.7,58.5,,6.5,45.303555,-123.37746,0.021956930556745958,6,0.6188679245283019,0.09098901295861224,0.5877120969637135,1.6666322621331278,1.0100000000001663,0.1332471414732945,0.02193472542103392,5.0,c
KSSL_197480,KSSL_32238.0,loamy sand,0.5837853938931699,1.4244464703080297,0.04755643065617801,0.4733329526318094,77.4,16.2,6.4,,31.0,38.849998,-119.93333,0.011415039236453187,6,0.4981132075471698,0.04466442968962533,0.47320755748857185,0.6867364417878546,9.019897399642895,0.04434911907490577,0.011255155386828733,1.5,lcos
KSSL_115921,KSSL_18453.0,sandy loam,0.13138563395984063,1.6048599579420175,0.04708279548758343,0.3278164025703074,66.1,28.4,5.5,,101.5,45.234997,-89.837875,0.015224744898971434,6,0.320754716981132,0.03914859347296974,0.322213709717541,0.2087717074719165,10.999999999999993,0.042941718724732236,0.010325275661192282,0.09,fsl
KSSL_190686,KSSL_31006.0,silty clay,0.12898520619663456,1.4728601965917734,0.1722568463697735,0.5435355299194837,17.4,41.9,40.7,,33.0,,,0.013466166184752028,6,0.42641509433962266,0.14642091314916653,0.5379708399012705,0.22259495264522475,10.999999999999583,0.03071677802739654,0.008202663732430244,0.3,sic
KSSL_207903,KSSL_34310.0,silty clay loam,0.06079130847136847,1.1784710699710204,0.03345683426921426,0.4428913868699467,1.3,62.5,36.2,,10.0,41.27689,-94.448914,0.004618543433271044,6,0.4641509433962264,0.10568391309172222,0.44389301072865456,0.03831733654898372,1.0100000250573042,0.27053411138323014,0.004481662622302218,3.0,sicl
KSSL_184676,KSSL_29926.0,silt loam,0.04732561756628496,1.2180451252899793,1.3510592010511577e-25,0.3718025841306287,9.6,69.8,20.6,,6.5,38.453609,-87.314445,0.004844843962439272,6,0.39622641509433953,2.4928015020480355e-15,0.37443942674020164,0.03738547461029494,1.01,0.2329694519466658,0.003918808533567603,1.0,sil
KSSL_192649,KSSL_31337.0,sandy loam,0.2934229915710497,1.2967338377644642,0.013535151960262592,0.31139027890136195,71.4,20.2,8.4,,23.0,37.13139,-97.086113,0.005438338192959529,6,0.32830188679245276,0.03050513667350639,0.31122167236682896,0.17979254406305742,1.0100000000000007,0.3788651037051398,0.005010518378437677,0.6,fsl
KSSL_173596,KSSL_27794.0,loam,0.03319668681095558,1.3528319143307774,0.09459202354220861,0.319036653823639,36.8,41.3,21.9,,20.0,34.439362,-86.687447,0.005448923635448983,6,0.32830188679245276,0.1288007186126534,0.3215746432721681,0.013207711676932441,1.01,0.6993183265594104,0.00518317502925086,0.7,l
KSSL_107857,KSSL_17223.0,loamy sand,0.13618327243360484,1.523472742263647,0.0029751682814558584,0.29316086627123944,79.0,18.4,2.6,,30.5,46.106384,-89.084793,0.013809855960442843,6,0.3056603773584906,1.854048464834453e-35,0.2905992589006834,0.22664675274230164,10.999999999999856,0.038621043496228434,0.012202194619887216,0.06,ls
KSSL_153005,KSSL_24010.0,loam,0.02235505646405261,2.5377976327429765,0.118800001,0.4236214764507143,28.7,45.5,25.8,,2.5,,,0.029196144263342404,6,0.5056603773584905,0.10161552347799302,0.45348869489730403,0.019489817154255306,1.1275210617910836,0.9799999999999999,0.02873474520420545,1.5,l
KSSL_190495,KSSL_30981.0,sandy loam,0.38357737721880103,1.3908745451783444,0.005194583693569763,0.3543053387485962,73.0,21.7,5.3,,31.5,30.471195,-88.741692,0.010674766739768499,6,0.3735849056603773,0.01820517763901853,0.3538006104395817,0.21888733265523,1.01,0.5007241456925242,0.009975772964496612,0.3,fsl
KSSL_184685,KSSL_29927.0,silt loam,0.031841509575949764,1.5360955206338298,0.06776496049716911,0.3825342886415189,8.7,75.9,15.4,,16.5,38.456944,-87.275833,0.009072591305449502,6,0.39245283018867916,0.08778310948654544,0.38680752423369275,0.017279391041852,1.1735335007883372,0.7018912436474303,0.008754853160168222,0.4,sil
KSSL_115931,KSSL_18454.0,sandy loam,0.16050996694501968,1.2680912668660282,1.39566879474239e-20,0.26620636065773395,66.2,29.9,3.9,,45.5,45.235828,-89.840096,0.013038585120603399,6,0.27924528301886786,3.0475324169802495e-18,0.26611955245084706,0.11078224935183728,1.0100000000000002,0.2936987762895486,0.01281892753221046,0.13999999999999999,sl
KSSL_192605,KSSL_31331.0,silty clay loam,0.038155511919119624,1.4216824952690608,0.1397604115707659,0.4212376527539899,14.1,56.2,29.7,,108.0,33.083332,-90.51667,0.006001577001139425,6,0.39622641509433953,0.17747835593469108,0.42472558376601854,0.011368489793757696,1.010000008389055,0.9799999999999999,0.0039007691884938873,0.2,sicl
KSSL_107766,KSSL_17212.0,sandy loam,0.10415181025862329,1.7511145590428319,0.06919000099999999,0.33339987224172557,66.2,25.9,7.9,,108.5,45.521664,-88.48616,0.01225270071931229,6,0.2867924528301887,0.062392492671735654,0.3258925942179194,0.17585368457856315,8.631427440385927,0.06281449892265561,0.007898987597721391,0.06,fsl
KSSL_184669,KSSL_29925.0,silt loam,0.011115057545397265,1.201470602951266,4.529263747788903e-22,0.3572925821609874,6.1,68.9,25.0,,77.5,38.564724,-87.008614,0.009808158420918917,6,0.290566037735849,2.063957351662157e-19,0.3589199447829731,0.00810714767048428,1.01,0.22392256324598186,0.009010320960232448,0.1,sil
KSSL_207899,KSSL_34309.0,silty clay loam,0.09999682902061942,1.1288956495890397,1.471595668762464e-20,0.46354556340809167,1.1,62.5,36.4,,79.5,41.278641,-94.452499,0.00845773300353314,6,0.3999999999999999,4.873045837147734e-19,0.46373820700682694,0.08263920386409002,1.01,0.13383194467224038,0.008059247066640992,0.6,sicl
KSSL_160727,KSSL_25188.0,loamy sand,0.04425641292751928,2.0119631005821583,0.020649424727877685,0.2935110210588388,86.0,11.2,2.8,,106.5,,,0.01648750007079613,6,0.32830188679245276,0.02432740605266941,0.3031396351376577,0.027937937355260394,1.3920996865402424,0.9799999999999999,0.013756561663840943,0.4,ls
KSSL_207915,KSSL_34311.0,silty clay loam,0.5049605629617447,1.1569934556481136,6.25571318728652e-11,0.4858629312515829,0.6,72.0,27.4,,47.0,41.733891,-94.966774,0.008896817152405966,6,0.5132075471698113,4.775319416809436e-23,0.48562336484459057,0.443974569787577,1.0100000000000013,0.15934728046937552,0.008368227857304913,2.0,sicl
KSSL_118573,KSSL_18826.0,clay loam,0.0914492836353057,1.1672619023182085,2.1021968087422645e-20,0.4942502925681696,23.2,38.5,38.3,,143.5,35.166752,-102.08379,0.006698376608107665,6,0.3358490566037735,0.027313652195370505,0.49560482728259697,0.07109363587447741,1.01,0.1929041974440254,0.006408785225061792,0.18,cl
KSSL_15950609,KSSL_75736.0,silty clay loam,0.12363797826562414,1.1553552526068445,1.4830350317520678e-19,0.42149549944452847,18.0,53.9,28.1,,5.5,45.105499,-97.102402,0.01340565172945915,6,0.4490566037735849,4.117192074035689e-24,0.4209825089874667,0.09831434099305376,1.01,0.16281767527128654,0.012779508744636755,3.0,sicl
KSSL_190701,KSSL_31008.0,silty clay loam,0.11947396645677356,1.6404496996858111,0.20413000099999995,0.652802695396874,7.0,55.6,37.4,,33.0,,,0.025463000573487663,6,0.3999999999999999,0.19472129778883282,0.6404019014602245,0.19299664235878627,10.999999999508077,0.04471883346452141,0.018466615906506934,0.3,sicl
KSSL_192595,KSSL_31330.0,silt loam,1.2557217862569636,1.2535773757630069,1.3906974048547778e-23,0.6088299089535658,46.1,50.2,3.7,,53.5,45.265217,-117.17374,0.029585113914600884,6,0.6415094339622642,1.6910280265303233e-10,0.6085156190687299,1.0982533084496484,1.01,0.25794030827301684,0.029307690155741386,1.2,sil
KSSL_195233,KSSL_31849.0,sandy loam,2.0327295047480716,1.2841590584980658,0.010779777220695402,0.39784157803690356,79.6,9.6,10.8,,22.5,32.588604,-106.84361,0.0123613619312718,6,0.4188679245283019,0.015495400191373411,0.39775822175159437,1.6837207917698098,1.0100000000000002,0.30096339662434163,0.012260663283508048,0.2,fsl
KSSL_195230,KSSL_31848.0,sandy loam,0.274430770342359,1.1912209844026636,1.2139838640950145e-14,0.4127584635145712,61.5,21.4,17.1,,168.5,32.610268,-106.79639,0.010059563288616999,6,0.4377358490566038,1.750865955966416e-21,0.412781311050969,0.22290074434342294,1.01,0.19904641258313902,0.0093712981865233,0.2,fsl
KSSL_186810,KSSL_30329.0,loamy sand,0.5841102190681355,1.250959702300202,7.328110747920846e-17,0.33597988965449443,75.3,19.6,5.1,,7.5,41.800007,-81.066673,0.010570998244650947,6,0.3547169811320754,1.1599943882233221e-14,0.33555589490520926,0.47305236791166044,1.01,0.26050384394715514,0.010002405572950674,0.6,ls
KSSL_15950657,KSSL_75744.0,silt loam,0.24877479672927677,1.2297187754265582,1.490217572302564e-23,0.46269231743664746,22.2,60.1,17.7,,9.0,44.291199,-100.0063,0.022916682304809442,6,0.49056603773584906,1.7954061542295137e-23,0.46166191619268887,0.19028552708201982,1.01,0.24230955775727445,0.022145304613607655,2.1,sil
KSSL_152993,KSSL_24010.0,loam,0.4231226880947932,1.213622799725808,1.4536044904394355e-20,0.48443376959372464,28.3,46.5,25.2,,2.5,,,0.023154624324272517,6,0.5132075471698113,3.0714808317836143e-21,0.4837784467927306,0.3388652577682647,1.01,0.2226624826964699,0.02256002365610289,1.3,l
KSSL_15950607,KSSL_75735.0,clay loam,0.008965768281105851,1.2302162841673938,5e-324,0.3338686173134563,27.2,34.4,38.4,,90.0,43.052601,-96.904099,0.018995026348861292,6,0.36226415094339626,1.0157985497943177e-33,0.3344821783339378,0.004811860063570363,1.01,0.29811461709026943,0.017984511532301024,0.4,cl
KSSL_118730,KSSL_18853.0,sandy loam,0.024748665162390802,2.5725871053993234,0.08152466878607612,0.48222922582334615,62.4,29.6,8.0,,147.0,17.981943,-93.386948,0.020073797988883656,5,0.5056603773584905,0.0791096415632378,0.48872033146082805,0.017884355062775137,1.819445546047105,0.9799999999999999,0.0182503990050732,0.13999999999999999,fsl
KSSL_212036,KSSL_35066.0,sandy loam,0.03532078155809955,2.4108734008913713,0.19201000099999999,0.5777284753542834,55.9,29.8,14.3,,109.5,35.267666,-111.7447,0.009210733035671725,5,0.6075471698113207,0.19201000099999999,0.5771764281710733,0.04675965060008131,10.99999853063697,0.1080311392796731,0.007625091742327093,0.1,sl
KSSL_96830,KSSL_15360.0,silty clay loam,0.04927817431596101,1.4538819687125417,0.12794961132966456,0.5080853846720643,13.5,54.2,32.3,,182.0,38.995026,-98.944824,0.011846172450916645,5,0.4830188679245283,0.16763088130563814,0.5111567894715828,0.014739412356275015,1.010000000000735,0.9799999999999998,0.010414701930562506,0.22999999999999998,sicl
KSSL_15742252,KSSL_39608.0,clay loam,0.06817898874116361,1.3152593424415693,0.11578442951155549,0.3761955808102587,27.3,44.3,28.4,,11.0,39.781193,-97.059776,0.008330737004205946,5,0.3999999999999999,0.15880512426572715,0.37619613783868233,0.02386096855279571,1.0100000000000002,0.6665603978455887,0.007441299900337081,1.4,cl
KSSL_176686,KSSL_28516.0,clay loam,0.07036777848505273,1.5200165419928715,0.18001697832077218,0.537516798964717,23.4,43.8,32.8,,64.5,42.013721,-93.729416,0.014956040260320779,5,0.3547169811320754,0.14032680035076084,0.5300807553049851,0.12656886529084366,10.999999999998508,0.030143299444605056,0.008673646593937026,0.6,cl
KSSL_96823,KSSL_15360.0,silty clay loam,0.04099177177923643,1.2681038132628373,0.0909440706250981,0.4685875176281334,7.1,58.6,34.3,,21.5,38.995026,-98.944824,0.010969765321434463,5,0.39245283018867916,0.19790888856071243,0.46753363631760875,0.008828708895007344,1.01,0.9799999999999529,0.009779379879158947,1.05,sicl
KSSL_15741134,KSSL_39426.0,silty clay loam,0.19227653698773772,1.1503557307282177,7.922272685889869e-19,0.45142786726588857,4.0,60.4,35.6,,37.0,38.697151,-95.60849,0.005774773477613889,5,0.47547169811320744,9.145942697863033e-14,0.4513640978791767,0.17574498546014328,1.0100000000059997,0.15164789907156503,0.005592056129673844,1.9,sicl
KSSL_15741182,KSSL_39436.0,sandy loam,0.03841550325988119,2.4401507020879407,0.07105000099999996,0.41959149736016194,54.7,35.5,9.8,,43.5,39.950085,-97.877892,0.0040339108820748185,5,0.44150943396226416,0.07105000099999999,0.41943510043617876,0.048968963277105114,10.999987069847148,0.1137468406587069,0.0031099123668823178,0.2,vfsl
KSSL_146278,KSSL_22877.0,sandy loam,0.13093891347965375,1.4616277321801527,0.04317671360835392,0.41404328456576545,52.1,33.4,14.5,,4.0,,,0.02752877659529245,5,0.44150943396226416,0.07258335064788884,0.4103445802454836,0.03419283119120955,1.0100000000000027,0.9799999999999999,0.024257313387647205,1.8199999999999998,fsl
KSSL_118997,KSSL_18893.0,loamy sand,0.4695597951190204,1.3033390333711394,5.800199892857877e-22,0.46083722867187693,82.0,12.6,5.4,,92.5,31.752356,-109.98454,0.020430639623278762,5,0.4867924528301887,6.738971877681412e-18,0.4602227670116582,0.35371940965426857,1.01,0.32214797217387103,0.019536972364320608,0.11000000000000001,lcos
KSSL_118985,KSSL_18891.0,loamy sand,1.302225752544014,1.2365569135087193,0.04110928413665097,0.4050331909145261,79.6,12.7,7.7,,125.5,31.737633,-110.01816,0.01555773058278405,5,0.42641509433962266,0.04811365223456084,0.4049582885189281,1.0748776218822798,1.0100000005482281,0.2534769220938259,0.01550129787108056,0.01,lcos
KSSL_208980,KSSL_34524.0,loam,1.9721501660620158,1.2560212872651293,0.10988200589867726,0.44810339544065575,47.2,32.6,20.2,,4.0,44.066853,-98.350685,0.0028240568821619565,5,0.4716981132075472,0.11244013228984015,0.4480946156793326,1.755184800632019,1.0100000000589475,0.2634731204984753,0.0027773009167330193,3.0,l
KSSL_118689,KSSL_18849.0,loamy sand,0.7034453042006515,1.339415615503594,2.204373247337947e-19,0.3751659600815296,85.3,12.1,2.6,,5.0,17.755192,-91.819878,0.02544417071070666,5,0.39622641509433953,4.0241089870630145e-13,0.37414966780965075,0.5145044776109621,1.0100000000000031,0.36417668117107943,0.02466466824006445,0.45,ls
KSSL_15924950,KSSL_70965.0,sandy clay,0.022330229806978717,3.008819929135759,0.15298066885073044,0.4855130507544539,46.9,10.6,42.5,,130.5,35.118137,-119.59603,0.013978191188131869,5,0.3999999999999999,0.151380658421703,0.48771435494604337,0.01721425723047285,2.2822647176713247,0.9799999999999225,0.013279968297088057,0.1,sc
KSSL_207696,KSSL_34266.0,silty clay loam,0.02988513789773842,2.1981315680753895,0.06206623412660109,0.527079328895837,10.7,52.2,37.1,,28.5,31.868668,-104.33064,0.0010772874994799488,5,0.5547169811320753,0.05965555917011552,0.5269840880102434,0.033868046838152865,2.5163535361107883,0.4342693026409968,0.0007209212198317306,0.3,sicl
KSSL_15938388,KSSL_73395.0,loam,0.3277760539151273,1.192537099925755,7.255193642855556e-12,0.45640687669980873,35.1,40.2,24.7,,5.0,39.233055,-114.2429,0.00862397751330897,5,0.4830188679245283,3.8990845893262025e-22,0.4562185168709385,0.26919731092862026,1.01,0.19919469527905456,0.0075705926611837025,3.6,l
KSSL_15946986,KSSL_75109.0,clay loam,0.054791180883346405,1.477857224311292,0.10504652288216809,0.4379933302394071,28.7,39.4,31.9,,73.0,43.451351,-105.26745,0.006275588674994947,5,0.42641509433962266,0.03364277725927099,0.43347234925955336,0.11365796165033315,5.104908761783493,0.04943868916142234,0.0008204443085309493,0.5,cl
KSSL_118514,KSSL_18819.0,sandy loam,1.2734865181632522,1.2310974520243962,0.004186228292530515,0.315460225516939,75.3,19.0,5.7,,59.5,,,0.00207067396394653,5,0.33207547169811313,0.007568520574222992,0.3154538986401008,1.121272693492963,1.010000000000015,0.23961652525220306,0.002029126701907599,0.45999999999999996,sl
KSSL_15741138,KSSL_39426.0,silty clay,0.0028915737067400564,1.2285025023585954,1.4687412304139637e-13,0.4600613304442415,4.3,44.1,51.6,,129.5,38.697151,-95.60849,0.015821192654118754,5,0.290566037735849,5.866811688359704e-13,0.4620789653378037,0.001630449392539224,1.01,0.2975759666140422,0.015498149605247664,0.3,sic
KSSL_15748274,KSSL_40726.0,sand,0.2275381600738959,3.218825193935545,0.037490000999999995,0.3656606060974588,93.0,2.2,4.8,,55.0,32.556999,-106.70003,0.004185474459387779,5,0.3849056603773584,0.037490000999999995,0.3656603794601872,0.23663231702696882,8.650409489230015,0.2511477953674046,0.004183446352647974,0.1,s
KSSL_207698,KSSL_34266.0,loam,0.030411537283094363,2.177300328408159,0.05616000099999999,0.4308043340947288,29.313929313929314,45.63409563409563,25.051975051975052,,83.0,31.868668,-104.33064,0.004935936571032223,5,0.4528301886792453,0.04928976737434902,0.4301929035370636,0.04559729894813306,10.999875279066224,0.0800876842689681,0.0026481760600852054,0.1,l
KSSL_15830069,KSSL_53272.0,loam,0.07195986708754863,1.69484431793217,0.1484000009843464,0.586887686345998,27.0,46.1,26.9,,15.0,37.35186,-101.35547,0.028177091462216718,5,0.41132075471698104,0.12366082343488916,0.574492378540822,0.11864494349329811,10.999999999837135,0.04394507495337948,0.019279853047382237,0.9,l
KSSL_15946991,KSSL_75110.0,clay loam,0.1142097563502059,1.2623142733438133,0.037970671768203075,0.42488766566135844,34.4,35.8,29.8,,27.5,43.45364,-105.26468,0.009926557042029348,5,0.44528301886792454,1.4825924219865852e-42,0.4230218088780113,0.18862052308258365,9.758979765302103,0.020000000000330042,0.008668372944872807,0.9,cl
KSSL_15748390,KSSL_40749.0,silty clay loam,0.003303087047495537,1.3055872073367554,1.0206899833407159e-16,0.4103330979254742,3.1,66.3,30.6,,92.0,41.038639,-96.564003,0.014663694252180375,5,0.44150943396226416,0.12889908513265896,0.4132319763725812,0.000999798938470547,1.01,0.9797593916623043,0.014387964677511,0.1,sicl
KSSL_15741136,KSSL_39426.0,silty clay,0.00362888471417602,1.1758935108648347,3.5148850143725912e-15,0.4437875518840701,3.5,41.3,55.2,,70.5,38.697151,-95.60849,0.008523781636593973,5,0.3018867924528301,1.7061231107277451e-16,0.44463651321923137,0.002221105468851089,1.01,0.21857179766420623,0.008053578932923884,1.1,sic
KSSL_15941095,KSSL_73898.0,loam,0.32503207259804084,1.2821683498971264,1.3307690639147712e-25,0.5980938514024898,42.2,47.0,10.8,,11.0,43.602489,-114.67464,0.022032482232623295,5,0.6339622641509434,9.094265591812461e-18,0.5969710727224097,0.23443305248655655,1.0100000000000047,0.3036469883750748,0.01999784981004656,3.3,l
KSSL_15741143,KSSL_39427.0,clay,0.011954948699109747,1.1308880724594517,5.68728896334652e-17,0.48306650912924487,2.6,37.8,59.6,,78.0,37.861149,-95.783607,0.006240589605179006,5,0.31320754716981136,9.108079118124859e-09,0.4836296505905587,0.009575105842193225,1.010000000000131,0.13998043986767428,0.005958210775346147,1.1,c
KSSL_15930220,KSSL_72143.0,silt loam,0.03890703850749422,1.3268940085949898,6.105207449000278e-14,0.41521975370375647,2.4,80.9,16.7,,8.0,,,0.0023643537954688635,5,0.3999999999999999,0.02849319477312527,0.4187219997393176,0.022802409979002684,1.0430161359600731,0.42958425712516385,0.0003145570045592488,0.8,sil
KSSL_15748405,KSSL_40751.0,silt loam,0.020075147706275612,1.7213711678165402,0.13999527815242147,0.43983882620805703,11.0,67.5,21.5,,116.5,41.042416,-96.635803,0.0070129037872614895,5,0.46037735849056594,0.0747524164380374,0.43736410393512204,0.04181304091734411,10.999999952809945,0.03142882707689165,0.004482785222605848,0.7,sil
KSSL_96831,KSSL_15360.0,silty clay loam,0.06215349848308105,1.4093946431760809,0.1369309424996117,0.4873202446982773,14.9,50.5,34.6,,222.5,38.995026,-98.944824,0.010310537981583845,5,0.4830188679245283,0.17539180132433116,0.48912574782392826,0.020544535016669686,1.0100000000000084,0.8240100905412349,0.009773324124725181,0.31,sicl
KSSL_119000,KSSL_18894.0,sandy loam,0.3688040193173846,1.400667983213374,0.08471208923434213,0.5341692772809483,68.7,17.3,14.0,,10.5,31.752356,-109.98454,0.014997217990646397,5,0.5622641509433963,0.09820918310419613,0.533906318875572,0.21755215547352716,1.0100000000000098,0.4999450626508467,0.014675444104734292,1.6600000000000001,sl
KSSL_15946984,KSSL_75109.0,clay,0.062466111105118106,1.2880377526053013,0.18063033892530292,0.4325986953033583,21.9,28.2,49.9,,21.0,43.451351,-105.26745,0.0021346782897626684,5,0.2867924528301887,0.11630027699427588,0.4316883343015702,0.10669599491055366,1.9603596326001616,0.08759756540651711,0.0015061666005204092,0.9,c
KSSL_118521,KSSL_18820.0,silt loam,0.018082118515127334,2.3861959684857146,0.10074000099999772,0.4525726740553017,3.3,83.4,13.3,,7.5,,,0.012750109715265405,5,0.45660377358490567,0.08596961679926869,0.4471616701116913,0.03313384686193512,10.999999974578975,0.07098155557725479,0.007744542096679069,2.15,sil
KSSL_96833,KSSL_15361.0,silt loam,0.24995410566379767,1.2607957281336444,0.018650194186596646,0.4924206223099418,21.4,56.7,21.9,,6.5,39.269459,-101.1199,0.012444409472178036,5,0.5207547169811321,0.07000609405747982,0.49049257031171817,0.1221033706267279,1.01,0.3959279317430171,0.011122499862304003,1.7,sil
KSSL_15938328,KSSL_73378.0,loam,3.0617511529266936,1.1514568982232352,1.7849218248046491e-16,0.5194037156936454,37.4,38.4,24.2,,3.0,37.704334,-112.65024,0.021643244469981112,5,0.5471698113207547,1.472414436972421e-16,0.5191976778488802,2.88336862054854,1.01,0.15144912161296506,0.021505861616743338,2.6,l
KSSL_15929252,KSSL_71940.0,loam,0.563910039016044,1.2124348149081368,0.017883867390244217,0.5553592201370037,41.9,35.1,23.0,,3.0,,,0.0037704643461553486,5,0.5849056603773584,0.041209330515173205,0.5552779130183713,0.43226683126910687,1.0100000000031948,0.24193716705285878,0.003262612981577725,5.7,l
KSSL_118970,KSSL_18889.0,sandy loam,7.500665785886114,1.1556130856262827,1.19421440282903e-10,0.40507256219087306,64.3,20.8,14.9,,81.5,31.708467,-110.0351,0.007460786770382199,5,0.42641509433962266,2.35339756317522e-16,0.4050591672599837,7.339285291975149,1.0100000128421112,0.15453469108079143,0.007438701772531082,0.22999999999999998,sl
KSSL_15938381,KSSL_73392.0,loam,0.5156181773964739,1.2283888711304436,0.02509106774654146,0.4407825282841079,46.9,34.2,18.9,,28.0,38.945568,-115.37922,0.0018956715493024792,5,0.4641509433962264,0.041663584973815906,0.4407750510694688,0.3906997595905646,1.0100000000009077,0.259965376240687,0.0014810731522797158,1.3,l
KSSL_121278,KSSL_19305.0,clay loam,0.2152359786721782,1.1200350668222263,0.07103695110115342,0.4847824032395477,37.8,23.3,38.9,,145.0,33.884304,-83.427666,0.007095900329134209,5,0.43018867924528303,8.876588890640766e-19,0.483642410031848,0.34344527953266,4.3976453537227105,0.020000000000000396,0.006287091638552167,0.06999999999999999,cl
KSSL_170755,KSSL_27107.0,silty clay,0.04048893864226718,1.119263892787377,2.2673423851767303e-21,0.41290662058835836,13.2,45.8,41.0,,22.0,45.041191,-123.13897,0.0051098774929681885,5,0.41509433962264153,3.171529126679219e-15,0.4138670183566876,0.03530963535500978,1.01,0.12309627858935668,0.004550302357351394,2.1,sic
KSSL_201057,KSSL_33088.0,loam,0.08862372758670926,1.2153988595463274,0.01773410978838417,0.4895399635129206,25.5,49.2,25.3,,103.0,43.165516,-119.54013,0.01039990428277822,5,0.4716981132075472,0.11204847475455575,0.48904235232732346,0.041374729687190304,1.01,0.39690901789825844,0.009814015292638766,0.5,l
KSSL_123765,KSSL_19664.0,loam,0.08225337508868016,1.1820964006484171,0.03706605381590157,0.3554487954318643,41.6,33.0,25.4,,44.5,44.763329,-90.649567,0.005699197880353094,5,0.3094339622641509,0.11932605462859751,0.35476053994148576,0.03713038822192916,1.01,0.3744595528993868,0.005199246594841552,0.09,l
KSSL_203225,KSSL_33523.0,loam,0.02237338136988492,2.118549242328652,0.0943314624365399,0.46151646491060355,41.26659856996936,49.438202247191015,9.295199182839633,,156.0,32.738972,-106.17052,0.00877222029589024,5,0.4830188679245283,0.07187492770720741,0.45890851945588934,0.03965754023328238,10.999999999841178,0.06159926329868771,0.004441194764204372,0.0,l
KSSL_198491,KSSL_32453.0,silt loam,10.776182320430344,1.1673644826853666,2.48216413075673e-21,0.6093958374258026,27.1,54.4,18.5,,13.0,41.869999,-115.25,0.01309760403780853,5,0.6415094339622642,2.8101100845823067e-12,0.609363815871447,10.540530148353257,1.0100000000019154,0.16621920321772574,0.013051188933822393,3.2,sil
KSSL_118524,KSSL_18820.0,silt loam,0.017174064544822818,1.826215156612896,0.15292534229366994,0.39804714094279203,2.1,71.6,26.3,,61.0,,,0.006273630693405232,5,0.4075471698113208,0.10845904772222667,0.39576134275871394,0.035406461136124064,5.406132389713474,0.07269924207039233,0.0055718111889747285,0.4,sil
KSSL_201851,KSSL_33277.0,silty clay,0.08001942198588599,1.182956440038504,5.238571294059045e-12,0.6758763623301622,5.6,50.5,43.9,,113.0,45.265415,-117.96722,0.024505100465052256,5,0.5094339622641508,1.703435615785001e-20,0.6759224853916319,0.06195941996860433,1.010000000007129,0.19326601780875177,0.024490542510120433,0.5,sic
KSSL_118704,KSSL_18850.0,clay,0.03680162846358563,1.1147777702411417,8.071985784421159e-29,0.5119693179766923,15.9,25.2,58.9,,69.0,17.584089,-92.033768,0.009085839731486606,5,0.2716981132075471,2.5488329937516705e-30,0.512579286955792,0.030334603455983305,1.01,0.1204497583934492,0.008349968764428915,0.1,c
KSSL_15938342,KSSL_73381.0,loam,0.0978380873687159,1.1918542942520072,2.4679211151160642e-17,0.31454000000301685,35.9,43.4,20.7,,64.0,37.57494,-112.90154,0.005894222106830069,5,0.3358490566037735,4.5090112034999726e-29,0.315182611965805,0.07452348253875428,1.01,0.2045192843031146,0.004771811672104291,0.3,l
KSSL_118513,KSSL_18819.0,loamy sand,31.62277660168378,1.3063056111489024,0.06425999775788936,0.35811682268684836,77.1,16.9,6.0,,38.0,,,0.00799290219961035,5,0.37735849056603776,0.06418887628922859,0.3581185788742482,31.62277660165419,1.0100004604077,0.30289206389274054,0.007980098358560783,0.64,ls
KSSL_121268,KSSL_19304.0,sandy loam,0.10664608578979635,1.513265201776782,0.08852960688250562,0.38613952864103734,62.3,20.4,17.3,,71.0,34.252312,-105.41999,0.012827352508308595,5,0.3433962264150944,0.057439047383794475,0.38368601326699087,0.21387674955671096,10.999999999995017,0.029091189605856754,0.011087961153785353,0.25,fsl
KSSL_118982,KSSL_18891.0,clay,0.40808253358594954,1.1771168847259543,0.13516870738598968,0.4147255417932977,44.7,7.5,47.8,,14.0,31.737633,-110.01816,0.010597153887636459,5,0.4377358490566038,0.1717363667597763,0.41389522515034344,0.24883449772452756,1.01,0.25048827735788015,0.010323327256332155,1.35,c
KSSL_15742246,KSSL_39607.0,silty clay loam,0.022631977987577157,1.4385125087913417,0.18363962412047005,0.40357784395483504,5.1,57.8,37.1,,22.5,39.454418,-98.703575,0.010103552681599678,5,0.4037735849056603,0.21892750566943392,0.4047889012279305,0.007688615296809163,1.121068401293962,0.9799999999999999,0.009013490240360758,1.0,sicl
KSSL_118973,KSSL_18889.0,loam,0.1732389242219467,1.277602893270116,0.026757135600422623,0.4026085029835275,45.6,38.4,16.0,,162.5,31.708467,-110.0351,0.010120508449634911,5,0.42641509433962266,0.07810575315435613,0.4006645574212173,0.07231161996168234,1.01,0.4903616571973869,0.008685517439406853,0.13,l
KSSL_15921961,KSSL_70510.0,silt loam,0.03231501892031989,1.9674171064151766,0.12007231611213662,0.46009939908931563,11.3,67.9,20.8,,171.5,43.663456,-96.492882,0.006550910929414929,5,0.47547169811320744,0.11797189794530999,0.4587256040654141,0.0357448655879863,2.1759620128140487,0.4120204527137457,0.006472901508929122,0.1,sil
KSSL_96826,KSSL_15360.0,silty clay loam,0.02272108133173525,1.8432527323934085,0.19194258654110594,0.4971985589673036,7.5,61.4,31.1,,74.5,38.995026,-98.944824,0.015424156249838344,5,0.4188679245283019,0.20258205829032977,0.4993362510508457,0.011946809236969882,1.4159766342054259,0.9799999999999999,0.013293788800417206,0.26,sicl
KSSL_118512,KSSL_18819.0,loamy sand,31.62277660168378,1.3625022690665254,0.114400001,0.31115528455576935,81.7,14.0,4.3,,11.5,,,0.010091404987430259,5,0.32830188679245276,0.114400001,0.3111577434247913,31.62277660168378,1.0100000192239316,0.3587186369655954,0.010081371945215516,2.41,ls
KSSL_201850,KSSL_33277.0,silt loam,0.123771883334994,1.480254397793017,2.996137704584144e-24,0.579765053519314,22.6,73.7,3.7,,77.5,45.265415,-117.96722,0.02975367467533034,5,0.6188679245283019,0.03466335270510079,0.5745729348204667,0.03630511819690394,1.01,0.913088362778038,0.024812820900593797,0.0,sil
KSSL_15748389,KSSL_40749.0,silty clay loam,0.0046901316757733645,1.2528584788445862,2.4984523749766534e-17,0.41042015643431046,2.8,63.1,34.1,,60.5,41.038639,-96.564003,0.019052201155666967,5,0.4037735849056603,0.15559103396763554,0.4125776677784899,0.001554070586127636,1.01,0.8637448150917392,0.018730806207458046,0.2,sicl
KSSL_118696,KSSL_18849.0,sandy clay,0.05091217643119426,1.2570922924555352,0.19587612442580096,0.3455814843387245,49.0,10.7,40.3,,145.0,17.755192,-91.819878,0.004463555358586463,5,0.3433962264150944,0.239230598311135,0.3449929977471291,0.010730663939144366,1.01,0.9542689965872787,0.003717619876144743,0.12,sc
KSSL_15742237,KSSL_39606.0,silt loam,0.022311720385264702,2.250468610120782,0.1327956123952297,0.4111510580210368,6.7,71.0,22.3,,12.5,39.683498,-98.212532,0.008403445681710135,5,0.44150943396226416,0.12328710121949218,0.4068588829337465,0.03758914200920769,10.999999948996102,0.07282371148401168,0.007708523786242598,1.5,sil
KSSL_15745576,KSSL_40168.0,loamy sand,0.7589046292999577,1.4486478384596497,0.04931481730556645,0.3226415193916798,80.4,12.6,7.0,,123.5,38.783382,-100.09427,0.0013950780679399149,5,0.3396226415094339,0.0492202881567324,0.3226415052740666,0.7727593905178737,1.8049603989560488,0.24735274845118516,0.0013949598846408607,0.0,lcos
KSSL_15745561,KSSL_40165.0,silty clay loam,0.004409397036832695,1.6654169953737823,0.18397776464861726,0.3934742558183822,4.9,56.8,38.3,,83.0,38.479889,-100.94386,0.01442652317697094,5,0.3660377358490565,0.17388067906229301,0.3997865137709937,0.001601423040025374,1.0100000008258732,0.9799999999999998,0.014222076048932598,0.3,sicl
KSSL_183839,KSSL_29797.0,sandy clay,3.22589362851477,1.0746880465235824,0.025620173061051965,0.3871587476172484,52.7,6.6,40.7,,140.5,5.0713611,-2.5307221,0.0039483882291731975,5,0.4075471698113208,0.03086634182248867,0.3871565124276397,3.109616350458592,1.0100000000006601,0.07579348792731418,0.003945696995494021,0.8,sc
KSSL_15951778,KSSL_75969.0,silt loam,0.32438468571588025,1.2272284044148747,0.05755685089133188,0.4588288740971966,22.9,50.8,26.3,,131.5,38.46796,-101.78322,0.00709695401227478,5,0.4830188679245283,0.06881272876607082,0.45880367471146233,0.26640667267036355,1.010000000000007,0.24725404074537752,0.0070496646130696365,0.2,sil
KSSL_15941101,KSSL_73899.0,silt loam,1.6096269012137363,1.188359341594479,2.202161585769298e-21,0.569404232408285,24.0,53.9,22.1,,20.5,42.164539,-114.19279,0.016472211414376298,5,0.6,3.811033899349087e-22,0.5691383232755896,1.470266194663681,1.0100000000007614,0.18959603154202362,0.016132549130712017,1.8,sil
KSSL_212040,KSSL_35067.0,clay,0.006751515267837994,2.2840520733750806,0.29358814101202313,0.5130924291653611,4.1,39.1,56.8,,67.0,34.969418,-111.50867,0.018547767613803418,5,0.26792452830188673,0.2793256270532656,0.5069014461511078,0.010481863778652878,10.999999999999998,0.07347235946522389,0.014648356922788422,0.4,c
KSSL_15938360,KSSL_73385.0,clay loam,0.0337634257371832,1.6369037275674603,0.18932360098930337,0.44644374554515526,30.9,35.8,33.3,,75.5,41.568638,-115.03233,0.007705131218611133,5,0.4377358490566038,0.20264481310593913,0.4519578945911179,0.014135443122527699,1.125467516985405,0.9799999999999999,0.005325282416434611,0.4,cl
KSSL_15741126,KSSL_39425.0,silty clay loam,0.03509301747513093,1.8264437852984736,0.21546000099999996,0.4674737007634158,4.1,63.2,32.7,,8.0,38.592171,-94.847878,0.010580289772161177,5,0.49056603773584906,0.21199169565371187,0.46604398384497026,0.050562316769524704,10.999999982698549,0.0611709010109213,0.00904734355667584,3.7,sicl
KSSL_15745506,KSSL_40159.0,silt loam,0.12772965231775246,1.4646951392459655,0.12496124122868131,0.49485014464668164,21.0,57.6,21.4,,4.0,34.941555,-111.51839,0.008834784942658186,5,0.5207547169811321,0.12213135165775663,0.4947169853176269,0.1471540653491742,8.158465895195029,0.05374876622752968,0.008580034544363844,4.3,sil
KSSL_15930225,KSSL_72143.0,silt loam,0.06767893791243154,1.6036011961327286,0.14682533115119453,0.47222577464178783,3.4,70.2,26.4,,108.0,,,0.006645887158768486,5,0.4339622641509434,0.11992075415835925,0.4666178622803776,0.11022081050860325,2.761463519428238,0.1465009417525015,0.00429791130320094,0.1,sil
KSSL_203217,KSSL_33522.0,silty clay loam,0.2551769903748993,1.2126290593285014,3.3263635831451457e-13,0.4050386347154126,6.7,61.8,31.5,,130.5,32.736557,-106.18628,0.002110307814019377,5,0.42641509433962266,3.2067137540970247e-13,0.4050252293659451,0.23203570945262736,1.0100000104856672,0.21453146586620503,0.0019005271356565784,,sicl
KSSL_15941107,KSSL_73900.0,silty clay loam,1.1661923213249843,1.25241652642453,0.0480029290670445,0.5700884897703306,13.4,56.8,29.8,,15.5,43.779217,-110.92764,0.005882067178540524,5,0.6,0.042900997893972566,0.5700000031305874,1.3147466538597339,6.740899837104239,0.035834562108407644,0.005648097459533229,2.2,sicl
KSSL_15741132,KSSL_39426.0,silt loam,0.14730220157439874,1.399927761160558,0.13847394432794138,0.498456848189288,4.4,69.0,26.6,,5.5,38.697151,-95.60849,0.01131492563367313,5,0.5245283018867924,0.13614652922701642,0.49830189315972995,0.16662919279419652,7.521845999273369,0.05077801290625067,0.01110960144837275,3.7,sil
KSSL_15745817,KSSL_40209.0,silty clay,0.0029826508247839767,1.2865323189321614,3.4491407217435378e-12,0.4463130327997394,4.7,47.2,48.1,,183.0,38.53825,-95.245888,0.010817976417729976,5,0.3169811320754716,1.379051032520037e-08,0.44890257184211496,0.001415403327945603,1.01,0.4098811042238572,0.01033930285345964,0.3,sic
KSSL_119002,KSSL_18894.0,sandy loam,0.19189988300770378,1.3155597056122006,8.667317176374833e-21,0.44161966054290674,71.1,21.2,7.7,,92.5,31.752356,-109.98454,0.023122193478371165,5,0.4716981132075472,2.873957752246859e-15,0.44066245555026606,0.11860827315946583,1.01,0.35971090827559,0.0211890444400744,0.12,sl
KSSL_15745503,KSSL_40158.0,clay,0.02120143245249445,2.281169220721255,0.27225000099999996,0.4764352606946174,13.0,36.0,51.0,,11.5,35.262474,-112.06214,0.011779013093114549,5,0.34716981132075475,0.27225000099999996,0.4717639182235988,0.034572289406824,10.999999999999856,0.08171097400419981,0.00764571038866022,2.7,c
KSSL_118960,KSSL_18887.0,sandy loam,0.10893659294090317,1.3579539227508284,0.014426829473134992,0.4520467519953031,67.2,21.8,11.0,,106.0,31.737911,-109.9501,0.009798616974704808,5,0.4792452830188678,0.0681329556813577,0.4514864379304614,0.036458736513024226,1.0100000000000002,0.7196394456083988,0.007069430075506133,0.13,fsl
KSSL_178324,KSSL_28816.0,silty clay,0.08183306292341787,1.487948699976154,0.23224317828155902,0.619143914955767,5.6,53.9,40.5,,16.0,40.247112,-93.71447,0.023300731239424867,5,0.3735849056603773,0.20715076606778565,0.6106843226980644,0.13160511940186698,10.999999998703878,0.03247202719025654,0.018091474807952083,0.9,sic
KSSL_15746552,KSSL_40378.0,clay loam,0.055656182285239664,1.3454374082082228,0.16535672093612594,0.44512572338634765,41.9,22.6,35.5,,70.0,38.163071,-106.59882,0.007833718855029075,5,0.4679245283018868,0.14009882427099463,0.44452833746051607,0.08276275724040966,10.998896296668233,0.02391551257341034,0.007223288007657024,0.6,cl
KSSL_208973,KSSL_34523.0,loam,0.23412652982938795,1.2932340272406544,0.11170824020840081,0.4687972878122666,39.1,38.1,22.8,,4.0,44.066109,-98.348663,0.00826361320484744,5,0.49433962264150944,0.14046739431918415,0.4681956745661925,0.13024753774752224,1.0100000000000042,0.4077556650195474,0.007487505136624288,3.1,l
KSSL_203201,KSSL_33520.0,silty clay,0.06220773184499018,1.937975691576335,0.08553349745713693,0.5449798375234954,4.646464646464646,49.494949494949495,45.85858585858586,,56.0,32.475666,-106.38639,0.004349202486653357,5,0.5735849056603772,0.0829066801349457,0.5449056743827193,0.07557539738947888,10.998853895200568,0.07694001633199085,0.0038423712608331145,0.2,sic
KSSL_118525,KSSL_18820.0,silt loam,0.023260663471253867,1.7431647843871672,0.1657748881519782,0.4427721474603114,4.4,70.2,25.4,,90.5,,,0.004662244405655899,5,0.3849056603773584,0.17079885792620098,0.4439011521317446,0.01913741348899678,1.5627954702632842,0.5535148277729375,0.004600870324913114,0.13999999999999999,sil
KSSL_178317,KSSL_28816.0,silty clay loam,0.06752868562426362,1.6708577553530577,0.19729688647927549,0.5390714190350934,15.7,53.7,30.6,,31.0,40.247112,-93.71447,0.016184571996026617,5,0.3849056603773584,0.16821852701890494,0.5310884443426682,0.12106267360466044,10.99999999999956,0.03874385121134729,0.009570350386890063,0.5,sicl
KSSL_15938387,KSSL_73394.0,loam,1.300223596086003,1.1721432724721135,7.99263266879363e-23,0.5299166256292054,25.8,48.2,26.0,,33.5,39.08527,-114.89971,0.012439545853106445,5,0.5584905660377358,2.5366864452011095e-20,0.5296656238468794,1.1872114016469804,1.01,0.17327168103905685,0.012073789771263868,2.9,l
KSSL_15748407,KSSL_40751.0,silt loam,0.010651601317008664,1.6689382886920776,0.15586978891431055,0.47317684653240405,5.0,72.3,22.7,,184.5,41.042416,-96.635803,0.009076530836442392,5,0.44150943396226416,0.12379823017563639,0.4701488812961038,0.014799444887860485,2.2152028012492764,0.21226277295335005,0.008751491299606562,1.0,sil
KSSL_123747,KSSL_19661.0,sandy loam,0.032236967749109585,1.749371075087224,0.06564679744623597,0.30699814545132864,65.2,24.5,10.3,,161.5,45.049164,-90.864853,0.0049412564000981315,5,0.27924528301886786,0.0741715864965027,0.31129543997042974,0.01521144493016027,1.2380039190147265,0.9799999999999999,0.002756544926630853,0.08,fsl
KSSL_121233,KSSL_19298.0,loamy sand,0.11537795842565401,7.089582225493003,0.06435000099999998,0.4406726982468462,85.2,7.9,6.9,,75.5,42.843864,-101.34076,0.026117671650608545,5,0.3660377358490565,0.06435000099999998,0.4463715735927663,0.16356472627051624,10.999999999999998,0.18648589895454226,0.023409681737354325,0.19,ls
KSSL_161999,KSSL_25397.0,loam,0.2044842441950593,1.3490941728051595,0.13767586792989198,0.48226768927096975,30.2,44.6,25.2,,28.0,43.288208,-116.84515,0.017820246406486117,5,0.5094339622641508,0.16867996299084992,0.48029467270953924,0.08373344977363799,1.01,0.5738835146357396,0.016854373586602397,1.8,l
KSSL_97618,KSSL_15486.0,clay loam,31.62277660168378,1.1443971236222519,0.07904315764426623,0.43266567494061114,42.4,27.6,30.0,,4.0,38.028896,-103.6664,0.010613295493944975,5,0.45660377358490567,0.07887742876231361,0.4326708066188601,31.622776601682613,1.010000008593908,0.14282146379452548,0.010603741685342479,0.9,cl
KSSL_118515,KSSL_18819.0,sandy clay loam,0.024987600681913507,2.126101627244741,0.16728000099996926,0.3416664891064934,52.3,25.0,22.7,,79.0,,,0.009688490270533102,5,0.3433962264150944,0.16479712246079223,0.3395935897954468,0.03947332077858571,10.999999997249143,0.07408701750151749,0.008378096105275666,0.53,scl
KSSL_118527,KSSL_18820.0,silt loam,0.01874095716300843,2.1409534552871126,0.11406589925144894,0.32913376267509165,31.4,55.2,13.4,,144.5,,,0.004855117702155871,5,0.320754716981132,0.1067780351296002,0.3269651850944698,0.027520021776948227,3.333514636456691,0.24015647893446498,0.004496489264526732,0.04,sil
KSSL_123727,KSSL_19659.0,sandy loam,0.06785273970322846,1.3895863938224053,0.052351591433843055,0.30510715109453096,59.6,29.2,11.2,,197.0,45.316383,-90.476227,0.0012886569813427681,5,0.24528301886792447,0.049570498300440836,0.30496257585387704,0.07166551826253026,1.429175655582856,0.2616286532071576,0.0012768844314796626,0.06,fsl
KSSL_170739,KSSL_27101.0,silty clay,0.4918372707528203,1.0602081512738808,3.042874396255045e-12,0.41237046666251104,8.8,41.0,50.2,,44.0,45.280888,-123.02792,0.010857296089879181,5,0.4339622641509434,3.8853551453175e-15,0.4123496777155083,0.4713116684696509,1.0100000000912734,0.06006280984999744,0.01084868212208899,0.6,sic
KSSL_15946990,KSSL_75110.0,clay loam,0.05442806669973831,1.3822257275849696,0.08975858412878396,0.45170444523988057,39.5,30.7,29.8,,7.5,43.45364,-105.26468,0.017241998166811733,5,0.41132075471698104,9.795179541779456e-19,0.4486453046678419,0.11560577403044366,4.330255062936972,0.04683138665755316,0.016684967224542317,1.3,cl
KSSL_15938339,KSSL_73380.0,clay,0.0012237542894375875,2.1606471129011364,2.157907422997711e-22,0.38373460633639517,31.1,21.5,47.4,,83.0,37.56934,-112.83844,0.01874970476012269,5,0.33207547169811313,1.0519989686116213e-21,0.3840087063623987,0.0007780711324536392,1.8975484363467856,0.9799999999999999,0.018719932541360132,0.3,c
KSSL_170685,KSSL_27084.0,silty clay loam,0.09052805720396281,1.150472156602956,7.912348250595393e-23,0.4117882496702444,13.4,58.0,28.6,,16.5,45.350357,-123.01092,0.007444003811447753,5,0.44150943396226416,1.834496964352661e-26,0.4125001066552823,0.07359591170631966,1.01,0.15754964321997805,0.006391684684729703,1.6,sicl
KSSL_15745517,KSSL_40161.0,silt loam,0.14944164291046452,1.4836599507885628,0.11102835106461884,0.4840627608513306,15.3,68.2,16.5,,24.5,34.456638,-111.40644,0.009801672202616631,5,0.5094339622641508,0.10955562177267772,0.4839622689478237,0.16630999394022547,7.494152412217734,0.06208683841544682,0.009616464644191391,2.1,sil
KSSL_108781,KSSL_17349.0,silt loam,0.028488200804951035,2.0914750067542505,0.0826737248448391,0.570226514530526,38.8,52.1,9.1,,92.5,38.991627,-112.42051,0.011039880942212624,5,0.5660377358490567,0.0870060060158079,0.5783273232266148,0.01737153808804221,1.510319577386944,0.9799999999999999,0.007298821707178192,0.31,sil
KSSL_121489,KSSL_19324.0,sandy clay loam,0.09693285735534972,1.2185785882725066,0.07388969256523295,0.36118474341117746,51.6,22.5,25.9,,77.5,30.094954,-95.971924,0.011872439901554087,5,0.31320754716981136,0.15837251208023942,0.3572946241228822,0.021077716017135394,1.01,0.7391958455136628,0.01110257807630622,0.25,scl
KSSL_121740,KSSL_19361.0,clay loam,0.0696758950354853,1.1686938675108174,4.499733693980834e-24,0.44837591310883057,22.7,49.9,27.4,,53.5,38.346909,-112.98386,0.00872117014767849,5,0.44528301886792454,1.2213040327161305e-16,0.44971636785910146,0.056211767316653435,1.01,0.1775545743337346,0.00772127924420796,0.33999999999999997,cl
KSSL_212035,KSSL_35066.0,clay loam,0.019303917009090413,1.8437142485882152,0.22405180244744807,0.43751824783219195,33.2,35.0,31.8,,79.0,35.267666,-111.7447,0.007504137415739153,5,0.4188679245283019,0.19104637297242713,0.4339426458860167,0.03751434608063483,10.99999999987189,0.03958147910130277,0.0035793539732642955,0.3,cl
KSSL_15938349,KSSL_73383.0,silty clay loam,0.006596996627594538,1.9065755706645422,5.948912296550814e-22,0.44032835206856225,12.5,54.0,33.5,,56.5,39.367981,-111.57803,0.02377179391726201,5,0.4075471698113208,1.642146637880645e-47,0.45407915498274387,0.0037576520408002475,1.0810187191590315,0.9799999999999999,0.01779937327776176,0.5,sicl
KSSL_121619,KSSL_19347.0,loam,0.0032049561699328735,1.3333542688637603,3.3603546448028094e-18,0.2957415993795738,35.4,45.9,18.7,,181.5,39.956699,-83.442932,0.011802750721345009,5,0.26792452830188673,0.06526319061807868,0.29675802203970564,0.0008450548075858827,1.01,0.9648965114991978,0.01170812932326777,0.45999999999999996,l
KSSL_15924938,KSSL_70962.0,loamy sand,0.030280495567409457,1.9766537036208471,0.053837097600850176,0.18447233467639504,82.7,12.8,4.5,,171.0,,,0.005560496581707471,5,0.1962264150943397,0.05520007757159257,0.18786417965243576,0.01761505539517706,1.353956626602272,0.9799999999999955,0.0044297346536002315,,lcos
KSSL_15745462,KSSL_40150.0,clay loam,0.4763698527644654,1.1176994097958688,4.2947258807147175e-11,0.3898848654465424,23.6,45.0,31.4,,16.5,36.360943,-120.76241,0.009216652329209105,5,0.41132075471698104,8.382334916330182e-21,0.38973891058118376,0.43688020390908316,1.010000000016775,0.11839664528808659,0.00905491460751835,1.4,cl
KSSL_15745492,KSSL_40154.0,sandy loam,0.37134450453984286,1.3137744318986269,0.18340253488167133,0.5592761970457886,58.1,22.0,19.9,,54.5,36.371166,-120.74622,0.0011225993493662666,5,0.5886792452830188,0.17277827363450698,0.5592452832808302,0.4720398151821305,7.468785808188995,0.037406043772644997,0.0009050380349450425,0.7,sl
KSSL_203190,KSSL_33518.0,sandy clay loam,0.06161706050004453,2.0283442586000007,0.12556000099999995,0.39088990797058654,62.96296296296296,14.19753086419753,22.839506172839506,,140.0,32.492085,-106.33353,0.006841781513328315,5,0.41132075471698104,0.12556000099999995,0.3907547628066443,0.071922511175422,10.999895397369162,0.08752995822705019,0.006476304205160676,,scl
KSSL_197832,KSSL_32336.0,loam,0.3196329190616698,2.402450183040828,0.17862000099999997,0.6601343810003296,41.5,43.7,14.8,,2.5,40.26936,-75.953888,0.02154995241231991,5,0.6943396226415095,0.17862000099999997,0.6596235873797249,0.3542209272295558,10.999976187083131,0.12120285430305054,0.020574008269462672,11.0,l
KSSL_183838,KSSL_29797.0,sandy clay loam,3.0618245186296122,1.123369601535675,0.0388579253424758,0.3656217221700742,67.0,6.1,26.9,,87.5,5.0713611,-2.5307221,0.010022118074818974,5,0.3849056603773584,0.04527829573784173,0.36560499279148045,2.802581209097299,1.01000000036582,0.12776925397338973,0.010011225692003344,1.3,scl
KSSL_118695,KSSL_18849.0,sandy clay loam,1.6163613472226015,1.0880581877484163,2.5689344619920455e-17,0.32955171606975986,65.2,10.7,24.1,,119.5,17.755192,-91.819878,0.005611540783630481,5,0.34716981132075475,9.053304654779298e-18,0.32950625551388046,1.5555830669797042,1.0100000001610216,0.08771429322653831,0.005561053931865265,0.16999999999999998,scl
KSSL_203178,KSSL_33517.0,sandy loam,1.8218412491415712,1.1720382401963025,2.0909359620099954e-08,0.3764030093630629,65.7,23.9,10.4,,2.5,32.469639,-106.35172,0.005048851679685107,5,0.39622641509433953,2.7597123908870295e-13,0.37639319327312826,1.7775804045308448,1.0100000836913026,0.1709582075836314,0.0050252541835603725,0.3,fsl
KSSL_121492,KSSL_19324.0,clay loam,0.006962549866334285,1.1287651889907597,5.692938831394024e-25,0.3356432226584779,41.8,20.7,37.5,,167.5,30.094954,-95.971924,0.008561518625743827,5,0.2754716981132076,5.589220418134441e-17,0.3361967272363966,0.005510235512481256,1.01,0.13938484919949273,0.00829208993172767,0.06999999999999999,cl
KSSL_15742241,KSSL_39606.0,silty clay loam,0.03553336941587952,1.5822619584181377,0.15238356705174919,0.5086690486581861,5.3,63.0,31.7,,89.5,39.683498,-98.212532,0.0008782977010718685,5,0.4679245283018868,0.15495329151149115,0.5089733429268486,0.0335635227948724,1.5325752287477155,0.3964207868801407,0.0008285506850391786,0.4,sicl
KSSL_15745459,KSSL_40149.0,silt loam,0.03425036883162181,1.2873015198953641,0.08757581370696442,0.3954019286507307,17.5,56.6,25.9,,141.0,38.353973,-121.17292,0.005746525576276034,5,0.39622641509433953,0.06552965054177848,0.39483205485189443,0.04076540848118801,1.4131881632196817,0.17223570311486258,0.0057196769411160696,0.1,sil
KSSL_15924816,KSSL_70942.0,clay loam,3.049343598648801,1.1339214377686995,7.707834383891622e-20,0.49085725716206596,36.5,36.4,27.1,,6.5,37.597206,-112.92952,0.013906806070924947,5,0.5169811320754717,4.277451729784715e-12,0.4907452254396718,2.9140032261921336,1.010000010072994,0.1335480542417376,0.013805204526154816,4.0,cl
KSSL_15951787,KSSL_75970.0,loam,0.052594755896315085,1.8639306031195833,0.12406357958726881,0.4195267559549657,37.0,39.4,23.6,,196.5,38.470959,-101.77872,0.002563393159499323,5,0.44150943396226416,0.12064191901355223,0.41943399598159486,0.06832319440623058,10.99386647178841,0.06773874092350862,0.001954914487294978,0.8,l
KSSL_194698,KSSL_31774.0,loam,0.1630861653524244,2.305568832722491,0.036962868256072666,0.4911028536016943,49.2,43.1,7.7,,68.5,36.386276,-114.42875,0.002074855423316829,5,0.5169811320754717,0.03806676985015984,0.49110437310705946,0.11577642861107011,1.6007656083874202,0.9799999999999998,0.0013608713047789402,0.1,l
KSSL_203187,KSSL_33518.0,clay loam,0.6185237540269057,1.1290942548618916,2.8986396845498635e-19,0.415768421892769,27.551020408163264,33.265306122448976,39.183673469387756,,44.5,32.492085,-106.33353,0.006603774363688538,5,0.4377358490566038,1.5396726083601597e-16,0.41573757182226884,0.5940226577974514,1.0100000000090792,0.1286970171547167,0.00655446340266629,0.3,c
KSSL_180162,KSSL_29147.0,loam,0.0302293870118739,1.694373075083801,0.1055641447444939,0.3738018486478377,32.7,49.3,18.0,,178.0,38.329849,-98.291672,0.00914365942577046,5,0.3999999999999999,0.1103605112948714,0.3755879905468077,0.024381662324760377,1.4734622378665958,0.5483806301297892,0.009075419577817292,0.2,l
KSSL_96838,KSSL_15361.0,silt loam,0.047291577483480084,1.73755168614642,0.11715623831103379,0.5396945508851032,25.0,60.8,14.2,,89.5,39.269459,-101.1199,0.013579007651522272,5,0.5018867924528303,0.11523701834024239,0.5385617706648439,0.05022397583091653,1.8536064199862632,0.3820095320895503,0.013557177408479804,0.22000000000000003,sil
KSSL_15745568,KSSL_40166.0,loam,0.10034039979209684,1.5645462083298907,0.0906066208993021,0.44105541641026275,50.2,33.9,15.9,,78.0,39.585758,-99.759636,0.006417386098365388,5,0.4641509433962264,0.08763409802756937,0.4409433996397279,0.11871107005701115,9.259815339306442,0.05653715701392006,0.006107889571979128,0.4,l
KSSL_176687,KSSL_28516.0,loam,0.07862836720489544,1.6837453263428546,0.17205000099999998,0.5207855091143165,34.8,42.5,22.7,,82.5,42.013721,-93.729416,0.02487272760369794,5,0.3547169811320754,0.17008627063841592,0.5103802382849619,0.11892165903273523,10.999999996958026,0.05079288692948163,0.017804092680583628,0.3,l
KSSL_108740,KSSL_17343.0,loamy sand,0.17381672622181993,1.731136760439966,0.057145936890671836,0.4368700392935329,78.2,13.8,8.0,,34.5,38.325809,-111.53492,0.013838657523323765,5,0.45660377358490567,0.05064552710397475,0.43382769204273663,0.25675126263389614,10.999999999997765,0.05363234879726646,0.009641332336164219,0.37,ls
KSSL_15924929,KSSL_70961.0,sand,0.9688336407253644,1.289918671706037,4.351300894273947e-20,0.31162679798288984,88.0,7.8,4.2,,14.0,,,0.007643558742794689,5,0.32830188679245276,1.1860988238441234e-18,0.3114883436320441,0.8225824104791726,1.01,0.29716192460695123,0.007294992871576636,0.0,cos
KSSL_203226,KSSL_33524.0,silt loam,0.05551052456572774,2.548797534926973,0.079200001,0.5449419593718499,25.051334702258725,54.312114989733054,20.636550308008214,,5.0,32.894501,-106.12539,0.005216319964304811,5,0.5735849056603772,0.079200001,0.5449057241154415,0.06252253103230757,10.999963707994327,0.13232411858381962,0.004930502470191526,0.3,sil
KSSL_15929253,KSSL_71940.0,loam,0.4740694028574437,1.155783822408483,1.3489801635305114e-13,0.44741970273913917,40.3,37.5,22.2,,9.5,,,0.0035166777639833243,5,0.4716981132075472,5.716797660155928e-19,0.44742291071878454,0.4211823503672162,1.0100000000000005,0.15788917420194426,0.0029396637065937613,3.3,l
KSSL_121274,KSSL_19305.0,sandy loam,0.3019632477669596,1.1865473576343422,0.0009384033801023883,0.31275472633383705,71.4,15.4,13.2,,24.0,33.884304,-83.427666,0.010057083255461936,5,0.32830188679245276,2.4017919267292315e-23,0.3118902193559057,0.40725607460658014,8.681125319574702,0.020000084333006225,0.009573084276152406,0.71,cosl
KSSL_180164,KSSL_29148.0,sandy loam,0.02047792267825398,4.007731707581161,0.062010000999999995,0.34787794115747006,70.1,23.8,6.1,,15.5,38.184807,-98.261131,0.009595459127971741,5,0.369811320754717,0.062010000999999995,0.3472728104884666,0.03081792974082363,10.99999999107183,0.1723648043509571,0.008242806420992187,0.4,fsl
KSSL_15748387,KSSL_40749.0,silty clay,0.008123761951991772,2.4104040094232264,0.35424000099999997,0.4752324446562281,4.9,48.3,46.8,,22.0,41.038639,-96.564003,0.009822079207408001,5,0.2943396226415095,0.35424000099930564,0.47170356411147846,0.011316870042908938,10.999999999651719,0.1013911077304079,0.008556540355403397,1.3,sic
KSSL_15924933,KSSL_70961.0,sandy clay loam,0.1518095514114085,1.1051658137375986,2.0094006495094665e-11,0.5620445063720249,47.0,27.5,25.5,,121.5,,,0.011765286055607163,5,0.3735849056603773,3.457541653205455e-21,0.562176297582807,0.133703964253945,1.01,0.10714734057031443,0.011656912482157883,,scl
KSSL_178320,KSSL_28816.0,clay loam,0.025029138296119077,1.639229761961969,0.15202750207226332,0.466220606408508,25.5,41.9,32.6,,94.0,40.247112,-93.71447,0.006662756057731126,5,0.3056603773584906,0.14324662328617654,0.46465037063020154,0.03006589552319249,1.8918176521195291,0.2908361556447764,0.006594851349289024,0.1,cl
KSSL_15951767,KSSL_75968.0,silty clay loam,0.1287310088304315,1.4172468580527446,0.11018165098166559,0.4731204564549808,18.3,54.3,27.4,,34.5,38.470299,-101.78132,0.008668577026597792,5,0.4981132075471698,0.12222570360007368,0.47303702068182785,0.0799753238207725,1.01,0.5142602719184334,0.008483881269207122,1.2,sicl
KSSL_201847,KSSL_33277.0,silty clay loam,0.5289063747207512,1.1512229187865421,5.107840282514946e-23,0.6266037630965178,16.7,48.6,34.7,,5.0,45.265415,-117.96722,0.007900365646517946,5,0.660377358490566,2.3893599701351317e-15,0.6264588787529212,0.4821254079987995,1.01,0.15229322220453262,0.007436406460097788,3.5,sicl
KSSL_15746060,KSSL_40271.0,clay,0.003283423784345129,2.056780202883497,0.27982834161376235,0.49310945101267983,0.5,38.7,60.8,,65.0,39.817444,-94.91925,0.01559267326000582,5,0.31320754716981136,0.29604619417795996,0.4942120913554889,0.0022009470050174426,1.7646134797783222,0.9799999999999999,0.015547090460170004,0.6,c
KSSL_15745494,KSSL_40155.0,sandy loam,0.25911892285729693,1.4460596048715872,0.14297884380583997,0.48083209527701554,63.1,21.3,15.6,,3.5,36.370499,-120.74614,0.008465324700442058,5,0.5056603773584905,0.13778889102384298,0.48037736608928244,0.3252116634694993,10.655130674262487,0.037814683032888256,0.007719672827562822,0.1,sl
KSSL_123775,KSSL_19665.0,loam,0.0633619404897269,1.1784186085696406,2.001373583690351e-22,0.36759249177877096,35.9,41.1,23.0,,160.0,44.763329,-90.651512,0.005790329323496182,5,0.32830188679245276,0.09401980925943046,0.36742344925310305,0.03082062985144374,1.01,0.35179404859082375,0.0052331228652164755,0.05,l
KSSL_123748,KSSL_19661.0,sandy loam,0.017284088369955954,2.235630123255527,0.0799536246538217,0.29115924353773437,65.5,23.4,11.1,,195.5,45.049164,-90.864853,0.0063328475402672285,5,0.26415094339622636,0.0820208992483301,0.29243107433209226,0.01112069862839132,1.775073899339375,0.9799999999999999,0.005924971943097465,0.05,sl
KSSL_15929247,KSSL_71938.0,sandy loam,1.883180985542517,1.2082596785453985,3.787677201122944e-11,0.36192175131565024,66.8,23.1,10.1,,77.0,,,0.006389967833046103,5,0.38113207547169814,7.43422475158865e-15,0.36184479897860955,1.7420833362243642,1.01000006671108,0.2090397980391353,0.00620106597882022,0.5,cosl
KSSL_113828,KSSL_18210.0,sand,31.622776601594722,1.4407952846297931,0.024480000986226113,0.4013903018752077,92.3,5.6,2.1,,33.0,41.803864,-70.666679,0.004231644200450968,5,0.4226415094339623,0.024480000999999998,0.4013913109639072,31.62277660168378,1.010000102713912,0.4361758550068632,0.004219796905583485,0.48,s
KSSL_15741189,KSSL_39437.0,silt loam,0.04722755791939234,2.1899066506476954,0.08540000099997369,0.4948192957515314,35.6,52.2,12.2,,6.5,39.899693,-97.81472,0.0033901677260692086,5,0.5207547169811321,0.08525403389195285,0.4947171312946543,0.05816384696443467,10.999920082829744,0.09748079002215482,0.002610981864913945,1.1,sil
KSSL_15745468,KSSL_40151.0,silty clay loam,0.2774397152798573,1.094794833754248,2.4564499437249542e-12,0.39671783902743724,9.6,52.5,37.9,,3.5,36.360695,-120.76308,0.00847630294885433,5,0.4188679245283019,2.008275393883498e-19,0.3965946960043247,0.25364495276408044,1.01,0.09551470736884417,0.008341846919867061,3.1,sicl
KSSL_15924949,KSSL_70965.0,sandy loam,0.7747931068446351,1.164252941005481,6.097533896267622e-23,0.4000095943910079,63.7,23.9,12.4,,97.0,35.118137,-119.59603,0.01693622753342318,5,0.4226415094339623,7.153015948198558e-17,0.39944562185863086,0.6728377202733328,1.0100000000000002,0.16717815652522608,0.016567138757956002,0.1,sl
KSSL_146276,KSSL_22877.0,sandy loam,2.754795927862235,1.2313556360504156,0.055416178903751064,0.4050619862056394,52.1,33.4,14.5,,4.0,,,0.013909102614077089,5,0.42641509433962266,0.05902832363035902,0.405029799968443,2.412359506276523,1.0100000000557263,0.23992982383293063,0.013878592805502665,1.8199999999999998,fsl
KSSL_146271,KSSL_22876.0,sandy loam,0.25811108255042275,1.3899301220400466,0.03448000978068112,0.42863499858986803,52.1,33.4,14.5,,4.0,,,0.02371475376809221,5,0.4528301886792453,0.06114331019516102,0.4261799823908671,0.10593809971550126,1.01,0.6154829788437295,0.022522757427348782,1.8199999999999998,fsl
KSSL_203216,KSSL_33522.0,silty clay,0.11105529347971409,1.5349491977333254,0.10168404423179542,0.42303986524824216,7.915831663326654,46.392785571142284,45.69138276553107,,86.5,32.736557,-106.18628,0.0013932953286702199,5,0.44528301886792454,0.09849186797764535,0.4230188683623323,0.13209147585902103,8.792600392600155,0.05619078961365917,0.0011574532688532141,0.0,sic
KSSL_15741176,KSSL_39435.0,silt loam,0.07584016069910585,1.7070413953687211,0.0846038900118095,0.4768569590911075,25.9,60.7,13.4,,45.0,39.936668,-97.848137,0.002979122976299921,5,0.5018867924528303,0.08109474513347437,0.4767924553985797,0.09275486949529624,10.604701460607794,0.06032555501937451,0.0025032711426502784,0.7,sil
KSSL_15745470,KSSL_40151.0,silty clay loam,0.13620295623500073,1.1691042443745219,0.07596764213614804,0.3893011267694207,10.9,58.6,30.5,,27.5,36.360695,-120.76308,0.007212184348245371,5,0.41132075471698104,0.1372650723591043,0.388758609498384,0.07826263155857328,1.01,0.27287952605520394,0.006920916714563882,1.2,sicl
KSSL_15745509,KSSL_40160.0,silt loam,0.07836020441432529,2.3142343107575885,0.20274000099999998,0.6811528146907632,24.6,54.3,21.1,,4.0,34.455555,-111.38284,0.0054086156142191906,5,0.7169811320754718,0.20274000099999998,0.6811320781445297,0.0847789615928873,10.960318256757818,0.11594086067763529,0.005249958980260106,10.5,sil
KSSL_15938350,KSSL_73383.0,silty clay,0.005983873222053004,1.9457798917296294,1.0267472393581213e-18,0.4217549609524419,5.4,53.5,41.1,,88.5,39.367981,-111.57803,0.024613125495206806,5,0.4226415094339623,2.7478114507686598e-40,0.43412464968686415,0.0034903335592844217,1.104763881863331,0.9799999999999999,0.01961366691085493,0.3,sic
KSSL_203189,KSSL_33518.0,clay,0.022259198736686185,2.1269166589386588,0.17952000099999996,0.42892440112638613,26.153846153846153,20.205128205128204,53.64102564102564,,105.5,32.492085,-106.33353,0.02195145344132786,5,0.3999999999999999,0.17952000099999996,0.4209936314852598,0.03428920219379191,10.999999999999314,0.07634873012248405,0.016724904250561598,0.0,c
KSSL_203214,KSSL_33522.0,silty clay,0.08065424387721704,1.7393781618282866,0.08981187884591657,0.50913845815495,15.0,42.6,42.4,,36.5,32.736557,-106.18628,0.004934302695352212,5,0.5358490566037736,0.08708335869633811,0.5090566065867149,0.09615839120361051,10.570455007442131,0.06428866416102778,0.0045239668720040045,0.3,sic
KSSL_178327,KSSL_28817.0,silt loam,0.04860092117620928,2.3142204976775838,0.074970001,0.5178254245020473,21.1,70.5,8.4,,34.5,36.787693,-89.939331,0.00863662984609674,5,0.41132075471698104,0.074970001,0.5106985799560594,0.06261325201684219,3.452546644834601,0.3114612487302712,0.0050223072266980286,0.9,sil
KSSL_15745565,KSSL_40166.0,sandy loam,0.047352779123929836,2.571692744647174,0.1081500009999983,0.5306069833520974,53.5,34.7,11.8,,12.0,39.585758,-99.759636,0.003277111283835727,5,0.5584905660377358,0.108150001,0.530566204913717,0.055364423229019945,10.999974529019552,0.13105431222350789,0.0028348345253655653,2.0,fsl
KSSL_15742238,KSSL_39606.0,silty clay,0.00243364123652548,1.2314326534693183,1.0906060999492355e-12,0.43899003517327173,2.6,47.6,49.8,,32.5,39.683498,-98.212532,0.027273397656248023,5,0.3094339622641509,0.18689591923339618,0.44029072728452384,0.0006824402149977855,1.01,0.9775363915606382,0.027120464130927106,1.1,sic
KSSL_15924835,KSSL_70947.0,loam,0.2929315751803253,1.1679263841280751,1.3041897605320784e-20,0.45159706864842486,37.7,41.7,20.6,,5.0,40.862949,-115.12067,0.015807552294862887,5,0.4792452830188678,2.419252926371514e-22,0.4507292262812273,0.2351666267321969,1.01,0.17451915593982106,0.015045498781476945,4.1,l
KSSL_15930219,KSSL_72143.0,silt loam,0.03436298667659783,1.3594128904171703,0.0005872856743117227,0.44958723804775363,2.6,82.2,15.2,,2.5,,,0.0037910441470540264,5,0.4188679245283019,0.07716458564296015,0.4528490156371781,0.010563583966525692,1.010000000385906,0.8538819335575902,0.0012900683056044926,1.4,sil
KSSL_15746058,KSSL_40271.0,silty clay,0.003505546473614963,2.2936498338045688,0.26784250224874045,0.4436932728837164,1.4,45.1,53.5,,12.5,39.817444,-94.91925,0.012047577005441653,5,0.3018867924528301,0.27645374380180815,0.44441307991722584,0.002532834874007415,1.9933363852128165,0.9799999999999705,0.012014731013111223,1.8,sic
KSSL_121272,KSSL_19304.0,sandy loam,0.015137688416730275,2.456308684419402,0.09449259327885623,0.3710552048600711,70.6,14.5,14.9,,199.5,34.252312,-105.41999,0.019645173537713796,5,0.4075471698113208,0.09564903205303174,0.37288705721996585,0.010692699594902707,1.96130511960964,0.9799999999999999,0.019357084072729992,0.1,fsl
KSSL_194703,KSSL_31775.0,sandy loam,0.5241181579480079,1.2448286489419071,0.004373739710536674,0.4332213418412031,58.1,23.4,18.5,,22.0,36.742474,-114.29034,0.016782029070417134,5,0.45660377358490567,0.02668085380999942,0.43277199506893166,0.35983942164530885,1.0100000000002975,0.2941587544972473,0.016471995960880257,0.1,fsl
KSSL_15745523,KSSL_40162.0,silty clay,0.0041166066590925835,1.255674552890126,2.0429573024151427e-17,0.4098253664888341,7.3,52.0,40.7,,70.0,37.719227,-99.724403,0.02205486184425621,5,0.3509433962264151,0.16833307787979587,0.41243912261679494,0.0013015797479678797,1.01,0.9799999999999915,0.021754694767380605,0.4,sic
KSSL_178322,KSSL_28816.0,clay loam,0.03796810543021707,1.31902823661372,0.1296385151665667,0.5124686425962931,27.3,33.1,39.6,,156.0,40.247112,-93.71447,0.0034879374052590893,5,0.2867924528301887,0.202146646204899,0.513518196540607,0.012720365493354585,1.0100000000002358,0.7367217463823514,0.0026208569820022143,0.1,cl
KSSL_198478,KSSL_32450.0,sandy loam,0.5727239923952628,1.2407853873112515,8.85932033925301e-13,0.40794653671120323,77.0,14.3,8.7,,29.5,39.570889,-105.80353,0.007607031150603983,5,0.43018867924528303,1.3796413498854326e-09,0.40784857291261783,0.4806829409234511,1.0100000000072837,0.24747795766403938,0.007019115666286593,0.6,cosl
KSSL_178330,KSSL_28817.0,silt loam,0.03743816590583103,2.5867054061782335,0.071760001,0.5067322433045508,13.8,76.4,9.8,,87.5,36.787693,-89.939331,0.008359428117985776,5,0.4641509433962264,0.071760001,0.5066305234622044,0.03757407928415175,2.5997320631194265,0.6086086262866482,0.008359118787000352,0.5,sil
KSSL_170721,KSSL_27094.0,clay loam,0.10880865409806185,1.1697897911075623,6.914200846401979e-19,0.403301930262097,28.0,44.5,27.5,,74.0,45.36739,-123.08308,0.006382901197838016,5,0.43018867924528303,1.46379287921413e-17,0.40432594236064606,0.08866512239932764,1.01,0.17749446379467496,0.005371834382779022,0.3,cl
KSSL_121267,KSSL_19304.0,sandy loam,0.09390849964353926,2.1899517226575336,0.12367000099999999,0.394688048397523,61.1,19.8,19.1,,39.5,34.252312,-105.41999,0.011517679891436957,5,0.41132075471698104,0.12367000099999999,0.38990576869449306,0.14508165699993322,4.431746861617034,0.19114717060098388,0.009240805640491874,0.36,fsl
KSSL_197839,KSSL_32337.0,sandy loam,0.19654698097218373,1.5565444916705693,0.09095597416268612,0.32547519733046004,67.8,23.0,9.2,,2.5,40.224998,-75.873558,0.0253812938445939,5,0.32830188679245276,0.09222000099999997,0.32014033352789567,0.23689878215720228,10.999999999989734,0.05020128030707058,0.02226567742547506,0.5,cosl
KSSL_15938362,KSSL_73386.0,sandy loam,1.9208328510163706,1.1301628084624276,1.0344110123827381e-11,0.36907112372094475,53.6,28.8,17.6,,49.5,41.6716,-116.0703,0.005300069209366938,5,0.3886792452830189,1.6347008740618726e-15,0.36901418488493415,1.8297585091633874,1.0100000000672458,0.12988079718846274,0.0051931805174844255,0.7,fsl
KSSL_203227,KSSL_33524.0,silt loam,0.038219527705395336,3.167968314848469,0.07810000099999999,0.5485247292664686,35.80874872838251,50.66124109867752,13.53001017293998,,24.0,32.894501,-106.12539,0.0039174918430987275,5,0.5773584905660378,0.07810000099999999,0.5484915264093693,0.045065231111021266,10.999667602152499,0.17605035157508256,0.003542748003216932,0.1,l
KSSL_15741180,KSSL_39436.0,loam,0.03105159549638953,2.369230728896195,0.07248000099999999,0.38777726254524425,47.3,42.8,9.9,,7.5,39.950085,-97.877892,0.00577544809880339,5,0.4075471698113208,0.07248000099999999,0.3871775464978473,0.043742407388536526,10.999996399794018,0.10066719404903454,0.0038700305082599936,0.5,l
KSSL_15745558,KSSL_40165.0,silty clay loam,0.04640758519349627,1.1688457591518682,1.4358519851624506e-09,0.39706214726912603,10.6,57.9,31.5,,20.0,38.479889,-100.94386,0.0034789372036988426,5,0.4188679245283019,1.5172900952195721e-10,0.3973074915774353,0.03859486808218724,1.010000000000035,0.1757386825277723,0.0030698673352662583,1.3,sicl
KSSL_123766,KSSL_19664.0,loam,0.07514754617611343,1.1803321460726601,0.03963652771458205,0.3343557842835786,46.7,31.5,21.8,,77.5,44.763329,-90.649567,0.004498623399042833,5,0.28301886792452835,0.118177246909717,0.3338504214743678,0.033929535224624385,1.01,0.3769612521956868,0.003973255678980414,0.01,l
KSSL_90860,KSSL_14282.0,sandy loam,0.02199822974073337,2.1872956603736626,0.08533831849548555,0.45242811044067655,64.8,28.3,6.9,,33.0,36.966915,-115.97031,0.0059992244221505515,5,0.4867924528301887,0.08849689720067291,0.45537083694586195,0.013747867720498826,1.6777868041404043,0.9799999999999999,0.0049489024622200875,0.25,fsl
KSSL_201047,KSSL_33087.0,loam,5.560863704377372,1.141216238406509,7.736349790357535e-24,0.5340512851422261,49.8,39.0,11.2,,4.0,45.000664,-117.16566,0.01186498350293616,5,0.5622641509433963,8.378289120115455e-21,0.5339966686073895,5.398308167640341,1.0100000000000011,0.14042552693826893,0.011798926021069434,3.1,l
KSSL_176741,KSSL_28526.0,loamy sand,1.1092673774646875,1.3838984886576213,0.03135722408092527,0.3548639989016983,85.7,8.6,5.7,,36.0,47.716106,-96.268135,0.014189397660287005,5,0.3735849056603773,0.034603037829801266,0.3547919910332084,0.8468004909003707,1.0100000000003573,0.4168175103224435,0.014100969316892645,0.5,lcos
KSSL_15745516,KSSL_40161.0,silt loam,0.16561558883291352,1.7806227276234483,0.10472000100000001,0.5986943286150423,16.6,69.1,14.3,,9.0,34.456638,-111.40644,0.006353424611601526,5,0.630188679245283,0.10472000100000001,0.5986792465313846,0.17368688140005095,7.303507910084703,0.10548776738181367,0.006273392218524415,4.6,sil
KSSL_15924941,KSSL_70963.0,loamy sand,3.1298036225640744,1.2946430869975076,2.3559784396017593e-22,0.5484373472434199,86.1,9.4,4.5,,72.0,,,0.018776207210605054,5,0.5773584905660378,5.515125882517232e-14,0.5483714635688558,2.897167397248767,1.0100000000006601,0.295775529972417,0.018673445296095624,0.2,lfs
KSSL_15741145,KSSL_39427.0,silty clay,0.0019081648688965742,1.2767442314132431,1.7862396929656804e-13,0.4743184220235268,5.4,45.5,49.1,,156.0,37.861149,-95.783607,0.02166811138659737,5,0.31320754716981136,0.15293055906445568,0.4766070101057912,0.000521552000344564,1.01,0.9799791910641975,0.02143173861546428,0.6,sic
KSSL_15748404,KSSL_40751.0,silt loam,0.03764913179424934,1.4457525663656943,0.08819209265508915,0.4410646055546474,10.0,68.3,21.7,,78.5,41.042416,-96.635803,0.004119693911669598,5,0.4641509433962264,0.06496353583453766,0.44091482284284167,0.050944794649678146,1.87356502218916,0.18912290710717516,0.00401122393405521,0.7,sil
KSSL_15929255,KSSL_71940.0,loam,0.16825668268441207,1.2346100475985538,0.034917654345604524,0.4137234290792712,39.6,34.2,26.2,,53.5,,,0.005079142247376634,5,0.4339622641509434,1.575429787857166e-39,0.41227352278382157,0.289308590750702,8.833487115665548,0.020000000001060954,0.0038405169572549554,0.9,l
KSSL_170740,KSSL_27101.0,clay,0.28760065160959336,1.0494272401067306,3.0127675979511073e-09,0.4637016854614269,6.0,29.7,64.3,,78.0,45.280888,-123.02792,0.004626670741779541,5,0.4037735849056603,9.652138119416833e-11,0.4636617546079434,0.27392445696129075,1.010000000000065,0.049399317543492416,0.004567789932790784,0.3,c
KSSL_203215,KSSL_33522.0,silty clay,0.06936602404214413,1.8863885128308897,0.08545718026080913,0.48403340283424373,13.326653306613228,45.791583166332664,40.881763527054105,,59.5,32.736557,-106.18628,0.004425399413991549,5,0.5094339622641508,0.08342200159350485,0.4839622706381757,0.08278543635433243,10.97890472277176,0.07385540010651208,0.004010305856129613,0.2,sic
KSSL_118968,KSSL_18889.0,sandy loam,0.2197621168712187,1.5779482858424112,0.06288885424126621,0.3376586770249232,72.9,19.3,7.8,,10.0,31.708467,-110.0351,0.009120883078089777,5,0.3547169811320754,0.05721000124703125,0.3369833754743257,0.3188456724734366,10.999999999837128,0.04348135766747591,0.008400447149291659,0.27,cosl
KSSL_15941109,KSSL_73900.0,loam,1.7369268953473167,1.2116693092116417,0.04447940922797338,0.5521231013277237,24.3,49.0,26.7,,77.0,43.779217,-110.92764,0.00680759682084164,5,0.5811320754716982,0.04038076222121555,0.552075474863569,1.9021769102221517,5.709656230109444,0.03590577174147733,0.006713317257445357,2.7,l
KSSL_121731,KSSL_19360.0,sandy clay loam,0.020091445972119416,2.606390700210577,0.15809126021397885,0.41502320475922544,51.6,24.8,23.6,,314.5,38.347187,-112.98719,0.009741806484526095,5,0.2943396226415095,0.1587033507392279,0.41615934154052214,0.015102467740438923,2.187159045759784,0.9799999999999999,0.009397789246177384,0.08,scl
KSSL_15941102,KSSL_73899.0,silt loam,0.9865036901928024,1.1916008118318027,5.104671530410618e-10,0.5300321420228047,24.8,52.5,22.7,,44.0,42.164539,-114.19279,0.009568999787007901,5,0.5584905660377358,1.4831650739052426e-13,0.5298769381025972,0.8881348635307462,1.0100000000000418,0.1934768844667594,0.009164925952289788,0.9,sil
KSSL_15745507,KSSL_40159.0,silt loam,0.08550012321532952,1.517421819381616,0.15765569524996625,0.44478736362083804,19.1,54.5,26.4,,13.0,34.941555,-111.51839,0.008966788790200344,5,0.4679245283018868,0.15400926379987437,0.4445283082926877,0.10427413301197098,10.208486895280977,0.04620383292988655,0.0085832514375138,2.0,sil
KSSL_15924817,KSSL_70942.0,clay loam,0.43961397012491693,1.2120620916330336,0.10291298686930053,0.40908639308264333,36.7,34.7,28.6,,17.5,37.597206,-112.92952,0.00905971093462294,5,0.43018867924528303,0.07984913499951352,0.4086741935698018,0.6030957511433004,3.2548144685107188,0.05375095466242351,0.00879943155983166,3.0,cl
KSSL_121723,KSSL_19360.0,silt loam,0.1749902862079876,1.2728368722550847,0.060218400698263425,0.47877540367262306,26.3,53.5,20.2,,14.0,38.347187,-112.98719,0.019575261686296728,5,0.4528301886792453,0.033651149705200424,0.472789472222595,0.2616422643649876,10.9102139384028,0.020000000000000368,0.015909581366331447,0.8400000000000001,sil
KSSL_15745457,KSSL_40149.0,loam,0.04481035217134344,1.075346491497099,4.018549422532399e-19,0.2831888062520056,48.0,41.8,10.2,,76.0,38.353973,-121.17292,0.0031433044379972574,5,0.28301886792452835,2.049260345566054e-11,0.28326940522237215,0.039992813032390655,1.01,0.07700429050101913,0.0029989223765844,0.1,l
KSSL_203233,KSSL_33524.0,sandy loam,0.035704594332126374,3.3681527516993235,0.07560000099999999,0.5162499834575716,75.23029682702149,18.42374616171955,6.345957011258956,,135.5,32.894501,-106.12539,0.002864826443627789,5,0.5433962264150943,0.07560000099999999,0.5162274737644776,0.042407303255060945,10.999993370019283,0.19019967778133107,0.002535325720068145,0.0,fsl
KSSL_15951785,KSSL_75970.0,sandy loam,0.033246556491502044,2.8147041121338265,0.083600001,0.3765200639064832,66.6,18.2,15.2,,133.5,38.470959,-101.77872,0.003593410239850059,5,0.39622641509433953,0.083600001,0.37641747023502686,0.042928544209612854,10.999963735249288,0.1387530055432989,0.0030114273939875953,0.7,sl
KSSL_108765,KSSL_17347.0,sandy loam,0.042676087753863806,1.7326779226562272,0.08041771855119116,0.3806002894866546,59.0,29.3,11.7,,19.0,39.18718,-112.37746,0.010470363010058655,5,0.41132075471698104,0.09150015941022915,0.3859114571208862,0.020242235497254037,1.2123957098964933,0.9799999999999999,0.007890159976607867,0.31,vfsl
KSSL_110072,KSSL_17573.0,sandy loam,0.5890761016343168,1.3103589621019256,0.025003279961564116,0.28299755812407035,77.1,15.3,7.6,,181.5,45.61694,-91.863228,0.005053143697561513,5,0.29811320754716975,0.032524323113630994,0.2829367281544619,0.41313123594018814,1.0100000000000862,0.35915404364594933,0.0048409558589638324,0.06,sl
KSSL_123759,KSSL_19663.0,loam,0.02296443162963127,1.8098588677041538,0.10219703847703138,0.35554105322626417,48.0,37.2,14.8,,69.5,44.948608,-90.535675,0.00692116539101297,5,0.3018867924528301,0.11036566664498577,0.3592771536411999,0.011542419605436182,1.314710786021843,0.9799999999999999,0.0055855015714460846,0.05,l
KSSL_15938330,KSSL_73378.0,clay loam,0.0681730203561681,1.2982243511355331,0.07875498262802848,0.4462505158826774,44.8,27.5,27.7,,41.5,37.704334,-112.65024,0.008173210279032955,5,0.4490566037735849,0.14372443907547883,0.4466023561738805,0.02391669297854162,1.01,0.64057027768263,0.006905674186701676,1.0,cl
KSSL_183835,KSSL_29797.0,sandy loam,31.622775067965822,1.2407152925954559,0.06253570536404408,0.3477098493245975,80.1,8.5,11.4,,6.0,5.0713611,-2.5307221,0.00595613626776684,5,0.3660377358490565,0.062488725332079255,0.34771067708145714,31.62277660166638,1.0100000000002398,0.238181863244781,0.005953897842018746,2.5,fsl
KSSL_212033,KSSL_35066.0,silt loam,0.2154157301000853,1.2477032404981152,0.03692096118233071,0.4659726674706326,28.0,50.2,21.8,,21.5,35.267666,-111.7447,0.0064646412410356785,5,0.49056603773584906,0.05284317230379859,0.465930615345456,0.16661293401694496,1.01,0.2792805096597449,0.006370579130878957,1.1,sil
KSSL_15929249,KSSL_71939.0,silt loam,0.3987413375581792,1.2680010781606796,8.661400518130322e-23,0.5242900559345269,35.0,52.7,12.3,,15.5,,,0.018586348413875235,5,0.5547169811320753,3.4136472420743897e-16,0.5235808570835262,0.3036568551630012,1.01,0.28344484850046203,0.017271371069856843,1.2,sil
KSSL_15924819,KSSL_70942.0,loam,0.07954028947518492,1.2761647843998998,0.02800747266909927,0.4311121889883235,27.8,46.8,25.4,,61.5,37.597206,-112.92952,0.004912274442479115,5,0.29811320754716975,0.05214752227460611,0.43153221743907627,0.062406774448235974,1.1615920654929524,0.2861987437158982,0.00486534952582557,0.3,l
KSSL_15745814,KSSL_40209.0,silty clay,0.003358707931370039,1.2617057694912848,5.4125794403327774e-14,0.4560245948726655,2.2,52.7,45.1,,100.5,38.53825,-95.245888,0.01944546036480774,5,0.290566037735849,0.17843645688974805,0.45853229116296096,0.0010213107570429128,1.01,0.9799993748444688,0.019128981953101174,0.5,sic
KSSL_121277,KSSL_19305.0,clay,0.28343297697937175,1.076248408562748,1.6865855800607194e-09,0.4952817015124016,28.9,23.7,47.4,,109.0,33.884304,-83.427666,0.006440810286403309,5,0.42641509433962266,2.1397449133839124e-10,0.4945643084115148,0.39831213684048017,3.5525875319999076,0.020000000008455143,0.006050400173604568,0.13999999999999999,c
KSSL_121261,KSSL_19303.0,silt loam,0.019011576590948848,3.0070123779830986,0.08797329230849944,0.4631596270324175,25.8,71.2,3.0,,71.0,47.006786,-118.57471,0.012361606150813812,5,0.45660377358490567,0.08757814096945035,0.4642759911516785,0.014680198074148667,2.447878282175872,0.9799999999999999,0.01196237173984603,0.42000000000000004,sil
KSSL_15745495,KSSL_40155.0,sandy clay loam,3.1658679687850744,1.1355351259552606,6.982554220702089e-07,0.4983158502291021,52.9,26.6,20.5,,14.0,36.370499,-120.74614,0.004655869686760991,5,0.5245283018867924,5e-324,0.49830188881825044,3.2452030708271065,3.845134799801102,0.03512914274972911,0.004627696766998676,0.0,scl
KSSL_118959,KSSL_18887.0,sandy clay loam,0.028227606718709622,1.8489486310416663,0.1442025035170304,0.41158779710767096,56.7,14.5,28.8,,48.5,31.737911,-109.9501,0.011600305665763174,5,0.41132075471698104,0.14944267240425438,0.4184331217661135,0.014899706941382183,1.259394660407613,0.9799999999999999,0.009520863363729365,1.45,scl
KSSL_110091,KSSL_17576.0,sandy loam,0.10733653840670188,1.202645357657747,1.122672005599787e-18,0.2535595687287792,66.1,23.6,10.3,,74.5,45.21944,-92.086288,0.005292236238731781,5,0.2716981132075471,1.114299280640523e-14,0.25446319017625363,0.08358042692692373,1.0100000001592215,0.21494946192093617,0.004449942575761628,0.09,sl
KSSL_15921958,KSSL_70510.0,silty clay loam,0.17674676374211296,1.2446900299972699,0.07206467259349529,0.4656635183352525,2.3,63.8,33.9,,33.5,43.663456,-96.492882,0.0028190982137154623,5,0.49056603773584906,0.1020530138412421,0.46568082701838404,0.11471223141979302,1.0100000000003078,0.3137828278407496,0.002337479886155284,1.0,sicl
KSSL_121235,KSSL_19298.0,sand,0.11544957259979743,2.2272965310878936,0.030780000999999994,0.35893974505888365,95.7,2.5,1.8,,123.0,42.843864,-101.34076,0.020138252295652876,5,0.3509433962264151,0.02829945953425127,0.35117606486560676,0.17980924269239149,10.999999999999998,0.0812035205342797,0.010484379902516435,0.04,s
KSSL_15746543,KSSL_40376.0,loam,0.049266744126259275,2.6771856075791636,0.27702000099999996,0.6058766730110712,37.7,47.6,14.7,,6.5,38.376888,-110.28577,0.0033354263583914258,5,0.6377358490566039,0.27702000099999996,0.6058491735078164,0.05636255250423853,10.999832137514545,0.141361605146557,0.00309365055360626,11.1,l
KSSL_170693,KSSL_27087.0,silty clay loam,1.186684632387317,1.0967391341717108,1.4942370967670202e-18,0.4649162635557965,12.4,49.6,38.0,,28.5,45.277195,-123.0508,0.013649661200441783,5,0.49056603773584906,1.746656260708875e-19,0.4646732894536652,1.1102444075453248,1.010000000000063,0.09686148985941648,0.013504076683618884,1.6,sicl
KSSL_119007,KSSL_18895.0,sandy loam,0.019964942224473974,3.2344982404628344,0.11718267023037171,0.491539291971711,71.9,15.5,12.6,,144.0,31.752356,-109.95038,0.01320703066128574,5,0.4528301886792453,0.11635730953754966,0.49258667534204875,0.015849657173292973,2.612268743658311,0.9799999999999993,0.012841974961900319,0.08,sl
KSSL_15741177,KSSL_39435.0,silt loam,0.0640536560793339,2.227526275587877,0.053760000999999905,0.48044422989193103,41.0,51.5,7.5,,65.0,39.936668,-97.848137,0.0063423211157377,5,0.5056603773584905,0.053760000999999995,0.48037738525766316,0.07240963110162386,10.998976201714667,0.10560867591655654,0.005985541417403293,0.2,sil
KSSL_15946993,KSSL_75110.0,clay loam,0.2056409955595344,1.2264527710864725,3.06391342616534e-11,0.44900034110102144,31.9,40.2,27.9,,83.5,43.45364,-105.26468,0.011729066900606835,5,0.4716981132075472,5e-324,0.448113291649254,0.27186679243548273,10.164339552644089,0.02077458346539835,0.011189398895315476,0.6,cl
KSSL_176744,KSSL_28526.0,sandy loam,0.2233591127284159,1.1644076942850956,2.6498487746112585e-20,0.23139229031616437,60.3,27.9,11.8,,117.0,47.716106,-96.268135,0.004504787960186968,5,0.24528301886792447,2.5273920066485e-19,0.2313656378573553,0.18362387545198716,1.01,0.17056823991321693,0.004041984757416139,0.0,fsl
KSSL_208971,KSSL_34522.0,clay loam,0.43584197716300377,1.2575524831083444,0.13401997607328434,0.387070126936679,43.4,29.2,27.4,,43.5,44.790359,-96.594254,0.002462788696531581,5,0.4075471698113208,0.14346356137838187,0.38701847233368514,0.32359806774895605,1.01,0.29467694336571476,0.002247071823734906,0.9,cl
KSSL_208366,KSSL_34381.0,silt loam,0.013510000366238294,1.9288990346109425,0.09912311685734936,0.41312799473868483,15.2,72.0,12.8,,60.0,65.077164,-145.87267,0.008037442842354877,5,0.3999999999999999,0.11136953598658787,0.4146447340274491,0.00766739838837804,1.573581082964314,0.9799999999999999,0.00764249124411629,0.9,sil
KSSL_15748399,KSSL_40750.0,silty clay loam,0.006201379826569468,1.649755434233911,0.2512760118331812,0.4815297336229492,1.4,64.0,34.6,,173.5,41.044498,-96.635834,0.010108155067656962,5,0.3999999999999999,0.19323329823505628,0.47504668819270934,0.011379888187691728,10.999999999999961,0.029402631696176868,0.008779474100372933,0.8,sicl
KSSL_161990,KSSL_25396.0,sandy loam,5.2088887041888166,1.203770877807137,7.640399978978572e-23,0.602230331512151,56.1,32.1,11.8,,2.5,43.760433,-116.10069,0.01480365608045673,5,0.6339622641509434,4.1815596382644066e-14,0.6021988274316771,5.040849094641466,1.01000000000031,0.20274767508617594,0.014754923947925274,5.3,cosl
KSSL_90865,KSSL_14283.0,sandy loam,1.8561974382278135,1.1841158461874972,6.645765386252818e-23,0.5013208604902216,65.4,24.4,10.2,,19.5,36.966915,-115.97031,0.01856191456862554,5,0.5283018867924528,1.51989643301799e-19,0.5010312479583874,1.6964710224176591,1.0100000000006826,0.18528744665513228,0.018295541507270852,0.29,vfsl
KSSL_15742232,KSSL_39605.0,silty clay loam,0.030927891278227693,1.4061187767719272,0.13189083566684054,0.38095980453334455,6.1,61.6,32.3,,51.0,39.417137,-97.139336,0.0025476175232213277,5,0.4037735849056603,0.17043296281040007,0.38273758208336556,0.00916415243824945,1.0251387838661057,0.9799999989004903,0.0010258487085620773,0.7,sicl
KSSL_15748394,KSSL_40750.0,silt loam,0.002875989615318753,2.7751217228647778,0.28080699035365486,0.4398637326930384,10.0,63.6,26.4,,27.5,41.044498,-96.635834,0.015122363164132393,5,0.369811320754717,0.1957333147304442,0.4390474623454483,0.005977014149381384,10.99991949282921,0.03820745139413886,0.015038873841572903,1.0,sil
KSSL_15742256,KSSL_39608.0,silty clay,0.0037999596483918605,1.268843173516814,1.072565815963491e-17,0.43233229190786987,10.0,47.5,42.5,,125.0,39.781193,-97.059776,0.016908951604578035,5,0.26415094339622636,0.15916866567014712,0.43417535886666514,0.001097829278195169,1.01,0.9799785703186319,0.0166383392710574,0.0,sic
KSSL_184573,KSSL_29901.0,loam,0.02243713729527974,1.3233235171463507,0.18247632289310683,0.6454929960221837,44.89164086687306,40.76367389060887,14.344685242518059,,9.0,19.089731,-155.60223,0.010007079396118264,5,0.5471698113207547,0.2971690733182675,0.6477645191691447,0.0062068162019007795,1.0219386605743994,0.9799999999999999,0.008144400787258196,7.0,vfsl
KSSL_15924818,KSSL_70942.0,clay,0.07131196429875596,1.1329815712602849,1.5635967042453664e-15,0.46693881098745976,15.2,30.2,54.6,,32.0,37.597206,-112.92952,0.00905279925831116,5,0.3396226415094339,1.0621392511135076e-20,0.4672619004391353,0.057382980808850646,1.01,0.13955721273999538,0.008380693567238088,1.5,c
KSSL_203182,KSSL_33517.0,sandy clay loam,0.07504107157497708,1.9285532136802774,0.07840000099999997,0.4338863244532019,57.04081632653061,17.95918367346939,25.0,,66.0,32.469639,-106.35172,0.007451167036968704,5,0.45660377358490567,0.07840000099999997,0.4337735945086185,0.08511464117379275,10.879878696196663,0.08140043409567867,0.007084225958788718,0.0,scl
KSSL_194712,KSSL_31776.0,sand,31.62277660160575,1.4750214893815135,0.012880000999927267,0.36559273256138325,97.2,2.7,0.1,,122.5,36.68111,-114.28472,0.007575308446016826,5,0.3849056603773584,0.012880000999999728,0.3655931645316089,31.62277660168378,1.0100012755405285,0.47015844861875106,0.00757143607905255,0.1,s
KSSL_123752,KSSL_19662.0,silt loam,0.06917176051006876,1.1590515223918925,1.499667662213996e-22,0.37771700881897324,21.9,53.2,24.9,,56.0,44.945553,-90.537346,0.004722107127524211,5,0.3396226415094339,1.3106131642180263e-18,0.3788980995707824,0.057155089634095296,1.01,0.16612304156826133,0.004073466056517025,0.13999999999999999,sil
KSSL_212038,KSSL_35067.0,silt loam,0.08187310821720528,1.6285443469323164,0.10695007366787856,0.5558042643730248,11.5,65.9,22.6,,19.0,34.969418,-111.50867,0.006487260049138461,5,0.5849056603773584,0.10232291942603784,0.5556603801575161,0.09993437027044963,10.679767471918707,0.05342862456949231,0.005967419269937224,2.4,sil
KSSL_15946987,KSSL_75109.0,silty clay loam,0.034066857857153764,1.2791291269678526,3.471470235731919e-21,0.42399980716588126,17.3,44.9,37.8,,92.0,43.451351,-105.26745,0.014428585469648588,5,0.3547169811320754,0.08406989786566475,0.4244384128299416,0.012847525232999146,1.01,0.5974240035133606,0.013879913210180159,0.4,sicl
KSSL_121276,KSSL_19305.0,clay,0.26901252446770135,1.126688452968064,0.164375787153975,0.5043389221961575,25.4,11.6,63.0,,76.0,33.884304,-83.427666,0.006582524939690117,5,0.47547169811320744,0.10039886071164267,0.5032193166383213,0.4046671741750905,4.603435988021589,0.020000000000000004,0.0057240187781876966,0.21000000000000002,c
KSSL_118991,KSSL_18892.0,sandy clay loam,4.360234191167521,1.0995119534352538,3.321176146761359e-09,0.3548980910074056,51.5,27.3,21.2,,77.5,31.737911,-109.9501,0.0051847037322195364,5,0.3735849056603773,2.83995354726929e-14,0.35489476335391146,4.283170712071898,1.0100000004679617,0.0987639857173244,0.005179701664957852,0.27999999999999997,scl
KSSL_90857,KSSL_14282.0,sandy loam,0.1729720725692518,1.3335266908345056,2.9718957867078385e-21,0.4521479148890231,72.0,24.2,3.8,,2.0,36.966915,-115.97031,0.017307546297083653,5,0.4830188679245283,0.038267414724551974,0.45005013013805606,0.07368316545081682,1.01,0.5337048246513907,0.014984244430767546,0.63,vfsl
KSSL_201059,KSSL_33089.0,silt loam,31.622776601677423,1.2308396302824673,0.029174948865076537,0.6444034589795097,37.1,51.9,11.0,,22.5,45.104832,-119.496,0.013490570598648322,5,0.679245283018868,0.028992079923500818,0.6444090214631287,31.62277660168378,1.0100000000136806,0.22831128788140526,0.013464045124678373,1.7,sil
KSSL_15741144,KSSL_39427.0,clay,0.0021239402784373326,1.2822287160906178,3.421267443223587e-16,0.4795948524913116,4.5,37.5,58.0,,119.0,37.861149,-95.783607,0.02157905404849942,5,0.2867924528301887,0.15859385308171745,0.4821993261853029,0.0006057108351851282,1.01,0.9799873869923601,0.021344447970495093,0.6,c
KSSL_15924936,KSSL_70962.0,loamy sand,2.797261649544939,1.2521923573409481,2.1531697866929245e-11,0.38713984679438024,85.4,10.1,4.5,,74.0,,,0.011049375772795772,5,0.4075471698113208,4.520930658019352e-11,0.3871137259805417,2.6226764283129653,1.010000000006073,0.2524097966413141,0.011004091239457142,0.1,lcos
KSSL_208365,KSSL_34381.0,silt loam,0.015810152454795962,3.05748885528074,0.11263306124338457,0.49715693791275556,21.2,71.0,7.8,,42.5,65.077164,-145.87267,0.009145171974529954,5,0.5169811320754717,0.11284874019905208,0.4976235555213521,0.012298615884040302,2.6083685140215533,0.9799999999999999,0.008990948661557278,3.8,sil
KSSL_203183,KSSL_33517.0,clay loam,0.26642465816831895,1.1928012739217069,0.02616283548865785,0.358517082992657,45.0,24.7,30.3,,99.0,32.469639,-106.35172,0.002566610587743293,5,0.37735849056603776,0.015376578547093235,0.35849056730811846,0.31208723235036995,5.594655326421622,0.031664023099294204,0.002487312139180642,,cl
KSSL_15951782,KSSL_75970.0,silty clay loam,2.689091969189989,1.1190478002030728,1.3915818556399927e-20,0.46242173568592804,19.9,52.1,28.0,,43.0,38.470959,-101.77872,0.011473643971453172,5,0.4867924528301887,1.2604961330592194e-14,0.46240552198193485,2.640232393924952,1.0100000000001377,0.11817723421969775,0.011458957911880632,0.5,sicl
KSSL_118989,KSSL_18892.0,loam,1.8892240935160298,1.183839004600265,2.6660737401103957e-12,0.501775598632863,50.7,29.7,19.6,,30.0,31.737911,-109.9501,0.008714713877617406,5,0.5283018867924528,5.309773065353366e-16,0.5017301795800768,1.7752249547435022,1.010000000012442,0.1839081388469957,0.008604971574280635,0.74,l
KSSL_15745559,KSSL_40165.0,silty clay loam,0.03058660062381649,1.1828875206299267,2.5430101342356985e-10,0.392248068686878,10.2,59.3,30.5,,36.5,38.479889,-100.94386,0.004042249494216592,5,0.41509433962264153,2.402664017931579e-09,0.39283486474397045,0.024378746635550324,1.010000000000001,0.19380027097858535,0.0033496923529991434,0.8,sicl
KSSL_121738,KSSL_19361.0,clay loam,0.15284477491508647,1.1248544280684194,2.7146300844534303e-19,0.4063725547415564,22.7,47.4,29.9,,15.0,38.346909,-112.98386,0.012891363556312003,5,0.39622641509433953,1.436473166363156e-17,0.40621281431693934,0.12805992144105435,1.0100000000000005,0.12889182136357247,0.012619692248780326,0.63,cl
KSSL_183858,KSSL_29801.0,clay,0.08587783542905883,1.2095375270649686,0.17661584866318705,0.515588736436015,13.9,32.8,53.3,,95.0,6.1580558,-0.92083329,0.008732716573440557,5,0.5056603773584905,0.004563128590553405,0.5138273910016888,0.17113522075171805,4.93948586168211,0.020000000000005073,0.007744215360879854,0.5,c
KSSL_15748403,KSSL_40751.0,silt loam,0.0672083655591382,1.493328204602208,0.09753126874083562,0.44455160757846274,16.5,65.9,17.6,,57.0,41.042416,-96.635803,0.002760981201575993,5,0.4679245283018868,0.08911515117994277,0.44452585786163773,0.08426094897823447,2.1331483985526183,0.2032390892913198,0.00270761408514371,0.7,sil
KSSL_15929254,KSSL_71940.0,clay loam,0.12591306513890907,1.1517780057360727,1.4637487851857614e-08,0.3758748519988457,35.9,34.4,29.7,,26.0,,,0.005114111408565691,5,0.3660377358490565,1.9395985809178252e-31,0.37491079662114507,0.15959283391051707,1.5072680289402074,0.09488563537212058,0.004971180273534743,0.9,cl
KSSL_201052,KSSL_33087.0,sandy loam,0.05099479022679577,1.592336871310469,0.11443646468135643,0.5155203621271535,55.6,35.1,9.3,,135.0,45.000664,-117.16566,0.014140976597577336,5,0.4641509433962264,0.1391182720511287,0.5216300886498971,0.01973227798101168,1.125503351687772,0.9799999999995546,0.010580397324723892,0.3,fsl
KSSL_15741174,KSSL_39435.0,loam,0.19635985000901776,1.4603202228768062,0.06712752171609095,0.40150616464832267,44.0,43.3,12.7,,19.5,39.936668,-97.848137,0.0008970485761827728,5,0.4226415094339623,0.07117431086357766,0.4015040078448756,0.14257878884872197,1.0100000016679807,0.511926301110675,0.0007915549166875991,0.6,l
KSSL_15742258,KSSL_39608.0,silty clay loam,0.027921966829085387,1.1990812038041303,1.9364030297330005e-17,0.43706561280070866,9.4,61.3,29.3,,201.0,39.781193,-97.059776,0.004035083396451546,5,0.3396226415094339,4.619254111290406e-18,0.43901655317521904,0.021863171171257256,1.01,0.213156350646328,0.0025087438392329365,0.0,sicl
KSSL_208967,KSSL_34521.0,loam,0.48418406364613636,1.2718911970377145,0.14158306078025906,0.4050846722171564,43.7,29.4,26.9,,43.5,44.790222,-96.594002,0.00470666086659302,5,0.42641509433962266,0.14767144180056477,0.40508567325122075,0.3794061267824762,1.0100000009384953,0.29822954009475383,0.004688509797682259,1.3,l
KSSL_121273,KSSL_19305.0,sandy loam,1.5791067252109614,1.3312905169759621,0.0717372106278861,0.3406757494822756,73.8,15.5,10.7,,7.5,33.884304,-83.427666,0.010504288826189095,5,0.3584905660377359,0.07390224947879902,0.3405660441397166,1.5216682166086066,6.145793598475505,0.05582511017258232,0.010387855413804043,1.06,cosl
KSSL_118522,KSSL_18820.0,silt loam,0.018890821193005898,2.450184809697843,0.0661500009999976,0.43012195745235166,4.5,82.1,13.4,,21.5,,,0.021051367159312852,5,0.4830188679245283,0.054973591638280056,0.4266298761832257,0.0340987746921179,10.999999999774037,0.07697990863216253,0.019040883350246177,0.79,sil
KSSL_15748402,KSSL_40751.0,silt loam,0.03514177079932467,1.366091635526995,0.10485035023211182,0.423077590530256,4.0,70.8,25.2,,38.0,41.042416,-96.635803,0.005509552660337962,5,0.44528301886792454,0.07981031135770165,0.42295050666718237,0.04559292092777089,1.6296989852113013,0.18046897793448832,0.005470294093548344,1.6,sil
KSSL_15741191,KSSL_39437.0,silty clay loam,0.05551612121462213,1.2129957065410617,2.689483363394032e-10,0.42597120170025204,6.5,65.2,28.3,,28.0,39.899693,-97.81472,0.0028924515745766,5,0.4490566037735849,0.01842502653111195,0.4261754306466631,0.041792687453328606,1.01,0.24393359670310302,0.002356444410628909,1.3,sicl
KSSL_170713,KSSL_27091.0,sandy loam,0.018355565878984605,2.214494463290332,0.1632052312649272,0.49393801278744015,58.9,24.3,16.8,,130.0,45.326557,-123.14939,0.009769764882289225,5,0.5018867924528303,0.16628414583417941,0.4962729377938842,0.011692175564519562,1.7335023330299064,0.9799999999999999,0.008994794591554124,0.1,fsl
KSSL_15830012,KSSL_53264.0,silty clay,0.006402763239611129,3.3865339271197223,0.336550001,0.5035837337200826,1.3,48.5,50.2,,121.0,39.650105,-97.892441,0.014795670452878287,5,0.31320754716981136,0.33655000099983506,0.5003766639752568,0.009613068463748002,10.999999999940997,0.12333730766679944,0.012111158583657093,1.2,sic
KSSL_15745557,KSSL_40165.0,silty clay loam,0.033576953363858526,1.6205487347050904,0.15796264095710852,0.4131471458057049,10.1,62.4,27.5,,6.0,38.479889,-100.94386,0.005119800598415414,5,0.4339622641509434,0.1367447936634512,0.41226546226989075,0.05561018940558812,10.99998926640093,0.038597372813695165,0.0034460553477855403,1.6,sicl
KSSL_118546,KSSL_18823.0,loam,0.020869651534717468,1.5038739815719326,0.09269751590419202,0.37596938067925983,49.2,33.0,17.8,,31.0,35.878139,-76.658012,0.006522136374596006,5,0.36226415094339626,4.110020753258051e-15,0.369672915837025,0.04164828162727119,10.999999998038298,0.020946158337371536,0.006026368272966962,1.7600000000000002,l
KSSL_170681,KSSL_27083.0,loam,0.09159950270026616,1.1389888544592046,2.74316973907746e-99,0.35063546834028214,36.4,39.0,24.6,,44.5,45.356083,-123.13331,0.01152752834028684,5,0.38113207547169814,1.166815364598964e-61,0.3502085145500228,0.0685516382793949,1.01,0.1484858472704497,0.01074600228141939,0.4,l
KSSL_15924935,KSSL_70962.0,loamy sand,1.1442459809428633,1.390522216138507,0.034382966101013296,0.3943000233117057,83.3,10.7,6.0,,33.0,,,0.004615699876065666,5,0.41509433962264153,0.037897744479477136,0.3942569325708291,0.8777355040063016,1.0100000000009504,0.42334868110104035,0.004394400607390526,0.4,lcos
KSSL_15951763,KSSL_75967.0,silt loam,0.028301789241796115,2.14686097219338,0.13054000099999993,0.4776025579367969,15.6,64.1,20.3,,150.5,38.5798,-101.74667,0.006403144448552525,5,0.5018867924528303,0.125925094512199,0.47679520083646487,0.04383489437233503,10.999950583340349,0.07757654207707858,0.005070291024422379,0.2,sil
KSSL_15745575,KSSL_40168.0,sandy loam,25.84233020373964,1.132670733198855,2.118763035245393e-09,0.3405655994441174,76.0,15.4,8.6,,88.0,38.783382,-100.09427,0.004960453583712036,5,0.3584905660377359,2.0138581017462063e-13,0.3405651340029779,25.768722315394978,1.010000753306361,0.13139755869916053,0.004959685428771509,0.2,cosl
KSSL_15745567,KSSL_40166.0,loam,0.6291252135948938,1.2454316351793209,0.043940412286563084,0.47679624180438807,39.1,40.6,20.3,,54.0,39.585758,-99.759636,0.0021773343427681367,5,0.5018867924528303,0.04168402974961571,0.4767924532872143,0.6692630920857666,4.278415646381308,0.05610191231714752,0.0021541597954689907,0.7,l
KSSL_170671,KSSL_27080.0,loam,0.034970395029049486,1.297361080470682,7.168972270582943e-18,0.36188488772911437,34.9,47.2,17.9,,17.0,45.348415,-123.08565,0.009666757446454916,5,0.39622641509433953,0.029622221957938535,0.36576964989833183,0.020615757045593392,1.01,0.4105280407210356,0.008155935062626374,1.2,l
KSSL_123762,KSSL_19663.0,loam,0.05899358456602857,1.1471132722261748,1.2132077022036753e-20,0.32399498622635065,51.0,29.3,19.7,,184.0,44.948608,-90.535675,0.004862324776674623,5,0.23396226415094323,5.652337452886245e-27,0.3246640437198783,0.0477448329542518,1.01,0.15466971884454914,0.004169319697608945,0.03,l
KSSL_198496,KSSL_32454.0,loam,1.9672922586831831,1.2230427214503679,3.043642311772494e-22,0.580504271024853,47.4,42.5,10.1,,19.0,44.050919,-115.44322,0.01349055895314749,5,0.6113207547169811,1.5707319113240137e-16,0.5803369705236459,1.8071221167604432,1.01,0.2242260063947536,0.013183889479112294,0.9,l
KSSL_15745505,KSSL_40158.0,clay,0.0022827095492384784,1.2141381471018384,1.5920787231308318e-14,0.4964118095419264,4.4,33.2,62.4,,53.5,35.262474,-112.06214,0.011245240462697582,5,0.3018867924528301,0.23898026696651606,0.49807713898197525,0.0006908071551047902,1.01,0.9799999996682957,0.01106876506379108,0.8,c
KSSL_15829994,KSSL_53262.0,silty clay,0.006341040606524005,3.2398754898978708,0.294300001,0.4699240969850012,4.9,44.2,50.9,,56.0,37.198971,-94.980942,0.021612396556919107,5,0.27924528301886786,0.29430000099981135,0.4661574454458725,0.009398465153132092,10.999999755954228,0.12032730672066726,0.018144995158195384,0.8,sic
KSSL_15938382,KSSL_73392.0,loam,1.5297583104624193,1.147662695515332,1.1684848024343014e-06,0.39073244341682,50.1,29.9,20.0,,61.0,38.945568,-115.37922,0.0018779755974665082,5,0.41132075471698104,0.007442239220000528,0.39072509421754836,1.3808787456063962,1.01,0.15357170234544046,0.0018318064272794957,0.8,l
KSSL_208969,KSSL_34522.0,loam,0.22699372569571785,1.1562608679254165,0.023573734865961156,0.4646111894233634,43.5,30.3,26.2,,10.0,44.790359,-96.594254,0.009428727156458412,5,0.49056603773584906,0.09749085254263848,0.46379863087248135,0.14136098304656378,1.01,0.23076160031740495,0.009022773152793694,3.8,l
KSSL_15745566,KSSL_40166.0,loam,0.17591058930673534,1.531576672273491,0.10649672569609867,0.4624745648080652,47.9,34.0,18.1,,33.5,39.585758,-99.759636,0.004143440164137243,5,0.4867924528301887,0.10528760222086504,0.46245283133910203,0.19372604797608856,6.95717399250484,0.07367451103593448,0.004045578344924902,1.2,l
KSSL_201051,KSSL_33087.0,sandy loam,0.09170277484402924,1.3666409513450848,0.077875267308857,0.432179778016845,56.0,33.7,10.3,,81.5,45.000664,-117.16566,0.007040730795864134,5,0.4528301886792453,0.05178991427708358,0.4317707411088716,0.12606322174856774,1.6525091078343688,0.17482115494003053,0.0069937435110804195,0.6,fsl
KSSL_123772,KSSL_19665.0,loam,0.03971384399775878,1.5889545819571684,0.15493469478447483,0.40386310121404134,44.9,29.8,25.3,,61.0,44.763329,-90.651512,0.00989571534271244,5,0.3094339622641509,0.17027413839658695,0.4093724100309525,0.015623606374558405,1.0871051652316333,0.979999999999999,0.007568644254326197,0.08,l
KSSL_15951784,KSSL_75970.0,silt loam,0.02400323116510299,2.1059958334057303,0.1457325413501618,0.4561763244882158,17.1,61.1,21.8,,93.5,38.470959,-101.77872,0.0036432359503567055,5,0.4792452830188678,0.12945908870120187,0.4552830957520605,0.041745582184591706,10.647263098864341,0.06540909601753946,0.0008727740928700868,0.2,sil
KSSL_15745471,KSSL_40151.0,silt loam,0.06664434407610502,1.3553888101491374,0.153674023541612,0.3989255427025525,23.3,50.4,26.3,,42.0,36.360695,-120.76308,0.0058038084155530465,5,0.4226415094339623,0.18512145506391978,0.3996753407301221,0.026248986725233216,1.0100000000152844,0.6569456036865009,0.004953618724695954,0.9,sil
KSSL_118976,KSSL_18890.0,sandy loam,13.81304538117266,1.208565798755386,0.052813272807715486,0.44811232205615975,72.4,15.2,12.4,,23.0,31.709021,-110.44373,0.004191119015610372,5,0.4716981132075472,0.05343524986396718,0.4481110426832024,13.351366330093017,1.0100000000000013,0.20827076079708254,0.00418668947571876,0.6,cosl
KSSL_212872,KSSL_35225.0,silt loam,0.01846553537379259,2.437264392624773,0.15561000099999997,0.4952924120697264,1.3,75.0,23.7,,42.0,40.354889,-95.741943,0.015375093368512734,5,0.44150943396226416,0.15405643093506696,0.4868057968768466,0.03177299273023619,10.999999999999979,0.08362297106187037,0.00696021873449033,0.9,sil
KSSL_15745512,KSSL_40160.0,loam,0.02508012813390465,2.463678420313538,0.28033000099999994,0.5518058667940692,44.8,28.6,26.6,,80.5,34.455555,-111.38284,0.016069398715585027,5,0.5773584905660378,0.28033000099999994,0.5486645838414572,0.03815756520382789,10.999999999683837,0.09677768325356381,0.012910091844797555,0.4,l
KSSL_15741128,KSSL_39425.0,silty clay,0.017127883611217743,1.1279382750145452,2.9023228183830754e-15,0.3907839449127297,2.9,53.0,44.1,,38.0,38.592171,-94.847878,0.0027409286272661506,5,0.41132075471698104,1.4837771944517817e-08,0.39121228572766026,0.014263970623521912,1.010000000224925,0.13430008230205803,0.0026327636454553396,1.7,sic
KSSL_15745484,KSSL_40153.0,sandy loam,1.1473374881577572,1.1940326996540944,0.22468688586342708,0.5377332046506598,68.2,13.0,18.8,,45.0,36.377945,-120.65434,0.0010218369268734308,5,0.5660377358490567,0.22883996381649985,0.5377329997610605,1.0256377186697485,1.01000075263707,0.2009121277475319,0.0010077955738210615,0.5,sl
KSSL_197841,KSSL_32337.0,sandy loam,0.1740219006669384,1.7697799160454721,0.10266000099999936,0.35173702787077354,72.1,16.7,11.2,,60.0,40.224998,-75.873558,0.028156340499096037,5,0.3169811320754716,0.10266000099999997,0.34514292482663705,0.21184480343870396,10.99999999995451,0.06972559470328278,0.023259308422272647,0.2,cosl
KSSL_188163,KSSL_30551.0,sandy loam,5.561531823618067,1.2107090721538591,0.0013084573513343991,0.7097931342743738,59.3,27.5,13.2,,15.5,47.044445,-121.94028,0.014897496307202709,5,0.7471698113207548,0.00499889401005793,0.709774777601896,5.15723768499033,1.01,0.21355782756747432,0.014865585988406543,6.1,sl
KSSL_15741142,KSSL_39427.0,silty clay,0.01890216557862082,1.1404421707336354,6.588956804604464e-10,0.4936345767682352,3.6,42.0,54.4,,41.0,37.861149,-95.783607,0.00923271356802522,5,0.3018867924528301,9.202259807426631e-16,0.4940313323039771,0.015276556497462805,1.010000000000811,0.1487239648223717,0.00914848994430967,1.9,sic
KSSL_123760,KSSL_19663.0,sandy loam,0.10562971263040911,1.1461024718811164,1.1120616155162904e-20,0.3022614095655116,58.4,24.6,17.0,,100.0,44.948608,-90.535675,0.004246018294998107,5,0.27924528301886786,2.317053109919453e-16,0.3026926188335103,0.0878419331598199,1.010000000000005,0.15156171136833024,0.003972590619647292,0.02,sl
KSSL_198497,KSSL_32454.0,sandy loam,0.4326547944975517,1.2615523052925617,4.773866110196661e-22,0.48299052260315745,56.7,33.6,9.7,,34.0,44.050919,-115.44322,0.008354157956625734,5,0.5094339622641508,8.902487133756408e-17,0.4828407455744107,0.3463952771174403,1.01,0.27232982510649567,0.007285646448336192,0.2,sl
KSSL_15748391,KSSL_40749.0,silty clay loam,0.009608307553478882,1.2212215276838463,5.498648610947722e-16,0.4371936099182736,2.5,66.9,30.6,,129.5,41.038639,-96.564003,0.016289274712847027,5,0.4716981132075472,0.19047454653082146,0.43819069731358223,0.0026370317629742695,1.0100000000000005,0.9797704764153471,0.01580591042058178,0.1,sicl
KSSL_170672,KSSL_27080.0,loam,0.5266478894048229,1.1026590585783802,3.48027686018032e-18,0.35619208484797504,30.7,42.9,26.4,,35.0,45.348415,-123.08565,0.010925152320426193,5,0.37735849056603776,3.599023881800393e-21,0.35576839297162005,0.46795650580794707,1.01,0.10391812423554746,0.01069250758722227,0.5,l
KSSL_15921960,KSSL_70510.0,silt loam,0.03276093719559856,1.9384688852242773,0.11863293169891115,0.45046802675967984,6.8,72.7,20.5,,125.0,43.663456,-96.492882,0.007594610772438955,5,0.4792452830188678,0.1204628910029043,0.4516911972499918,0.02957303831050628,1.7873048583763573,0.5657209707868144,0.007542024545134048,0.2,sil
KSSL_96841,KSSL_15361.0,silt loam,0.031932053006951615,2.527446997580821,0.12160000099999733,0.5021501877671486,31.3,57.2,11.5,,182.5,39.269459,-101.1199,0.010156267410350023,5,0.4830188679245283,0.12160000099999999,0.4998775865853031,0.043058141510705215,10.999999646572132,0.11460047358469655,0.00964465687175088,0.16,sil
KSSL_15745510,KSSL_40160.0,silt loam,0.06595792648160291,2.226059234704441,0.1950400009999999,0.5808067231435857,25.9,55.8,18.3,,22.0,34.455555,-111.38284,0.005585259439118675,5,0.6113207547169811,0.19504000099999996,0.5807547345626204,0.07407551217538381,10.990227309979057,0.10599537103324881,0.005300648817468134,3.9,sil
KSSL_15745573,KSSL_40168.0,sandy loam,0.5996797800111654,1.5326917072840667,0.06397747839641484,0.4050935045233039,72.6,18.7,8.7,,49.5,38.783382,-100.09427,0.001936382950923674,5,0.42641509433962266,0.06471169971495819,0.4050912480258277,0.5092070808060002,1.0100283373914343,0.551122034134981,0.0019017572572615075,0.5,cosl
KSSL_170687,KSSL_27084.0,silty clay loam,0.04942174559966207,1.1197714340022462,1.295524589366057e-22,0.4014685381953402,13.3,53.0,33.7,,64.0,45.350357,-123.01092,0.004270636840221731,5,0.3547169811320754,3.876964759917254e-17,0.40230864733513405,0.042768595769615635,1.01,0.12370376520662434,0.0036417102144223317,0.4,sicl
KSSL_118965,KSSL_18888.0,sandy loam,0.02630047110839458,2.1729523114972498,0.07808373682362788,0.37297233836960214,68.3,25.7,6.0,,94.5,31.737911,-109.98427,0.013251825058850647,5,0.41132075471698104,0.07861580217453829,0.3792904388619719,0.016830249624612437,1.5159328027686167,0.9799999999999999,0.011339260357938568,0.09,sl
KSSL_212031,KSSL_35066.0,loam,0.1325306759921236,1.2536316594485226,5.156083401930057e-10,0.4799536601217032,36.1,49.3,14.6,,2.5,35.267666,-111.7447,0.00900037754367644,5,0.5056603773584905,2.4255893534589503e-09,0.4798899705398797,0.11089711427690398,1.0100000000018752,0.26178552648601133,0.008619994738277246,3.5,l
KSSL_15830004,KSSL_53263.0,silty clay loam,0.005235559979419145,10.999999999551655,0.23716000099999998,0.4020551990506359,2.7,66.4,30.9,,113.0,39.614937,-97.875488,0.015228531742891484,5,0.3056603773584906,0.23706338490886214,0.40249596749285443,0.0077244775635096075,10.999999999999998,0.18350074414891884,0.014467460306860785,0.4,sicl
KSSL_15745460,KSSL_40149.0,silty clay loam,0.02826808755008146,1.2615533319697612,0.053316497838898545,0.4175293326747603,19.6,51.3,29.1,,160.5,38.353973,-121.17292,0.00720784734664124,5,0.41509433962264153,3.858908937777732e-10,0.4164060599200747,0.036814670865900345,1.4630661792637787,0.13412715554198162,0.007149162527858779,0.1,sicl
KSSL_96835,KSSL_15361.0,silty clay loam,0.09298327442674988,1.2560018796188366,0.11826807037856843,0.48676263790308844,13.4,47.3,39.3,,33.0,39.269459,-101.1199,0.01132639735597518,5,0.4528301886792453,0.007066202128295569,0.48551224266889864,0.17077735065046312,2.026342423639382,0.07138703676846432,0.011211269553792797,1.01,sicl
KSSL_170695,KSSL_27087.0,clay,0.10050146184130038,1.0804660217411433,2.4213283327864805e-17,0.43908485256865787,11.4,39.0,49.6,,101.5,45.277195,-123.0508,0.005322082326566345,5,0.4226415094339623,2.173982420888148e-16,0.4393726697710772,0.091728628097817,1.01,0.08153856758317822,0.0050897822144948006,0.4,c
KSSL_15938383,KSSL_73393.0,clay,1.150243440430051,1.1256877684699553,1.458581530639568e-10,0.476689709695191,18.2,39.8,42.0,,6.5,38.99651,-115.42478,0.004208285330195037,5,0.5018867924528303,6.447500850370355e-17,0.4766698782603965,1.087604309152452,1.0100000015800203,0.12560573217909152,0.00411068420819967,3.6,c
KSSL_170712,KSSL_27091.0,sandy loam,0.018895265590191994,2.0138294956377116,0.1790241786580396,0.45053589491976237,58.7,22.2,19.1,,85.0,45.326557,-123.14939,0.007923750611354054,5,0.4830188679245283,0.18407251890187076,0.4530920569230651,0.01096119947378896,1.5398563261239753,0.9799999999999999,0.007110758789984719,0.1,fsl
KSSL_162001,KSSL_25397.0,loam,0.26432545671911495,1.176420520523201,7.75354359004261e-09,0.45424344525331384,37.8,40.6,21.6,,58.5,43.288208,-116.84515,0.010035197892874187,5,0.4792452830188678,0.04874942474348902,0.45374288775787613,0.17927754486965436,1.01,0.23022853816080963,0.009690648751888955,0.7,l
KSSL_183843,KSSL_29798.0,clay,0.02766120706354202,1.9786495240854034,0.25110277875542897,0.45265998897299825,23.1,36.0,40.9,,61.0,6.6727777,-1.65,0.010527843641386241,5,0.49056603773584906,0.25339980335645623,0.4582867557341976,0.01667939061135778,1.3554467806204262,0.9799999999999999,0.009673217056859517,0.2,c
KSSL_161995,KSSL_25396.0,loamy sand,0.32731672335436385,1.4239774193092327,0.005817158116798584,0.475882828361128,78.1,17.4,4.5,,105.0,43.760433,-116.10069,0.025497019081832672,5,0.5018867924528303,0.025082905272312446,0.4745869374539807,0.164759730515971,1.01,0.5798991657456863,0.024515554413953505,0.1,lcos
KSSL_207699,KSSL_34266.0,silt loam,0.030099733589042752,2.380023707037444,0.07688000099999999,0.5023773368483945,24.10623084780388,60.36772216547497,15.526046986721143,,112.5,31.868668,-104.33064,0.004372634768958556,5,0.5283018867924528,0.0744803880232759,0.5018906787368753,0.043399311494401516,10.999999928211638,0.09788835862190742,0.0019603700541110966,0.1,sil
KSSL_146264,KSSL_22876.0,sandy loam,0.1318981592865549,1.5207959417331085,0.03873930284504623,0.4286323118757629,52.1,33.4,14.5,,4.0,,,0.028929553692533534,5,0.45660377358490567,0.059829707795124344,0.4265356793072081,0.03934033389008235,1.010000000000001,0.9799999999999999,0.025359371102909294,1.8199999999999998,fsl
KSSL_203199,KSSL_33520.0,silty clay loam,9.64746002817092,1.0893018467475648,2.715651520232481e-15,0.5054463604054368,14.4,48.6,37.0,,16.5,32.475666,-106.38639,0.026480742837543918,5,0.5320754716981132,6.623740939715833e-15,0.5054334373246299,9.53396223251976,1.0100000000019262,0.08854774537606307,0.026476695946961788,0.6,sicl
KSSL_198500,KSSL_32455.0,loamy sand,0.8881278190923658,1.2563155196521558,6.943413098443932e-22,0.4933831991561278,78.9,16.7,4.4,,20.0,44.788193,-116.08869,0.028641487053764833,5,0.5207547169811321,1.1134539865078572e-16,0.49258517391371465,0.7280406867939457,1.01,0.2652039982231417,0.02804627529936396,1.7,lcos
KSSL_119006,KSSL_18895.0,loam,3.2451660520619963,1.12742014405952,8.83736817484218e-08,0.44092199171956115,49.9,29.6,20.5,,77.5,31.752356,-109.95038,0.004426150305683555,5,0.4641509433962264,9.164098726066543e-12,0.44091313264973553,3.1540320424371644,1.010002946209325,0.12667624484675977,0.004400720217499328,0.61,l
KSSL_123764,KSSL_19664.0,silt loam,0.022844887657749596,1.686592701192667,0.029340268059806565,0.33360421467390633,36.9,55.1,8.0,,25.5,44.763329,-90.649567,0.006324676427802581,5,0.3094339622641509,0.04605613900260517,0.3373854956562494,0.010199925532359527,1.2398819759216628,0.9799999999999999,0.00482006694648088,0.21000000000000002,sil
KSSL_15951776,KSSL_75969.0,clay loam,0.142263478619851,1.1676375917129798,1.334275010739394e-10,0.4119060823180459,22.2,49.0,28.8,,62.0,38.46796,-101.78322,0.008957308233643298,5,0.4339622641509434,6.040997040724828e-12,0.41188239630063694,0.12701646533947886,1.010000000000176,0.17014491092475403,0.008840664890240537,0.6,cl
KSSL_162002,KSSL_25397.0,loam,0.10380912003328888,1.413767270468974,0.10775597309067221,0.4476800243079401,42.7,38.4,18.9,,80.0,43.288208,-116.84515,0.017168073259641325,5,0.47547169811320744,0.14559472296599374,0.4461616476071657,0.02893211843544167,1.01,0.9133118211980937,0.01551844757426209,0.4,l
KSSL_15742235,KSSL_39605.0,silty clay loam,0.02458465061296541,1.916764627189736,0.16932604282865257,0.4728648403081636,5.2,67.3,27.5,,140.5,39.417137,-97.139336,0.005402184294175354,5,0.43018867924528303,0.17019704104193703,0.47323454275758536,0.023543256495072995,1.8569245778778538,0.5105067270854242,0.005396540976387392,0.1,sicl
KSSL_108780,KSSL_17349.0,loam,0.05438665955569452,1.9094299891582516,0.09304620476192306,0.5548869921821036,51.1,39.6,9.3,,65.0,38.991627,-112.42051,0.0019326623258798016,5,0.5358490566037736,0.09763841158386836,0.5567982714513191,0.0462780522032536,1.739141121359745,0.5963964142192422,0.0002779883416286256,0.33999999999999997,l
KSSL_183864,KSSL_29803.0,clay,0.004862402124306754,4.085011343009192,0.2585852371363825,0.48151879283729915,35.3,13.4,51.3,,74.5,6.1358333,-7.6944403E-2,0.01278647828071828,5,0.21886792452830195,0.2589293124620265,0.4815579921021067,0.004460178213362752,3.9540208906937613,0.9799999999741187,0.012783216388512535,0.6,c
KSSL_201055,KSSL_33088.0,loam,0.6680879443356235,1.1494536909747777,3.877409121342317e-26,0.4999899097372438,26.7,48.3,25.0,,32.5,43.165516,-119.54013,0.015867080804250044,5,0.5283018867924528,1.772410690246516e-14,0.4994904411100147,0.5879928555361363,1.010000000013894,0.15169436814649562,0.01542107022752478,1.1,l
KSSL_15748396,KSSL_40750.0,silt loam,0.002906982289448136,2.717619282961942,0.1847655897417129,0.40019449283602215,5.2,72.8,22.0,,76.0,41.044498,-96.635834,0.015621357243036411,5,0.39245283018867916,0.060251180375999656,0.39912546735748544,0.006116915946263577,10.999999999867713,0.03585056021112025,0.015393009286492463,0.3,sil
KSSL_170708,KSSL_27090.0,clay loam,0.0013116888341942127,1.4230139972705067,9.338660547329558e-20,0.335262135523777,29.5,37.3,33.2,,136.0,45.327137,-123.14714,0.010060882222663176,5,0.3358490566037735,1.2423354140422473e-29,0.3366342209595072,0.00033187739917328005,1.0499254925257084,0.9799999999999999,0.00984843061105194,0.3,cl
KSSL_15742248,KSSL_39607.0,silty clay loam,0.03442650532613236,1.3795325377873073,0.1345638886271572,0.42142303690804633,4.9,61.8,33.3,,63.5,39.454418,-98.703575,0.002628100565596004,5,0.4226415094339623,0.1831358277941732,0.42281887788315115,0.009490601282687795,1.010000000580626,0.9799494452079669,0.0011625368462766287,0.4,sicl
KSSL_146280,KSSL_22877.0,sandy loam,0.7245972572694075,1.2432504835415474,0.04797135334930703,0.4155557887872131,52.1,33.4,14.5,,4.0,,,0.014417546339715214,5,0.4377358490566038,0.06201361351969358,0.41531457765883434,0.5322487580035322,1.0100000000000031,0.2788704203140625,0.014231482272749332,1.8199999999999998,fsl
KSSL_203180,KSSL_33517.0,sandy clay loam,1.084315604321845,1.1451155558024315,1.238929867003611e-09,0.4015026858890108,55.5672268907563,12.605042016806722,31.827731092436974,,26.5,32.469639,-106.35172,0.0043317897977327045,5,0.4226415094339623,3.0827446430629134e-10,0.401499455268538,1.0576006889997025,1.0100010555113978,0.1442260083121636,0.004322350953108542,0.3,scl
KSSL_15741147,KSSL_39428.0,silty clay loam,0.04142334975456547,1.8289194709246497,0.22372000099999997,0.4490936205076216,5.5,66.8,27.7,,6.0,37.80241,-96.883362,0.010223364193357804,5,0.4716981132075472,0.22372000099999997,0.4481155716780981,0.05493574159929858,10.999999418628768,0.06669953269415316,0.009118002061292369,4.0,sicl
KSSL_15745469,KSSL_40151.0,silty clay loam,0.5033039014760942,1.090768976517692,1.1134431052148593e-17,0.39733164821187006,6.7,56.1,37.2,,13.0,36.360695,-120.76308,0.0067492453865451545,5,0.4188679245283019,2.3414651862567485e-10,0.39726052593569905,0.4738415014179811,1.0100000000259057,0.09083579694424233,0.00665727060573954,1.4,sicl
KSSL_203179,KSSL_33517.0,sandy clay loam,7.092080561564854,1.1221679949112557,4.559518531361801e-09,0.4373536326590631,49.8,21.5,28.7,,12.5,32.469639,-106.35172,0.006815638497720594,5,0.46037735849056594,2.924673426735715e-11,0.43735010472102737,7.036486395991432,1.0100000495089858,0.12107724849735994,0.006810509948677178,0.5,scl
KSSL_15748400,KSSL_40751.0,silt loam,0.06141461905963856,1.488420240833641,0.12944053004376224,0.48756043227993584,2.4,73.7,23.9,,4.5,41.042416,-96.635803,0.006240910242073377,5,0.5132075471698113,0.12213553261917234,0.48753454250871453,0.07327722226596076,1.8401048598102352,0.23908021925094353,0.006222208509877688,2.4,sil
KSSL_15748386,KSSL_40749.0,silty clay,0.018568634795269368,2.143027914853201,0.3075000009999983,0.48822950544451094,5.8,53.0,41.2,,6.0,41.038639,-96.564003,0.006349550284763506,5,0.28301886792452835,0.30489081194523804,0.48677106454248337,0.025435340130721382,3.052631873318787,0.28954670026995777,0.005947485010513545,1.9,sic
KSSL_124765,KSSL_19807.0,clay,0.19288664737679947,1.188900504702759,5.859376816445159e-23,0.45338717700571823,20.4,36.3,43.3,,151.0,34.7062,-102.96742,0.018143204307040365,5,0.4830188679245283,9.667570734760796e-30,0.45207429189463577,0.1417833802634814,1.01,0.20141558951001098,0.01705889612283445,0.22000000000000003,c
KSSL_178551,KSSL_28844.0,silty clay loam,0.0636184642789571,1.9614281143779766,0.176640001,0.6377592319324213,2.9,65.4,31.7,,65.0,42.444801,-95.767899,0.021816791997419743,5,0.4528301886792453,0.17266779991700756,0.624647283154626,0.10931393068408228,10.999999999988537,0.061745897974972055,0.009275574817700671,0.5,sicl
KSSL_198482,KSSL_32451.0,loam,1.4476448315832546,1.1921363617955159,1.297090914643432e-14,0.598104991673453,42.9,37.4,19.7,,11.5,39.303665,-106.1132,0.017311459444168377,5,0.630188679245283,1.0340939131744894e-18,0.5978435893418329,1.3179680011565742,1.0100000000010199,0.1935345306476668,0.016971197014805896,6.0,l
KSSL_15924811,KSSL_70941.0,sandy loam,1.9467930249721113,1.149684216494837,6.7122728858473005e-19,0.4869921263049579,57.2,27.0,15.8,,7.5,38.048019,-111.33978,0.018597823903407258,5,0.5132075471698113,2.3917396477027145e-22,0.48674709214319345,1.8112161246637866,1.0100000000007034,0.1500428053592565,0.018422144850739605,3.7,fsl
KSSL_15745577,KSSL_40168.0,sandy loam,0.03864309939969674,1.9319403397094637,0.10318000099999132,0.3553917378635133,61.6,24.5,13.9,,151.0,38.783382,-100.09427,0.005921533870957561,5,0.3735849056603773,0.09851093887245613,0.35490688755405525,0.05457230381150237,10.99999427175267,0.06797105786203018,0.004850758424990981,0.0,cosl
KSSL_207695,KSSL_34266.0,silt loam,0.02374347563049855,2.9627320265476396,0.06095000099999998,0.5308877949287287,32.13182286302781,57.87847579814625,9.989701338825952,,9.0,31.868668,-104.33064,0.0026258014375214896,5,0.5584905660377358,0.05807533483169625,0.5305663641356247,0.03224115806269364,4.966763729597818,0.3001277969601725,0.001201799381175852,0.4,sil
KSSL_15742255,KSSL_39608.0,clay loam,0.0071702060600997075,1.1873817537238682,1.4765474769510687e-19,0.3854693872724523,22.3,40.1,37.6,,90.0,39.781193,-97.059776,0.011691022855764363,5,0.2528301886792452,2.21375634766769e-18,0.3868503360762066,0.005058373300314542,1.01,0.21243257215387332,0.011112698169301253,0.1,cl
KSSL_15951781,KSSL_75970.0,clay loam,0.16908425784413197,1.1470148293144409,1.9989552045654762e-07,0.4193003575526352,29.2,37.2,33.6,,27.5,38.470959,-101.77872,0.003608227352030255,5,0.44150943396226416,0.004226956064569446,0.4193020494945581,0.15293584082041367,1.01,0.1508390840029154,0.003525454938553881,0.9,cl
KSSL_208977,KSSL_34523.0,loam,0.03497474713829462,1.2797492533702326,5e-324,0.3536751505001772,33.7,41.0,25.3,,67.0,44.066109,-98.348663,0.022409954577942145,5,0.39245283018867916,5.635362925894614e-131,0.3457696084316867,0.009111670812075813,1.01,0.4525012695864693,0.01971977048189461,0.5,l
KSSL_15938361,KSSL_73386.0,sandy loam,1.36344459292799,1.1679804958662445,7.832350732568818e-13,0.45117077243652304,53.9,29.5,16.6,,18.0,41.6716,-116.0703,0.0129171287158962,5,0.47547169811320744,2.062847702926025e-17,0.4509671988308549,1.2500443840450526,1.010000000000063,0.16893295380612022,0.012682730965939705,2.5,sl
KSSL_15745526,KSSL_40162.0,silty clay loam,0.003684173101429166,1.2513635799528477,3.1976269434840215e-14,0.39507564625321967,8.6,56.0,35.4,,144.5,37.719227,-99.724403,0.02993304348707154,5,0.369811320754717,0.16726503643755136,0.39775236801671743,0.001188211900687003,1.01,0.979839376484868,0.029653442763046108,0.2,sicl
KSSL_15946988,KSSL_75109.0,silty clay loam,0.02990225861701487,1.2109223766337676,2.8784674305183026e-26,0.35712471896216447,17.2,46.6,36.2,,110.0,43.451351,-105.26745,0.007472865645356836,5,0.320754716981132,2.4586935228357513e-21,0.3584992251889588,0.022138639231213255,1.01,0.2304972447515975,0.00635625276276974,0.3,sicl
KSSL_15742231,KSSL_39605.0,silt loam,0.025518737670729714,1.7739475355274226,0.14261601464786997,0.4049098450033384,8.0,65.1,26.9,,26.5,39.417137,-97.139336,0.004535197569223747,5,0.43018867924528303,0.1437043174451148,0.4052182076858164,0.024365479452660627,1.7196524162325724,0.46633218335895676,0.004530406259303173,1.4,sil
KSSL_208976,KSSL_34523.0,loam,0.7930494075064056,1.2113760934772038,0.08695928274872489,0.41574175340380987,42.9,33.9,23.2,,44.5,44.066109,-98.348663,0.005060204968981364,5,0.4377358490566038,0.09737787551056057,0.4156750800128445,0.6401892438259216,1.01,0.23226996319023926,0.00492867061258159,0.9,l
KSSL_121617,KSSL_19347.0,loam,0.0006815584391066447,8.551153698542151,0.019433894897001126,0.2668185014731391,32.0,49.9,18.1,,99.5,39.956699,-83.442932,0.019993888741018064,5,0.23773584905660372,0.02201486127352492,0.2668185016430005,0.0007210878982392942,8.583361301287129,0.6541824476434206,0.019993888818562015,0.39,l
KSSL_123755,KSSL_19662.0,sandy loam,0.030172522193285447,1.2309674241076316,7.363580338605775e-17,0.26893305750266805,59.0,27.9,13.1,,146.5,44.945553,-90.537346,0.003875290013281779,5,0.241509433962264,0.08052266584210992,0.26941771274965276,0.010203628208755252,1.01,0.6399939731824524,0.0032470427337259935,0.01,sl
KSSL_107777,KSSL_17213.0,sandy loam,0.12541296965486196,1.5314339292581836,0.055556622943435746,0.28126519598966127,71.7,21.5,6.8,,159.5,45.521664,-88.48616,0.015559275812105169,5,0.290566037735849,0.04072782822076328,0.27621461485086296,0.21581906281427038,10.99999999666593,0.034153132692311655,0.01307041787246666,0.06,sl
KSSL_15924934,KSSL_70962.0,loamy sand,26.24011756834436,1.2777750384929127,0.05063925217702484,0.4050945639177468,80.6,12.8,6.6,,5.0,,,0.001879947027392308,5,0.42641509433962266,0.05063536995394073,0.4050943473774523,26.306170425660277,2.0577409804037146,0.13494481893120888,0.001878452437819319,0.9,lcos
KSSL_183856,KSSL_29801.0,clay loam,0.043834397775509855,1.8406059669458255,0.24496156225658874,0.6231429500474805,33.0,29.0,38.0,,20.5,6.1580558,-0.92083329,0.002291283223838958,5,0.4490566037735849,0.24108362603008873,0.6216292394192804,0.05002293660107134,2.069270335217637,0.3681658313604789,0.001732725949452126,1.0,cl
KSSL_208970,KSSL_34522.0,clay loam,0.27160762560765067,1.1718394278483246,0.06419047980165374,0.39405317388830663,44.7,26.5,28.8,,28.0,44.790359,-96.594254,0.0035568037458206113,5,0.41509433962264153,0.09097952579633142,0.3939775873167026,0.20368205132033573,1.010000000000201,0.2077732213096483,0.0033846250831493312,1.8,cl
KSSL_170680,KSSL_27083.0,loam,0.03144122992242186,1.2379165650215422,8.415400876711752e-31,0.33989606338785455,37.6,42.2,20.2,,29.0,45.356083,-123.13331,0.0137881638549276,5,0.38113207547169814,1.705956078408481e-27,0.34298665810458195,0.023759595709350174,1.01,0.2597456735644071,0.012336965128510386,0.5,l
KSSL_15745497,KSSL_40155.0,sandy loam,12.701984283254676,1.1551828926923435,0.11272564298423281,0.5090581817598735,63.0,21.6,15.4,,46.5,36.370499,-120.74614,0.0022789554462426657,5,0.5358490566037736,0.11268636837244635,0.5090566042419491,12.780239716464752,2.9589920396489076,0.05239662269516004,0.002272866988841018,0.1,sl
KSSL_198480,KSSL_32450.0,sandy loam,0.06715855331312627,1.3031676816101945,1.0598978734047591e-30,0.31303696135317427,73.9,15.3,10.8,,78.0,39.570889,-105.80353,0.009425074759864411,5,0.3396226415094339,1.3202962223570671e-22,0.3154952554619159,0.042976395887653736,1.0100000000000011,0.3467225546700384,0.0070316332972009425,0.3,cosl
KSSL_203205,KSSL_33520.0,clay,0.016245013831791298,1.8442262454799927,0.12415515195035277,0.33600307984188493,0.7028112449799196,26.606425702811244,72.69076305220884,,155.0,32.475666,-106.38639,0.004183882721181253,5,0.3509433962264151,0.08675642922467316,0.3333854814495304,0.030982150361460604,4.266534644916714,0.09932560149404675,0.001447236441149176,0.4,c
KSSL_170722,KSSL_27094.0,clay loam,0.0020024162697641758,1.427334188817868,1.2271318530249758e-13,0.3348079479691428,35.1,35.9,29.0,,98.0,45.36739,-123.08308,0.0231915616027072,5,0.39622641509433953,9.148078982226885e-12,0.33686798723359523,0.0004844514047591298,1.01,0.9799999960226763,0.022616578252605418,0.2,cl
KSSL_15741146,KSSL_39427.0,clay,0.002771355590695914,1.2526062511122127,2.6199193936006764e-10,0.46878590987335433,2.3,35.6,62.1,,193.5,37.861149,-95.783607,0.0076450745320047996,5,0.2754716981132076,0.000495260835327485,0.4709192821993344,0.0014077217980833351,1.01,0.34938167110850504,0.0072338737170758605,0.1,c
KSSL_170675,KSSL_27080.0,clay loam,0.019830679689491048,1.9967537904722845,0.23080786138315665,0.4863600130199128,43.1,25.1,31.8,,122.0,45.348415,-123.08565,0.01161856036235706,5,0.4679245283018868,0.23457809271844662,0.4903738199808472,0.01154309255625371,1.450978242902314,0.9799999999999999,0.010651102413115208,0.2,cl
KSSL_15746548,KSSL_40377.0,loamy sand,9.347249476550564,1.1871120204933328,2.2099916484491284e-09,0.39792461993668715,83.9,12.2,3.9,,79.5,37.851864,-105.43672,0.0015880734179284045,5,0.4188679245283019,5e-324,0.3979245346264309,9.368059395651484,1.740979385478816,0.10744731122377096,0.0015875024585032585,0.2,ls
KSSL_121614,KSSL_19347.0,clay,0.10247041690587502,1.1355324977548322,1.3792042337660594e-11,0.5137211358403083,19.7,35.4,44.9,,47.5,39.956699,-83.442932,0.007754555280312459,5,0.3509433962264151,1.1047447035452815e-11,0.5143939327453986,0.08626389537799892,1.010000000000002,0.14020255977364526,0.00722978890834914,0.6799999999999999,c
KSSL_15930222,KSSL_72143.0,silty clay loam,0.0710566333263195,1.190019862974689,1.7536898965382842e-22,0.4300318425343661,1.3,69.5,29.2,,32.5,,,0.010712468064878713,5,0.43018867924528303,2.364764126219237e-21,0.4309095969215602,0.05323847884396217,1.01,0.2037446276729839,0.010205632815895482,0.3,sicl
KSSL_178329,KSSL_28817.0,silt loam,0.027651906505186293,3.0048715830065005,0.06106000099999997,0.4383949925925275,28.3,63.9,7.8,,60.5,36.787693,-89.939331,0.009419316606263287,5,0.4490566037735849,0.06106000099999998,0.4352116110148685,0.037848745969039414,10.999999862284339,0.1428754082768234,0.009052148469564746,0.4,sil
KSSL_123771,KSSL_19665.0,loam,0.019310597173949565,1.9582919549175006,0.09228486715488278,0.3061915926715778,44.5,45.8,9.7,,32.0,44.763329,-90.651512,0.006981542793285736,5,0.31320754716981136,0.09690190707101229,0.30860069948129704,0.010879116525124662,1.4735183408358759,0.9799999999999999,0.006252941640984272,0.2,l
KSSL_198501,KSSL_32455.0,loamy sand,4.076974265291272,1.1824334247509385,3.1573230287300034e-18,0.38708172487673953,83.2,13.0,3.8,,40.5,44.788193,-116.08869,0.009755308207163693,5,0.4075471698113208,4.53114313229423e-17,0.38702065422649606,3.8921889794448723,1.0100000000221163,0.18196205825267514,0.00967224091814347,1.4,lcos
KSSL_15742239,KSSL_39606.0,silty clay loam,0.006709199656760557,1.1739585954034193,1.6136449709617136e-15,0.4276851631386622,3.1,57.0,39.9,,45.5,39.683498,-98.212532,0.01737514541242154,5,0.32830188679245276,1.9423439700779347e-15,0.42917533518719986,0.004948453155363362,1.01,0.19372963831293974,0.01701117183920549,0.6,sicl
KSSL_15924830,KSSL_70945.0,sandy loam,1.4693869272829896,1.191073426872851,1.4895918179724586e-11,0.4981573269088096,53.9,27.1,19.0,,27.0,40.446705,-115.51138,0.007998449274979285,5,0.5245283018867924,6.606479225537547e-18,0.4980863184140513,1.360746259208375,1.0100000007215597,0.19171121929124407,0.007816575593440005,2.2,sl
KSSL_161991,KSSL_25396.0,sandy loam,1.0281806088292478,1.1715202390742674,0.02965640311449242,0.4481703872991119,57.4,31.0,11.6,,11.5,43.760433,-116.10069,0.005747344866499571,5,0.4716981132075472,0.02238018044835314,0.44811321171580315,1.1528500433942743,5.1870395469710395,0.03146584748765595,0.005657319397719271,4.7,cosl
KSSL_108791,KSSL_17350.0,silty clay,0.01994102550807763,1.4903234794119735,0.15911115656761823,0.48345861363128645,1.9,45.1,53.0,,95.5,38.979958,-112.44385,0.005826405974931587,5,0.4792452830188678,0.17110843840234322,0.48422359307067353,0.01670120475006334,1.3791456180063904,0.41543699857125743,0.005809450705130616,0.21000000000000002,sic
KSSL_15745455,KSSL_40149.0,silt loam,0.10579280089976456,1.2774224856920113,2.3934824286673902e-20,0.3465663113248207,32.4,53.6,14.0,,28.0,38.353973,-121.17292,0.011966948363072893,5,0.369811320754717,0.035756497721154634,0.34601128283217125,0.05430309687797285,1.01,0.4122901182375662,0.010875269781282783,0.3,sil
KSSL_170748,KSSL_27104.0,loam,0.1772361983540596,1.1637575779304408,9.137632616301782e-19,0.4078731302666076,30.7,43.6,25.7,,74.0,45.291389,-123.12092,0.00900848155815531,5,0.42641509433962266,2.232321101649244e-23,0.4050576594396937,0.264520246143,3.793740774389743,0.03903128442413034,0.007767288161160375,0.3,l
KSSL_161992,KSSL_25396.0,sandy loam,0.141497405407162,1.5371791844074498,0.0691796852566323,0.49433129839303325,65.5,26.3,8.2,,28.0,43.760433,-116.10069,0.02704550043980211,5,0.5245283018867924,0.09026517926754185,0.49233467398234537,0.04399273626792321,1.01,0.9799999999999999,0.02351286558350894,1.4,cosl
KSSL_170694,KSSL_27087.0,silty clay,0.04089597283936618,1.1201417454535336,2.4151501597307584e-17,0.4100361950357401,12.0,45.2,42.8,,64.0,45.277195,-123.0508,0.0062641977345200125,5,0.4226415094339623,0.17008934357938021,0.4095497116891963,0.019113871508230643,1.01,0.3205813841163114,0.00593686872016952,1.0,sic
KSSL_15938341,KSSL_73381.0,loam,0.6005155811575036,1.2119704244072893,3.5400745277855356e-23,0.3930513093840927,42.7,42.1,15.2,,34.0,37.57494,-112.90154,0.010742342478226417,5,0.41509433962264153,2.4440701848100662e-17,0.3926245077625227,0.5036112061922752,1.01,0.2178431895601091,0.010056425950487932,0.8,l
KSSL_15741130,KSSL_39425.0,silty clay,0.0029309159502055606,1.2338010533081505,4.4334345278466435e-11,0.46237360693910323,3.9,41.7,54.4,,85.0,38.592171,-94.847878,0.007857331033530113,5,0.290566037735849,0.20028496771538404,0.4640131766080126,0.0008571524613124659,1.01,0.979374332958412,0.007518695331673051,0.5,sic
KSSL_15924841,KSSL_70948.0,loam,11.178913732452408,1.1689375030368176,2.1107520466136484e-08,0.5592490017767398,37.5,45.4,17.1,,40.5,39.291485,-117.11506,0.005851366651828864,5,0.5886792452830188,5e-324,0.5592452849582866,11.28709710129739,3.2121207151835405,0.05253142770726898,0.00584298537585633,1.7,l
KSSL_198487,KSSL_32452.0,sandy loam,0.02056153445761092,2.4214164883491476,0.08789531162329005,0.5152785043736219,52.4,36.5,11.1,,13.5,39.361,-106.06,0.024969580630976,5,0.5924528301886792,0.08694481961658684,0.5206969115123011,0.014193618047209172,1.7854288156586455,0.9799999999999973,0.02375961927292677,2.2,sl
KSSL_15829998,KSSL_53262.0,silty clay loam,0.005590483403307683,10.999999999997293,0.282720001,0.4412508620594628,10.6,51.3,38.1,,173.5,37.198971,-94.980942,0.02165031101205979,5,0.3018867924528301,0.282720001,0.4421302553432439,0.008372290235546436,10.999998275179944,0.21370409020987513,0.021242903856422753,0.1,sicl
KSSL_170670,KSSL_27080.0,loam,17.670505016925485,1.1286041986418491,8.36504439130613e-20,0.4875149700204509,37.4,47.7,14.9,,4.5,45.348415,-123.08565,0.014895143624052152,5,0.5132075471698113,1.983148841448217e-19,0.48749276318897805,17.415371454107916,1.010000000003509,0.1275717757981025,0.014877803105684595,2.9,l
KSSL_97624,KSSL_15487.0,clay loam,0.060684521464857664,1.5592948867397576,0.14309485741437708,0.41057662413816465,35.3,31.7,33.0,,4.0,38.028061,-103.67279,0.0071474985645513895,5,0.4226415094339623,0.11659371516702524,0.40345891584519983,0.0998561863034191,3.2685611911093337,0.11191492991814628,0.0054689707632211175,1.1199999999999999,cl
KSSL_123756,KSSL_19662.0,sandy loam,0.03904761898203391,1.2237153773409906,1.956799136570756e-23,0.27143204117761155,58.3,30.7,11.0,,185.5,44.945553,-90.537346,0.0025862912024484726,5,0.23018867924528297,5.435638111580626e-08,0.2733427673058381,0.030028306701665685,1.01,0.24035607535160175,0.0017054511513429139,0.0,fsl
KSSL_15741141,KSSL_39427.0,silty clay loam,0.02272828193774242,1.5476043856642794,0.20704235023754844,0.41722210299932855,5.3,58.5,36.2,,23.5,37.861149,-95.783607,0.011027076363123611,5,0.4188679245283019,0.16265211555293868,0.41352231498242364,0.04171457337525736,10.999999999857666,0.027134266847834654,0.008715457910329584,2.8,sicl
KSSL_15741140,KSSL_39427.0,silty clay loam,0.019796659320796356,2.0589563698219115,0.21942000099999998,0.48309110422024987,4.9,59.8,35.3,,9.0,37.861149,-95.783607,0.012586780457722394,5,0.4981132075471698,0.2090282839395595,0.47680111268063063,0.03449779579070447,10.999999999998236,0.06126086688154659,0.00721466473818174,4.1,sicl
KSSL_15938336,KSSL_73379.0,silty clay,0.0005906581285911618,7.582731746234598,0.0578306686083617,0.332436804065421,8.8,47.7,43.5,,111.0,38.080009,-110.77249,0.015004065144378806,5,0.290566037735849,0.058818365133703226,0.33243680046649443,0.0006635565097162436,8.73971168280228,0.4352959772699854,0.01500406445592004,0.4,sic
KSSL_146266,KSSL_22876.0,sandy loam,0.28354313863918507,1.3607303078641204,0.03230851755589868,0.4287379843383965,52.1,33.4,14.5,,4.0,,,0.023878186597020845,5,0.4528301886792453,0.05930744231659375,0.42655503387063526,0.1269134642930028,1.01,0.5424821136870038,0.022864879713507893,1.8199999999999998,fsl
KSSL_178326,KSSL_28817.0,silt loam,0.04777160214887915,2.1208194936028413,0.08142000099999999,0.442304154421114,21.9,70.0,8.1,,17.0,36.787693,-89.939331,0.005570684187166929,5,0.46037735849056594,0.07670990198867884,0.4372315520129942,0.06293640075503559,3.0953581834902453,0.2894104537245437,0.002569962398533839,1.6,sil
KSSL_15741135,KSSL_39426.0,silty clay,0.01905072955179746,1.126613479357141,4.989452286583663e-10,0.4121192654138735,4.2,48.4,47.4,,53.0,38.697151,-95.60849,0.006999956763708569,5,0.3660377358490565,1.0648966867118283e-12,0.4123906561451274,0.015724891107113358,1.0100000000000176,0.13314128450235438,0.006911095235980826,1.5,sic
KSSL_15924815,KSSL_70941.0,clay loam,0.06514596528867286,1.3362097314413046,0.10403352753299143,0.4833402053911395,26.1,38.5,35.4,,147.0,38.048019,-111.33978,0.006680116020048562,5,0.3735849056603773,0.15956645789366078,0.4848326263799534,0.023290450284589082,1.0100000000002738,0.6827582828145075,0.005191356021629353,0.0,cl
KSSL_198493,KSSL_32453.0,loam,0.5135582590757956,1.2448876951333059,1.7563330962115542e-24,0.5416158371897929,43.0,43.1,13.9,,53.5,41.869999,-115.25,0.028045546566313792,5,0.5735849056603772,5.540087140794845e-16,0.5401710182901742,0.3961357572269924,1.01,0.2576601253154181,0.026907457566608187,0.6,l
KSSL_15829991,KSSL_53262.0,silt loam,0.5003048507822192,1.167873726355591,2.2279365507691628e-11,0.4336531982143816,11.4,71.3,17.3,,7.5,37.198971,-94.980942,0.019208944345041334,5,0.45660377358490567,6.357331460789488e-11,0.4336119534985305,0.4717351606485693,1.01,0.16797928891147337,0.0191750957944966,2.0,sil
KSSL_108766,KSSL_17347.0,sandy loam,0.020109994229765078,3.2273903203424346,0.07791000099999998,0.3600858413449822,57.3,33.9,8.8,,48.0,39.18718,-112.37746,0.007398076215295443,5,0.32830188679245276,0.07791000099999998,0.35865987831964985,0.032502237094982143,10.999999992379788,0.1284736014420609,0.005622712606112653,0.16999999999999998,vfsl
KSSL_15745513,KSSL_40160.0,loam,0.040565882519683974,1.775879534935802,0.27438000099999993,0.5284769863490891,44.6,31.5,23.9,,119.5,34.455555,-111.38284,0.013740205150559067,5,0.5547169811320753,0.27438000099999993,0.526985466525554,0.0539659978296716,10.999999960273529,0.06263984162225257,0.012373284897101539,0.4,l
KSSL_15921963,KSSL_70511.0,silt loam,0.23113462450515385,1.321145831289873,0.07985638402030555,0.45143208296218534,6.4,67.7,25.9,,32.0,43.664246,-96.49398,0.0035269999256265275,5,0.47547169811320744,0.09727019179270166,0.45139440989059,0.1451097181767503,1.0100000000000002,0.4001747180577598,0.002968765761920466,0.6,sil
KSSL_119001,KSSL_18894.0,sandy loam,0.08460016908064653,1.4023331658377678,0.05217802007214838,0.4418626880641977,60.5,24.9,14.6,,44.5,31.752356,-109.98454,0.012203949912206554,5,0.4490566037735849,0.09386868406456875,0.44310609693910397,0.027440662767078048,1.01,0.8085736380335935,0.01146720407074427,0.53,sl
KSSL_208983,KSSL_34524.0,loam,0.17151285845125175,1.7021570983513903,0.16098553296152437,0.4048551981208285,50.3,29.9,19.8,,43.5,44.066853,-98.350685,0.005414321716678505,5,0.42641509433962266,0.16302000099831343,0.405015968903619,0.07273518175725446,1.0206222348171232,0.979999999999765,0.004628380422126653,1.1,l
KSSL_208982,KSSL_34524.0,loam,0.3043474323227091,1.3723765405772246,0.14227699567154217,0.3866916607029984,48.6,30.6,20.8,,28.0,44.066853,-98.350685,0.009368685698562737,5,0.4075471698113208,0.15526414781877615,0.3861029147060544,0.15829948001981062,1.01,0.5131274018163837,0.008802524667694557,1.1,l
KSSL_15938344,KSSL_73382.0,loam,0.033045710403155404,1.2627343693869304,7.870190720726824e-18,0.37029292592961405,45.9,40.2,13.9,,11.0,37.679935,-112.85674,0.0034215116449511826,5,0.37735849056603776,0.021432529429031635,0.37326267976596333,0.021534456183797335,1.010000000024867,0.3297461146955592,0.0019496489570130003,5.2,l
KSSL_123767,KSSL_19664.0,loam,0.04217776197991523,1.3264173697796702,0.08587978762529762,0.3272755752088061,45.5,34.7,19.8,,110.5,44.763329,-90.649567,0.005494496385382417,5,0.2867924528301887,0.13555407523601412,0.3281116547911939,0.011331488643103623,1.01,0.9014719415943541,0.0042105584400370915,0.02,l
KSSL_96839,KSSL_15361.0,silt loam,0.04266918349345642,1.9422871348334052,0.12134301760129035,0.5174386308349308,25.7,58.5,15.8,,119.0,39.269459,-101.1199,0.009399894204473994,5,0.5132075471698113,0.12293940630145098,0.5190351784461154,0.03878625167723253,1.7670696055378308,0.5678451328340387,0.009344582573294865,0.21000000000000002,sil
KSSL_178549,KSSL_28844.0,silty clay loam,0.06509221958100594,1.8929546835291675,0.185000001,0.5541193472689178,4.8,63.7,31.5,,5.0,42.444801,-95.767899,0.017151718518006037,5,0.44150943396226416,0.17819150809923842,0.5440831839432798,0.11208294832162084,10.999999999996101,0.05693916330189378,0.007662403390063641,2.2,sicl
KSSL_123773,KSSL_19665.0,loam,0.07363029715554835,1.1375239805733455,1.1444493151646069e-17,0.3545820772271702,36.7,37.6,25.7,,95.0,44.763329,-90.651512,0.0045745374364472,5,0.29811320754716975,3.491223527368819e-23,0.35532551810717783,0.061970309216569396,1.01,0.142744095674716,0.004015017784288869,0.0,l
KSSL_15746545,KSSL_40376.0,loam,0.03807080079457201,2.1532422895170136,0.106820001,0.5384161073833286,47.9,38.6,13.5,,58.5,38.376888,-110.28577,0.009254674277357258,5,0.5660377358490567,0.106820001,0.537739125620532,0.05064154095043616,10.999999967762285,0.0900982134847338,0.007356833265432417,1.9,l
KSSL_203212,KSSL_33522.0,silty clay loam,0.6524931778225017,1.1372222170701825,4.177908328246347e-24,0.46577372228602826,16.145307769929364,43.99596367305752,39.85872855701312,,5.0,32.736557,-106.18628,0.0157347335950389,5,0.49056603773584906,3.409716115167541e-22,0.46565508180356785,0.6134935218633407,1.0100000000068834,0.13735437748237328,0.01564792604602849,1.0,sic
KSSL_118979,KSSL_18890.0,loamy sand,10.13720779245288,1.1742177931435094,2.899007495895231e-09,0.40507249851878435,88.5,4.5,7.0,,128.5,31.709021,-110.44373,0.013178482096449583,5,0.42641509433962266,5.540882701982372e-10,0.40505701305806024,9.9158150764626,1.0100000000000002,0.17302622630477102,0.013162473372966487,0.01,lcos
KSSL_15938338,KSSL_73380.0,clay loam,2.784783966747052,1.1754832523098118,2.5043720225655466e-20,0.5016590744781197,30.1,42.3,27.6,,35.0,37.56934,-112.83844,0.019151491875767215,5,0.5283018867924528,8.944478481360406e-24,0.5015373174112483,2.6253053294295943,1.0100000000581726,0.17546244936282826,0.019044456186537346,1.3,cl
KSSL_170709,KSSL_27091.0,loam,0.09623729571113113,1.2366477693908637,5e-324,0.3971077032067488,38.4,41.6,20.0,,9.0,45.326557,-123.14939,0.019405116970576397,5,0.4377358490566038,1.4574874999046704e-39,0.3970983754576778,0.061627775099270275,1.01,0.2676188583457472,0.017246614339237867,1.5,l
KSSL_146274,KSSL_22877.0,sandy loam,0.34626901809603405,1.321097293846114,0.028895620362225812,0.4148020221214929,52.1,33.4,14.5,,4.0,,,0.021359791185299543,5,0.4377358490566038,0.053597667934274555,0.4135106664838897,0.18261612427416038,1.01,0.44210154055998874,0.02070618850927587,1.8199999999999998,fsl
KSSL_201056,KSSL_33088.0,loam,0.02705904530283237,1.5415716830416197,0.1510286862433503,0.45436675933374016,30.3,45.3,24.4,,69.0,43.165516,-119.54013,0.010548479410004214,5,0.44528301886792454,0.1760870918888005,0.46045922807986495,0.010101494111545059,1.0613091035485742,0.9799999999999999,0.00870880139984568,0.7,l
KSSL_178319,KSSL_28816.0,silt loam,0.06731658725502526,1.501594121448012,0.12007674635536308,0.4961376391854822,25.7,50.7,23.6,,69.0,40.247112,-93.71447,0.014552860263043376,5,0.33207547169811313,0.07161686026047073,0.48830323213357735,0.12420270508174845,10.999999999987887,0.02812978451454648,0.007486799241250339,0.2,sil
KSSL_15745811,KSSL_40209.0,silt loam,0.04494795951566329,1.6705765726876995,0.15643550260815495,0.4169678960204907,2.0,73.1,24.9,,17.0,38.53825,-95.245888,0.013728402818761963,5,0.4377358490566038,0.14867932045997026,0.4158500396479277,0.06237105401056183,10.999995986555799,0.049762446463940846,0.012725713509192896,1.6,sil
KSSL_15924937,KSSL_70962.0,loamy sand,9.257491456528118,1.224589282599667,2.5175959744025188e-09,0.31546345902226985,87.0,8.7,4.3,,117.0,,,0.006985583098968156,5,0.33207547169811313,6.750143083718162e-16,0.3154548090728123,9.01053160100932,1.0100000004609597,0.22323520886161785,0.00696903870824022,0.0,lcos
KSSL_178328,KSSL_28817.0,silt loam,0.03443140033395511,2.570728490967533,0.06885000099999998,0.47549000752644693,22.8,69.0,8.2,,48.0,36.787693,-89.939331,0.008198764514715807,5,0.4075471698113208,0.0688500009999957,0.4756871987468651,0.03414672453496625,2.542197999151906,0.6216843947519352,0.008197709281076625,0.6,sil
KSSL_170719,KSSL_27094.0,silt loam,0.24336206280505174,1.1558450929603525,2.3244172259434103e-18,0.4090040689054773,24.2,54.8,21.0,,30.5,45.36739,-123.08308,0.014688079309592227,5,0.4339622641509434,0.10562216758674331,0.4053720912916062,0.10238070592188936,1.01,0.31757268070051603,0.014119677413630752,0.7,sil
KSSL_203186,KSSL_33518.0,clay,0.0343635285248887,1.197037901548383,0.06464000962443274,0.3599183676790127,32.25469728601253,26.931106471816285,40.81419624217119,,27.0,32.492085,-106.33353,0.006248727083913493,5,0.37735849056603776,1.6316226355896508e-12,0.3585090928165515,0.0582845543620558,6.431547641320334,0.020000006119738775,0.0053015723781080154,0.3,c
KSSL_15946983,KSSL_75109.0,clay loam,7.295542947109317,1.1178467477090908,0.032006817763179186,0.39793946570000105,37.1,28.6,34.3,,9.0,43.451351,-105.26745,0.010682271050560577,5,0.4188679245283019,0.034502966301214306,0.3979245355054065,7.1458006581516935,3.0657738934209546,0.03898769769182476,0.010673307461918769,1.0,cl
KSSL_121744,KSSL_19361.0,clay,0.011887762690439233,1.1504716227026455,7.557312983516435e-17,0.5192945199823427,3.5,37.8,58.7,,243.5,38.346909,-112.98386,0.010597689102904153,5,0.3018867924528301,8.642125378363102e-17,0.5205472686254016,0.009172990286194144,1.01,0.1627488028508259,0.009958258594799247,0.12,c
KSSL_15745519,KSSL_40161.0,clay loam,0.026111397345258667,2.052453905173924,0.21808000099999997,0.47057927365885516,23.1,47.9,29.0,,67.5,34.456638,-111.40644,0.016105315668220207,5,0.49056603773584906,0.21808000099999997,0.4662038357260315,0.03934339400033248,10.999999999999348,0.07514358981991884,0.012561037059620741,1.3,cl
KSSL_121725,KSSL_19360.0,clay loam,0.1494755559719078,1.2287538127032391,0.08228475941445221,0.3982199710037694,38.1,34.3,27.6,,52.5,38.347187,-112.98719,0.007658285227621593,5,0.39245283018867916,3.5484455889210064e-08,0.395848497912331,0.2751193178349642,6.819935513166077,0.020000000000000004,0.005486513046595019,0.19,cl
KSSL_170731,KSSL_27098.0,clay,0.07264850834300085,1.083928771316479,3.921907620960307e-21,0.40450916050876284,12.1,38.6,49.3,,77.0,45.291054,-123.033,0.005250513567113643,5,0.41509433962264153,2.378773253363643e-16,0.4048610265031406,0.06568303965286723,1.01,0.08540765979085958,0.004964635404816565,0.4,c
KSSL_183846,KSSL_29799.0,clay,0.01991993145715671,3.1030988515154765,0.21252000099999996,0.44980599394719806,37.9,17.2,44.9,,19.0,6.6727777,-1.66,0.00971634614249616,5,0.4641509433962264,0.21252000099999996,0.4479596895170056,0.03249421601565745,10.999999999915755,0.12016165131662589,0.007770745756852821,1.1,c
KSSL_113827,KSSL_18210.0,sand,1.4555558446820576,1.8544648675949662,0.032120000999999995,0.42301479263277875,94.6,3.7,1.7,,13.0,41.803864,-70.666679,0.009094849134963796,5,0.44528301886792454,0.032120000999999995,0.4230041848944358,0.9945839468117615,1.0100000507205924,0.9482514533223312,0.009038006025446969,1.61,s
KSSL_146273,KSSL_22876.0,sandy loam,0.19109439033065956,1.3553142829312528,0.039395884540457296,0.39149509904246654,52.1,33.4,14.5,,4.0,,,0.023531857441325476,5,0.41509433962264153,0.083753437124612,0.38492271163545594,0.044298252302328506,1.01,0.8419056097985037,0.021938526925511827,1.8199999999999998,fsl
KSSL_15745524,KSSL_40162.0,silty clay,0.004148572904252923,2.2739485959402743,0.24408089962279983,0.4082001429440508,7.1,51.8,41.1,,88.0,37.719227,-99.724403,0.023684895974250348,5,0.36226415094339626,0.1958543077586297,0.4192966157552217,0.001839609064643436,1.01,0.9799999999999999,0.02371654331631773,0.3,sic
KSSL_212032,KSSL_35066.0,silt loam,0.17237073659109645,1.2418434922990202,1.145486708670212e-11,0.48371259453568227,30.2,52.5,17.3,,10.0,35.267666,-111.7447,0.010768339104191562,5,0.5094339622641508,1.1237645936884581e-10,0.4836762032967002,0.14947575803258267,1.01,0.2470493256764026,0.010588099451100813,2.2,sil
KSSL_208974,KSSL_34523.0,loam,0.6021769503300103,1.3264761223191621,0.15382315637224747,0.44799129093510875,37.5,35.9,26.6,,14.0,44.066109,-98.348663,0.006343997490744698,5,0.4716981132075472,0.16141536093236417,0.44786921375122024,0.4287457987891053,1.010000000000002,0.3736351603795057,0.0060926044701986575,1.8,l
KSSL_15941104,KSSL_73899.0,loam,6.016508405107059,1.1459158426990514,9.403119669500191e-09,0.5520382488143052,27.9,46.6,25.5,,94.5,42.164539,-114.19279,0.00517549840233446,5,0.5811320754716982,1.4955612309007774e-16,0.5520187731483611,5.877914059793841,1.0100000000044487,0.14494015166957014,0.005114740738879521,0.6,l
KSSL_121485,KSSL_19324.0,sandy loam,0.027261466686398325,2.2600094342926873,0.03076424983262536,0.3758692420550218,69.9,25.9,4.2,,9.0,30.094954,-95.971924,0.026824109203541883,5,0.3886792452830189,0.02739223307003215,0.38977549267342154,0.018878272311514465,1.40885826747111,0.9799999999999999,0.024295660987722005,0.65,fsl
KSSL_15745489,KSSL_40154.0,sandy clay loam,1.4189651851669436,1.170868757067954,0.13325584708679988,0.5377060967990351,49.8,18.4,31.8,,12.0,36.371166,-120.74622,0.0038573624535589075,5,0.5660377358490567,0.1402795309182448,0.537692227467583,1.2694424323485807,1.0100000000000002,0.17789150046712018,0.0038149712554707326,1.3,scl
KSSL_15745522,KSSL_40162.0,silty clay,0.002057466727003589,1.608253842368161,6.564188518929316e-18,0.385428133234948,10.7,49.0,40.3,,44.0,37.719227,-99.724403,0.017577464326448296,5,0.3396226415094339,1.4558721426769547e-19,0.39020881211941133,0.0007608149990362582,1.1530172422504397,0.9799999999999999,0.01670905785923141,0.6,sic
KSSL_15951762,KSSL_75967.0,silt loam,0.07883628759604093,1.5013244981415632,0.10178835328825322,0.4839182018525625,14.1,67.9,18.0,,107.5,38.5798,-101.74667,0.005350047553388648,5,0.5094339622641508,0.11207333825471999,0.4839378419626769,0.05169939055940841,1.1149569176443115,0.553160576762306,0.005296705747033293,0.2,sil
KSSL_15938374,KSSL_73390.0,loam,0.19579768950061643,1.2137223175169578,5.691947881197136e-12,0.42534061575329674,40.8,38.0,21.2,,29.0,40.978596,-115.17208,0.004078170580412617,5,0.4490566037735849,1.3605812056709388e-12,0.4260464342457764,0.15586664409683806,1.01,0.22356727243866298,0.003259482140772531,2.3,l
KSSL_15742251,KSSL_39607.0,silty clay,0.05576470966560654,1.1502790508181906,0.01726540487804612,0.453416035402694,7.9,48.4,43.7,,177.5,39.454418,-98.703575,0.0005852034743109297,5,0.3735849056603773,1.3954314898602337e-05,0.4532015346407191,0.06003911183073716,1.2010875519838629,0.11638069038528379,0.00048404257971540807,0.4,sic
KSSL_208367,KSSL_34381.0,silt loam,0.015228334555020264,1.9043780798436165,0.10400021742361756,0.4434621430666997,19.6,64.8,15.6,,90.0,65.077164,-145.87267,0.009657662783138319,5,0.42641509433962266,0.11632346617644168,0.4457877836865767,0.00842121860888382,1.507920459093451,0.9799999999999999,0.009030278441763392,0.6,sil
KSSL_123754,KSSL_19662.0,sandy loam,0.022007443177336473,2.403500342505798,0.131328410198149,0.35850613034330314,61.4,20.5,18.1,,116.0,44.945553,-90.537346,0.010249441353067852,5,0.24528301886792447,0.13113834438278255,0.36129047984089463,0.015089615876764526,1.7780516251510718,0.9799999999999999,0.009422518037049396,0.0,sl
KSSL_170711,KSSL_27091.0,clay loam,0.06385731504364904,1.124382663835231,2.857392028487865e-22,0.4138068914689691,35.2,27.8,37.0,,47.0,45.326557,-123.14939,0.0031265223195009128,5,0.4226415094339623,0.020494926397417196,0.41468735345588603,0.05372861648664712,1.01,0.1380019089376019,0.002708518944597242,0.4,cl
KSSL_15951771,KSSL_75968.0,silty clay loam,0.2669770563562537,1.1703591446204102,1.1241961979778316e-11,0.462234510285,10.5,62.2,27.3,,117.0,38.470299,-101.78132,0.009343378182778571,5,0.4867924528301887,3.215508747554095e-14,0.4621758482917439,0.24547703938595436,1.0100000000000044,0.17149173066492202,0.00922503622976101,0.5,sicl
KSSL_123769,KSSL_19664.0,loam,0.03672661612771961,1.4731484731563047,0.07883499488899953,0.3592901260316035,48.9,35.8,15.3,,194.5,44.763329,-90.649567,0.007229094126107166,5,0.3018867924528301,0.10822246083146965,0.3636632650816313,0.01186647634228299,1.025970713015252,0.979999999999991,0.005201956471813241,0.03,l
KSSL_15742253,KSSL_39608.0,clay loam,0.04195285186234535,1.1246492467770242,1.025105607592239e-12,0.3636906526653984,24.1,39.6,36.3,,37.5,39.781193,-97.059776,0.0026686948297750986,5,0.320754716981132,1.0925043553301056e-14,0.3643025648575291,0.036371678238014044,1.0100000000000167,0.12869484085151417,0.002106243019374293,0.6,cl
KSSL_208968,KSSL_34521.0,loam,0.488863385991756,1.3133567559426034,0.1245045174793851,0.4157339380665626,38.9,35.6,25.5,,62.5,44.790222,-96.594002,0.003959292281163331,5,0.4377358490566038,0.1329803731667281,0.41564223713363924,0.3488046582146804,1.0100000000000084,0.3601254243876386,0.0036544568302988244,0.8,l
KSSL_201849,KSSL_33277.0,silt,0.023848499965901666,2.4017485429614425,0.07443273347222006,0.5940865007340653,7.2,87.4,5.4,,45.5,45.265415,-117.96722,0.00571434444975054,5,0.630188679245283,0.07751381519233022,0.5980772087572173,0.016323597928675628,1.8511225741689499,0.9799999999948024,0.0035366852257881884,0.1,si
KSSL_15830010,KSSL_53264.0,silty clay,0.005322952600023404,10.999999509616298,0.3260400009999999,0.4690141156939342,1.2,47.6,51.2,,66.5,39.650105,-97.892441,0.016513148061104606,5,0.34716981132075475,0.3260400009999944,0.46976690489220335,0.008294262855725678,10.999999999996046,0.17335380250254676,0.015807954558944057,0.8,sic
KSSL_170706,KSSL_27090.0,loam,0.055360212408618326,1.18193378071092,1.3771008378802283e-33,0.3748736305689992,27.1,46.0,26.9,,109.0,45.327137,-123.14714,0.010036660335781877,5,0.4075471698113208,1.977334522422392e-32,0.37587364622480185,0.04119550675786721,1.01,0.19684721947162848,0.008693508358674017,0.3,l
KSSL_170724,KSSL_27094.0,clay,0.0006087722721492526,7.765657107736535,0.0822686981037067,0.4288826046548973,30.8,28.1,41.1,,164.5,45.36739,-123.08308,0.0129214542590181,5,0.38113207547169814,0.07543210723889335,0.42888260323636734,0.0006566885007355122,8.002654260437797,0.5383050431086394,0.012921454132277747,0.3,c
KSSL_121486,KSSL_19324.0,sandy loam,0.030049716330603937,2.2462773178896462,0.0376862413472096,0.351108647890845,62.1,31.2,6.7,,25.5,30.094954,-95.971924,0.02136259196470126,5,0.37735849056603776,0.03604915994279751,0.3629641571128876,0.020743844509681624,1.438874025683167,0.9799999999999999,0.018711062838100076,0.25,fsl
KSSL_119519,KSSL_18992.0,sandy loam,0.8459097996008029,1.2478845948671622,4.765314926642574e-19,0.3293626871243027,72.2,21.6,6.2,,32.0,39.222244,-74.846275,0.01476105170974142,5,0.34716981132075475,7.950485899467776e-17,0.32905462882502795,0.7207209093933902,1.01,0.25375029070930233,0.014469526884776582,0.27999999999999997,cosl
KSSL_121613,KSSL_19347.0,silty clay loam,0.006310511097024499,1.1980663123245117,1.510688479782565e-15,0.38927264349449614,16.2,46.4,37.4,,32.0,39.956699,-83.442932,0.013784331194873002,5,0.3396226415094339,3.845385668071604e-19,0.39062135315471785,0.004409380866602889,1.01,0.22585187458045533,0.013191064819141788,0.5700000000000001,sicl
KSSL_15745465,KSSL_40150.0,clay loam,0.15138705649078496,1.1741846009682202,0.09091920945905568,0.3723102418329848,21.9,43.8,34.3,,74.0,36.360943,-120.76241,0.005192651902166144,5,0.39245283018867916,0.12539082845348387,0.3722805091551689,0.10392141313285674,1.0100000000000124,0.2321790695648076,0.0050851662757794135,0.5,cl
KSSL_15748406,KSSL_40751.0,silt loam,0.016113786551310537,1.961337529159762,0.14946449782511134,0.4397375435955043,11.7,69.4,18.9,,156.5,41.042416,-96.635803,0.008134898490759213,5,0.4188679245283019,0.09382977161476064,0.43493046823963677,0.03326291613968417,7.70081357914754,0.056169889138172294,0.003991489302591404,0.7,sil
KSSL_123777,KSSL_19665.0,clay loam,0.048776436155630286,1.1634882422301769,9.38171641956452e-18,0.40264433010064243,21.1,51.6,27.3,,215.5,44.763329,-90.651512,0.005424559675322935,5,0.3396226415094339,1.037214608949246e-20,0.4041559084800877,0.039924972243196355,1.01,0.171836593391277,0.004477385062302853,0.05,cl
KSSL_194701,KSSL_31775.0,sandy loam,1.1071793445652143,1.1669455968091103,5.700660502780353e-22,0.3512267772677665,55.7,31.8,12.5,,3.0,36.742474,-114.29034,0.011134398642139956,5,0.369811320754717,1.9917780179590636e-17,0.3511706485323599,1.036543625748974,1.0100000000087646,0.16721116512729875,0.011078511006005709,0.1,fsl
KSSL_15745458,KSSL_40149.0,silt loam,0.023684522752203258,1.4047675776371775,0.1322931415203382,0.3403725303289544,28.6,50.3,21.1,,106.0,38.353973,-121.17292,0.004848007653393688,5,0.3433962264150944,0.13462451784290097,0.3405300499547126,0.02261790174982335,1.371333808698065,0.3066669099894406,0.004846819621128377,0.0,sil
KSSL_15938370,KSSL_73389.0,loam,1.3146226756590147,1.173975183177586,1.4043872439925304e-20,0.5301555709544339,48.3,33.7,18.0,,6.0,41.339859,-116.98038,0.012493355734653612,5,0.5584905660377358,2.2942858118067995e-18,0.530010777145441,1.2105453056537439,1.0100000000030647,0.17479668946653518,0.012264072999097885,3.5,l
KSSL_15924948,KSSL_70965.0,sandy loam,1.3915315351672342,1.124290912121004,4.2744558153677705e-22,0.382613592615902,63.5,22.9,13.6,,50.0,35.118137,-119.59603,0.029012136040869142,5,0.4037735849056603,5.588107351772362e-15,0.3822534755599395,1.2732706942628425,1.01,0.12495965216557416,0.02891392949247565,0.1,sl
KSSL_108777,KSSL_17348.0,loamy sand,0.02386410574058277,3.404458254490078,0.04818000099999999,0.3037282205100106,85.9,6.8,7.3,,158.5,39.049404,-112.35829,0.020354228444667114,5,0.3547169811320754,0.04818000099999999,0.3052686123074926,0.020361673137578577,2.818189077113002,0.9799999999999999,0.02017865213613115,0.03,lfs
KSSL_170674,KSSL_27080.0,clay,0.04949944165227388,1.10752639840106,5.701924718374169e-14,0.466211197958611,32.2,21.4,46.4,,94.5,45.348415,-123.08565,0.006445571093022009,5,0.43018867924528303,0.21991859258281685,0.46497126703988045,0.020274839489816832,1.01,0.3448878072905205,0.006073752062674522,0.3,c
KSSL_170749,KSSL_27104.0,clay loam,0.22234696865861855,1.0914326233811358,2.6941576854968664e-16,0.3842837753398999,39.1,29.2,31.7,,115.5,45.291389,-123.12092,0.009649010073785979,5,0.3849056603773584,6.618586384643658e-10,0.3824779350452076,0.31249939287562245,4.2237154780150545,0.02000083585510575,0.00900309083603393,0.2,cl
KSSL_208972,KSSL_34522.0,loam,0.28460572782406973,1.2332261031145237,0.13341831830006315,0.3511628925207279,38.7,35.0,26.3,,62.5,44.790359,-96.594254,0.0021857293113191813,5,0.369811320754717,0.14640422140818746,0.35110338356824966,0.2012155348048027,1.0100000000052627,0.28094498365766213,0.00196145485718083,0.6,l
KSSL_170758,KSSL_27107.0,clay,0.06321186171487062,1.0753563046073038,4.838265551536453e-23,0.43900413008489414,14.7,35.6,49.7,,110.5,45.041191,-123.13897,0.00467100516477333,5,0.3999999999999999,1.9334866638794014e-22,0.43930940514663286,0.057574347951137424,1.01,0.07655709331023892,0.004379306981783181,0.6,c
KSSL_15745464,KSSL_40150.0,clay loam,0.04692772932520239,1.3207497569113382,0.1376743572090431,0.3650217499981335,21.2,43.0,35.8,,56.5,36.360943,-120.76241,0.006703240509789606,5,0.3849056603773584,0.13144902770185937,0.36479561445762426,0.05140990032515586,1.3893444069925103,0.21391136564617672,0.006697581305395639,0.7,cl
KSSL_121618,KSSL_19347.0,silt loam,0.003096210152719014,7.558777193115289,0.1484148569381663,0.2724954909443824,31.0,50.0,19.0,,132.5,39.956699,-83.442932,0.02680216289057919,5,0.290566037735849,0.10985747188244209,0.27249547929878004,0.0038930713676184987,7.1832633872949945,0.11352431975322894,0.0268021636679049,0.41,sil
KSSL_203221,KSSL_33523.0,loam,0.0285267468507376,2.443301444599756,0.05074000099999999,0.5242024473793422,45.546558704453446,40.38461538461539,14.068825910931174,,25.0,32.738972,-106.17052,0.0075454661787270165,5,0.5509433962264151,0.046606496615613516,0.5234079783782831,0.04190059035419156,10.999999904849053,0.09914764122427594,0.005147414580935496,0.2,l
KSSL_108786,KSSL_17350.0,clay loam,0.20405836655713894,1.1801930044365774,3.147147436907356e-25,0.4770137247524497,22.0,48.9,29.1,,2.5,38.979958,-112.44385,0.010929807831026863,5,0.5056603773584905,2.8799690786977945e-23,0.47660475668523683,0.16576169869950383,1.01,0.18757866331426754,0.009881405513307101,1.9100000000000001,cl
KSSL_15938326,KSSL_73377.0,loam,0.38095462470196007,1.190479931894824,2.0185088950410444e-17,0.37661525060311,48.7,37.8,13.5,,59.0,40.974648,-111.80975,0.016087342868430526,5,0.3999999999999999,6.368755870659392e-26,0.3755203577113287,0.29847673056560536,1.01,0.1991476015478631,0.015305702938773882,1.0,l
KSSL_15742234,KSSL_39605.0,silty clay loam,0.034912871880739674,1.2761659433410975,0.07951774616779758,0.42040690289514143,7.0,63.6,29.4,,108.5,39.417137,-97.139336,0.0040696017554716,5,0.3849056603773584,0.164364262352158,0.42057866829582125,0.010677677926067644,1.01,0.7506522290735216,0.003203505521879829,0.2,sicl
KSSL_183844,KSSL_29798.0,silty clay loam,0.06138423612032118,1.1342786719440707,0.04624527599660496,0.41839398169354947,17.1,45.0,37.9,,101.0,6.6727777,-1.65,0.002958959142993584,5,0.4339622641509434,0.13570824804222759,0.41837265320902894,0.0391875693141853,1.0100000014940012,0.22122562074740482,0.0028479095619870225,0.2,sicl
KSSL_203196,KSSL_33519.0,sandy loam,0.043458305722244094,2.7790321481759586,0.05544000099999999,0.4768478176017888,75.9086188992731,13.187954309449637,10.903426791277258,,124.5,32.514,-106.336,0.004895937919495134,5,0.5018867924528303,0.05544000099999999,0.4767929715309675,0.05100419484764509,10.99999057216115,0.14669208745882917,0.004479698139257278,0.0,fsl
KSSL_170705,KSSL_27090.0,loam,0.28085148347207495,1.1672195982184486,2.781986140245545e-26,0.3883077018461852,29.4,48.9,21.7,,80.5,45.327137,-123.14714,0.017256642563980233,5,0.41509433962264153,1.1152245881685379e-38,0.38662893547110283,0.21089811330734162,1.01,0.17655419149263876,0.01638814978819189,0.4,l
KSSL_15741183,KSSL_39436.0,silt loam,0.049264717094050094,1.3514674305989127,0.08938425872926337,0.42993898645540124,16.2,61.3,22.5,,70.5,39.950085,-97.877892,0.0021262976633751396,5,0.4528301886792453,0.1253639510459941,0.4299298725171831,0.02338979807292661,1.010000569767356,0.5604056720901637,0.0012554502875066558,0.5,sil
KSSL_170718,KSSL_27094.0,silt loam,0.04959096816366911,1.249919858773877,8.829462292726684e-19,0.38564138250942204,24.9,55.7,19.4,,18.5,45.36739,-123.08308,0.010604886055855765,5,0.4188679245283019,0.09462248577062222,0.38566217376389567,0.016442931293200867,1.01,0.6254856417228409,0.009157890043612244,1.1,sil
KSSL_15951779,KSSL_75969.0,silt loam,0.05385029532703847,1.6598727349629823,0.12869023684292633,0.4444672681982008,25.5,52.6,21.9,,175.0,38.46796,-101.78322,0.003583990240176308,5,0.4679245283018868,0.13505944164207223,0.4445023786590577,0.036720612261239655,1.2769635603895342,0.6367880914053278,0.003497003962934766,0.1,sil
KSSL_108705,KSSL_17338.0,sandy loam,0.16376659216521344,1.5889228995945763,0.11357032667147444,0.45751806270200296,61.0,25.5,13.5,,9.0,38.283306,-112.20827,0.02943466873285875,5,0.31320754716981136,0.11544000099923865,0.4500879497239848,0.22028281488915544,10.999999997965457,0.05009493317605487,0.024065376563823484,1.31,fsl
KSSL_121262,KSSL_19303.0,silt loam,0.01981036646202417,2.8532688254003036,0.08826612221997013,0.537821168980409,35.2,60.0,4.8,,109.5,47.006786,-118.57471,0.01535322730873344,5,0.5207547169811321,0.08773275912840132,0.5397442121061565,0.014937014263391595,2.277269058561978,0.9799999999999999,0.014664128327244508,0.24,sil
KSSL_15741173,KSSL_39435.0,silt loam,0.027134442558368926,2.190013599392534,0.10419000099999999,0.3921993360469886,36.9,50.5,12.6,,7.0,39.936668,-97.848137,0.006933197589477852,5,0.41132075471698104,0.10259969207652386,0.39077260200617375,0.04180832088871555,10.999999622811416,0.08186700910633521,0.004248658826703215,1.0,sil
KSSL_201049,KSSL_33087.0,loam,0.02997794106026155,1.8445287066420708,0.12613733587270876,0.5115392397633021,49.6,39.4,11.0,,27.5,45.000664,-117.16566,0.014366844905181355,5,0.4716981132075472,0.13458720745939307,0.5204198812278084,0.015681595002345065,1.277161189858062,0.9799999999999999,0.011220563430238297,1.9,l
KSSL_124766,KSSL_19808.0,silty clay loam,0.1478829538266911,1.1972534674203543,0.021472959856681732,0.4854089418405307,12.8,47.5,39.7,,7.0,31.409079,-97.133904,0.012364233163068013,5,0.38113207547169814,9.850775977033232e-21,0.4829196248207625,0.2544571096321946,8.005046374996063,0.020000000000000028,0.011199044617619175,1.6199999999999999,sicl
KSSL_15921964,KSSL_70511.0,silt loam,0.08928772083456973,1.5740220221360444,0.09169678256014246,0.451272282704248,11.0,69.7,19.3,,84.5,43.664246,-96.49398,0.003123144004106694,5,0.47547169811320744,0.09640501315864694,0.45159498020239897,0.07530453201862987,1.4194818626109114,0.44784121552486067,0.0029807108767309024,0.1,sil
KSSL_178318,KSSL_28816.0,silt loam,0.07103704361667172,1.5585432915640491,0.1404992428285704,0.49396118328433053,24.2,53.3,22.5,,47.5,40.247112,-93.71447,0.016679584437869457,5,0.3735849056603773,0.1091085479744321,0.48566279324668477,0.12349395928597275,10.999999999771576,0.03365531462111254,0.009717578086222199,0.3,sil
KSSL_15938346,KSSL_73382.0,clay loam,0.0005777052008869198,7.6121491373252415,0.03451248074968242,0.28183680183753407,44.1,21.8,34.1,,122.0,37.679935,-112.85674,0.019178902302144286,5,0.28301886792452835,0.0397090290683124,0.28183680022491997,0.0006330199715346859,8.737790224055793,0.5238389861167696,0.01917890062565498,0.4,cl
KSSL_15951768,KSSL_75968.0,silty clay loam,0.07555066268689682,1.4641306531439664,0.12310850728512696,0.4516040550676879,18.9,52.9,28.2,,53.5,38.470299,-101.78132,0.005949375960605718,5,0.47547169811320744,0.1386430388452293,0.4515976268036744,0.038640285146431516,1.0100001438458903,0.6452158548302377,0.005788479044859619,0.9,sicl
KSSL_15938334,KSSL_73379.0,loam,0.6933443437301502,1.308626585104146,0.043305613855235854,0.4446731153400422,45.1,40.4,14.5,,26.0,38.080009,-110.77249,0.006832093253121396,5,0.4679245283018868,0.037976643743095194,0.44452830631470863,0.8250354890289427,8.496458588541751,0.03391255244578285,0.006554551581069248,1.2,l
KSSL_15746544,KSSL_40376.0,sandy loam,0.031084394554945854,1.8977941107090004,0.12972000099999997,0.38873182783321725,52.2,35.9,11.9,,19.0,38.376888,-110.28577,0.0105242938107996,5,0.4075471698113208,0.11943251886307679,0.3871812632352875,0.04802529495460124,10.999999995976168,0.05924402007694316,0.00872426927208288,1.4,cosl
KSSL_15924806,KSSL_70940.0,loam,0.30552185839023926,1.2911754514058489,5.262786003427509e-14,0.5048680981171537,50.9,33.3,15.8,,8.5,39.657955,-110.3791,0.025914705925834107,5,0.5358490566037736,0.02497816844556164,0.5028476928490679,0.1770281625263157,1.01,0.3736657894961089,0.024621748792213224,4.9,l
KSSL_15745521,KSSL_40162.0,clay loam,0.014765495813746678,1.2924818319727907,2.1275981945112545e-70,0.3622062855251029,27.1,42.0,30.9,,20.0,37.719227,-99.724403,0.02047149927143813,5,0.3999999999999999,3.861692161046161e-45,0.3609027960203796,0.006804788027026819,1.01,0.39602836286348975,0.018165466117727007,0.8,cl
KSSL_15938325,KSSL_73377.0,loam,2.5595520987966878,1.1401978698158606,6.433914202014018e-23,0.5048201700720492,32.3,44.1,23.6,,25.5,40.974648,-111.80975,0.025753437424819538,5,0.5320754716981132,9.186576242595044e-17,0.50453537587944,2.388238938588396,1.0100000000000002,0.14043306758952234,0.025612810716758222,3.9,l
KSSL_15929246,KSSL_71938.0,sandy loam,0.9767367683453142,1.2434528480840346,1.1347884028461848e-23,0.4616471427169573,56.6,31.8,11.6,,39.5,,,0.0198674693095057,5,0.4867924528301887,5.3065092940948386e-18,0.4611923184822323,0.8321169325323263,1.0100000000078717,0.24926064952657595,0.019403158986037835,1.3,sl
KSSL_15924836,KSSL_70947.0,loam,0.3727118998179144,1.2284037151512222,2.6899525779312326e-25,0.4960129525313858,38.2,41.4,20.4,,23.0,40.862949,-115.12067,0.014808235759944012,5,0.5245283018867924,7.318306596730793e-23,0.4954026785081531,0.2944123298551972,1.01,0.23870602609455766,0.013722633295931227,1.8,l
KSSL_15924756,KSSL_70932.0,silt loam,0.022612423306252023,1.2604163493803078,3.0561797161531766e-23,0.3452021851470808,15.2,64.5,20.3,,67.5,46.950207,-116.33989,0.006518858933362548,5,0.3660377358490565,2.41907917485141e-21,0.34784383280120157,0.01553268505460089,1.0100000000000156,0.2934860100357151,0.004562844327351071,0.2,sil
KSSL_15745466,KSSL_40150.0,clay loam,0.03960792615953394,1.4965678217967804,0.17463608650161125,0.36406025312985285,24.1,46.4,29.5,,105.5,36.360943,-120.76241,0.005909568861677579,5,0.3849056603773584,0.1781305780485601,0.3644632657821807,0.03499098338193062,1.3962295374423552,0.38883328376880366,0.005895426730989593,0.6,cl
KSSL_15951766,KSSL_75968.0,silt loam,0.10542663078784312,1.5506512618705102,0.13594939737746098,0.4946509973411374,15.2,58.4,26.4,,18.5,38.470299,-101.78132,0.006868081663761679,5,0.5207547169811321,0.14496968337349875,0.49457805871161664,0.05740449721182195,1.01,0.7130923546380927,0.006589595699148101,1.5,sil
KSSL_212037,KSSL_35067.0,silt loam,0.08714667005783927,1.5424186564044482,0.08085653556325896,0.6413854162559868,12.9,65.8,21.3,,5.0,34.969418,-111.50867,0.01335395216319614,5,0.6754716981132076,0.10239699120644306,0.6409258509719765,0.04059546648955785,1.01,0.7807282203039372,0.012260200253039167,6.5,sil
KSSL_15745508,KSSL_40159.0,clay,0.0017352686729103762,1.2896576938218158,1.8586570104495796e-15,0.5130554776115278,5.2,19.8,75.0,,47.0,34.941555,-111.51839,0.007071258564402608,5,0.29811320754716975,0.1293172836077773,0.5152408440207927,0.00042949298108848884,1.01,0.9796701926065802,0.006698264786266263,0.9,c
KSSL_108796,KSSL_17351.0,silty clay,0.023032558710949756,1.327096807976049,4.5049603463544154e-23,0.5551452513030284,5.4,54.6,40.0,,95.0,38.923294,-112.3944,0.01594660111158632,5,0.5509433962264151,3.9297461583447013e-28,0.5606001360423901,0.013513712056602664,1.01,0.3937287171751505,0.011440033649654667,0.31,sic
KSSL_15924812,KSSL_70941.0,sandy loam,7.094906359481563,1.1174325681918633,1.0515533537080364e-22,0.4694974942311625,57.6,26.6,15.8,,45.5,38.048019,-111.33978,0.024883491861151748,5,0.49433962264150944,2.478958892982824e-15,0.4694337409551119,6.908797226380076,1.010000000000011,0.11670922673235952,0.024857344501882404,1.8,fsl
KSSL_183850,KSSL_29800.0,silty clay loam,0.4311092305713846,1.1295265581600111,1.999758575232264e-09,0.44391390947653553,15.6,47.5,36.9,,4.5,5.9168057,-0.78661108,0.006814115372960506,5,0.4679245283018868,3.442875384883337e-10,0.44388446217027966,0.39629578124621334,1.01,0.13040233560914216,0.0066419638697112985,4.5,sicl
KSSL_15745482,KSSL_40153.0,sandy loam,3.4995961081127467,1.174809858864819,0.13700816209730102,0.5664224862766668,67.6,16.5,15.9,,16.5,36.377945,-120.65434,0.0036623469723286685,5,0.5962264150943397,0.13589456948823755,0.5664150953191724,3.619120252727702,3.7428531344027047,0.046244687302162225,0.0036416620470422884,1.1,sl
KSSL_118724,KSSL_18853.0,loam,0.0832359986691814,1.3052219720689784,1.546326295824601e-18,0.49615807308484416,50.5,34.6,14.9,,6.0,17.981943,-93.386948,0.029109472635334654,5,0.5433962264150943,0.10177813159687774,0.4910528799531995,0.01647692236877827,1.0100000000000044,0.9799999999999999,0.02471090882977794,2.75,l
KSSL_15938351,KSSL_73383.0,silty clay loam,0.11079346727220875,1.2066937923063135,1.0775495080602112e-16,0.5027213050692718,8.9,57.1,34.0,,117.0,39.367981,-111.57803,0.010019671184030682,5,0.4679245283018868,4.959972237424686e-35,0.4992403346607877,0.16465146325461377,2.164150792715093,0.08565059112217821,0.009219938701253943,0.2,sicl
KSSL_170703,KSSL_27090.0,loam,0.45296715912472074,1.1709100116045168,5.343885706648479e-18,0.42311679434237887,31.3,46.2,22.5,,30.5,45.327137,-123.14714,0.01805136248923517,5,0.4490566037735849,1.729041855483075e-24,0.4220120274981812,0.36746577706443423,1.01,0.17690704190445625,0.01735402212796605,1.1,l
KSSL_121279,KSSL_19305.0,sandy clay loam,0.14455199276252853,1.2289745222718504,0.08167553827863891,0.4750764421596074,58.3,20.2,21.5,,181.5,33.884304,-83.427666,0.010143172692723528,5,0.44150943396226416,2.8925219407775624e-20,0.4725600719027235,0.266342615863422,7.295213859545077,0.020000000000000004,0.008167354572583873,0.05,scl
KSSL_123713,KSSL_19658.0,sandy loam,0.027114343986470082,1.5668097870141144,0.01958092451664871,0.28887941794775424,55.8,35.2,9.0,,43.5,45.31583,-90.476784,0.00846192411349301,5,0.2867924528301887,0.04052436808174871,0.2934412023783066,0.010446604301252374,1.104372783359319,0.9799999999999999,0.006966769494338091,0.15,fsl
KSSL_194707,KSSL_31776.0,silt loam,0.07215771257585596,1.3950210776311232,0.09102113006079128,0.5052223011617463,6.1,69.6,24.3,,13.0,36.68111,-114.28472,0.009776229124147122,5,0.5358490566037736,0.1413623581610939,0.5048821094844925,0.0218266633997354,1.01,0.8497568847477269,0.0070728922584706805,0.5,sil
KSSL_176684,KSSL_28516.0,clay loam,0.09168373861817583,1.4221546425328668,0.22811681173390583,0.6555420710445106,22.6,44.3,33.1,,33.0,42.013721,-93.729416,0.026594801168187063,5,0.38113207547169814,0.20741110182723838,0.645980014404751,0.13636744458422528,10.999999999137998,0.030311558360950907,0.020831167026058143,2.2,cl
KSSL_15951758,KSSL_75967.0,silt loam,0.04041927124047145,1.629309332943036,0.14003097569517026,0.45090903852668596,20.3,54.2,25.5,,8.5,38.5798,-101.74667,0.015760100767431524,5,0.47547169811320744,0.15794252636728115,0.4509170333981445,0.016407975189583285,1.131986188727774,0.9799999999999999,0.015264822647979159,1.7,sil
KSSL_212041,KSSL_35067.0,clay,0.006382514610246908,1.2877249182475052,0.10675567409961126,0.5117396758104368,2.9,31.2,65.9,,99.0,34.969418,-111.50867,0.010421201104447159,5,0.2943396226415095,0.043983250177114776,0.5111936656631118,0.007619641294584838,1.3777338290203636,0.15985938431099006,0.010417907535821988,1.0,c
KSSL_15938329,KSSL_73378.0,loam,0.04916217715167752,1.3634525644997177,0.07609218179000708,0.45379043451559364,33.6,40.3,26.1,,18.5,37.704334,-112.65024,0.011122397654311503,5,0.4830188679245283,0.1415499789631382,0.4553116586225301,0.012581900979011528,1.0100000000000002,0.9799999999981477,0.008956589637207014,1.7,l
KSSL_170757,KSSL_27107.0,silty clay,0.0006110876965897942,8.382634263451665,0.084168891691677,0.39528660109680874,12.2,42.3,45.5,,60.5,45.041191,-123.13897,0.014474709074714105,5,0.41132075471698104,0.07062736455237717,0.39528660217021633,0.000652075995101047,8.103469555350092,0.5421701001120544,0.014474709435277813,1.3,sic
KSSL_15924813,KSSL_70941.0,sandy clay loam,0.050918303314782254,1.336962177568974,0.10553752998583216,0.40082013746837736,47.7,24.7,27.6,,84.5,38.048019,-111.33978,0.005218482188482222,5,0.36226415094339626,0.15572375958628396,0.40218245293828625,0.01624494562284443,1.01,0.7734104586703829,0.003526546019910574,0.4,scl
KSSL_197873,KSSL_32341.0,sandy loam,0.058840337463885894,1.567609154105813,0.01841141657228177,0.4971280162728436,52.5,43.7,3.8,,160.0,39.873306,-75.932251,0.01964905636852256,5,0.4716981132075472,0.04961784970814664,0.5005813598302721,0.021790894467578,1.1681210323443258,0.9799999999999988,0.016812225755365295,0.0,fsl
KSSL_15745527,KSSL_40162.0,silty clay loam,0.0038108287561227088,2.080504453155537,0.2022246814987699,0.3573318443589292,13.4,55.6,31.0,,181.0,37.719227,-99.724403,0.02165606093575968,5,0.3849056603773584,0.16020639558039737,0.36597151099540437,0.001538422031373067,1.01,0.979999980997741,0.021491220274394582,0.1,sicl
KSSL_15924832,KSSL_70946.0,loam,0.5739726066103584,1.2202642409431583,0.04120481048159846,0.6188905186138848,37.2,40.5,22.3,,3.5,40.863815,-115.22014,0.027687728537786088,5,0.6528301886792454,0.08289670011129771,0.6178216672856564,0.37867893703675987,1.0100000000000005,0.2776108621526293,0.027218763994395073,9.1,l
KSSL_123715,KSSL_19658.0,sandy loam,0.03367588897356101,1.4776307290945379,0.05848575700376744,0.29410010582344837,60.3,26.8,12.9,,129.5,45.31583,-90.476784,0.0041468277683482015,5,0.2754716981132076,0.0835122149769105,0.2973407398060053,0.010980088584944906,1.0421680484815954,0.9799970593269067,0.0024270046336275376,0.06999999999999999,fsl
KSSL_15924821,KSSL_70943.0,silt loam,0.9752235020811628,1.2143688542761224,2.238557532721631e-23,0.49758619020782424,29.9,54.1,16.0,,48.5,39.741093,-113.98264,0.016828512341709522,5,0.5245283018867924,2.6531638474154235e-19,0.49720865982020745,0.8534734731452447,1.0100000000000149,0.21790756058273786,0.016389560184746865,1.0,sil
KSSL_15748397,KSSL_40750.0,silt loam,0.0064669456464361156,1.2717175966026975,9.032260719754943e-08,0.4246118568855379,4.3,69.6,26.1,,105.0,41.044498,-96.635834,0.017556826380511915,5,0.37735849056603776,9.289281557909948e-15,0.42716582390697766,0.003889391014855861,1.01,0.33157444093451194,0.017347318104268237,0.4,sil
KSSL_15745572,KSSL_40168.0,sandy loam,5.683614534779703,1.247082901074188,0.04829574201517981,0.3835851903881612,72.4,19.9,7.7,,29.5,38.783382,-100.09427,0.0028870946664540597,5,0.4037735849056603,0.048325280871950496,0.3835849120403705,5.687930386212412,2.0597571102368133,0.11998048355959637,0.0028860216557483587,0.6,cosl
KSSL_118702,KSSL_18850.0,sandy clay loam,0.019916793191485708,2.068493311009383,0.17234001466010404,0.5127440542547221,47.2,19.7,33.1,,26.0,17.584089,-92.033768,0.012378890325225265,5,0.33207547169811313,0.17671140010678918,0.516701624941366,0.011936769798966908,1.5514227016446172,0.9799999999999999,0.011193583663189056,0.5700000000000001,scl
KSSL_15938337,KSSL_73380.0,loam,0.8875650178162531,1.1906598830451764,9.372480398390069e-10,0.4798453214894638,31.7,42.6,25.7,,7.5,37.56934,-112.83844,0.011596613678507192,5,0.5056603773584905,6.980479293414234e-16,0.4796888167583177,0.7937303639448178,1.010000000007128,0.19282711048789924,0.011301839280948486,2.8,l
KSSL_203195,KSSL_33519.0,sandy loam,0.0522100939743741,2.5576438802280985,0.051300000999992816,0.5413289079903938,54.44444444444444,31.31313131313131,14.242424242424242,,76.5,32.514,-106.336,0.0025537117257702986,5,0.5698113207547169,0.051300001,0.5413207682152967,0.05954202248220134,10.989757077268013,0.13232968684129146,0.0024382825368746597,0.0,vfsl
KSSL_15924840,KSSL_70948.0,loam,1.3163661680287118,1.2226098379627108,0.038033911891148034,0.5379140218064757,38.1,45.6,16.3,,19.5,39.291485,-117.11506,0.00785824984589018,5,0.5660377358490567,0.03572466363254892,0.5377358530120988,1.433653399660627,6.5915180199976495,0.03296277082673816,0.0075395428010764124,3.3,l
KSSL_118993,KSSL_18892.0,loam,0.6471015125967209,1.1819098842904574,1.7316107114808022e-11,0.47598131283786466,45.1,31.1,23.8,,154.0,31.737911,-109.9501,0.013840150493515932,5,0.5018867924528303,1.887788605132322e-19,0.4757059448641055,0.5663080345452491,1.0100000000000104,0.18491534331977624,0.013484380609442485,0.15,l
KSSL_15930227,KSSL_72143.0,silt loam,0.058598455672639924,1.7331118987196648,0.08462231047493997,0.4797655583770103,2.7,81.8,15.5,,182.5,,,0.006300494693644362,5,0.4830188679245283,0.06370184101518792,0.47371394051470134,0.08791080945802755,2.6225313604502283,0.19914338945805704,0.00361169626734438,0.1,sil
KSSL_15745463,KSSL_40150.0,clay loam,0.07739783282216448,1.131873005182864,2.7174046645380247e-09,0.35684100477479574,21.9,45.4,32.7,,33.5,36.360943,-120.76241,0.006088659296292148,5,0.37735849056603776,1.660604639539677e-08,0.35736596763854883,0.06733332124440948,1.010000000004033,0.13538902328660515,0.005971726845160343,1.0,cl
KSSL_121726,KSSL_19360.0,clay loam,0.170177862950202,1.1922015128751282,0.037580051549511564,0.4294360759643838,34.8,37.8,27.4,,83.0,38.347187,-112.98719,0.010783854931931909,5,0.41509433962264153,6.167104995171765e-20,0.42651781969275904,0.2754686446513167,7.3757283452583,0.020000000000000004,0.008779560095303268,,cl
KSSL_15741192,KSSL_39437.0,silt loam,0.3283771045264941,1.1816335376544564,8.92279726760951e-21,0.4479111054985413,22.1,55.5,22.4,,47.5,39.899693,-97.81472,0.008225702188067735,5,0.4716981132075472,6.339215147068131e-17,0.4478322100978357,0.3020605417616475,1.0100000000023783,0.18277296752515212,0.008064553216549994,1.3,sil
KSSL_123716,KSSL_19658.0,sandy loam,0.08256277288946876,1.2477051621706905,3.0442757132545776e-11,0.29917497107078095,62.0,26.1,11.9,,157.5,45.31583,-90.476784,0.0066456372553535675,5,0.2716981132075471,0.027464696420922377,0.30015488905506077,0.04902215085378534,1.01,0.33886790212654094,0.006371060221167459,0.05,fsl
KSSL_197878,KSSL_32342.0,sandy loam,0.07936401528548709,1.6042726100973845,0.052674467500337094,0.45193325282679825,62.4,29.6,8.0,,80.5,39.823502,-75.950806,0.013590128637274934,5,0.44528301886792454,0.07197173959052657,0.4533134142648691,0.029598077959515683,1.1714980235587622,0.9799999999999999,0.01271292642247719,0.1,fsl
KSSL_146275,KSSL_22877.0,sandy loam,0.37805394565107325,1.3229311628595517,0.042610688191338376,0.4149950021301518,52.1,33.4,14.5,,4.0,,,0.020246564542072305,5,0.4377358490566038,0.06383539562171556,0.41396494777667603,0.20888944443106944,1.01,0.4304799416232425,0.019677717567913876,1.8199999999999998,fsl
KSSL_118523,KSSL_18820.0,silt loam,0.047105543555902366,1.347229752613338,0.009737749439224166,0.4324087371167536,2.6,78.0,19.4,,35.5,,,0.014234506918485268,5,0.4641509433962264,0.0889471031517553,0.43217982872817284,0.011581504634202208,1.0100000000000022,0.9799999999999999,0.011475297425426075,0.53,sil
KSSL_121728,KSSL_19360.0,sandy loam,0.15269073508069422,1.7873752416376099,0.12628000099999986,0.4194955518706579,63.9,17.9,18.2,,134.5,38.347187,-112.98719,0.025710027646146993,5,0.39245283018867916,0.12628000099999995,0.41223467717486795,0.20698047147281978,10.999999999941476,0.0646779440888554,0.019325648813263287,0.09,fsl
KSSL_15951775,KSSL_75969.0,silt loam,0.3660483330240235,1.1737552288436588,1.3124206584298426e-08,0.4408458339428814,23.3,51.3,25.4,,37.0,38.46796,-101.78322,0.008825542475919986,5,0.4641509433962264,2.3621008275120675e-10,0.440817932268312,0.3423962988677902,1.0100010377399318,0.17418367582867048,0.008765473621140463,0.9,sil
KSSL_121737,KSSL_19361.0,clay loam,0.06720718537910053,1.1882536855626928,2.4005815352054554e-21,0.4532929587917001,25.6,45.5,28.9,,2.5,38.346909,-112.98386,0.006636812323526651,5,0.4037735849056603,1.5056589465350629e-15,0.4554678025938221,0.054749360540434173,1.01,0.19769625281152112,0.005756187912025196,,cl
KSSL_118526,KSSL_18820.0,silt loam,0.018404137578413176,2.0409950595012107,0.15188792811194268,0.42845436342025145,12.7,66.5,20.8,,113.0,,,0.008296736183150546,5,0.369811320754717,0.1240468526340797,0.42580876096126546,0.036656505994431515,10.999998495579714,0.049119160669546934,0.006166284454723819,0.06,sil
KSSL_180157,KSSL_29147.0,sandy loam,0.31970181190446034,1.26879367346822,0.01765265741937833,0.41135334459925077,57.4,27.1,15.5,,35.5,38.329849,-98.291672,0.016098088544869507,5,0.4339622641509434,0.04600393366245162,0.4106022379773266,0.19085755448292427,1.01,0.3541782556288125,0.01563938905983556,0.4,vfsl
KSSL_15745564,KSSL_40165.0,silty clay,0.002004441527929982,1.3706215629962393,2.269440737542173e-13,0.4022633428320383,1.5,43.9,54.6,,179.0,38.479889,-100.94386,0.004970308952510848,5,0.41509433962264153,0.0031965877785343627,0.4049856123035228,0.0005322105131452677,1.01,0.8134223257243706,0.0042875583938317184,,sic
KSSL_15938335,KSSL_73379.0,loam,1.2021443279406971,1.1518666793357508,7.1093636258771786e-12,0.33703293902689774,50.9,33.7,15.4,,70.5,38.080009,-110.77249,0.005293560369731772,5,0.3547169811320754,5e-324,0.3369811370704012,1.3252885874599343,6.306374230902492,0.02368616555096489,0.005240504143998087,0.3,l
KSSL_212871,KSSL_35225.0,silty clay loam,0.025562168984025992,1.6233143025623686,0.14169262579023562,0.4500902867717972,0.3,72.2,27.5,,22.5,40.354889,-95.741943,0.006654139625147245,5,0.4716981132075472,0.09420772005920998,0.4481212171081309,0.04785650824853336,10.999992557849504,0.03256877551420005,0.003568333586108764,1.3,sicl
KSSL_108794,KSSL_17351.0,loam,0.1828944296774579,1.5192065365422023,0.1669889405626014,0.5330661228436869,34.0,40.2,25.8,,28.5,38.923294,-112.3944,0.022955199624320667,5,0.5547169811320753,0.16480488678018382,0.527161798357952,0.25004389320655374,10.999999994791777,0.04226629727359307,0.018353936407765847,0.82,l
KSSL_146279,KSSL_22877.0,sandy loam,0.5128967258607977,1.262422151246882,0.02795052384451173,0.41529250571472315,52.1,33.4,14.5,,4.0,,,0.0173879503473333,5,0.4377358490566038,0.047956268349863274,0.41478417591009437,0.33867378189539143,1.01,0.3202275520997455,0.0170686026689932,1.8199999999999998,fsl
KSSL_170717,KSSL_27094.0,silt loam,0.021981167752655156,1.7516477914069504,0.1063143349357734,0.41271452766684547,26.8,55.5,17.7,,8.0,45.36739,-123.08308,0.008761854476007691,5,0.4377358490566038,0.11916794171106139,0.4171537971857696,0.010541840016165621,1.2743854182958005,0.9799999999999999,0.007295511641829276,1.5,sil
KSSL_203228,KSSL_33524.0,silt loam,0.038656326485633115,3.817701263173445,0.0683400009999936,0.5628327230296877,20.38152610441767,57.0281124497992,22.590361445783135,,44.5,32.894501,-106.12539,0.0019402451087451788,5,0.5924528301886792,0.068340001,0.5628303307695369,0.04328239183921655,10.999183946468724,0.23638443187615252,0.0018731613191494754,0.1,sil
KSSL_115919,KSSL_18453.0,sandy loam,0.6188953526878207,1.3270623805772808,1.9784934156948095e-20,0.4223536506449286,69.1,27.4,3.5,,47.0,45.234997,-89.837875,0.02305500743064426,5,0.44528301886792454,1.2591818992257154e-20,0.4218043640278448,0.4838275036650987,1.0100000000016272,0.3432051706840594,0.022521162002472863,0.16,sl
KSSL_15745518,KSSL_40161.0,silty clay loam,0.02070245935115758,2.4214185501307934,0.24610000099999996,0.48109294456340773,17.7,47.6,34.7,,46.0,34.456638,-111.40644,0.015159753591517616,5,0.4226415094339623,0.24610000099999996,0.47528735384981763,0.03356339257883755,10.999999999999961,0.08831536449727377,0.010302315704631136,1.9,sicl
KSSL_123758,KSSL_19663.0,silt loam,0.02620858307693322,1.5607625108318832,0.13105347248676133,0.4272511054929033,6.1,69.3,24.6,,40.5,44.948608,-90.535675,0.009184047743940618,5,0.41132075471698104,0.15442484873881296,0.43264723729799637,0.010052040700882867,1.0900627187297762,0.9799999999999999,0.007431949445814759,0.22000000000000003,sil
KSSL_15924820,KSSL_70943.0,loam,0.05788519430353876,1.2838020901160463,1.164381475250631e-22,0.4093695612440272,36.3,49.4,14.3,,7.5,39.741093,-113.98264,0.009930034794130488,5,0.43018867924528303,7.643101313765496e-20,0.4117825324038389,0.03733735196976537,1.01,0.3222055377158899,0.008104771065425728,2.2,l
KSSL_170759,KSSL_27107.0,clay,0.09135745192508306,1.0860549593467095,6.303314791001084e-19,0.44633584478017413,15.8,34.8,49.4,,155.0,45.041191,-123.13897,0.0038058918700969095,5,0.4377358490566038,2.110041585228536e-14,0.44677148178847464,0.08356488610227636,1.01,0.08720985390994468,0.003536111663780027,0.5,c
KSSL_118537,KSSL_18822.0,loam,0.02395465793237421,1.5181055657180267,0.09758522118708778,0.3771161766862294,35.5,45.5,19.0,,11.5,,,0.0046353205688123116,5,0.3999999999999999,0.0962810753092899,0.37700641742462154,0.024520337163856286,1.5375933771110766,0.3303207129826101,0.004634745068482927,1.35,l
KSSL_15938345,KSSL_73382.0,loam,2.5200140741920745,1.1515145041019117,5.736963949180189e-10,0.36547320170318415,48.3,38.0,13.7,,40.5,37.679935,-112.85674,0.01034715545237214,5,0.3849056603773584,1.059198372767906e-20,0.3653840310654749,2.389119062555617,1.0100000000034717,0.15131662608601204,0.010256340788990634,1.0,l
KSSL_96828,KSSL_15360.0,silty clay loam,0.07604559283920397,1.3346205865555079,0.1029669404195634,0.49155289297795063,7.3,62.2,30.5,,118.5,38.995026,-98.944824,0.012237133284409387,5,0.4377358490566038,0.08757711540892683,0.4910860576534111,0.08961398825442457,1.4632383734743155,0.20202208309127107,0.012227733561547435,0.18,sicl
KSSL_198492,KSSL_32453.0,silt loam,1.167139482437935,1.1925637427987679,1.028933679848546e-12,0.5302871611496345,27.5,53.3,19.2,,32.0,41.869999,-115.25,0.005979137659399128,5,0.5584905660377358,3.359342435745638e-16,0.5301887425116596,1.0658946027066345,1.0100000030781708,0.1937953619266426,0.00556719534712361,2.0,sil
KSSL_15745502,KSSL_40158.0,clay loam,0.048575093585179425,1.9700822675838108,0.2026938764451875,0.43750036784613056,23.0,45.5,31.5,,4.0,35.262474,-112.06214,0.004121598926464303,5,0.46037735849056594,0.20036763545207617,0.43735862182119256,0.06286838826535447,10.996453208022185,0.07583689973792844,0.003636499519824335,4.0,cl
KSSL_183863,KSSL_29803.0,clay,0.004699559426013982,10.99999999916217,0.25003863543940275,0.4468571403728563,40.4,13.6,46.0,,41.5,6.1358333,-7.6944403E-2,0.01376130004882509,5,0.22264150943396221,0.25003972525602636,0.4468569862580493,0.004661281174131491,10.999999999999998,0.979253101081751,0.013761277441260737,0.8,c
KSSL_107776,KSSL_17213.0,loamy sand,0.29018357679781565,1.3622720057681144,0.020100177489971355,0.27323520081838887,74.7,20.8,4.5,,131.5,45.521664,-88.48616,0.009022811764929993,5,0.2867924528301887,0.011069879998608912,0.2724529090848354,0.4139423615993078,10.990313795384878,0.02780050600548461,0.008354522880349099,0.04,ls
KSSL_198494,KSSL_32453.0,loam,0.38751612801514723,1.2081691649916453,9.11966625339713e-23,0.4865094500633066,39.6,40.1,20.3,,81.5,41.869999,-115.25,0.012023048973565723,5,0.5132075471698113,1.4562468297985278e-15,0.4862522785446109,0.3198215820412352,1.0100000000000016,0.21486450583032635,0.011407051064312007,0.3,l
KSSL_15924931,KSSL_70961.0,sandy clay,0.116307569405672,1.838238251722113,0.27450000099999994,0.3911294469009863,49.0,11.7,39.3,,51.5,,,0.0018623248816148374,5,0.3584905660377359,0.2729170689868059,0.39048072736481415,0.16140546641439105,2.6765959370797328,0.2527572221620005,0.0014159253276936404,0.1,sc
KSSL_15745493,KSSL_40154.0,sandy clay loam,0.1147285327186333,1.3764664303480294,0.2119538740860552,0.5296512183511548,58.4,20.2,21.4,,76.5,36.371166,-120.74622,0.005051935222460276,5,0.5584905660377358,0.23783889508355427,0.5300012631163638,0.052937142781553495,1.0100000000777438,0.5828983619003132,0.0042606845512710954,0.3,scl
KSSL_121739,KSSL_19361.0,silty clay loam,0.06185869137925038,1.1970167742370932,2.2058873143329492e-20,0.45915754225859395,15.1,54.5,30.4,,35.5,38.346909,-112.98386,0.009376634529337284,5,0.44528301886792454,2.3594489912768584e-22,0.46127990650123485,0.048524635945256016,1.01,0.20960283704013533,0.008067573981882627,,sicl
KSSL_194697,KSSL_31774.0,sandy loam,0.10201097363904886,9.612760086206416,0.04080000099999999,0.4588679247833224,58.2,26.3,15.5,,32.5,36.386276,-114.42875,0.01230280192434186,5,0.4830188679245283,0.04080000099999999,0.458867924822596,0.1031310597905444,10.225845855442033,0.8235779945729164,0.012302802120522855,0.1,fsl
KSSL_203200,KSSL_33520.0,silty clay,0.7097737145784699,1.116268682756853,2.1062665373560254e-17,0.4872836923015143,8.383838383838386,45.85858585858586,45.75757575757576,,34.5,32.475666,-106.38639,0.015643601030690894,5,0.5132075471698113,9.75236003526409e-16,0.48718708606806244,0.675016532555611,1.0100000000069291,0.11611760770446729,0.015579617614329468,0.6,sic
KSSL_15741139,KSSL_39426.0,clay,0.013977572005078312,1.1387237821270604,4.8526802556709934e-09,0.550046644132242,1.7,30.9,67.4,,172.5,38.697151,-95.60849,0.0046293613609678895,5,0.39622641509433953,9.767331346040349e-09,0.5507394653220143,0.011202086415073184,1.010000000000011,0.14799016038966087,0.004188363421062213,0.3,c
KSSL_180166,KSSL_29148.0,sandy loam,0.01918360968976685,1.7671024352942033,0.12833227986670792,0.4696561889911787,59.7,21.7,18.6,,42.0,38.184807,-98.261131,0.00789972217628827,5,0.32830188679245276,0.14632356279031963,0.47252421615943174,0.00968542539116252,1.3758700010792717,0.9799999999999996,0.005520696679197985,0.3,fsl
KSSL_123749,KSSL_19661.0,sandy loam,0.018466695505818337,2.144505110631929,0.08263097480498806,0.31566258159502325,65.0,22.7,12.3,,221.0,45.049164,-90.864853,0.00594954473705751,5,0.2716981132075471,0.08551645452369872,0.31732127296107066,0.011398833306897628,1.6761143442172455,0.9799999999999993,0.005365106820328243,0.03,sl
KSSL_15930224,KSSL_72143.0,silty clay loam,0.1320704907425066,1.3016099978201425,0.13244513381162526,0.4756970246341613,1.5,67.6,30.9,,84.0,,,0.029010207646113763,5,0.4188679245283019,0.09857437642176327,0.46615394458424786,0.19646828647618725,5.478202191804003,0.040961416246853274,0.02658535357499148,0.2,sicl
KSSL_121741,KSSL_19361.0,clay loam,0.06048239183668843,1.4056563428535565,0.14689415222648086,0.5258962210243731,26.9,39.6,33.5,,74.0,38.346909,-112.98386,0.0041601651660396356,5,0.5056603773584905,0.19564481060868558,0.5283820491556148,0.016698990199711352,1.018835642183835,0.9799996594210741,0.0023275316987623708,,cl
KSSL_15951783,KSSL_75970.0,silt loam,0.0333003413061073,1.7546186877687227,0.13680684016932235,0.4554623112632023,15.7,60.0,24.3,,65.5,38.470959,-101.77872,0.0020407985616875657,5,0.4792452830188678,0.1265806490963577,0.4552777654251605,0.0456643213708365,2.544547552290994,0.23727784586602604,0.0015967708582637972,0.3,sil
KSSL_15745574,KSSL_40168.0,sandy loam,31.622722265242317,1.1737352109820083,0.024279470750751837,0.41219148905764913,70.9,18.3,10.8,,66.5,38.783382,-100.09427,0.004105139562514606,5,0.4339622641509434,0.02424419671816126,0.41219161057008696,31.62277660168355,1.0100000126523592,0.17197280231308892,0.004104309888409858,0.2,cosl
KSSL_15742230,KSSL_39605.0,silt loam,0.054669014953130354,1.60730689593548,0.11028734283970058,0.4137205164404425,10.9,69.1,20.0,,7.5,39.417137,-97.139336,0.00787938919862214,5,0.44150943396226416,0.12705074165740782,0.41700795784374356,0.021428396661534312,1.1167686577724747,0.9799999997566736,0.005137982580083899,1.8,sil
KSSL_124767,KSSL_19808.0,silty clay,0.18773545989525903,1.1391483732603307,3.2940809705854762e-12,0.46577398543208204,12.1,45.7,42.2,,21.0,31.409079,-97.133904,0.011696012052085926,5,0.3509433962264151,2.0265140394491052e-15,0.46419662291971536,0.2939189893686838,6.26428588791127,0.020000000000006856,0.011028634514412359,1.27,sic
KSSL_118971,KSSL_18889.0,sandy loam,0.9766569637505953,1.2764758192212553,0.04467019566413804,0.3979043798857744,55.6,30.8,13.6,,114.0,31.708467,-110.0351,0.008544474710798082,5,0.4188679245283019,0.050721400755449564,0.3978636425845268,0.7827309656905064,1.0100000000000036,0.29829819400742763,0.008480452710339315,0.18,fsl
KSSL_198484,KSSL_32451.0,sandy loam,0.16952721821113137,1.275364486006283,4.873811886072049e-28,0.4440868697595847,60.6,27.8,11.6,,49.5,39.303665,-106.1132,0.02475065808798352,5,0.4792452830188678,2.1194622996007546e-22,0.44286619431043994,0.10635787147758595,1.01,0.31182794283598436,0.022672668045661763,1.7,sl
KSSL_96829,KSSL_15360.0,silty clay loam,1.4908201057395678,1.1015386930503022,1.3150879269886026e-23,0.4471529883207378,8.1,60.2,31.7,,150.0,38.995026,-98.944824,0.02369880086991354,5,0.4716981132075472,1.6929861452499438e-12,0.4468790781066412,1.3804230474405683,1.0100000000000002,0.10182799294730302,0.023611363875287273,0.2,sicl
KSSL_170682,KSSL_27083.0,loam,0.04711198911509255,1.1756188251303985,1.8229390538066654e-20,0.3788888194743714,44.5,31.5,24.0,,69.0,45.356083,-123.13331,0.009907407721713222,5,0.41132075471698104,1.7357335780094725e-21,0.38117577261561114,0.04007325970427285,1.01,0.18308901398592803,0.009219253136393076,0.0,l
KSSL_15741127,KSSL_39425.0,silty clay loam,0.05210124056232581,1.1914193385267,0.09103227818874236,0.4095774560752164,3.1,59.8,37.1,,23.5,38.592171,-94.847878,0.006594643623225769,5,0.43018867924528303,6.475358143509857e-14,0.4086855247692804,0.0834091299009682,5.985702493677136,0.020000000175513684,0.005841544055476034,2.3,sicl
KSSL_146283,KSSL_22877.0,sandy loam,0.06608201513500347,1.5919636900131167,0.08292577747158597,0.36870508873640834,52.1,33.4,14.5,,4.0,,,0.02072295607380096,5,0.3999999999999999,0.09908193910348029,0.3718869008975089,0.02522055623046264,1.1036577093764435,0.9799999999999999,0.017936837767208454,1.8199999999999998,fsl
KSSL_108788,KSSL_17350.0,clay loam,0.4075842343345799,1.1348973461501364,2.0317623795833742e-21,0.46062818975461717,22.1,46.9,31.0,,29.0,38.979958,-112.44385,0.012087592167558371,5,0.4867924528301887,7.958254211013423e-19,0.46018172142736335,0.35770863305741357,1.01,0.13719179231977569,0.011670507463648817,1.58,cl
KSSL_208966,KSSL_34521.0,loam,0.1962657607801167,1.3219263811494097,0.12049997510910114,0.4295180235166187,46.8,28.6,24.6,,28.0,44.790222,-96.594002,0.006718695246071339,5,0.4528301886792453,0.14405660871297224,0.4291610422254784,0.10508099553148999,1.0100000000000462,0.4546057043172717,0.006055288399022486,2.0,l
KSSL_90858,KSSL_14282.0,sandy loam,1.096683488620667,1.2205087428988874,2.1106437072916356e-12,0.47646440648595845,64.7,26.3,9.0,,7.0,36.966915,-115.97031,0.009031741420554545,5,0.5018867924528303,6.188589929125734e-09,0.47639321010908503,0.9854158064323573,1.0100000003362286,0.22275636086566733,0.008762026800090496,0.18,vfsl
KSSL_203181,KSSL_33517.0,sandy clay loam,1.5839907524240986,1.1224907590072744,1.989537670514452e-09,0.3907438792187058,58.634538152610446,13.353413654618475,28.012048192771086,,39.5,32.469639,-106.35172,0.004494805610036633,5,0.41132075471698104,9.870763239885061e-15,0.39073887597474566,1.5560774569418172,1.010000000016034,0.12159186292462812,0.004484239753371026,0.3,scl
KSSL_118547,KSSL_18823.0,sandy clay loam,0.022340457940107004,1.6507003569522039,0.13870374090649626,0.3587292421541094,53.9,25.5,20.6,,54.0,35.878139,-76.658012,0.005088574840664823,5,0.32830188679245276,0.13221241729667146,0.35760212059299745,0.02693054626311693,1.9095633481744634,0.2914125672757055,0.005055958692979622,0.7,scl
KSSL_15938358,KSSL_73385.0,loam,0.30576704312781794,1.2264853482579732,7.253769875636696e-14,0.4998585900728328,36.9,42.4,20.7,,26.0,41.568638,-115.03233,0.018602990525184836,5,0.5283018867924528,0.051105546285166996,0.4983035640962905,0.17764984584969562,1.01,0.3160876544574156,0.017884822018712908,1.4,l
KSSL_124764,KSSL_19807.0,clay loam,0.11351395729706724,1.2253582803053276,0.06968997226251733,0.4486264221435175,32.2,32.2,35.6,,79.5,34.7062,-102.96742,0.006672973603083193,5,0.39622641509433953,3.5670063130405605e-19,0.4482447306017427,0.17506601553693577,1.641999329274073,0.09467182224943592,0.0065815038957815685,0.32999999999999996,cl
KSSL_183842,KSSL_29798.0,clay,0.49390762208649625,1.0576521386449973,1.8317428454038853e-15,0.42237073420920457,23.0,32.8,44.2,,20.0,6.6727777,-1.65,0.003994989333769029,5,0.44528301886792454,1.064978406767975e-09,0.4223259264840081,0.4752165297865808,1.0100000000000144,0.05748365376408312,0.003927732465005528,0.6,c
KSSL_15741193,KSSL_39437.0,silt loam,0.20386610676237188,1.3389399502683244,0.05102533004006453,0.47318694130470973,24.9,56.5,18.6,,70.5,39.899693,-97.81472,0.00195114511334903,5,0.4981132075471698,0.06013688402512064,0.4731701513968593,0.15370813042909526,1.01,0.3774207942568111,0.0017472916987170816,0.9,sil
KSSL_15745461,KSSL_40150.0,clay loam,0.2158161649804091,1.1739582688076966,1.1156580657677922e-12,0.4412781753373834,24.9,45.6,29.5,,5.0,36.360943,-120.76241,0.015004119883912138,5,0.4679245283018868,1.9373336929812075e-24,0.4408993948652789,0.17766602384004,1.01,0.17978360316569453,0.014415468597395167,2.6,cl
KSSL_15742242,KSSL_39606.0,silty clay loam,0.05711569656686456,1.1909754656461213,0.03388960441146286,0.4437973120959368,5.9,55.0,39.1,,121.5,39.683498,-98.212532,0.006801708114305421,5,0.4490566037735849,1.2414372724621748e-13,0.4435073245820877,0.06751696732499175,1.3028510047495931,0.12485982529648229,0.006774213118427634,0.7,sicl
KSSL_176688,KSSL_28516.0,loam,0.06601027957766106,1.607408417364391,0.11430639592552884,0.46524078724049894,48.2,35.5,16.3,,106.5,42.013721,-93.729416,0.015443330709820595,5,0.3433962264150944,0.07989813319018987,0.45693263079567603,0.119718890226752,10.999999999999108,0.03475048673063825,0.008074671549897954,0.1,l
KSSL_121275,KSSL_19305.0,clay,0.18144329300515546,1.1930765914228014,0.21001183743655338,0.5011742305089539,25.4,11.4,63.2,,47.0,33.884304,-83.427666,0.0060391178480933535,5,0.4792452830188678,0.11817788677943124,0.5004274510594233,0.33530777663701095,5.610632945529361,0.020000000000000847,0.005447180723882987,0.33999999999999997,c
KSSL_15741195,KSSL_39437.0,silt loam,0.10847315025596076,1.1908384227753561,6.704842821194646e-15,0.4004429850584596,21.9,56.4,21.7,,122.0,39.899693,-97.81472,0.00908146099951228,5,0.4226415094339623,1.5493841192626587e-13,0.4002150561043825,0.09097970812251023,1.01,0.1970912672468063,0.008623923321268923,0.5,sil
KSSL_170679,KSSL_27083.0,loam,0.0494488122991303,1.2938048421274884,3.899079992631729e-26,0.44193098798098107,39.8,42.6,17.6,,10.5,45.356083,-123.13331,0.022890591500391456,5,0.49433962264150944,0.10504055174123779,0.4407173721292019,0.010575002871267428,1.01,0.9799999999999998,0.020567556615724895,2.8,l
KSSL_15742240,KSSL_39606.0,silty clay loam,0.049593707755404795,1.197488860460886,2.603965418898417e-10,0.49064248480344114,5.5,62.4,32.1,,62.0,39.683498,-98.212532,0.006157379849598596,5,0.43018867924528303,2.170308845613351e-16,0.4906534151537432,0.049536682582135755,1.1961884201878432,0.1651564595695834,0.006157368527089922,0.4,sicl
KSSL_15742233,KSSL_39605.0,silty clay loam,0.044032281418040047,1.1486919160478963,7.495700505308093e-09,0.41445917583895325,6.2,57.8,36.0,,79.0,39.417137,-97.139336,0.004006901089737584,5,0.3547169811320754,0.010367858052264294,0.4154667205859025,0.036753123896948965,1.01,0.16051115352118503,0.0037630957432805393,0.4,sicl
KSSL_180158,KSSL_29147.0,loam,0.06178518961673947,1.5763499771322387,0.06886670355170697,0.38900984517896015,49.5,35.2,15.3,,65.0,38.329849,-98.291672,0.022019243170971387,5,0.4226415094339623,0.08850720138853699,0.39336690857098694,0.02337420048726211,1.0831757019384363,0.9799999999999999,0.0193128391292523,0.4,l
KSSL_180155,KSSL_29147.0,sandy loam,0.08048392819644161,1.4006722878156432,0.07279024060308947,0.3556985599698958,56.1,26.8,17.1,,19.0,38.329849,-98.291672,0.008725767602928062,5,0.37735849056603776,0.10214276594887411,0.3563742875645817,0.0289330613933314,1.0100000000001101,0.7537005626990475,0.0077280679947803535,0.6,vfsl
KSSL_203185,KSSL_33518.0,sandy clay loam,6.485661241180849,1.1130164728303418,1.6594353176135134e-08,0.39792114064932915,60.02024291497976,19.939271255060728,20.040485829959515,,9.0,32.492085,-106.33353,0.008547714460062713,5,0.4188679245283019,2.5429870566348825e-14,0.3979187807188701,6.44129710992686,1.0100000419158908,0.1119925957161122,0.008545421932306185,0.4,fsl
KSSL_183857,KSSL_29801.0,clay,0.07429368103768012,1.9354055449858465,0.33428000099999994,0.7114440830382658,14.2,27.3,58.5,,52.5,6.1580558,-0.92083329,0.02534773465879395,5,0.49056603773584906,0.33428000099999994,0.700463008204569,0.11621507716707187,10.9999999999994,0.06600210795575331,0.01673091715285772,0.8,c
KSSL_15938354,KSSL_73384.0,silty clay loam,2.6019847013627393,1.131669723665651,3.262598859256154e-19,0.5625009338494286,13.6,52.3,34.1,,7.0,41.892769,-115.85795,0.015651841222846324,5,0.5924528301886792,5.234546231292221e-19,0.5623740673159705,2.4822915783055124,1.01,0.13134518731350003,0.01553616797810698,7.0,sicl
KSSL_194709,KSSL_31776.0,loamy sand,5.130510837389992,1.3063236644867486,0.01020274667817259,0.43376818819278584,76.9,19.3,3.8,,46.0,36.68111,-114.28472,0.008743132250546163,5,0.45660377358490567,0.011393372199863167,0.43375883611313665,4.6895958052077376,1.0100000000000013,0.3105484465937665,0.008719424877983243,0.3,lfs
KSSL_90861,KSSL_14282.0,sandy loam,0.4177201952666105,1.1632778146595273,5.3251969241876535e-18,0.38005529773030916,56.1,34.3,9.6,,46.0,36.966915,-115.97031,0.01482414675706791,5,0.4037735849056603,2.344747772303404e-27,0.37915639470928897,0.3405054265272837,1.01,0.16885576048756307,0.01418839368137992,0.16,vfsl
KSSL_123761,KSSL_19663.0,sandy loam,0.0254585001284211,2.1620102935970276,0.1463386015286641,0.3073849387071263,56.7,25.7,17.6,,142.0,44.948608,-90.535675,0.00827010549514359,5,0.2528301886792452,0.14618013514316808,0.311450064281412,0.016289719600795814,1.4674280612483535,0.9799999999999999,0.007210004031499876,0.01,fsl
KSSL_108793,KSSL_17351.0,clay loam,0.33610283647055694,1.2503781218415606,0.05647019167181253,0.5189500639905379,29.3,43.5,27.2,,5.0,38.923294,-112.3944,0.021569241016255413,5,0.5433962264150943,0.05813431696250256,0.5162273818825447,0.41115943979774566,10.999999542677108,0.02193368215901154,0.019849762991898244,1.49,cl
KSSL_176692,KSSL_28516.0,loam,0.0810959620847496,1.5175295242611302,0.12563768003397408,0.4684962673519297,49.7,34.1,16.2,,176.5,42.013721,-93.729416,0.021770451170641383,5,0.28301886792452835,0.10636755153672363,0.459627046755116,0.12668061568362185,10.999999999998451,0.03508612647192336,0.015922011192412905,0.1,l
KSSL_15745560,KSSL_40165.0,silty clay loam,0.012008197718306057,1.2043307297141395,8.52152071887367e-20,0.3674076932081536,9.1,59.8,31.1,,54.5,38.479889,-100.94386,0.009678276075097681,5,0.39622641509433953,1.855029914668275e-16,0.3690626813612375,0.00888450261053309,1.01,0.22593229349814117,0.008991774322880838,0.5,sicl
KSSL_212874,KSSL_35225.0,silty clay loam,0.01667090222992355,1.8045811057115615,0.17201140527671321,0.4639032018721839,0.1,71.9,28.0,,100.0,40.354889,-95.741943,0.007261778622512933,5,0.4339622641509434,0.09757650364979792,0.4593195434535526,0.03597656523936693,10.999993599539431,0.03139300291781434,0.0012969741504838049,1.2,sicl
KSSL_15745511,KSSL_40160.0,loam,0.0572041031473764,1.7254948545490718,0.18788000099999996,0.4809727205137501,33.8,46.8,19.4,,50.0,34.455555,-111.38284,0.012645168942842448,5,0.5056603773584905,0.18788000099999996,0.4803775497529074,0.07013268466570141,10.999295110324221,0.06127450778771709,0.011918173472084887,1.1,l
KSSL_15924947,KSSL_70965.0,sandy loam,0.015381414741408308,2.660624992429659,0.11217141058810663,0.32386776000810136,63.3,25.3,11.4,,21.0,35.118137,-119.59603,0.0069274405320749475,5,0.3396226415094339,0.11276956480014365,0.3244058774749589,0.011206223062813901,2.2246876707897636,0.979999999999999,0.0067724224032928385,0.2,sl
KSSL_15924814,KSSL_70941.0,sandy clay loam,0.1350088249882813,1.1733578538419414,5.7688737483646926e-09,0.4565698222107633,46.6,21.4,32.0,,113.5,38.048019,-111.33978,0.009500565410556853,5,0.3396226415094339,7.022561365979616e-14,0.4562411536970302,0.1456053630477876,1.2599278324585086,0.13502687926735119,0.009484333645249489,0.1,scl
KSSL_15748388,KSSL_40749.0,silty clay,0.005940861200141046,1.1925808166105625,1.345693755343532e-07,0.4510614601842151,3.5,56.2,40.3,,38.5,41.038639,-96.564003,0.010011679254878942,5,0.320754716981132,1.0625069408310195e-06,0.452548057109268,0.004086018744098805,1.01,0.22174860375963096,0.009797417495984579,0.8,sic
KSSL_15745504,KSSL_40158.0,clay,0.0044381407831284745,1.1397215889110626,2.0492816831847587e-11,0.49290775804657366,4.5,26.3,69.2,,29.0,35.262474,-112.06214,0.00620355365694909,5,0.3056603773584906,0.3100595507050305,0.4933996687830086,0.0012991869370228668,1.01,0.9799999999988742,0.005939623160043495,1.4,c
KSSL_119003,KSSL_18894.0,loamy sand,0.8764651233922631,1.2626246414028923,1.0201056814923465e-19,0.4936489391993715,77.9,15.4,6.7,,137.5,31.752356,-109.98454,0.02707794854864667,5,0.5207547169811321,1.0377805541709584e-15,0.4930558079306792,0.7251784401493752,1.01,0.2711231350933866,0.02656989154953167,0.06,ls
KSSL_201054,KSSL_33088.0,silt loam,0.0920940389976852,1.2111430433619794,1.9679972251950184e-26,0.4714847183176856,28.0,50.9,21.1,,10.0,43.165516,-119.54013,0.019804309340281222,5,0.5132075471698113,5.804402028445115e-28,0.47400454324317653,0.07131797334169478,1.01,0.22555301299874184,0.018466815132959204,2.8,sil
KSSL_124771,KSSL_19808.0,silty clay loam,0.1037355527720315,1.1417813340177818,1.1828682759508296e-22,0.3534559588430742,4.5,56.3,39.2,,95.5,31.409079,-97.133904,0.007054250562806387,5,0.260377358490566,5.3455130638093285e-11,0.35404003416617896,0.08722986696125754,1.01,0.14677120474214386,0.006766172678298012,0.26,sicl
KSSL_183855,KSSL_29801.0,clay loam,0.04612774812900572,1.1641931905614524,7.263565991968028e-21,0.44489654481973906,24.6,36.4,39.0,,3.5,6.1580558,-0.92083329,0.010543174703240224,5,0.4792452830188678,2.3467699439138814e-21,0.4463691633975281,0.03830960426311849,1.01,0.17224877643537165,0.009606296334224839,2.6,cl
KSSL_203218,KSSL_33522.0,silt loam,0.022287072140138798,1.8723439674410627,0.0891652909052785,0.386361585973564,2.5614754098360657,72.23360655737706,25.204918032786885,,168.5,32.736557,-106.18628,0.007719110394265184,5,0.4037735849056603,0.0579385775805025,0.3836214193631959,0.04134601350209675,10.999999947364829,0.04560541696367518,0.0035537152596273555,0.0,sicl
KSSL_170732,KSSL_27098.0,clay,0.0973115282953732,1.0651962855945671,2.7890170917298926e-26,0.42839059510015626,10.8,31.3,57.9,,133.5,45.291054,-123.033,0.0053331806524294055,5,0.4075471698113208,1.3627692254407723e-29,0.428428245331891,0.08843867538226374,1.01,0.06607752570641315,0.005125615348749575,0.3,c
KSSL_118995,KSSL_18893.0,sandy loam,7.396997982390606,1.2149972297119849,0.0964757960505432,0.3692574244683619,73.8,12.9,13.3,,10.5,31.752356,-109.98454,0.006610708575301567,5,0.3886792452830189,0.09729311562087922,0.36924528531079176,7.246043316428283,3.674312944009628,0.05915167407415922,0.006595927263302216,1.08,cosl
KSSL_15924824,KSSL_70944.0,loam,0.08158326063941194,1.3126608738219696,0.02973965670103897,0.40879703458341415,51.9,31.7,16.4,,40.0,40.000038,-111.68554,0.004138634421039302,5,0.4188679245283019,9.293270784456697e-21,0.40609566338304903,0.12076813397630516,1.8944777043927044,0.12787918478038407,0.0023954368165539216,1.5,l
KSSL_118517,KSSL_18819.0,sand,1.8759046090980562,1.498796923722282,0.029100082052163537,0.3405572992164609,91.3,6.0,2.7,,143.0,,,0.011452226937104841,5,0.3584905660377359,0.030120532201423415,0.34053381343127725,1.512569767599822,1.01000000000129,0.5250133891390208,0.011402415828870551,0.04,s
KSSL_123722,KSSL_19659.0,sandy loam,0.18737594953627046,1.2476822880703913,4.79659770888016e-10,0.29993053592954205,57.5,36.9,5.6,,31.5,45.316383,-90.476227,0.002841745678790226,5,0.3169811320754716,4.706349263903607e-12,0.3005255722993523,0.1421560483462615,1.010000000013384,0.2628241452006257,0.0016557093576927253,0.22000000000000003,fsl
KSSL_170738,KSSL_27101.0,silty clay,1.111628462257258,1.0829404447916005,2.143512530477079e-17,0.4299597736529716,10.1,49.2,40.7,,26.5,45.280888,-123.02792,0.009806606411912302,5,0.4528301886792453,1.0971638148032233e-18,0.4299116164222935,1.0664171048007516,1.0100000001492957,0.08267348648667026,0.009770644600712369,0.9,sic
KSSL_15929766,KSSL_72021.0,loam,15.703421080739986,1.0943192616295498,3.884026792794938e-11,0.5305390966547119,36.9,38.1,25.0,,27.5,41.986179,-120.7158,0.008409395158625066,5,0.5584905660377358,2.5352663452744863e-15,0.5305271113872453,15.558785110830843,1.0100000000000027,0.0934914400958981,0.00839585944948708,1.7,l
KSSL_15941100,KSSL_73899.0,silt loam,5.42034717651255,1.1560715112107036,1.2440020930973268e-23,0.5914670744347372,21.3,57.5,21.2,,8.0,42.164539,-114.19279,0.016695693965241294,5,0.6226415094339622,1.9250560666673994e-13,0.5914346598559963,5.273697791786624,1.0100001324924706,0.15513078391384497,0.016662362094679663,5.7,sil
KSSL_15745453,KSSL_40149.0,silt loam,0.12933215816128554,1.2521320147771042,2.2660812749375054e-16,0.3608779802055864,33.8,54.2,12.0,,4.0,38.353973,-121.17292,0.013531052549870234,5,0.3849056603773584,1.6705741331951952e-14,0.3611790549253847,0.09517559024524991,1.01,0.27031152692485155,0.012538080956377531,1.7,sil
KSSL_15921959,KSSL_70510.0,silty clay loam,0.1096977244294057,1.3408401625737307,0.10257351396111158,0.4443735738466778,3.3,65.7,31.0,,77.5,43.663456,-96.492882,0.0020283813469424723,5,0.4679245283018868,0.10846409444533432,0.4444719088183811,0.09828989231401324,1.2589655069187513,0.28986742900518164,0.0020009526674674843,0.5,sicl
KSSL_170696,KSSL_27087.0,clay,0.014646150795769461,2.041679090282233,0.2628179660516903,0.4922211289544315,18.0,37.2,44.8,,157.5,45.277195,-123.0508,0.012655820176355276,5,0.5433962264150943,0.26749835571421243,0.4945693013883028,0.008904603598432953,1.566123129660344,0.9799999999999999,0.012308402296981274,0.2,c
KSSL_198502,KSSL_32455.0,sand,0.5606610727407636,1.2700976371321662,6.125250797731651e-23,0.3678333974065812,89.2,8.5,2.3,,65.0,44.788193,-116.08869,0.01817910761402672,5,0.3886792452830189,4.709393020926462e-15,0.36717134553877284,0.4375404952841158,1.01,0.2835004562285825,0.017530514375416133,0.8,cos
KSSL_15741181,KSSL_39436.0,loam,0.03671156367795702,2.2850777260769,0.08400000099999996,0.43066800324185556,39.8,47.8,12.4,,20.0,39.950085,-97.877892,0.007229603404857339,5,0.4528301886792453,0.08400000099999998,0.4301922897129524,0.048648588194368535,10.999983618197156,0.09950809562783366,0.005752625494855101,0.6,l
KSSL_212873,KSSL_35225.0,silt loam,0.018702625200119734,2.28339677084327,0.15795000099999998,0.4928726837069573,0.5,75.1,24.4,,67.5,40.354889,-95.741943,0.015631861430061095,5,0.4490566037735849,0.15293223710450968,0.4841872028353376,0.03236158144157645,10.999999999995936,0.07473035580679098,0.007511533088437899,1.0,sil
KSSL_121493,KSSL_19324.0,clay,0.024989817329350326,1.418971530015764,0.20719441550589315,0.4156570766004595,39.4,18.7,41.9,,191.5,30.094954,-95.971924,0.009049385002805164,5,0.320754716981132,0.2389771777164849,0.4189437022158037,0.007946783161217882,1.0100000000006297,0.979999865137306,0.008032476062943578,0.04,c
KSSL_123770,KSSL_19665.0,silt loam,0.029340256830635274,1.6375744131842414,0.07644494206549686,0.3872287342356869,34.0,54.2,11.8,,11.5,44.763329,-90.651512,0.01616822197614681,5,0.4339622641509434,0.08782875547467012,0.3996075771755843,0.012679647895393576,1.012209084774294,0.9799999999999999,0.013361628743626456,1.98,sil
KSSL_176745,KSSL_28526.0,silt loam,0.11156360167992883,1.1876824083108082,5.590597705178224e-08,0.23460969432318965,15.4,72.6,12.0,,167.5,47.716106,-96.268135,0.003860081583022942,5,0.23018867924528297,2.644223011498759e-13,0.23460210484723745,0.11177197719066305,1.189773900244651,0.15766637387509708,0.003860069734541912,0.0,sil
KSSL_180167,KSSL_29148.0,loam,0.029847995699628583,1.2350636397133812,1.1099696938126896e-17,0.4679290533633112,37.8,38.4,23.8,,73.0,38.184807,-98.261131,0.007264823722277714,5,0.29811320754716975,4.761456073868695e-23,0.4703932859142137,0.021863540094324802,1.01,0.2578294281032099,0.005531194396733031,0.1,l
KSSL_151790,KSSL_23806.0,sandy loam,0.020438899861422898,2.3461574528457985,0.1110623292028271,0.5117620771368645,49.3,47.0,3.7,,4.0,19.301096,-155.3009,0.02117162137767749,5,0.5735849056603772,0.11348626062819776,0.5176685328748869,0.014476005064451975,1.7916450340115802,0.9799999999999999,0.020447868708375196,6.6,vfsl
KSSL_118988,KSSL_18892.0,sandy loam,3.894632958381234,1.1758005317264055,4.8274260548594695e-19,0.5232705236650121,58.1,25.0,16.9,,14.0,31.737911,-109.9501,0.01552017130028362,5,0.5509433962264151,4.8556056049224416e-14,0.5231951275977984,3.7224964675022205,1.0100000111771463,0.17530955206351506,0.015434357848221975,0.86,cosl
KSSL_15951759,KSSL_75967.0,silty clay loam,0.009408545504316235,3.6539940347530395,0.19599000099999997,0.3948874042246442,17.5,53.1,29.4,,22.5,38.5798,-101.74667,0.016820226055432128,5,0.41132075471698104,0.19599000099999997,0.393183579240798,0.012555662706564245,10.99999999944449,0.15842464873449807,0.015912546628753334,0.9,sicl
KSSL_121271,KSSL_19304.0,sandy loam,0.02389093872163871,2.1222655358668208,0.08108816279693577,0.37363621642158107,76.8,10.9,12.3,,175.0,34.252312,-105.41999,0.0156984448813854,5,0.3999999999999999,0.0819587050776467,0.37996937408444564,0.014940710208173223,1.4772466087003457,0.9799999999999999,0.014125422527572207,0.11000000000000001,fsl
KSSL_121491,KSSL_19324.0,sandy clay loam,0.048284842051440936,1.2385414936029095,0.1242458498842138,0.35443162386369964,46.3,22.8,30.9,,137.0,30.094954,-95.971924,0.00709348611626277,5,0.2754716981132076,0.1981307401223017,0.35328426375264216,0.009508423724069836,1.01,0.9799999999999999,0.006149620966905273,0.09,scl
KSSL_108795,KSSL_17351.0,loam,0.02256382770890965,1.5397143453128517,0.0731593317815661,0.5542004834447306,30.9,46.3,22.8,,56.5,38.923294,-112.3944,0.008572418215785586,5,0.5849056603773584,0.12062490126576819,0.5595540431787797,0.008487275722172075,1.135167444835794,0.9799999999999999,0.006398511794604667,0.61,l
KSSL_121734,KSSL_19360.0,silty clay,0.010880116679792315,1.1787193001473775,1.1492208304315456e-23,0.5003401693713967,1.2,40.6,58.2,,204.0,38.347187,-112.98719,0.019625844886824534,5,0.3094339622641509,1.1357382312608783e-19,0.5020341482433202,0.00788791537488381,1.01,0.19869658199745957,0.018821485366928167,,sic
KSSL_15829993,KSSL_53262.0,silt loam,0.042113894783986104,1.3923609520127862,0.08842108957079266,0.3743166642172627,11.3,64.5,24.2,,36.0,37.198971,-94.980942,0.01623416425753936,5,0.39622641509433953,0.13311267546925748,0.37287974756987946,0.01117739949895173,1.010000000036704,0.97999999999888,0.01501626042409418,0.7,sil
KSSL_118957,KSSL_18887.0,clay,0.343892664693357,1.1195186673437965,1.8599753063219857e-21,0.4160387528716833,42.6,13.2,44.2,,12.5,31.737911,-109.9501,0.011303215186018132,5,0.44150943396226416,1.7013304195377704e-17,0.4156632771748469,0.2986852673717775,1.01,0.12181436710412806,0.010909452998862215,1.6800000000000002,c
KSSL_212039,KSSL_35067.0,silt loam,0.037155366773506074,1.2299390242626178,6.932807508960063e-23,0.41147661571217425,14.6,62.4,23.0,,38.0,34.969418,-111.50867,0.010223844487863407,5,0.4377358490566038,3.5383436782031626e-18,0.41127955908310726,0.026253835320881543,1.01,0.25325224235096727,0.00878911171506792,0.8,sil
KSSL_15924755,KSSL_70932.0,silt loam,0.022658437345341252,1.3360772874801952,9.482480759034157e-26,0.3639532387921704,16.4,68.6,15.0,,41.0,46.950207,-116.33989,0.007042402507852263,5,0.37735849056603776,1.960296321046669e-20,0.36820258316058396,0.014035001992861867,1.010000000000048,0.39497320954656917,0.004048958673100274,0.2,sil
KSSL_15745454,KSSL_40149.0,silt loam,0.0866870361750919,1.3233140357611497,1.2591085418786805e-19,0.3415345768002039,33.6,54.3,12.1,,14.0,38.353973,-121.17292,0.013509232035410197,5,0.3660377358490565,0.058340920009682835,0.3392285054260684,0.02491717913411774,1.01,0.7617261323569959,0.011625310941303485,0.4,sil
KSSL_176743,KSSL_28526.0,sand,31.62277660168378,1.2426277480650603,0.010264110306126194,0.2722036868012369,93.2,4.3,2.5,,81.5,47.716106,-96.268135,0.004713392596607199,5,0.2867924528301887,0.010191261611845939,0.27220572861469533,31.622776601507546,1.0100003097146755,0.23997387126158104,0.0047032178122895585,0.1,cos
KSSL_15741129,KSSL_39425.0,silty clay,0.008035434324144847,1.1426254386341654,8.31716095156018e-10,0.45483696951216396,3.9,42.1,54.0,,56.5,38.592171,-94.847878,0.003428919214202136,5,0.31320754716981136,0.0017126849747683384,0.4557918113988126,0.006318068305976655,1.01,0.15510404726390095,0.003073296718014808,1.2,sic
KSSL_15745810,KSSL_40209.0,silt loam,0.05752066125055886,1.9105335276322246,0.16240000099999924,0.4915421091085447,2.0,74.1,23.9,,4.0,38.53825,-95.245888,0.011598116453378899,5,0.5169811320754717,0.162400001,0.4911322552549366,0.06892890000383017,10.99976601759715,0.07692034074114516,0.01086359931511352,2.5,sil
KSSL_90864,KSSL_14283.0,sandy loam,0.5871733392507291,1.2138677188761475,1.6600157800746796e-25,0.4459739714290723,67.2,24.9,7.9,,7.5,36.966915,-115.97031,0.016431563510243927,5,0.4716981132075472,2.392816873042058e-18,0.4452350275050857,0.481862104226324,1.01,0.2210583531238791,0.01561654540473519,0.25,vfsl
KSSL_96825,KSSL_15360.0,silty clay loam,0.020314954356939783,1.6809282613604395,0.20600930899191347,0.460457476744689,6.5,58.2,35.3,,54.5,38.995026,-98.944824,0.013721856574108406,5,0.34716981132075475,0.2232658648544345,0.46232781484174096,0.009419656069485742,1.298582802772025,0.9799999999999999,0.012146841355962099,0.44000000000000006,sicl
KSSL_176685,KSSL_28516.0,clay loam,0.07290506159286018,1.6515295675122097,0.21495693586845321,0.5710610801074412,26.8,42.4,30.8,,52.0,42.013721,-93.729416,0.019446287660206472,5,0.3396226415094339,0.19070592935607772,0.5621161471486361,0.12298620540188274,10.999999999998074,0.0402651355240954,0.012365916710350913,0.9,cl
KSSL_194702,KSSL_31775.0,sandy loam,0.8819961608272987,1.2209641221969265,1.607603619018697e-22,0.4403492649904234,58.6,28.3,13.1,,12.0,36.742474,-114.29034,0.02620344864229633,5,0.4641509433962264,2.696601787249603e-13,0.4400518366717403,0.7705204167506037,1.0100000000000187,0.22484313295169567,0.026000277862428072,0.1,fsl
KSSL_183847,KSSL_29799.0,clay,0.027056722543351536,2.49692303813612,0.2108200009999973,0.44199636363274425,37.9,16.2,45.9,,35.0,6.6727777,-1.66,0.018967465847178774,5,0.49433962264150944,0.20638075974710104,0.45415102244651734,0.0215672473518998,1.4956038411613501,0.9799999999999999,0.017885624937263967,0.8,c
KSSL_212875,KSSL_35225.0,silt loam,0.01855654112427098,2.204403276555385,0.14637000099999967,0.4928292345560248,0.7,75.2,24.1,,147.5,40.354889,-95.741943,0.015883561861428776,5,0.5018867924528303,0.13403138686654698,0.4838822779325314,0.03268589061232659,10.99999999999988,0.06712842224719386,0.007658561419702261,0.9,sil
KSSL_15938384,KSSL_73393.0,clay,0.05633553526228606,1.1120864764132878,9.179534416997996e-17,0.3911531067980737,16.3,34.5,49.2,,25.5,38.99651,-115.42478,0.005003555795379683,5,0.3547169811320754,5.058220773804363e-22,0.39162000950690845,0.0479553755920735,1.01,0.11606059409115176,0.00453618423995786,1.6,c
KSSL_15951777,KSSL_75969.0,silty clay loam,0.020808039178886947,1.4544817060809017,0.1500726541905258,0.387638585767344,17.3,51.9,30.8,,94.0,38.46796,-101.78322,0.009653068555588762,5,0.41132075471698104,0.18648711180131364,0.3886004055316204,0.007139885762763602,1.0885497110026514,0.9799999999999383,0.008862606014502592,0.4,sicl
KSSL_15938359,KSSL_73385.0,loam,0.37245970867742584,1.1750441535716223,0.04452453262200945,0.43231618682975353,38.7,36.2,25.1,,54.0,41.568638,-115.03233,0.014983531524226094,5,0.45660377358490567,0.09671442252708737,0.4311748960999313,0.2275155658702887,1.01,0.24876418569618433,0.014636158287160252,0.6,l
KSSL_15921957,KSSL_70510.0,silty clay loam,0.07392579368915742,1.3126322322088646,0.10309881364542303,0.4287403947626969,4.4,62.9,32.7,,16.5,43.663456,-96.492882,0.0032022165642809335,5,0.4528301886792453,0.14306789873876383,0.4294131169377645,0.03378247434615484,1.0100000445511943,0.5233539483765394,0.0021994216290402743,2.0,sicl
KSSL_118729,KSSL_18853.0,silt loam,0.07415194898556131,1.3569959495454902,0.10327852677521467,0.49248006653903376,29.3,50.6,20.1,,123.5,17.981943,-93.386948,0.0137824657141769,5,0.4716981132075472,0.16495510604588826,0.49193950674146947,0.019146287847491273,1.01,0.9111658646708726,0.01192077500125907,0.38,sil
KSSL_15951764,KSSL_75967.0,silt loam,0.04470972361755734,1.8632737597066904,0.12676263151876815,0.4733252223022504,18.2,59.5,22.3,,185.0,38.5798,-101.74667,0.00543250498814685,5,0.4981132075471698,0.12011817341178488,0.4732075969930858,0.06189005811048002,10.994450699233553,0.06412135271910953,0.005101941800887025,0.1,sil
KSSL_15929245,KSSL_71938.0,sandy loam,9.949584742078626,1.1857048696646173,1.5086314190741407e-19,0.5054257339576614,53.6,34.0,12.4,,14.5,,,0.01688074768483923,5,0.5320754716981132,5.396795623583732e-19,0.505382471015474,9.654881723842024,1.01,0.18468314983818196,0.01683653821910027,2.2,sl
KSSL_201050,KSSL_33087.0,loam,0.03229685846644238,1.8286631854214166,0.13739874454277082,0.5181008020036655,50.0,38.5,11.5,,44.0,45.000664,-117.16566,0.018168781137244887,5,0.4528301886792453,0.14563041740723254,0.5287082921524823,0.016897871539686034,1.2389461635954515,0.9799999999999999,0.014818456357290207,1.2,l
KSSL_146265,KSSL_22876.0,sandy loam,0.24081280580568887,1.4012436183311214,0.031166582980634967,0.42835416580752617,52.1,33.4,14.5,,4.0,,,0.024894211911667605,5,0.4528301886792453,0.059793363092018506,0.4251166256833133,0.08879507078141134,1.01,0.6751688135099081,0.023462036067401423,1.8199999999999998,fsl
KSSL_183851,KSSL_29800.0,silty clay,0.006597373717042076,1.2025910386652285,1.8297071404827853e-16,0.4353566123721131,8.6,43.8,47.6,,12.5,5.9168057,-0.78661108,0.011594340960235048,5,0.3056603773584906,4.87518585554043e-21,0.4366274204972264,0.004184782583416867,1.01,0.24100380455167306,0.010714278938274785,0.9,sic
KSSL_15830000,KSSL_53263.0,silty clay,0.0053254598062202115,10.999999960507061,0.296640001,0.45709569784997767,2.8,50.6,46.6,,14.5,39.614937,-97.875488,0.024612691482978562,5,0.29811320754716975,0.296640001,0.457631038299173,0.008572517004124253,10.999999994324336,0.14971480199185241,0.02321570340285802,1.4,sic
KSSL_15745816,KSSL_40209.0,silty clay,0.0023023616021184616,1.3052199866255036,1.1620544874086366e-14,0.45056367142787257,5.2,48.7,46.1,,157.0,38.53825,-95.245888,0.024602946449021515,5,0.3094339622641509,0.13351764297728103,0.45356018068804266,0.0006676373351378034,1.01,0.979977092428384,0.024352372781945793,0.3,sic
KSSL_15745499,KSSL_40156.0,sandy loam,31.62277660168378,1.1550777241085373,0.05850777443848276,0.5484301541363965,77.1,13.6,9.3,,11.5,36.378193,-120.72936,0.0050021987638586935,5,0.5773584905660378,0.05859311187332428,0.5484295835399146,31.62277660168378,1.9297937412068045,0.08039264405398715,0.005000971302818982,0.0,sl
KSSL_15938366,KSSL_73387.0,loam,1.4049949394452548,1.2037115786831025,0.08412228309644006,0.35848440490883143,51.0,30.4,18.6,,64.5,41.408012,-115.44645,0.0024762022852446016,5,0.37735849056603776,0.08833732325145859,0.3584789008140184,1.2258972775487462,1.01,0.21310030059223944,0.0024528907776591455,0.7,l
KSSL_15941108,KSSL_73900.0,silty clay loam,0.565175145313137,1.29427541337699,0.08148221765200758,0.523516256112765,13.0,56.4,30.6,,45.0,43.779217,-110.92764,0.0018787718230089496,5,0.5509433962264151,0.06922526352904691,0.5233962268782004,0.7195156240951541,9.785658810769062,0.026835969609028155,0.000991778053328541,1.5,sicl
KSSL_208354,KSSL_34379.0,sandy loam,0.08798674312253618,1.3959041654814324,2.329323414419117e-23,0.47700518455753266,53.3,38.7,8.0,,43.5,60.617668,-149.52861,0.013203333485395497,5,0.5132075471698113,1.6624010277492798e-17,0.48104509919204214,0.048046149032820014,1.0100000000000013,0.48090231172252695,0.007686176975387889,1.3,fsl
KSSL_121258,KSSL_19303.0,silt loam,0.01946773943940424,2.7141603240678274,0.0738349708910485,0.4462907458643185,28.3,64.1,7.6,,8.5,47.006786,-118.57471,0.026304144686635174,5,0.5207547169811321,0.07221027042367652,0.4495993412859074,0.014378487210488327,2.062506928255001,0.9799999999999999,0.02563098523843639,0.78,sil
KSSL_15742247,KSSL_39607.0,silty clay loam,0.034726691278791036,1.134830525245932,8.659001553702386e-17,0.40271236679199335,4.8,59.5,35.7,,44.5,39.454418,-98.703575,0.007520155923141842,5,0.3886792452830189,4.314795558226421e-14,0.40356238305238346,0.029523462684102445,1.01,0.14030902266701217,0.007117850614427255,0.5,sicl
KSSL_15741133,KSSL_39426.0,silty clay loam,0.07712333766157804,1.2648726118090485,0.10142671617514903,0.4199784700097547,4.2,65.1,30.7,,19.5,38.697151,-95.60849,0.010168085734034014,5,0.44150943396226416,0.07574432419194936,0.41943397944193156,0.10636771160069794,9.513614318077476,0.022498854100525077,0.009736158159196349,2.3,sicl
KSSL_123745,KSSL_19661.0,sandy loam,0.07177487715291118,1.5076611109459304,0.03396590889740816,0.3419004534190701,67.8,23.2,9.0,,105.5,45.049164,-90.864853,0.007585472652616884,5,0.320754716981132,0.05447443946390652,0.343722208042399,0.03166007475135216,1.1339250633048772,0.7601486464756945,0.0069696434740696344,0.11000000000000001,sl
KSSL_15745456,KSSL_40149.0,clay loam,0.043931723069331984,1.109087596004799,2.2712656738941017e-14,0.38106152253574965,21.5,39.6,38.9,,51.0,38.353973,-121.17292,0.006664550879948736,5,0.2528301886792452,2.1453979137254044e-17,0.38096798016542527,0.03545760322012754,1.01,0.11467801569275388,0.006289454077489366,0.3,cl
KSSL_15924833,KSSL_70946.0,loam,0.22586581275199286,1.3306091220446132,1.0839915326197729e-24,0.5846789020175968,38.1,39.2,22.7,,30.0,40.863815,-115.22014,0.019859513021402875,5,0.6188679245283019,3.854575069201054e-14,0.5847826760770819,0.15075413966820572,1.01,0.36617739924019294,0.01805795147157367,1.8,l
KSSL_15741178,KSSL_39435.0,silt loam,0.04606864811450918,2.1505341851443314,0.08379000099999999,0.45899730612724216,24.3,64.8,10.9,,93.5,39.936668,-97.848137,0.004406127734542237,5,0.4830188679245283,0.08191203225784299,0.45886815250970675,0.05826282079197635,10.999590831282005,0.09131778368998568,0.0037167097132855564,0.2,sil
KSSL_170750,KSSL_27104.0,clay loam,0.11250429337960248,1.1336904063689877,2.6408530751229813e-09,0.4303692864260493,43.5,26.4,30.1,,155.5,45.291389,-123.12092,0.004056459514659883,5,0.43018867924528303,6.689708046585298e-23,0.4296313745541029,0.12930064754290954,1.30645760243981,0.09878814193572324,0.003975972499894493,0.1,cl
KSSL_194700,KSSL_31774.0,sandy loam,0.11734107337416405,2.040950646236557,0.07398000099999999,0.44233001255273835,57.5,27.4,15.1,,164.5,36.386276,-114.42875,0.01225700711796865,5,0.4641509433962264,0.07398000099999999,0.44095196712615126,0.16174822977377917,10.999999989473293,0.08030013940191785,0.009900502877200184,0.0,vfsl
KSSL_198477,KSSL_32450.0,sandy loam,0.6225778162481563,1.2518147962675956,2.4431127475642025e-21,0.5466074064883945,57.3,32.8,9.9,,14.5,39.570889,-105.80353,0.025272942742959683,5,0.5773584905660378,2.974382504745991e-17,0.5457958294826134,0.501658342617932,1.01,0.2618059212602843,0.024448801561320954,1.6,cosl
KSSL_15951774,KSSL_75969.0,silt loam,0.1955833358755014,1.2983502710063686,0.06793612266283955,0.45521483808602586,19.3,57.9,22.8,,19.0,38.46796,-101.78322,0.007708856784581692,5,0.4792452830188678,0.08108550660351597,0.45516137540085155,0.14349906666472526,1.010000000000203,0.34214844988741644,0.007601836723494314,1.4,sil
KSSL_203206,KSSL_33521.0,loam,0.05537528006397368,2.2636839285710666,0.05418453611582082,0.4731909069515012,46.01036269430052,40.829015544041454,13.160621761658032,,7.5,32.481487,-106.35681,0.002022034727824613,5,0.4981132075471698,0.05557222359093859,0.4731906948944334,0.03920737878076018,1.5479642544640817,0.9799999999999999,0.001671195533663682,0.3,l
KSSL_15745496,KSSL_40155.0,sandy loam,0.9409356468244909,1.1791396628434554,0.08283447521884468,0.4660730509957055,60.0,22.8,17.2,,27.0,36.370499,-120.74614,0.0025302975703195047,5,0.49056603773584906,0.07484073403539342,0.4660377371183964,1.0714034926654326,5.627347113840441,0.030014861391663532,0.0024125519145347498,0.1,sl
KSSL_15921962,KSSL_70511.0,silty clay loam,0.022315071638362917,1.3593958855397346,0.1519287390630324,0.36363231569957094,4.0,63.8,32.2,,7.5,43.664246,-96.49398,0.004456056262483451,5,0.369811320754717,0.18976132556215805,0.36522941914077045,0.008518506125367812,1.0409448023076746,0.7616995365570418,0.004340731022456788,2.0,sicl
KSSL_15745812,KSSL_40209.0,silty clay,0.0022626210745973303,1.2936945400044335,2.410233237590176e-12,0.4583883165914804,1.5,51.5,47.0,,41.0,38.53825,-95.245888,0.029514322000057693,5,0.24528301886792447,0.14364187619176352,0.46124301233028553,0.000654020717366222,1.01,0.9776820498094253,0.02923784519877008,1.0,sic
KSSL_15930226,KSSL_72143.0,silt loam,0.0613901191936646,1.2418858340004626,4.872920988549886e-21,0.4564830884207412,3.3,74.5,22.2,,143.0,,,0.01150758470198027,5,0.41132075471698104,2.727808393651558e-19,0.4583621619399131,0.04280156611496243,1.01,0.26607141630199266,0.011010561302095122,0.1,sil
KSSL_123753,KSSL_19662.0,sandy clay loam,0.21476437282773822,1.1129259240458536,4.3559918686149595e-16,0.31851417748354455,54.7,23.2,22.1,,86.5,44.945553,-90.537346,0.006550651606228074,5,0.260377358490566,4.723420402983881e-11,0.31678382643161646,0.30604920803053237,5.195232869174355,0.020000071313595085,0.005536050177251042,0.05,scl
KSSL_15741187,KSSL_39436.0,loam,0.07207633988491961,1.258586701721641,0.0487470996856523,0.36198498433468,37.9,43.2,18.9,,155.5,39.950085,-97.877892,0.0020819678938919345,5,0.38113207547169814,0.07771666907936803,0.361951812771511,0.045426546385073145,1.0100083307875822,0.34604164760805284,0.0018667608473788508,0.2,l
KSSL_15741190,KSSL_39437.0,silty clay loam,0.02317039964261221,1.3449392170470158,0.08704835634431762,0.3967281789232022,9.9,61.4,28.7,,18.0,39.899693,-97.81472,0.00346817105263494,5,0.4188679245283019,0.15614189963692368,0.39668754712767224,0.00630722201986537,1.01,0.9799999999997177,0.0018348234970625274,1.3,sicl
KSSL_15746061,KSSL_40271.0,silty clay,0.0038440102876399116,2.2166246975548516,0.2644525709427423,0.4781930249919573,0.5,46.2,53.3,,92.0,39.817444,-94.91925,0.01120951677399232,5,0.3358490566037735,0.2121205390467821,0.4755984964658232,0.0067594343515955425,4.443472778897641,0.11894564891895817,0.01119230781423623,0.6,sic
KSSL_15930223,KSSL_72143.0,silty clay loam,0.09917989639323047,1.1440493055704941,7.028515413197206e-17,0.4416271771640573,1.1000000000000003,66.6,32.3,,57.5,,,0.017165910462933406,5,0.38113207547169814,6.634611653680112e-17,0.44160105788311665,0.07885995372093632,1.010000000000011,0.1509689983513331,0.0169620301225327,0.2,sicl
KSSL_15742236,KSSL_39605.0,silt loam,0.025641687285912842,1.9860219795048746,0.15923431691079687,0.48143544198603505,6.4,68.3,25.3,,179.0,39.417137,-97.139336,0.006125380070161322,5,0.45660377358490567,0.15817351658629045,0.48085687452548814,0.027082168984515754,2.082763255544725,0.4538117768070794,0.006113636442160818,0.1,sil
KSSL_15745500,KSSL_40156.0,loamy sand,8.387514438595012,1.0962567065246744,7.4177163621049135e-09,0.48036928085306857,80.5,12.4,7.1,,44.0,36.378193,-120.72936,0.0035815897601818845,5,0.5056603773584905,2.550373904651589e-18,0.4803657127761651,8.316118921427707,1.01000001698332,0.09540233460278212,0.0035726736045689506,0.0,lcos
KSSL_170692,KSSL_27087.0,silty clay loam,0.0809801296392876,1.1269165200383426,5e-324,0.4190181105391609,13.6,51.2,35.2,,8.5,45.277195,-123.0508,0.013140301199733175,5,0.45660377358490567,5e-324,0.4190107864573833,0.06381658327208206,1.01,0.1339905807369246,0.012368838746246428,2.2,sicl
KSSL_15746547,KSSL_40377.0,loamy sand,3.811248318070044,1.155993105994496,1.9702936731539853e-11,0.3190536006992001,81.9,14.4,3.7,,45.0,37.851864,-105.43672,0.003061023272775084,5,0.3358490566037735,7.379794124883905e-14,0.31905090556909926,3.764068988708768,1.0100000118641352,0.15470462983170408,0.0030528888735288197,0.5,lfs
KSSL_15924928,KSSL_70961.0,loamy sand,2.7784876242397565,1.2969010797998188,1.1735929662464476e-22,0.36920288847790345,83.7,13.7,2.6,,3.5,,,0.006959647622269672,5,0.3886792452830189,4.498315869979119e-17,0.3691597619587985,2.559134488411567,1.0100000000058917,0.29835966523375,0.006830163634399746,0.1,ls
KSSL_15951760,KSSL_75967.0,silty clay loam,0.0884483586726221,1.4472519246403133,0.14335063573956183,0.4586611596046465,14.2,56.4,29.4,,39.0,38.5798,-101.74667,0.015705753982577862,5,0.4830188679245283,0.16001182919396517,0.4584716429480137,0.04447977977769755,1.0100000000005862,0.6335251194277465,0.015525486186686489,0.6,sicl
KSSL_184577,KSSL_29903.0,sandy loam,0.28624308728700915,1.1798436841735362,0.12835669479479414,0.6369972033559969,59.8,27.7,12.5,,7.5,19.089731,-155.60223,0.011633907047623899,5,0.6716981132075472,0.18206387309971872,0.6363851487829113,0.19246599353110413,1.01,0.23494080607971193,0.011226801626878401,10.0,sl
KSSL_183849,KSSL_29799.0,sandy clay loam,0.02046269793352215,4.6109334254803525,0.16714000099999995,0.5318096329508173,55.5,18.0,26.5,,104.5,6.6727777,-1.66,0.009635699000421636,5,0.5207547169811321,0.16714000099999995,0.5315497004601221,0.029415834440479172,10.999999999999998,0.21541145972211379,0.008999324462720004,0.4,scl
KSSL_170720,KSSL_27094.0,silt loam,0.19951019420475619,1.1287668211301483,3.440183348420179e-19,0.38353682916029086,22.8,52.0,25.2,,50.5,45.36739,-123.08308,0.007985570681335439,5,0.4075471698113208,1.6761738033756682e-18,0.38366964111929674,0.17200616477628813,1.01,0.13190762246719345,0.007563792867245621,0.4,sil
KSSL_15748393,KSSL_40750.0,silt loam,0.0051613433410829575,3.5514063076543687,0.29964000099998567,0.46854034793909594,7.5,66.7,25.8,,8.5,41.044498,-96.635834,0.01820354208211309,5,0.4075471698113208,0.2947590582218631,0.46604022140321283,0.0072436541182986066,10.999999999999998,0.13412035094602875,0.017218819306973224,2.2,sil
KSSL_208981,KSSL_34524.0,loam,0.35107860191629153,1.2346974490916396,0.07608920343839366,0.39763550035110923,49.4,31.3,19.3,,14.0,44.066853,-98.350685,0.0044463714859312616,5,0.4188679245283019,0.09486096377499563,0.3974800434134013,0.24746862930309285,1.01,0.2826294198812673,0.0041102608196081445,1.9,l
KSSL_15742245,KSSL_39607.0,silt loam,0.8485293785648826,1.174248865044045,0.039785139779446456,0.4552733729910862,9.2,66.2,24.6,,5.5,39.454418,-98.703575,0.0024955548192839056,5,0.4792452830188678,0.04809734767676229,0.4552708696612525,0.7474408371458815,1.0100000473825583,0.182850211432503,0.002473950249958062,2.3,sil
KSSL_183853,KSSL_29800.0,silty clay,0.01608003251920835,1.1905897181454324,4.637673035131954e-15,0.4766887763710823,6.4,43.3,50.3,,57.0,5.9168057,-0.78661108,0.007549159825012616,5,0.2754716981132076,0.22073521622308892,0.4769307161644042,0.00390180719770347,1.01,0.9799997425332498,0.006793255035001123,0.2,sic
KSSL_121616,KSSL_19347.0,silt loam,0.03594238420385811,1.1979459042033067,2.3178817779768268e-17,0.3837563409413759,25.6,52.6,21.8,,79.0,39.956699,-83.442932,0.007226651512282871,5,0.3245283018867925,7.848838259894851e-24,0.38563205184732846,0.027289968717706288,1.01,0.21390479502928736,0.005881882073641787,0.42000000000000004,sil
KSSL_118700,KSSL_18850.0,sandy loam,0.01850812840299053,2.6981874881675187,0.07574079514577893,0.3966222390043143,69.3,21.7,9.0,,6.5,17.584089,-92.033768,0.025062716636810325,5,0.4679245283018868,0.07461365641401962,0.39930050906382314,0.013664386718012856,2.0736003220770094,0.9799999999999999,0.024587392400204636,1.09,fsl
KSSL_178325,KSSL_28817.0,silt loam,0.08843332394660426,2.031721604325231,0.13695772001015888,0.49796393810273903,21.6,70.4,8.0,,4.0,36.787693,-89.939331,0.0027810011229352245,5,0.5245283018867924,0.13991579572463209,0.4983375066000096,0.06860099385920386,1.718855991944766,0.7137835508684711,0.002263973149821413,3.0,sil
KSSL_176742,KSSL_28526.0,sand,4.435125326424949,1.3041904307588588,2.1081218073695941e-10,0.3369722708814384,93.9,3.8,2.3,,55.0,47.716106,-96.268135,0.01061610003868836,5,0.3547169811320754,0.00024571506211176297,0.3369602640426584,4.14414221676099,1.0100000000012486,0.305363979169759,0.010595137731295053,0.2,cos
KSSL_15745563,KSSL_40165.0,silty clay,0.010676764110822827,1.1893247894665409,1.4810595043772146e-19,0.4080582124379284,6.1,50.0,43.9,,141.5,38.479889,-100.94386,0.011879338614963552,5,0.44150943396226416,5.322423664237816e-19,0.40980160534584426,0.008061816337133253,1.01,0.20812225112073593,0.011267649628079416,0.2,sic
KSSL_208965,KSSL_34521.0,loam,0.2389772041371252,1.2489881114070505,0.1265751751095341,0.4406598309156069,45.7,30.3,24.0,,10.0,44.790222,-96.594002,0.0025961723111361835,5,0.4641509433962264,0.14711238564734652,0.44057447200967204,0.160590812177508,1.01,0.3093172983779067,0.002087081377550181,3.9,l
KSSL_183845,KSSL_29799.0,sandy clay loam,0.32432679960606253,1.2925845416699666,0.08068224829228464,0.468736919762964,46.9,25.8,27.3,,6.5,6.6727777,-1.66,0.01588529446219174,5,0.49433962264150944,0.1060733794664196,0.4679186009600869,0.18814527091285574,1.01,0.387055878089239,0.015334765282078626,2.1,scl
KSSL_201848,KSSL_33277.0,silty clay,0.18630135741873635,1.3303209490564083,0.20180522859320277,0.6086951177836083,13.4,44.4,42.2,,20.0,45.265415,-117.96722,0.006215025512290561,5,0.6415094339622642,0.23005001518842003,0.6083752129913915,0.10174809497590437,1.0100000000000005,0.45657701080747715,0.0050664293844301656,3.0,sic
KSSL_110092,KSSL_17576.0,sandy loam,0.025084180182043406,1.6369666878571991,0.08922757473384244,0.27253020461203137,62.7,23.1,14.2,,107.5,45.21944,-92.086288,0.00358686910870514,5,0.2754716981132076,0.10062612099457142,0.27505889353255963,0.01051926488005108,1.183120223353698,0.979999999542827,0.002541178406208572,0.06999999999999999,fsl
KSSL_118977,KSSL_18890.0,sandy loam,0.04213251833828562,1.5373617798584396,0.10128952094423752,0.386917603348636,64.7,20.2,15.1,,45.5,31.709021,-110.44373,0.012396063815038768,5,0.4226415094339623,0.1219535356141411,0.3941323406734017,0.01537962948110298,1.0264950052936617,0.9799999999999999,0.00939645161228042,0.51,cosl
KSSL_212870,KSSL_35225.0,silty clay loam,0.019065969792781967,2.049005849289231,0.22672000099998754,0.508872302556446,0.3,63.0,36.7,,8.0,40.354889,-95.741943,0.011750491827175176,5,0.4339622641509434,0.20745502826771756,0.5026835058769547,0.03466177313321923,10.999999999965654,0.0557115462998795,0.0060573707672977725,3.5,sicl
KSSL_110093,KSSL_17576.0,sandy loam,0.08750318359309513,1.31706213283978,0.03596174441334963,0.2385238030384052,71.9,17.3,10.8,,149.5,45.21944,-92.086288,0.003253608767389396,5,0.2528301886792452,0.06502074800902034,0.23877774089651557,0.033092846122508617,1.010000000000005,0.6136760995901269,0.002120299347458067,0.02,sl
KSSL_146281,KSSL_22877.0,sandy loam,31.622776601683746,1.1215679877624865,0.03496345636139938,0.4044232372907305,52.1,33.4,14.5,,4.0,,,0.005847354156720313,5,0.42641509433962266,0.034845384929371656,0.4044258365573035,31.622776601683082,1.0100001204426907,0.1202908941953391,0.005840410067360017,1.8199999999999998,fsl
KSSL_161994,KSSL_25396.0,loamy sand,1.2696250181470958,1.3128264723565854,0.007202752794278874,0.4659573889519832,80.3,14.1,5.6,,77.0,43.760433,-116.10069,0.014395780955713419,5,0.49056603773584906,0.01313113080795871,0.4658659217933564,1.016808825179851,1.0100000000000025,0.33536990991107285,0.01425719282841154,0.1,lcos
KSSL_15742250,KSSL_39607.0,silty clay,0.06116054382134263,1.1733277842445335,0.05941642638157085,0.42288776539036055,8.0,52.0,40.0,,135.0,39.454418,-98.703575,0.0015142061612042092,5,0.4037735849056603,2.1289743569167288e-17,0.4223495462159359,0.0801716980203921,1.3897184845106207,0.09414946846439153,0.0011789511320166371,0.6,sic
KSSL_15741149,KSSL_39428.0,silty clay,0.013068890784504248,1.0983161276883704,4.2267333784663775e-09,0.4454976741119818,3.2,44.1,52.7,,52.0,37.80241,-96.883362,0.005677796772931786,5,0.3056603773584906,3.4996501082757764e-15,0.4457792766292439,0.011100949417256702,1.0100000000000011,0.10286619392448494,0.005504075535167069,1.2,sic
KSSL_15921966,KSSL_70511.0,silt loam,0.04870350798357024,1.6716246187302863,0.10873217885411078,0.47807715695946534,10.2,69.0,20.8,,183.5,43.664246,-96.49398,0.007238261689502524,5,0.47547169811320744,0.08347107249343239,0.4733507629375568,0.07905650401112385,3.016827678171344,0.15256924155046056,0.004902535362488934,0.1,sil
KSSL_118690,KSSL_18849.0,loamy sand,0.4141196940917767,1.3833273529686354,2.982108712368057e-17,0.3758867695152908,84.5,12.5,3.0,,19.0,17.755192,-91.819878,0.02056813248260026,5,0.39622641509433953,2.9518015606873945e-19,0.3753260073161387,0.28762501107838756,1.01,0.4181825248625396,0.019959362181403803,0.36,ls
KSSL_96837,KSSL_15361.0,silt loam,0.03230223149325163,2.0415535949921217,0.13494165447204612,0.6122965866783385,23.3,63.7,13.0,,65.0,39.269459,-101.1199,0.009192476110665447,5,0.5169811320754717,0.13646229483507555,0.6135961103673113,0.029425556370838265,1.874099619099266,0.5919730214461305,0.009162116677155082,0.37,sil
KSSL_194696,KSSL_31774.0,sandy loam,0.22264505093368975,2.10828518487736,0.012017232000908179,0.5628169635473171,64.7,23.8,11.5,,9.5,36.386276,-114.42875,0.0014852413650584132,5,0.5924528301886792,0.013561308868454455,0.5628208973913941,0.14948587374208272,1.3535316038853407,0.9799999999999638,0.0007136225914800148,0.1,fsl
KSSL_118987,KSSL_18892.0,sandy loam,0.985571845560101,1.2223042192169293,0.000625964859499408,0.4660027540369048,62.0,25.2,12.8,,3.0,31.737911,-109.9501,0.01062798600518902,5,0.49056603773584906,0.011011162093297666,0.46595212401348673,0.8138475923860456,1.01,0.23912446617029945,0.010561699362192036,1.1300000000000001,cosl
KSSL_15745483,KSSL_40153.0,sandy loam,3.4931188517065452,1.162220277641011,0.1811753099812189,0.5556653223817103,68.9,14.8,16.3,,31.0,36.377945,-120.65434,0.0019401548408012853,5,0.5849056603773584,0.17972959430748314,0.5556603780214385,3.6335562126201695,3.807773963102073,0.0420580291513023,0.001918879388791271,0.9,sl
KSSL_170676,KSSL_27080.0,sandy clay loam,0.018462745726327164,2.07257272808785,0.20213645035319505,0.48514741479625895,46.3,26.2,27.5,,159.0,45.348415,-123.08565,0.011278393117010425,5,0.5018867924528303,0.2061156409458926,0.48819534988785585,0.01113563779257827,1.5706951067637922,0.9799999999999999,0.01046722297254412,0.2,scl
KSSL_108707,KSSL_17338.0,sandy loam,0.12759297183803506,1.9394720031501163,0.09280000099999994,0.47729085321899845,70.9,20.6,8.5,,44.0,38.283306,-112.20827,0.026334026891048936,5,0.39622641509433953,0.09280000099999998,0.46810000638882976,0.1919567402127523,10.999999999994657,0.06919563891350992,0.01577421244533345,0.31,fsl
KSSL_124768,KSSL_19808.0,silty clay,0.21022774428919977,1.1307128645102746,2.8724415420332036e-11,0.42485518086923746,6.6,50.8,42.6,,36.5,31.409079,-97.133904,0.011922101705070683,5,0.3547169811320754,1.0370836326061038e-19,0.42352769759429776,0.3166865879388745,5.953569477863473,0.020000000000000004,0.01133203994659776,0.72,sic
KSSL_118964,KSSL_18888.0,sandy loam,0.02214648352336704,2.468547746152413,0.15554042816231395,0.7303814167396415,61.7,23.0,15.3,,25.5,31.737911,-109.98427,0.017990588843636433,5,0.5169811320754717,0.15574982977139856,0.7355324139150191,0.015401651861819356,1.8760523856827211,0.9799999999999999,0.016064554208465545,0.63,cosl
KSSL_180168,KSSL_29148.0,silt loam,0.009969947189200497,1.3536967040216301,9.129010058297209e-19,0.3771908587738017,25.4,59.0,15.6,,108.5,38.184807,-98.261131,0.013445296173773423,5,0.3433962264150944,0.09047091510133765,0.38084874210203473,0.0030935007556734877,1.01,0.9799978743479986,0.012433727754612647,0.2,sil
KSSL_15924829,KSSL_70945.0,sandy loam,0.12703739030000094,1.2792407817969127,3.926208966088545e-17,0.47439655444349343,56.0,26.2,17.8,,3.0,40.446705,-115.51138,0.012066721538125403,5,0.5056603773584905,0.07918288268843612,0.4719780284861556,0.04541565305231557,1.01,0.5711268548331255,0.009576581897906177,3.3,sl
KSSL_121266,KSSL_19304.0,sandy loam,0.047845273913246576,1.7502285492663416,0.06167736336050909,0.3394174315185037,71.6,16.8,11.6,,11.5,34.252312,-105.41999,0.016704034984996036,5,0.369811320754717,0.07108283007201731,0.34557777295827824,0.023130168085120518,1.238117092036009,0.9799999999999999,0.013779686538474747,0.72,fsl
KSSL_121269,KSSL_19304.0,sandy loam,0.05102701215505968,1.5894537289093813,0.07434952648316236,0.38382353875789293,67.8,17.7,14.5,,92.5,34.252312,-105.41999,0.01675044037677338,5,0.38113207547169814,0.09357999657823095,0.38891362536119256,0.019789387951866057,1.1224293297840129,0.9799999999999999,0.01399182835254949,0.21000000000000002,fsl
KSSL_15924754,KSSL_70932.0,silt loam,0.11960463182052022,1.3954744055889432,6.268478079503413e-24,0.6260750838585559,22.8,71.0,6.2,,17.5,46.950207,-116.33989,0.01038045480397873,5,0.6641509433962264,0.046848173074827415,0.6276624292939763,0.048525080287307794,1.0100000000000002,0.6500490509694377,0.005861784676405444,2.2,sil
KSSL_203204,KSSL_33520.0,silty clay loam,0.0319828604043293,2.219915140757686,0.10140000099999989,0.4495100123958302,11.538461538461538,51.45530145530145,37.00623700623701,,132.0,32.475666,-106.38639,0.011715911677138133,5,0.4716981132075472,0.10140000099999999,0.44813073479943344,0.04500552092820481,10.999999999409486,0.09084508287938856,0.009376341037589853,,sicl
KSSL_15946989,KSSL_75109.0,clay loam,0.12070099179914648,1.1568946858354123,3.4169063035611875e-16,0.3964199037051578,20.5,46.0,33.5,,131.5,43.451351,-105.26745,0.015291982237834905,5,0.33207547169811313,2.351289545235388e-18,0.39237874557829533,0.1629873611804872,7.190041175177365,0.020000000000000007,0.013425990715763865,0.4,cl
KSSL_118726,KSSL_18853.0,sandy loam,0.2941402895877201,1.574626098990967,0.07640654077131527,0.4855198197159036,67.3,23.6,9.1,,55.0,17.981943,-93.386948,0.0175073975106926,5,0.5094339622641508,0.07498655195348079,0.4839639273339665,0.3659153679069877,10.99999986668126,0.04848247008644263,0.015661864383649512,0.22999999999999998,vfsl
KSSL_176690,KSSL_28516.0,sandy loam,0.05142853027247573,1.8561774484540972,0.0613517904911767,0.3485719172833226,60.7,32.3,7.0,,151.5,42.013721,-93.729416,0.013654038060811485,5,0.37735849056603776,0.06912189515477442,0.35313047966370575,0.02755110356361959,1.3391881650369002,0.9799999999999998,0.011201969231569861,0.0,fsl
KSSL_96827,KSSL_15360.0,silty clay loam,0.08024440868248799,1.2745658064907222,0.07370606612349964,0.4546802716009819,7.6,63.1,29.3,,92.0,38.995026,-98.944824,0.013331878479273807,5,0.4792452830188678,0.1318386024989861,0.45493936490951387,0.03502136141625501,1.0100000000007388,0.4902708065478365,0.013034247083540926,0.21000000000000002,sicl
KSSL_15741150,KSSL_39428.0,silty clay,0.010052428053760599,1.127876115954214,5.066812124132316e-20,0.4600359606704578,3.3,40.0,56.7,,82.5,37.80241,-96.883362,0.005981991085573589,5,0.3169811320754716,6.191201477273774e-20,0.46054744977069045,0.007949388171083153,1.01,0.13779927127557248,0.005653941998737638,1.1,sic
KSSL_118958,KSSL_18887.0,clay,0.03954216081216909,1.448014226211067,0.1584403098831799,0.433982245226953,43.3,10.8,45.9,,25.5,31.737911,-109.9501,0.008763069524941183,5,0.4679245283018868,0.190673931689099,0.4383369884233826,0.012314221837415162,1.0100000000000005,0.9799999997800609,0.0064050255501938895,1.3699999999999999,c
KSSL_170704,KSSL_27090.0,loam,0.5703034243564935,1.1720583417243455,6.77595908497958e-24,0.43122120441619866,30.5,47.2,22.3,,51.0,45.327137,-123.14714,0.017659818884533704,5,0.45660377358490567,9.572884818065156e-18,0.43036431879586734,0.4768652888415118,1.01,0.1767655763003159,0.017060664444681156,0.5,l
KSSL_15748392,KSSL_40749.0,silty clay loam,0.017464999610055595,1.2285614744540245,1.4785103239073898e-28,0.44363557956412486,3.8,68.0,28.2,,175.5,41.038639,-96.564003,0.017535166439010035,5,0.4830188679245283,6.106029963939925e-20,0.4453270810571009,0.012126266079402332,1.01,0.2582230692934975,0.01609874757296501,0.1,sicl
KSSL_15924940,KSSL_70963.0,sand,12.412142405172142,1.2496128895202818,1.1870132008378718e-16,0.5233833378569035,90.9,7.0,2.1,,25.0,,,0.016040328052164064,5,0.5509433962264151,2.1911325046857896e-13,0.5233631811672884,12.046339734100705,1.0100000002413652,0.2482466851029165,0.01601077641599142,0.3,s
KSSL_15938386,KSSL_73394.0,loam,31.622776600740213,1.1157965580082048,3.8200529205109847e-14,0.562358940555513,28.4,47.7,23.9,,11.5,39.08527,-114.89971,0.01461660005488088,5,0.5924528301886792,7.622080166323861e-21,0.5623789730174807,31.62277660168378,1.0100000676891676,0.11463895651159221,0.014605586613927647,5.0,l
KSSL_203213,KSSL_33522.0,silty clay,6.047411401946929,1.1588930998045157,0.09917582289152384,0.49830002299397197,12.740141557128414,41.45601617795754,45.80384226491406,,17.5,32.736557,-106.18628,0.008073916366249325,5,0.5245283018867924,0.10081023237904023,0.49829827974434887,5.792914145099801,1.010000014470272,0.159504083087066,0.00807149860401197,0.9,sic
KSSL_15930221,KSSL_72143.0,silt loam,0.033391417421433256,1.3624389080936652,0.0013885057628977686,0.403244706837164,1.8,81.3,16.9,,17.0,,,0.003772929549674589,5,0.4037735849056603,0.07145376338083978,0.4061487940682873,0.009851331914423462,1.0100000001282068,0.8930286365825056,0.0015620677992860543,0.7,sil
KSSL_201048,KSSL_33087.0,loam,0.05301466212530252,1.4103326821280904,0.0439656288931037,0.48191998970211364,50.2,38.4,11.4,,14.0,45.000664,-117.16566,0.018198535766070577,5,0.5245283018867924,0.10309551090961128,0.4862623971778995,0.015000927332186127,1.01,0.9799999999999989,0.014101950814142573,2.1,l
KSSL_110052,KSSL_17571.0,sandy loam,0.035109991261482905,1.8857763016344655,0.028430315386241866,0.3050910543550972,67.7,28.7,3.6,,44.5,45.57777,-91.628494,0.01549730612601468,5,0.3056603773584906,0.03372936758953483,0.31246647880670214,0.019836149592254135,1.3285531910197583,0.9799999999999999,0.013511961856578136,0.33999999999999997,sl
KSSL_15938377,KSSL_73391.0,sandy loam,13.607706045443214,1.137958130162573,8.173759146078981e-17,0.3978979751831003,67.3,19.7,13.0,,32.0,41.580215,-115.93645,0.009044076991415068,5,0.4188679245283019,3.5625604400910693e-13,0.3978801640780754,13.384548762297811,1.0100003207310961,0.13689309089306254,0.00902376903934239,1.4,cosl
KSSL_15938343,KSSL_73381.0,sandy clay loam,0.18629221310758645,1.1834570698835392,0.07724030157415786,0.2917812057707521,52.9,22.8,24.3,,103.0,37.57494,-112.90154,0.007432366397736974,5,0.26792452830188673,0.04673648027775569,0.2895102584590076,0.28456335829552487,6.763918891856335,0.020000102001249246,0.006216961018819871,0.1,scl
KSSL_124763,KSSL_19807.0,clay loam,0.12771724074073237,1.1310958188509355,2.6121522317804208e-09,0.4333603666770228,25.1,35.6,39.3,,50.0,34.7062,-102.96742,0.005784188095431028,5,0.3849056603773584,6.266322343429523e-17,0.43382816444605693,0.10963911666252443,1.0100000000074125,0.13466487508585903,0.00560530150009324,0.55,cl
KSSL_170741,KSSL_27101.0,clay,0.10612146223540925,1.3028011248417828,0.27192025433048084,0.539025120060621,5.7,29.0,65.3,,118.5,45.280888,-123.02792,0.0044076121837974885,5,0.41509433962264153,0.2239140446924729,0.5373101895366096,0.17684671391120574,2.102025040961779,0.09354432214962756,0.003679317018408387,0.3,c
KSSL_15946992,KSSL_75110.0,clay loam,0.23860121445434396,1.3409242086876914,0.08563370732533254,0.42732111992630484,31.6,39.7,28.7,,57.5,43.45364,-105.26468,0.010693287664678936,5,0.4490566037735849,0.07562213005227357,0.42660378776250074,0.31304343931765843,10.683220186920055,0.027985501093806486,0.009960188669571086,0.8,cl
KSSL_15741186,KSSL_39436.0,clay loam,0.005096956114812313,2.6727478149958426,0.23099772487771006,0.37264028908083935,32.6,36.7,30.7,,131.5,39.950085,-97.877892,0.011392264498468538,5,0.3245283018867925,0.21551050645148168,0.36955864841693703,0.008235910545670506,10.999999570982956,0.07651390081119776,0.01052906219319341,0.3,cl
KSSL_15745571,KSSL_40168.0,sandy loam,7.677334989270491,1.206725957473308,0.044733779277332374,0.35490610297461117,61.5,29.2,9.3,,10.0,38.783382,-100.09427,0.0044701368343505665,5,0.3735849056603773,0.044892436037658245,0.354905666777796,7.632199501264789,2.0633664104236833,0.1003995814175951,0.004469268116525547,1.1,cosl
KSSL_123746,KSSL_19661.0,sandy loam,0.06574627789531089,1.487889355745751,0.06074981676691918,0.29813657148151346,65.1,23.8,11.1,,133.5,45.049164,-90.864853,0.003794048432319764,5,0.290566037735849,0.07618075243111173,0.29969065860685773,0.032950113746271756,1.1523897631619928,0.6664399767759362,0.0032149450813308,0.06999999999999999,fsl
KSSL_15742243,KSSL_39606.0,silty clay,0.02269769522564651,1.1446137147568787,3.522922904543191e-22,0.4244609649674051,6.7,51.6,41.7,,160.0,39.683498,-98.212532,0.016531880855362027,5,0.41509433962264153,8.296580388540404e-24,0.4255993698662777,0.018663720431481352,1.01,0.15287985472955895,0.016102640599508153,0.7,sic
KSSL_203184,KSSL_33517.0,clay loam,0.02308916496971059,1.4627207069396608,0.07240459629772047,0.36405832681015093,27.300930713547057,43.743536711478804,28.95553257497415,,132.0,32.469639,-106.35172,0.005900594348444993,5,0.38113207547169814,3.5857152582238626e-19,0.3620757215696465,0.04553214252647069,5.130710792092352,0.04774028383381045,0.0038047814920348145,0.0,cl
KSSL_121490,KSSL_19324.0,sandy clay loam,0.2595970471723989,1.122469432475841,0.02708976512501062,0.3580516739608089,48.9,23.9,27.2,,106.5,30.094954,-95.971924,0.01158472246002435,5,0.3094339622641509,4.0016254690813947e-17,0.35713930365285107,0.3805608760834333,5.069474468475427,0.020000000000033786,0.011185220721988541,0.16,scl
KSSL_15745491,KSSL_40154.0,sandy clay loam,0.5697309947424093,1.3295630688346842,0.2037418021606031,0.5736629025222572,52.6,22.4,25.0,,37.5,36.371166,-120.74622,0.0038193428927516086,5,0.6037735849056604,0.2003896438894982,0.5735849074278208,0.651145568179516,7.148353578939456,0.043826590649273606,0.0035448024502848017,0.8,scl
KSSL_212034,KSSL_35066.0,loam,0.041781601405132845,1.4997827134021873,0.182945595755184,0.38027327293658125,29.5,44.8,25.7,,44.5,35.267666,-111.7447,0.0021881984962965713,5,0.3999999999999999,0.16516560846029216,0.38000006592630997,0.0673854046999637,10.85428254864444,0.03259432515570355,0.0013478188024809957,0.7,l
KSSL_118998,KSSL_18893.0,loamy sand,0.4687859757955577,1.2970890849866008,3.1626948572566763e-13,0.46485418451599714,82.8,11.0,6.2,,132.5,31.752356,-109.98454,0.0210562504301027,5,0.49056603773584906,1.864252225755943e-11,0.4644271240859199,0.36012921833843287,1.01,0.3134568941317512,0.020414932656140236,0.06,lcos
KSSL_146267,KSSL_22876.0,sandy loam,0.027939347862815465,2.3679077128869306,0.08839987480945982,0.3470347567670193,52.1,33.4,14.5,,4.0,,,0.02162406243438086,5,0.3999999999999999,0.08323711404981786,0.3635953789356774,0.02214515356492906,1.366061153729167,0.9799999999999999,0.0194401947084063,1.8199999999999998,fsl
KSSL_108739,KSSL_17343.0,sandy loam,0.129458084835288,2.084170476724062,0.079680001,0.4104323061079386,76.3,15.0,8.7,,6.0,38.325809,-111.53492,0.025316142553550223,5,0.3735849056603773,0.079680001,0.4021217705851433,0.1889686292987686,10.999999999900195,0.08010219755521317,0.01584152133126959,0.48,fsl
KSSL_15745562,KSSL_40165.0,silty clay loam,0.0031293854313523698,2.2728700292442046,0.2228682047501076,0.3941668104070134,6.7,54.6,38.7,,113.5,38.479889,-100.94386,0.025186830699593387,5,0.4075471698113208,0.03846863445181361,0.39356886239109073,0.00751232438670944,10.99999999999834,0.020000000001823438,0.024549272833687297,0.3,sicl
KSSL_161993,KSSL_25396.0,sandy loam,7.436210060418445,1.1833684830867945,6.095835017690774e-09,0.4086734510438554,72.8,19.6,7.6,,50.5,43.760433,-116.10069,0.0040391117945453225,5,0.43018867924528303,2.1491257470441037e-15,0.4086682649812973,7.3027478127759,1.0100000246295102,0.181999545951461,0.004020784784543392,0.3,cosl
KSSL_121234,KSSL_19298.0,sand,0.11343634590113401,6.775835382549377,0.04428000099999999,0.4176969919344396,89.9,5.3,4.8,,100.0,42.843864,-101.34076,0.024370427466136598,5,0.36226415094339626,0.04428000099999999,0.4229269336741761,0.16672140730221982,10.99999999999999,0.16069606376891357,0.019879129377700602,0.13,s
KSSL_15745476,KSSL_40152.0,sandy clay loam,3.897873916430993,1.072717878685288,1.1701570582634799e-08,0.46241948860248794,45.1,24.4,30.5,,34.5,36.381332,-120.69342,0.0023761710753605948,5,0.4867924528301887,3.726365561878857e-15,0.4624122241218568,3.852065140035496,1.01,0.07210988279619378,0.0023549083507913566,0.6,scl
KSSL_121724,KSSL_19360.0,silt loam,0.13111156099264334,1.2767728369630467,0.062178488252507685,0.45990238985698584,26.0,51.0,23.0,,29.5,38.347187,-112.98719,0.010643581808205183,5,0.45660377358490567,2.5885265192084255e-22,0.4557781506975895,0.24043064876217154,9.086481802083497,0.020000000000000066,0.006866979374758601,,sil
KSSL_146270,KSSL_22876.0,sandy loam,0.23743456662626874,1.3962067445453392,0.024427981373588956,0.4283198872581951,52.1,33.4,14.5,,4.0,,,0.025206127570708208,5,0.4528301886792453,0.054358185026583655,0.4251614750524924,0.08832109377975006,1.01,0.6664534735965565,0.023818470426780317,1.8199999999999998,fsl
KSSL_15830002,KSSL_53263.0,silty clay loam,0.007863073569066414,1.2140819401824816,1.3698975155298764e-15,0.4511956461239857,4.3,58.0,37.7,,59.0,39.614937,-97.875488,0.02826369908197525,5,0.3660377358490565,0.20629351985965605,0.4526766717558446,0.002229630445468819,1.01,0.979960028000103,0.027847113029772205,0.9,sicl
KSSL_15929767,KSSL_72021.0,clay loam,0.23770729474651495,1.1379721916979246,0.06824871141487529,0.4875819072095421,34.4,36.6,29.0,,52.5,41.986179,-120.7158,0.0037192000265640402,5,0.5132075471698113,0.1099907142962138,0.4875963342987091,0.18301747696808943,1.0100000000000482,0.16887284280953974,0.0036703208850235847,0.9,cl
KSSL_15745475,KSSL_40152.0,loam,31.622776601683746,1.1448611333535768,0.16840348695907698,0.46904872561776845,42.1,31.8,26.1,,20.0,36.381332,-120.69342,0.0064200260625874896,5,0.49433962264150944,0.1683123306219164,0.469050599671916,31.622776598807558,1.0100002140455764,0.14333064600582893,0.006414450249481528,1.0,l
KSSL_15924946,KSSL_70965.0,sandy loam,0.5075102801113872,1.2287347631211416,0.02033353174411871,0.3975873142701436,60.4,27.2,12.4,,7.5,35.118137,-119.59603,0.009003032274210872,5,0.4188679245283019,0.0401996435369411,0.3973461071420868,0.3631641166322434,1.0100000000002822,0.27138369511928334,0.008741143522170702,1.2,fsl
KSSL_194699,KSSL_31774.0,loam,0.12622985237177697,2.033608631729732,0.033361349692383066,0.5191897514357847,44.5,41.7,13.8,,120.5,36.386276,-114.42875,0.008510125985512325,5,0.5471698113207547,0.037144807452008224,0.5192460747563327,0.07433919179495938,1.4189609135965795,0.9799999999999999,0.005994741591355816,0.1,l
KSSL_15741131,KSSL_39425.0,clay,0.002385068090775803,1.2262088911633349,1.5923842578156768e-13,0.5034480831510914,5.1,36.3,58.6,,121.0,38.592171,-94.847878,0.015342664624560211,5,0.3056603773584906,2.2179856025862256e-17,0.5052215423856459,0.0012031390363043783,1.01,0.31823982819058305,0.014923511899345541,0.3,c
KSSL_15938365,KSSL_73387.0,loam,1.7316543684709234,1.099744534625665,4.893010481509854e-09,0.3691141139476136,38.6,43.0,18.4,,36.0,41.408012,-115.44645,0.0039233370929039404,5,0.3886792452830189,3.2183212864921084e-10,0.36908355657779535,1.6681915413769453,1.0100000003569207,0.09933193056105882,0.0038603276683991717,1.1,l
KSSL_15929250,KSSL_71939.0,sandy loam,0.40894855466213,1.2763940901408843,8.485309883636438e-25,0.4170735917477578,55.2,37.5,7.3,,28.0,,,0.01755195960068288,5,0.44150943396226416,2.4537255330766914e-20,0.4162188289406345,0.30470913524691556,1.01,0.29426667314681926,0.016443382959622034,0.3,sl
KSSL_197857,KSSL_32339.0,sandy clay loam,0.12351591192060041,7.669106275116446,0.218240001,0.5471082744037915,48.1,21.6,30.3,,121.0,40.20039,-75.664391,0.025947823856839566,5,0.3018867924528301,0.218240001,0.5484191064977434,0.15000378989776914,10.999999999999998,0.3428815538101448,0.02575430498492245,0.0,scl
KSSL_96824,KSSL_15360.0,silty clay loam,0.053928675983976236,1.2433120458370681,0.10699863725358158,0.4912822913198594,4.6,55.6,39.8,,35.5,38.995026,-98.944824,0.006549969389816683,5,0.3547169811320754,0.19414267824919262,0.49141917285816894,0.02088814021242873,1.01,0.5330996869046137,0.005702255452340137,0.6799999999999999,sicl
KSSL_197865,KSSL_32340.0,sandy loam,0.018674607850366537,2.9805053236900987,0.11525252119623948,0.5037936722250917,61.7,35.4,2.9,,170.5,39.874222,-75.931915,0.02454618428310566,5,0.5471698113207547,0.11559233049763731,0.5042582293482984,0.015002082837454949,2.6304109348267177,0.9799999994532175,0.024519923166513045,0.0,fsl
KSSL_124762,KSSL_19807.0,clay loam,0.11890822815670105,1.2086758564505264,0.025900951503585262,0.4795459820751007,32.5,32.7,34.8,,28.5,34.7062,-102.96742,0.011113980255379604,5,0.3849056603773584,0.08725095107277002,0.4796667479947141,0.06996697522909977,1.01,0.3058330266151785,0.01107226425935276,0.77,cl
KSSL_208979,KSSL_34523.0,sandy loam,0.0408213409558869,1.5511535199917037,0.020140809767240322,0.3894605049690936,54.3,37.2,8.5,,146.0,44.066109,-98.348663,0.011309030041373002,5,0.4188679245283019,0.04897009483824299,0.3945130000679182,0.014943497009022472,1.0666979785114503,0.9799999999720944,0.009760631221286408,0.1,fsl
KSSL_123750,KSSL_19662.0,silt loam,0.0838761651203183,1.258738299891326,8.257579171169388e-19,0.42908302781640506,11.9,73.0,15.1,,11.5,44.945553,-90.537346,0.008655397281054031,5,0.45660377358490567,0.07588231683398226,0.42879431034215637,0.03454992615713816,1.01,0.4968223695162239,0.007119571903646147,1.75,sil
KSSL_15938353,KSSL_73383.0,silty clay,0.09488362259038222,1.1415113814857538,2.303258116742838e-17,0.4714297010735072,0.9,52.9,46.2,,186.0,39.367981,-111.57803,0.016053271375201555,5,0.46037735849056594,3.429855849339878e-18,0.4709843022087021,0.07286335804106223,1.01,0.14974244874474119,0.015548270083546886,0.3,sic
KSSL_203229,KSSL_33524.0,silt loam,0.034663380300954165,3.3169379427788352,0.06222000099999999,0.5736095201522297,25.33609100310238,54.291623578076525,20.372285418821097,,54.5,32.894501,-106.12539,0.002673115917132251,5,0.6037735849056604,0.06222000099999999,0.5735859274880856,0.04179460781092754,10.999966775978065,0.1842329515319929,0.0022772587673989576,0.0,sil
KSSL_170729,KSSL_27098.0,silty clay loam,0.8209989027324184,1.1011837729526295,2.3981860121745404e-17,0.44682561868250453,11.6,52.9,35.5,,23.0,45.291054,-123.033,0.01156930200902794,5,0.4716981132075472,2.3129309049923703e-23,0.4465683146330601,0.7584944320431878,1.0100000000000002,0.10159089083481283,0.011383600871900657,1.7,sicl
KSSL_176739,KSSL_28526.0,loamy sand,0.8113849487605735,1.2606201600207472,0.025640245844656035,0.3902196892672082,86.3,8.9,4.8,,9.0,47.716106,-96.268135,0.024508727162247564,5,0.41132075471698104,0.04120063168445973,0.38973108877447016,0.5560752708904897,1.01000000000006,0.30981402880870357,0.024296578891876815,1.7,lcos
KSSL_15742249,KSSL_39607.0,silty clay loam,0.040538091545413484,1.477245884365749,0.14100696827976703,0.43553332827039365,7.2,59.4,33.4,,96.0,39.454418,-98.703575,0.002391993115022282,5,0.4528301886792453,0.15018790249950087,0.436045325177653,0.03281185634814373,1.3431103429610483,0.41513900079714716,0.002322666922204281,0.5,sicl
KSSL_15745815,KSSL_40209.0,silty clay,0.001974772361358768,1.3348045907758994,2.262269075119607e-11,0.44773842247122464,4.3,49.8,45.9,,132.5,38.53825,-95.245888,0.029569398685987937,5,0.3018867924528301,0.09378020376192425,0.45092660703086307,0.0005321852852061053,1.01,0.9796746271888579,0.02931904072207562,0.4,sic
KSSL_198479,KSSL_32450.0,sandy loam,0.9524916685723878,1.1605240800349923,1.190915764087944e-12,0.3731374380147518,68.1,20.5,11.4,,46.5,39.570889,-105.80353,0.010314982324159108,5,0.39245283018867916,5e-324,0.37283020166229874,1.0546555938772755,7.0015689316807395,0.022526853065223854,0.010089342918239657,0.8,sl
KSSL_178321,KSSL_28816.0,clay,0.10093417769720618,1.170678888875553,0.06099409171606668,0.6117752676809178,28.4,22.2,49.4,,117.5,40.247112,-93.71447,0.01991289967415045,5,0.3056603773584906,5.853887492311908e-14,0.6073728500441907,0.15964776798548314,6.479670853286584,0.020000000000003116,0.018014819278420288,0.1,c
KSSL_15938357,KSSL_73385.0,loam,0.36551467819935823,1.227516678810208,6.817681798411201e-12,0.5292400525205964,41.4,40.8,17.8,,6.0,41.568638,-115.03233,0.017032859762390593,5,0.5584905660377358,0.020591654687848945,0.5288142849739267,0.2665853660648722,1.01,0.2611062043440607,0.016531391806779636,3.6,l
KSSL_119005,KSSL_18895.0,sandy clay loam,1.9971725088993766,1.2201010086975117,0.07238582049027749,0.5413035574448372,50.4,23.3,26.3,,9.5,31.752356,-109.95038,0.002468013533176476,5,0.5698113207547169,0.07734465503555096,0.5412930207512162,1.7705782017099367,1.0100000000000005,0.22766593082064449,0.002383446138362763,2.1,scl
KSSL_123724,KSSL_19659.0,sandy loam,0.05342850680147607,1.4344273800362985,0.06323061248569041,0.3543705804577091,56.9,29.8,13.3,,88.5,45.316383,-90.476227,0.007209091016208244,5,0.3056603773584906,0.09721614108973459,0.3572485718445384,0.015431911242917672,1.0100000000079719,0.9799999999997849,0.005287457734308978,0.05,fsl
KSSL_15745481,KSSL_40153.0,sandy loam,11.939337416498919,1.1102519314039878,1.436136738519031e-09,0.5879166782980237,67.8,17.7,14.5,,6.5,36.377945,-120.65434,0.0044257471240097945,5,0.6188679245283019,1.2374827517539376e-16,0.5879128637121981,11.848350897426776,1.0100000002214213,0.10925870926800266,0.004414859278353474,1.9,sl
KSSL_118516,KSSL_18819.0,sandy loam,0.027055171432331722,2.167431219884894,0.10985931778584097,0.29763766225499194,67.8,16.6,15.6,,109.0,,,0.012130884998320155,5,0.33207547169811313,0.10935079248732262,0.30170748240130524,0.017894457128189746,1.4574889858190545,0.9799999999999999,0.011894826834715978,0.29,sl
KSSL_170756,KSSL_27107.0,silty clay,0.8323610520630221,1.084670695979293,3.1859508303946153e-16,0.4397031627887678,13.3,45.0,41.7,,37.0,45.041191,-123.13897,0.009262432459805688,5,0.4641509433962264,2.0566226143470592e-19,0.4395115023435578,0.7795036939775498,1.01,0.08478400980720927,0.009116080828173095,1.8,sic
KSSL_15938364,KSSL_73387.0,loam,0.5332060419154345,1.3454064939900874,0.1025763998996407,0.5240934567846303,34.2,45.4,20.4,,12.5,41.408012,-115.44645,0.011838948915991548,5,0.5509433962264151,0.1006192474882998,0.5233962397797323,0.6204537661930293,10.169480056653166,0.032491945143461265,0.010897962023971216,3.2,l
KSSL_146282,KSSL_22877.0,sandy loam,0.03264470815860695,2.188748333969473,0.10349103870710095,0.3502654460099589,52.1,33.4,14.5,,4.0,,,0.021574652964138505,5,0.3999999999999999,0.09943055053748588,0.36890317207446244,0.025099474976054036,1.216796158350419,0.9799999999999999,0.018733001010208146,1.8199999999999998,fsl
KSSL_15746063,KSSL_40271.0,silt loam,0.07195419131347958,1.9992224897438744,0.09779000099999999,0.4804342639347394,35.2,53.1,11.7,,167.5,39.817444,-94.91925,0.004584666447193274,5,0.5056603773584905,0.09779000099999999,0.4803773647442347,0.08175196078160503,10.983505306367377,0.08651769313105888,0.004258141837792126,0.4,sil
KSSL_90859,KSSL_14282.0,sandy loam,0.018682505693951156,2.3447011067673955,0.08887097244407326,0.41386088177159114,65.8,23.9,10.3,,19.0,36.966915,-115.97031,0.025130868107713755,5,0.4867924528301887,0.08833421642376967,0.4186835784031865,0.01273972697604529,1.707749565030901,0.9799999999999999,0.024404179626201204,0.19,vfsl
KSSL_208975,KSSL_34523.0,loam,0.7042116637602258,1.171081586475784,0.0640889334286844,0.4085633679152079,41.0,33.6,25.4,,28.0,44.066109,-98.348663,0.0038350976088425952,5,0.43018867924528303,0.07788520789854723,0.4085111780836322,0.5837320304635403,1.0100000376541625,0.18822272742468127,0.0037210310532369874,1.1,l
KSSL_208332,KSSL_34375.0,loamy sand,0.5650095643600702,1.409524819330204,4.1912794349599383e-17,0.5011321018079863,72.4,25.7,1.9,,7.5,61.191307,-145.64781,0.02479546978014223,5,0.5283018867924528,1.170161404778868e-16,0.500389833273926,0.40158359602232874,1.0100000000000005,0.44401357719959844,0.023813173253172462,0.8,lfs
KSSL_15746059,KSSL_40271.0,clay,0.0036683480321666713,2.079697465056605,0.2887659718555118,0.4782173930801254,0.4,37.7,61.9,,36.5,39.817444,-94.91925,0.009775118355930824,5,0.3094339622641509,0.30155316980464714,0.4792693494314445,0.002461631158522661,1.772506211575748,0.9799999999999999,0.009668503099944301,0.9,c
KSSL_170686,KSSL_27084.0,silty clay loam,0.04181469462611489,1.1623951633528662,3.122305635746473e-20,0.38786096471161724,13.0,56.8,30.2,,33.0,45.350357,-123.01092,0.00436484305071126,5,0.4075471698113208,4.595735544610225e-16,0.38953670018157377,0.035087464496017226,1.01,0.16959051991423346,0.003703450703249613,1.0,sicl
KSSL_15745486,KSSL_40153.0,sandy loam,0.36012378852239674,1.3100684242047773,0.2802262833672602,0.5057911868092019,71.8,11.8,16.4,,76.0,36.377945,-120.65434,0.007826023226243605,5,0.5320754716981132,0.2782304461517072,0.5054717063209435,0.42131385858410214,8.72362165330286,0.03370722211935749,0.007520144350449253,0.2,sl
KSSL_15929251,KSSL_71939.0,sandy loam,0.6344518140618255,1.2729345295389654,5.8484254246913285e-24,0.39708890699477384,53.5,39.6,6.9,,66.5,,,0.011386343695539859,5,0.4188679245283019,3.385767510532688e-19,0.3966867802932367,0.5152508736082019,1.0100000000000007,0.28303307080822976,0.010611794481326854,0.1,sl
KSSL_15921956,KSSL_70510.0,silty clay loam,0.02173694382069646,1.1666577431460359,3.1923950804294193e-18,0.38252577214329225,3.5,64.1,32.4,,5.5,43.663456,-96.492882,0.005713753110439047,5,0.41132075471698104,8.005814360541334e-18,0.38386511500300785,0.01752925587249345,1.01,0.17716432480815492,0.004752665716821585,2.7,sicl
KSSL_170707,KSSL_27090.0,clay loam,0.0034761192906897095,1.2445473785816765,7.924739083333365e-23,0.34578047961581143,34.7,29.2,36.1,,153.0,45.327137,-123.14714,0.01000726159339742,5,0.34716981132075475,9.818139598276695e-19,0.3467675017259354,0.0017963010149778364,1.01,0.3289542576438667,0.009499268806450398,0.3,cl
KSSL_178550,KSSL_28844.0,silty clay loam,0.06534455587567026,1.8835510011403613,0.19684000100000001,0.6461572145390851,3.3,63.2,33.5,,35.5,42.444801,-95.767899,0.02165865636609605,5,0.4339622641509434,0.18893495649884343,0.6336028880295578,0.1117343756000282,10.999999999999982,0.056800070770488945,0.009975562702097679,0.9,sicl
KSSL_170673,KSSL_27080.0,clay loam,0.018185653653549804,2.038631347003494,0.2386018452855532,0.43258127615022585,29.8,30.7,39.5,,62.5,45.348415,-123.08565,0.008373247409773518,5,0.3999999999999999,0.24161496181090175,0.4349015779933629,0.010820867264990142,1.5298314230547747,0.9799999999999999,0.007820362639281842,0.4,cl
KSSL_197858,KSSL_32339.0,sandy loam,0.1280815447892914,6.272690761659096,0.07040000099999999,0.3085720690719539,76.9,14.0,9.1,,163.5,40.20039,-75.664391,0.023850771767982396,5,0.3245283018867925,0.07040000099999999,0.3097853995006516,0.1670121769079075,10.999999999983087,0.23852501305959486,0.02332047886398118,0.0,fsl
KSSL_170688,KSSL_27084.0,clay,0.09829792593893423,1.0821940301258466,5.026333982771627e-18,0.43117463813583967,18.2,38.4,43.4,,125.5,45.350357,-123.01092,0.0026054734228450212,5,0.3886792452830189,1.0446709288437447e-13,0.4315325785836759,0.09033022606364248,1.01,0.08315522756965793,0.0023284573947987986,0.5,c
KSSL_15741194,KSSL_39437.0,silt loam,0.25633478731506615,1.2116600236231794,1.2855726313273896e-11,0.447963376363622,21.2,58.5,20.3,,89.0,39.899693,-97.81472,0.005358018276085615,5,0.4716981132075472,1.2837972281844497e-13,0.4479125435943971,0.23159550256317307,1.010000001306402,0.21389859796147534,0.005135063555643778,0.8,sil
KSSL_194710,KSSL_31776.0,sandy loam,1.5489224930008718,1.3330768925220726,3.441572464480808e-11,0.4373215377839338,66.9,29.9,3.2,,72.5,36.68111,-114.28472,0.009451555696756153,5,0.46037735849056594,0.001002156122709519,0.43728243150186535,1.36968324861484,1.0100000000128726,0.3398592955608088,0.009343354649029936,0.3,vfsl
KSSL_170737,KSSL_27101.0,silty clay loam,0.771913760067197,1.1049136883773705,4.17726209339279e-23,0.4543313750707306,11.0,51.0,38.0,,9.0,45.280888,-123.02792,0.00963517945995678,5,0.4792452830188678,2.0352173558376918e-16,0.45415043738324434,0.7161203288196977,1.0100000000000011,0.10526455899359395,0.009453181290627565,1.5,sicl
KSSL_15745490,KSSL_40154.0,clay loam,1.711067753984084,1.1219955935320247,0.08620246609205752,0.5520721384549655,43.9,17.3,38.8,,23.5,36.371166,-120.74622,0.0031201072395205375,5,0.5811320754716982,0.09234547226118937,0.552072232928512,1.6089998866567772,1.0100000000007552,0.12446546840523194,0.0031182605774481616,0.9,cl
KSSL_198495,KSSL_32454.0,silt loam,2.5382531077397097,1.2229469587647108,9.12648551637933e-22,0.6736514343591858,30.7,56.2,13.1,,6.5,44.050919,-115.44322,0.022212047853117377,5,0.709433962264151,4.938066996800055e-17,0.6734220435681716,2.339532960105566,1.01,0.2239908367381663,0.021925334919179938,4.9,sil
KSSL_15748401,KSSL_40751.0,silt loam,0.023431325071689373,1.8753841013322132,0.16036927686780358,0.44271481951565755,7.3,69.0,23.7,,19.5,41.042416,-96.635803,0.007622580775551657,5,0.4641509433962264,0.13223917429868948,0.4409558249289712,0.04317310356107914,10.999999812234195,0.04643457371702031,0.005440434984781216,1.7,sil
KSSL_118983,KSSL_18891.0,sandy clay,0.03503629790698046,1.8236550162087954,0.2047137112164766,0.4111020562144922,49.4,7.5,43.1,,37.5,31.737633,-110.01816,0.008952276964685122,5,0.44150943396226416,0.20879644959228286,0.41643584733113814,0.01786617558203354,1.2337524026596745,0.9799999999998943,0.007919069280577333,0.77,sc
KSSL_118506,KSSL_18818.0,sand,21.47257574515754,1.184296723527651,2.5103606650509125e-14,0.3405552268145407,89.1,7.5,3.4,,52.0,45.415268,-93.93885,0.016471459367790826,5,0.3584905660377359,8.322996994020629e-16,0.3405430019847891,21.041886505546998,1.0100000031229586,0.18295815871639104,0.016462990180875825,0.38,cos
KSSL_15921965,KSSL_70511.0,silt loam,0.04402987900646874,1.7735830677026685,0.10008156478935935,0.47141770519530146,11.1,69.8,19.1,,143.5,43.664246,-96.49398,0.004559467611977136,5,0.4867924528301887,0.0887060395058979,0.4680475938268899,0.059895666453696796,2.4396822476251763,0.2511604306587825,0.003078107720191901,0.1,sil
KSSL_121257,KSSL_19303.0,silt loam,0.020477750114087753,2.5816525682979803,0.04194269889384571,0.5208431683243878,24.1,69.8,6.1,,1.5,47.006786,-118.57471,0.024408991648443817,5,0.5886792452830188,0.040996284820288935,0.5251051627137227,0.014687030596353633,1.9655612219686618,0.9799999999999977,0.02323101165690804,1.69,sil
KSSL_15951761,KSSL_75967.0,silt loam,0.068298584874103,1.3995835012347118,0.1171861928164473,0.45139931722052895,11.8,61.9,26.3,,67.0,38.5798,-101.74667,0.011372788268530616,5,0.47547169811320744,0.14248387451733008,0.45123260181412556,0.03303822832195886,1.01,0.6003528848336507,0.011133208669428818,0.3,sil
KSSL_170697,KSSL_27087.0,clay,0.01685664747771369,1.9106347715098577,0.25573178107636213,0.5220101431051595,20.2,38.9,40.9,,210.5,45.277195,-123.0508,0.014585660628567202,5,0.5773584905660378,0.2614706432562951,0.5269646343320334,0.00948862492316723,1.354632225065647,0.9799999999999999,0.013829072446909505,0.3,c
KSSL_15924757,KSSL_70932.0,silt loam,0.03271492102722721,1.1825431265161614,3.2051818412718594e-26,0.35796674569796927,13.4,62.3,24.3,,95.0,46.950207,-116.33989,0.010240778360780457,5,0.3660377358490565,1.6375215077902368e-38,0.35839874119927617,0.022094691495017388,1.01,0.20483649273008173,0.009132407892436483,0.2,sil
KSSL_162000,KSSL_25397.0,loam,0.029557641632519286,1.849456782222837,0.16903239318125615,0.436414663318067,29.9,44.9,25.2,,42.0,43.288208,-116.84515,0.01378060956680743,5,0.4679245283018868,0.16868141142900378,0.4360134338157809,0.03027281689054999,1.8999269920535509,0.43997874212232896,0.013779524031992658,1.3,l
KSSL_15951769,KSSL_75968.0,silty clay loam,0.03137997689181371,1.476317678515095,0.13378875592828157,0.3931597356603061,19.2,52.5,28.3,,70.5,38.470299,-101.78132,0.009026853664806628,5,0.41509433962264153,0.16422904564295732,0.3935201008633759,0.010329059911986242,1.0492089166030443,0.9799999999999999,0.00844852222200688,0.6,sicl
KSSL_121487,KSSL_19324.0,sandy loam,0.026073883861537583,2.3028370648636276,0.052130191134970305,0.36268367360283,61.9,30.5,7.6,,43.0,30.094954,-95.971924,0.018541588426826457,5,0.3169811320754716,0.05057154762466629,0.3707188570733194,0.017749295384900724,1.5513912551018865,0.9799999999999999,0.016620397538034244,0.16,fsl
KSSL_198483,KSSL_32451.0,loam,0.3883718943286915,1.2271371058065588,8.119767937874072e-17,0.5583360378027068,43.8,38.9,17.3,,31.5,39.303665,-106.1132,0.024855552355358655,5,0.5924528301886792,3.276351974631054e-20,0.55702767362569,0.2983378007144863,1.01,0.23929906589484107,0.023576272353919812,4.1,l
KSSL_208360,KSSL_34380.0,sandy loam,0.0235595943483197,1.7978523376453688,0.051177473775722945,0.3138237446317962,48.1,49.7,2.2,,43.5,63.305077,-147.6499,0.005581338220168095,5,0.3056603773584906,0.06025851160242468,0.31727532517340806,0.011650171338461001,1.3183666269074408,0.9799999999999998,0.004153030164108748,0.6,fsl
KSSL_15745487,KSSL_40153.0,sandy loam,0.4728194162251384,1.2485292990026482,0.21342457235646742,0.5377568406769065,73.1,11.6,15.3,,94.5,36.377945,-120.65434,0.0026047335019940845,5,0.5660377358490567,0.20251922294609379,0.5377358504008749,0.5898056214090174,5.333401144039949,0.041734704903114116,0.0025562212786816407,0.3,sl
KSSL_170702,KSSL_27090.0,loam,0.34965202200826007,1.1641783756189974,6.439539237484013e-23,0.41061306567943107,31.8,46.7,21.5,,18.0,45.327137,-123.14714,0.020801910356655448,5,0.4377358490566038,3.2413209584373316e-30,0.4088573310457677,0.26864855289151557,1.01,0.17209018312387006,0.020060493635326984,1.5,l
KSSL_146272,KSSL_22876.0,sandy loam,0.027381863725999916,2.657048588983521,0.10099731320127046,0.34523853458365616,52.1,33.4,14.5,,4.0,,,0.022321150671961103,5,0.3999999999999999,0.09228876778828803,0.3644609210499452,0.02403504139673274,1.385057427941203,0.9799999999999999,0.020629055360896993,1.8199999999999998,fsl
KSSL_15946982,KSSL_75109.0,sandy loam,0.308019528990876,1.2265964799406397,3.2996042865304787e-18,0.41043492660062636,55.7,28.4,15.9,,3.0,43.451351,-105.26745,0.016361966775463144,5,0.4339622641509434,1.023826647316171e-18,0.4098219093456928,0.2440117016259233,1.0100000000000011,0.23707572808537225,0.015690900401362996,2.0,vfsl
KSSL_176740,KSSL_28526.0,loamy sand,0.6672273279915598,1.2832478090816597,0.01498669707958093,0.3797480337410425,83.6,10.5,5.9,,22.0,47.716106,-96.268135,0.01770855484260101,5,0.3999999999999999,0.026909711521926172,0.37948333214425,0.47348134857022595,1.0100000000000018,0.32762411543596676,0.01753188548965367,1.5,lcos
KSSL_15741148,KSSL_39428.0,silty clay loam,0.05159742663878843,1.114447519413377,2.5926962992706906e-18,0.39607941534195296,5.1,57.3,37.6,,26.5,37.80241,-96.883362,0.006014339575460381,5,0.4188679245283019,6.592987208479628e-13,0.3960723936504988,0.04503089412991803,1.01,0.11743334031359555,0.00575270829296216,2.1,sicl
KSSL_15741184,KSSL_39436.0,loam,0.09705827410573617,1.1973938930893666,5.4503301240703075e-12,0.38984980486024945,34.4,46.2,19.4,,94.5,39.950085,-97.877892,0.007025143205358648,5,0.41132075471698104,5.6290718688838e-13,0.38971528394988536,0.08107814483641276,1.01,0.20419282186547713,0.006541011614866034,0.6,l
KSSL_15938347,KSSL_73383.0,silty clay loam,0.030522298975297808,1.295136628563987,2.3429809947514424e-19,0.40169857664922054,14.6,51.9,33.5,,6.5,39.367981,-111.57803,0.007425671197246258,5,0.4226415094339623,3.331626346281558e-20,0.40583653016245397,0.020615303161888976,1.0100000000000002,0.3336620540985756,0.005067018681272834,1.2,sicl
KSSL_123776,KSSL_19665.0,loam,0.08083322763951369,1.1482015035030708,3.500469863526431e-13,0.37087562406831603,33.4,42.7,23.9,,190.5,44.763329,-90.651512,0.006759063798869386,5,0.3358490566037735,4.97272239740594e-17,0.37138809715444915,0.06514487256895266,1.01,0.15546366593731673,0.006131318442384888,0.04,l
KSSL_162004,KSSL_25397.0,loam,0.22689037744688753,1.2775982891448654,0.06736734370959041,0.4688926302640659,32.4,47.3,20.3,,147.5,43.288208,-116.84515,0.010186642525257483,5,0.49433962264150944,0.09517635795411188,0.46856656589314266,0.13863294386067454,1.01,0.3620409401767091,0.009743005434847064,0.4,l
KSSL_15741137,KSSL_39426.0,silty clay,0.004412155389282594,1.1781579527542874,3.196988119644414e-16,0.4388987573359061,3.3,44.6,52.1,,90.5,38.697151,-95.60849,0.004947248318357949,5,0.3094339622641509,0.000246285515062479,0.4401557815697301,0.0030206996389554033,1.01,0.20717059560406978,0.004696747707112322,0.6,sic
KSSL_170683,KSSL_27083.0,sandy loam,0.146622078532342,1.176803672832732,0.05883560451659303,0.38619034339194247,74.2,16.5,9.3,,98.5,45.356083,-123.13331,0.005959083209091114,5,0.4037735849056603,2.0276016411969582e-12,0.38502437359431496,0.27043135937852625,6.0079933700585935,0.020000000138373955,0.0053237605284821125,0.2,fsl
KSSL_15741188,KSSL_39436.0,sand,1.1672157303141721,1.5495917059507662,0.02061466511257612,0.3728301909487264,88.4,7.4,4.2,,185.0,39.950085,-97.877892,0.000780727493616563,5,0.39245283018867916,0.02073982585359842,0.37283018845244503,1.1030368232529522,1.0897755324871956,0.5106027068797565,0.0007805913621495157,0.0,s
KSSL_118992,KSSL_18892.0,clay,0.08425335304922468,1.0942639675202284,1.2729386018055545e-10,0.46004222767165304,17.6,22.8,59.6,,123.5,31.737911,-109.9501,0.003457987245338417,5,0.4188679245283019,2.7205543108082697e-17,0.4604590809870684,0.07518576905509892,1.01,0.0961325617987629,0.0029730167648447177,0.09,c
KSSL_15830005,KSSL_53263.0,silty clay,0.005523657503039638,3.02373245762149,0.28224000099999996,0.446782572055999,4.1,54.2,41.7,,138.5,39.614937,-97.875488,0.028363652743954765,5,0.3094339622641509,0.23984687326674706,0.4629994975182579,0.003315972022098582,1.01,0.9799999996886147,0.02913769588209999,0.5,sic
KSSL_96832,KSSL_15360.0,clay loam,0.08144657153536733,1.2205207657299284,0.023202032581635414,0.4027109481965436,38.8,30.0,31.2,,252.5,38.995026,-98.944824,0.0038921776877661775,5,0.4226415094339623,5.045247133559016e-16,0.4019803995820735,0.09770597952950937,1.386474985315144,0.13780309262286802,0.003765045244110415,0.1,cl
KSSL_108790,KSSL_17350.0,silty clay,0.027745850506505312,1.2543136937639794,0.0698645221259628,0.46538978559027927,2.6,41.4,56.0,,59.5,38.979958,-112.44385,0.00422309517584565,5,0.4830188679245283,0.12945120802300625,0.46624840955717756,0.01822216544695481,1.1045552815573512,0.3483060868348568,0.004154092331051979,0.4,sic
KSSL_108741,KSSL_17343.0,sandy loam,0.11741132680780006,1.5895322108508023,0.11918408030970835,0.4341885917058554,72.0,17.0,11.0,,69.0,38.325809,-111.53492,0.013223092416239987,5,0.4377358490566038,0.09989075834677252,0.429277800539618,0.20914697390572815,10.999999999999911,0.03681878334996793,0.00793747569550878,0.5,sl
KSSL_15745569,KSSL_40167.0,loamy sand,0.1200580712027899,1.9755824611322284,0.055480000999999744,0.4086939098437582,75.7,19.7,4.6,,7.0,39.585545,-99.759636,0.0045011975940495615,5,0.43018867924528303,0.05548000099999999,0.4086792458620119,0.12716212700154478,9.129704051074693,0.10486616811741387,0.00441288264648165,0.8,ls
KSSL_180165,KSSL_29148.0,sandy loam,0.025033079132489214,1.6923033363424322,0.10212701221271894,0.4073399772504879,62.2,23.1,14.7,,25.5,38.184807,-98.261131,0.008991594066141173,5,0.3358490566037735,0.0723222110883553,0.3997683459149789,0.043025542848148184,10.999999996891942,0.039239288570896785,0.008062928749468396,0.3,fsl
KSSL_180161,KSSL_29147.0,loam,0.024698276151373558,1.538337906919863,0.11871819577476081,0.4079233928368557,32.4,45.5,22.1,,144.0,38.329849,-98.291672,0.008337873303365582,5,0.3849056603773584,0.07002341624905208,0.4003723089290389,0.043589111209566316,10.999999999595127,0.028271667825808016,0.007796639363978881,0.4,l
KSSL_15938389,KSSL_73395.0,loam,0.2963685072939335,1.251270029217911,0.03434142371586113,0.47390880371317223,35.3,41.3,23.4,,31.5,39.233055,-114.2429,0.004947951537123296,5,0.4981132075471698,5e-324,0.47320773105452674,0.4416311407400751,9.989730517249864,0.020000000000000774,0.003547284193078413,3.0,l
KSSL_15951772,KSSL_75968.0,silt loam,0.08003520416495163,1.521451932202466,0.1043501401797037,0.4803435874689141,14.6,64.3,21.1,,168.0,38.470299,-101.78132,0.00601003999867943,5,0.5056603773584905,0.11115677754486045,0.4803561758158747,0.05985010055254443,1.202046805730261,0.5002963083984285,0.005984960355943247,0.1,sil
KSSL_15938368,KSSL_73388.0,silt loam,0.10442411550416904,1.3337066693270252,0.035066043024537155,0.5874934323770828,24.0,61.8,14.2,,53.0,41.2687,-116.8033,0.01677995981255582,5,0.6264150943396226,0.1247793325179797,0.5835317808344278,0.02675733001334705,1.01,0.8460994634957621,0.012584854703932044,2.0,sil
KSSL_118505,KSSL_18818.0,loamy sand,3.9628802601886903,1.1948948470133218,9.05291985533818e-21,0.37625895102676343,82.3,11.5,6.2,,30.5,45.415268,-93.93885,0.02307642379914106,5,0.39622641509433953,9.2187349641458e-13,0.376143872335792,3.692082793324265,1.010000000007622,0.1952157596613099,0.02301092703868228,0.99,ls
KSSL_15924807,KSSL_70940.0,sandy loam,1.0941748471476072,1.2082447111334917,1.7095606134239856e-10,0.49060043580444507,54.5,30.9,14.6,,29.0,39.657955,-110.3791,0.017979707124836347,5,0.5169811320754717,5.57837599590167e-12,0.4904147394261726,0.9778276723736373,1.01,0.2106754897981001,0.017745550113609714,2.3,fsl
KSSL_197855,KSSL_32339.0,sandy clay loam,0.12473727028005581,8.079719758071302,0.20815000099999997,0.5454936673935006,46.1,26.1,27.8,,72.5,40.20039,-75.664391,0.02955351093969958,5,0.27924528301886786,0.20815000099999997,0.5461757039233682,0.14623943626085972,10.999999999999998,0.4014269743176824,0.02948547363121044,0.1,scl
KSSL_118984,KSSL_18891.0,sandy loam,9.44256899796783,1.1119831295145863,1.5410319414200854e-11,0.4122511851378837,60.3,22.3,17.4,,76.0,31.737633,-110.01816,0.006105908425085,5,0.4339622641509434,3.0168599739162324e-12,0.4122443729795391,9.322873520018836,1.0100000000000133,0.11105428793924121,0.0060960483898172095,0.21000000000000002,cosl
KSSL_15924837,KSSL_70947.0,loam,0.7352007657841712,1.1954817945775085,8.148304133906346e-12,0.4693693894638307,37.1,42.2,20.7,,66.5,40.862949,-115.12067,0.006042035934214249,5,0.49433962264150944,5.3876190884803265e-15,0.4693161061360489,0.6541101431391012,1.0100000000267826,0.1979050884478251,0.005731412423819828,1.1,l
KSSL_201053,KSSL_33088.0,silt loam,4.50304909847197,1.1272819726271972,4.509131764204764e-24,0.5231206240162241,28.2,50.7,21.1,,2.5,43.165516,-119.54013,0.0208122246034294,5,0.5509433962264151,2.182469188135829e-19,0.522993058618128,4.324829832283093,1.0100000002006038,0.1268008943184022,0.020736501767127536,3.5,sil
KSSL_15748398,KSSL_40750.0,silt loam,0.005410191753090283,1.7386654089544402,0.1347377653537243,0.4351817427876126,3.4,72.7,23.9,,136.0,41.044498,-96.635834,0.01552772031970746,5,0.4037735849056603,0.03667837113549326,0.42760998836339165,0.010511335091588182,10.999999999999893,0.028958871793341848,0.012448648756171094,0.3,sil
KSSL_170742,KSSL_27101.0,clay,0.1051453421041764,1.1491228792411379,0.1623996330724952,0.5037716232075395,6.0,30.2,63.8,,151.0,45.280888,-123.02792,0.002531034501543836,5,0.4188679245283019,0.23661592705542783,0.5035960117789346,0.06344595247202836,1.01,0.24368047064758636,0.0020092449641089323,0.2,c
KSSL_208978,KSSL_34523.0,loam,0.012629403470181894,1.447969110876294,5e-324,0.34352930318056357,41.8,41.3,16.9,,110.5,44.066109,-98.348663,0.016910950210531104,5,0.38113207547169814,4.829128360566884e-35,0.3474977089654586,0.005085867714592781,1.01,0.6645338298987511,0.012898506062986058,0.2,l
KSSL_124761,KSSL_19807.0,loam,0.0803604459705494,1.415878050560676,0.06780203860466724,0.4889594838686761,41.4,35.6,23.0,,14.5,34.7062,-102.96742,0.016005880855949388,5,0.41509433962264153,0.11757204095731971,0.4895098535914536,0.021198428259320015,1.01,0.9799999999999822,0.0142774770709274,0.8099999999999999,l
KSSL_123725,KSSL_19659.0,sandy loam,0.055613227644404496,1.4286026045990063,0.06296436217283602,0.2896468747179568,61.9,26.4,11.7,,123.5,45.316383,-90.476227,0.0034046866356806514,5,0.26415094339622636,0.08838270552767592,0.291814039948679,0.01715231081027154,1.010000114675321,0.9136429144033135,0.0021284594954583957,0.04,fsl
KSSL_170710,KSSL_27091.0,loam,0.47709337006938357,1.141823930382472,1.738971678144684e-19,0.41353431743459595,36.0,39.5,24.5,,25.0,45.326557,-123.14939,0.012122219568229103,5,0.4377358490566038,1.3422256710908074e-20,0.4131174396242117,0.4140488159529517,1.01,0.14448948938092723,0.011694235287231467,0.8,l
KSSL_15742254,KSSL_39608.0,clay loam,0.03409608707412232,1.1512276726143125,6.063039174073002e-09,0.3930324834764572,24.8,39.4,35.8,,66.0,39.781193,-97.059776,0.002861898462606892,5,0.28301886792452835,5.024238754438213e-11,0.3941019819075086,0.02868353954868937,1.01,0.15780444906284966,0.0021296359604068777,0.3,cl
KSSL_15829992,KSSL_53262.0,silt loam,0.07037348894631035,1.4137464821023555,0.03974922504833127,0.378968697072848,12.3,74.0,13.7,,22.0,37.198971,-94.980942,0.019797542935527254,5,0.3999999999999999,0.0785701611474321,0.37675590953811844,0.021212133990074853,1.01,0.8677191194744628,0.018893945625569373,1.0,sil
KSSL_15924825,KSSL_70944.0,loamy sand,0.0997281729009485,1.450080839725053,1.017288346856444e-31,0.3967942273127475,85.3,8.8,5.9,,80.0,40.000038,-111.68554,0.023862502615273035,5,0.4339622641509434,0.027803189350472615,0.39474813075090137,0.024838076060794904,1.01,0.9799999999999999,0.01901204756865501,0.7,lcos
KSSL_198476,KSSL_32450.0,silt loam,31.622776601671262,1.2347810587606451,0.1454996937252395,0.7519048394006707,25.4,56.8,17.8,,5.0,39.570889,-105.80353,0.012140739176001374,5,0.7924528301886792,0.14531962557888056,0.7519094386051416,31.622776601683455,1.0100000031393543,0.2322051529233372,0.012114257619358098,19.5,sil
KSSL_15946985,KSSL_75109.0,clay loam,0.04203700491638462,1.3628385707889101,0.10468348678189986,0.43688713754450625,23.6,40.9,35.5,,46.0,43.451351,-105.26745,0.001287548522811168,5,0.38113207547169814,0.08859559202456471,0.4364852592929742,0.04968341568635489,1.4846957646306984,0.2116693322654998,0.0011953098829394018,0.8,cl
KSSL_123763,KSSL_19664.0,silt loam,0.02402814083104993,1.965470862578631,0.08843136104148429,0.4107467986099125,34.2,54.7,11.1,,11.5,44.763329,-90.649567,0.025055772938905176,5,0.4792452830188678,0.07854919502365516,0.4351381275910236,0.01486868292449193,1.0100000001134841,0.9799999999999999,0.02201441218718907,2.1,sil
KSSL_15746062,KSSL_40271.0,silty clay loam,0.017865235326263124,1.4041498244089297,0.13938518585325027,0.4413423541260188,1.4,61.3,37.3,,118.5,39.817444,-94.91925,0.006331718133039402,5,0.42641509433962266,7.615409389702446e-19,0.43810842206943673,0.03755951580942866,4.548690534301983,0.0377191660778538,0.003579433410625987,0.5,sicl
KSSL_203222,KSSL_33523.0,silt loam,0.031771509439913505,2.353540978885313,0.07211047449085475,0.4949713021437144,43.854166666666664,54.6875,1.4583333333333333,,44.0,32.738972,-106.17052,0.004112021671229878,5,0.5207547169811321,0.06689934290419067,0.4947186251078854,0.04528527154367325,10.999740143665036,0.09514713608976882,0.002843121569049483,,sil
KSSL_203209,KSSL_33521.0,sandy loam,0.03725992892051366,2.8053175626051416,0.074360001,0.42673579661601846,69.02119071644803,25.428859737638746,5.549949545913218,,91.5,32.481487,-106.35681,0.006117058021784251,5,0.4490566037735849,0.074360001,0.42660632178510466,0.046068243557147705,10.999997518980862,0.14235847991266848,0.005491285522142427,,sl
KSSL_15742244,KSSL_39606.0,silty clay loam,0.012191546794995305,1.1699943386448914,6.703675349779387e-25,0.4302598236942449,7.9,53.2,38.9,,194.0,39.683498,-98.212532,0.01805873297258083,5,0.369811320754717,3.049591708712159e-20,0.4319010952150677,0.009428135688858951,1.01,0.1849398697944519,0.017432991202103378,0.3,sicl
KSSL_15938352,KSSL_73383.0,silty clay loam,0.10813985796523119,1.1976271976301067,6.471011681179495e-10,0.5269500483492132,7.3,58.2,34.5,,152.0,39.367981,-111.57803,0.007266384679175692,5,0.47547169811320744,2.035852586228653e-27,0.524599992950754,0.14224163125376113,1.6570544903248923,0.11074288368121186,0.006728337320818337,0.2,sicl
KSSL_15924930,KSSL_70961.0,sandy loam,7.520036406524306,1.2129591489063911,0.09850361148067148,0.2939715770786889,81.5,4.4,14.1,,28.0,,,0.0065428711893613265,5,0.3094339622641509,0.09923285849040032,0.2939622671552007,7.312476637793419,3.467057381554059,0.06227190777420272,0.006534716731906929,0.1,cosl
KSSL_15742257,KSSL_39608.0,silty clay loam,0.004113636773608412,1.2909067289955374,3.707030900623521e-16,0.4367600001657803,4.5,56.5,39.0,,170.5,39.781193,-97.059776,0.0165291773069642,5,0.3169811320754716,0.0001357307283501351,0.4390738199615153,0.002023414199492573,1.01,0.39643094660832073,0.01611456463909908,0.0,sicl
KSSL_194713,KSSL_31776.0,sand,31.62277660168378,1.302673676916109,0.00044834091962266,0.3725635325802875,92.8,5.7,1.5,,157.5,36.68111,-114.28472,0.016443821772050577,5,0.39245283018867916,0.00039846459365002173,0.37256482694912924,31.62277660168378,1.0100000000048157,0.29946420572210997,0.016438372374831672,0.1,fs
KSSL_146277,KSSL_22877.0,sandy loam,2.0868250338697822,1.2227692911411612,0.026421036475261877,0.40504162113915226,52.1,33.4,14.5,,4.0,,,0.011366780939078962,5,0.42641509433962266,0.03170719451761656,0.40499648890425927,1.7973665568630144,1.01000000000023,0.2334074651421299,0.01131354023751679,1.8199999999999998,fsl
KSSL_15745485,KSSL_40153.0,sandy clay loam,0.5709746081246085,1.238966903729788,0.2941558047592871,0.5092228561059949,67.0,12.3,20.7,,60.0,36.377945,-120.65434,0.0062319795350463435,5,0.5358490566037736,0.293752083756131,0.5090566107093643,0.6284304435567913,6.86851868418029,0.03405969864112503,0.006067682912108934,0.5,scl
KSSL_15938348,KSSL_73383.0,silty clay loam,0.020994647389014916,1.2937328655919889,1.3365431591315159e-18,0.397688409483019,13.0,53.3,33.7,,25.5,39.367981,-111.57803,0.007885730188843974,5,0.4075471698113208,4.603134952553511e-18,0.40169390078235134,0.014230958505561534,1.010000000000003,0.3331325890627437,0.005696015020612096,0.8,sicl
KSSL_123714,KSSL_19658.0,sandy loam,0.06787801552142401,1.2711543256315043,1.4217765129418174e-20,0.308915867227954,61.2,23.8,15.0,,84.0,45.31583,-90.476784,0.011815939073416196,5,0.2264150943396227,0.06689775476974304,0.30781159585191137,0.020229879797674075,1.01,0.6805446674124536,0.010939698513682993,0.1,sl
KSSL_170754,KSSL_27107.0,silty clay,0.02934768466740863,1.1539188895802628,6.118120180196393e-17,0.41875141247701747,13.7,45.6,40.7,,10.0,45.041191,-123.13897,0.005722057935684894,5,0.4339622641509434,1.0409847506579626e-21,0.42036769722045,0.02467355145031672,1.01,0.16102410782233534,0.005002394950176659,2.6,sic
KSSL_15748395,KSSL_40750.0,silt loam,0.003237154421571096,1.8048024412717747,0.16631885123848622,0.4290413792955289,7.3,67.5,25.2,,52.5,41.044498,-96.635834,0.012457186404319979,5,0.3735849056603773,0.1999129201282376,0.4302460363818785,0.0019412805874551742,1.5540343556358438,0.9799999999999999,0.012392355993221733,0.4,sil
KSSL_15938375,KSSL_73390.0,loam,0.3738910040906033,1.220730345879665,0.05997225017763576,0.3658427991073718,42.2,37.2,20.6,,62.5,40.978596,-115.17208,0.0056236623277679835,5,0.3849056603773584,0.036057088110132716,0.3656206937014571,0.5125892863324346,2.0156448304644123,0.08970263154826719,0.005473878510177153,1.0,l
KSSL_161997,KSSL_25397.0,loam,0.45960756761787785,1.33429626662741,0.07655224581305847,0.5120214997207304,45.2,39.7,15.1,,2.5,43.288208,-116.84515,0.023638193431902304,5,0.539622641509434,0.09477766776218875,0.5113133235720185,0.27902803438928075,1.01,0.4179005124511652,0.02317085235756733,3.3,l
KSSL_178552,KSSL_28844.0,silty clay loam,0.06617665751682655,1.9549647596119184,0.17236000099999985,0.6066599731328254,2.8,65.3,31.9,,94.0,42.444801,-95.767899,0.023605542617387412,5,0.47547169811320744,0.17236000099999998,0.5937001260295478,0.1099924265972536,10.99999999996309,0.06415990888501474,0.011895278797951278,0.6,sicl
KSSL_188164,KSSL_30551.0,sandy loam,30.046252088200955,1.15701355230289,6.958489521638442e-15,0.72414008232772,56.0,33.6,10.4,,27.0,47.044445,-121.94028,0.023803251397164747,5,0.7622641509433963,1.0887503517619242e-12,0.7241278462753818,29.715888714382448,1.010000000006292,0.15566964642438905,0.023792661420226145,4.1,sl
KSSL_108787,KSSL_17350.0,clay loam,0.26928808136754095,1.1496329932827822,2.274669028013282e-17,0.45521677201247057,22.1,48.4,29.5,,14.0,38.979958,-112.44385,0.014957076717031784,5,0.4830188679245283,1.37859157923688e-29,0.4543745604023915,0.2215845151871634,1.01,0.15477853582807682,0.01430137149263427,1.47,cl
KSSL_121612,KSSL_19347.0,silt loam,0.10105568102716601,1.1957480574512638,9.388269924055427e-25,0.39511835604359596,22.1,56.8,21.1,,13.5,39.956699,-83.442932,0.012835677931037931,5,0.41509433962264153,3.645137843242301e-15,0.3953152450982613,0.07429046174898184,1.01,0.21020700502198972,0.012219384034145436,1.1400000000000001,sil
KSSL_121615,KSSL_19347.0,clay,0.08754458670572482,1.1213122815700984,4.3061554805834276e-29,0.44568897695483223,25.0,34.7,40.3,,63.5,39.956699,-83.442932,0.01313352048443559,5,0.3396226415094339,4.414180215207884e-39,0.4450957084749779,0.06760514801366906,1.01,0.1281727221223674,0.012596853961730964,0.61,c
KSSL_118956,KSSL_18887.0,sandy clay loam,2.549856509188644,1.1135673509523525,5.27865637363285e-10,0.4442492516250932,61.3,10.0,28.7,,6.5,31.737911,-109.9501,0.011362675390785027,5,0.4679245283018868,1.4393333666698235e-15,0.44417078534145876,2.4491121664450635,1.0100000039642776,0.11315004281636983,0.011292048205076736,0.47000000000000003,scl
KSSL_151791,KSSL_23806.0,sandy loam,0.023308855044903112,3.3331196989664873,0.086490001,0.5628692626481343,57.4,42.4,0.2,,11.5,19.301096,-155.3009,0.025262556860427225,5,0.6339622641509434,0.086490001,0.5648358251815564,0.019677046207080103,2.8173814745180508,0.9799999999999998,0.02517870935224389,3.4,vfsl
KSSL_170723,KSSL_27094.0,loam,0.0006270424001748437,8.451992013011818,0.07284058472428269,0.38793150123571285,33.4,40.8,25.8,,133.0,45.36739,-123.08308,0.012399137569054622,5,0.3660377358490565,0.10329422748801628,0.38793150396368126,0.0007317068242737661,8.084035885671803,0.41116257812395507,0.01239913804761021,0.3,l
KSSL_15938385,KSSL_73393.0,clay,0.1421885026391615,1.1170515884627543,5.086035801568048e-19,0.48766869333549273,13.8,32.6,53.6,,63.5,38.99651,-115.42478,0.0065422806890011505,5,0.290566037735849,1.1659190315987268e-35,0.48660099539297164,0.18345165186417764,1.5225136627262525,0.07232707083360264,0.006413238579127145,1.2,c
KSSL_123757,KSSL_19663.0,silt loam,0.01752731456083969,1.7432968983373636,0.12365639847099691,0.4328210281324511,10.5,72.9,16.6,,11.5,44.948608,-90.535675,0.008704736018269344,5,0.4037735849056603,0.1401395975416703,0.43605363325237706,0.008504388681489478,1.32037283073165,0.9799999999999999,0.007799858666806552,1.53,sil
KSSL_201060,KSSL_33089.0,loam,18.460852929579104,1.1800766183470297,2.4437719202206786e-12,0.5341422180772233,40.8,49.9,9.3,,45.0,45.104832,-119.496,0.008163231834932819,5,0.5622641509433963,1.1250464043508766e-19,0.5341326853996994,18.203123639464508,1.0100000000000957,0.17861854269883234,0.008142552959345321,0.7,l
KSSL_170746,KSSL_27104.0,loam,0.10625774922407702,1.2090694742504569,5e-324,0.409440799666103,36.6,41.0,22.4,,12.5,45.291389,-123.12092,0.019305071689790235,5,0.4490566037735849,5e-324,0.4076855515575686,0.0661003294526189,1.01,0.23632201723246862,0.01738405765483575,1.8,l
KSSL_121730,KSSL_19360.0,silty clay,0.0006492523661023499,6.116645041559902,0.06681737398950253,0.48142500359134316,2.1,55.8,42.1,,232.5,38.347187,-112.98719,0.015945718070335558,5,0.34716981132075475,1.210722503610171e-133,0.4844561861243108,0.00039897949633192477,1.1580830867562435,0.9799999999999999,0.01592608074710229,0.06,sic
KSSL_170747,KSSL_27104.0,loam,0.6364979882486779,1.1345505066967918,3.0550439350026235e-23,0.3960687783105635,33.4,42.0,24.6,,41.0,45.291389,-123.12092,0.013091230464997812,5,0.4188679245283019,3.3208059777560902e-18,0.3955897610344553,0.560063953804464,1.01,0.13652997475400977,0.012750299429214669,0.4,l
KSSL_121722,KSSL_19360.0,silt loam,0.12166139010158454,1.2065851038884903,4.574030854732425e-17,0.46697422783772863,27.3,52.4,20.3,,2.5,38.347187,-112.98719,0.009582195334898746,5,0.4188679245283019,3.134938490837091e-26,0.4661251956603412,0.14053418901504316,1.3968912265154378,0.1421633977240709,0.00950705527329724,,sil
KSSL_203220,KSSL_33523.0,loam,0.034479134875492784,2.300205408304161,0.050331300850028314,0.4877234287434382,48.27586206896552,40.46653144016227,11.257606490872211,,12.5,32.738972,-106.17052,0.003973673293376363,5,0.5132075471698113,0.0457514652993361,0.4875479287761742,0.047757349609313444,10.99999663437755,0.09436743793304969,0.003053740307132598,0.2,l
KSSL_118996,KSSL_18893.0,sandy loam,1.1679498761966733,1.200998093687932,2.0500312948945224e-12,0.4193042316908746,75.3,16.0,8.7,,44.5,31.752356,-109.98454,0.012430499311119003,5,0.44150943396226416,1.6442076350700986e-15,0.41924247832584915,1.0648093368945546,1.010000000000277,0.20235117839206504,0.012336969036129724,0.37,cosl
KSSL_162003,KSSL_25397.0,loam,0.1056141904810426,1.3751084857894054,0.11409986636113503,0.4323646345901497,34.4,46.2,19.4,,110.5,43.288208,-116.84515,0.00778029330352007,5,0.45660377358490567,0.14130635057741223,0.4327655442155019,0.04656187090811268,1.0100000000000007,0.6007505211336233,0.0071216326302210335,0.4,l
KSSL_15745478,KSSL_40152.0,sandy clay loam,0.12081817042941581,1.3461814931382556,0.19673269010800085,0.4998067483200182,58.3,18.8,22.9,,76.5,36.381332,-120.69342,0.007996210736328018,5,0.5283018867924528,0.23359978142806465,0.4987373931881778,0.04498897313469289,1.01,0.6453311575282448,0.006402320160364338,0.3,scl
KSSL_15741175,KSSL_39435.0,silt loam,0.0803961431581114,1.7326066906768531,0.09256173117392195,0.5019102803729399,28.7,56.0,15.3,,33.0,39.936668,-97.848137,0.001644316833915476,5,0.5283018867924528,0.08973158815850904,0.5018867937512318,0.09650578479433092,9.941040113490304,0.06747853069881361,0.0013268944215005629,1.1,sil
KSSL_121742,KSSL_19361.0,sandy loam,0.12062526176665994,1.599098067152191,0.07404039594201609,0.42895910761013256,76.8,11.2,12.0,,119.5,38.346909,-112.98386,0.0292863865264638,5,0.43018867924528303,0.08623012603966397,0.42730198152715754,0.04129305994624223,1.1088155929846033,0.9799999999999985,0.028845493045448766,0.08,fsl
KSSL_15830001,KSSL_53263.0,silty clay,0.004814812675729811,3.312591970602283,0.30997000099995203,0.46234459730919375,2.4,49.9,47.7,,34.0,39.614937,-97.875488,0.026912229061744522,5,0.3094339622641509,0.30114032810361824,0.4610663651088492,0.007421943709403491,10.999999999999998,0.10705936777008962,0.02578926118790281,1.2,sic
KSSL_123768,KSSL_19664.0,loam,0.02916276292101882,1.4517492699221946,0.09265784997043662,0.31802146503664874,46.7,36.3,17.0,,150.0,44.763329,-90.649567,0.0052993311755792855,5,0.290566037735849,0.12028073865825638,0.3214039135412422,0.009302119193425173,1.020735187960142,0.9799999999999999,0.003931831020581373,0.04,l
KSSL_208347,KSSL_34378.0,loam,0.048245353036570314,1.8711468967310454,0.17004464372064243,0.622795420118973,44.6,38.3,17.1,,7.0,68.61647,-149.30312,0.012504497803424509,5,0.6679245283018868,0.1815592497380155,0.630942485414192,0.026085070690423547,1.37410104749314,0.9799999999999999,0.00707409609403554,13.8,l
KSSL_15929768,KSSL_72021.0,clay loam,0.4211891220162058,1.0569818853421724,1.8931284938928316e-11,0.47258356373975713,32.1,37.2,30.7,,79.0,41.986179,-120.7158,0.007917831988843585,5,0.4981132075471698,4.378597082666687e-22,0.47252255202302534,0.40104034128964067,1.01,0.056921439971577344,0.007873860526645708,0.8,cl
KSSL_15741185,KSSL_39436.0,loam,0.006517051584901977,1.8820173050504012,0.1619373134429738,0.35041705599034545,42.2,32.3,25.5,,116.0,39.950085,-97.877892,0.003728240063907721,5,0.3094339622641509,0.17461472300717668,0.35205439128252336,0.0038052784878181306,1.5065441413042095,0.9799999999999999,0.0032727609290505826,0.4,l
KSSL_146268,KSSL_22876.0,sandy loam,0.2710339288822358,1.285818750428802,0.038746545639218394,0.39274937508885316,52.1,33.4,14.5,,4.0,,,0.019686310342877843,5,0.41509433962264153,0.07491125689424759,0.39068159681773945,0.12319090513156884,1.01,0.446630968014212,0.01897240933791078,1.8199999999999998,fsl
KSSL_124769,KSSL_19808.0,silty clay,0.15098158378203033,1.1387458192896558,2.8309920698058064e-14,0.39457780398620196,5.6,52.8,41.6,,56.0,31.409079,-97.133904,0.01069503853000923,5,0.3509433962264151,2.1825554735712347e-12,0.3947162490921803,0.12656993135626662,1.010000000000359,0.14317415906974115,0.010496991689371219,0.53,sic
KSSL_212876,KSSL_35225.0,silt loam,0.018465995590516305,2.1086384989833924,0.15498000099999942,0.47823802223351874,0.6,73.7,25.7,,187.5,40.354889,-95.741943,0.014071973535990783,5,0.4830188679245283,0.13440028420529396,0.47033070794942505,0.033415541063454,10.999999999999995,0.058527418524524435,0.0066747980170558975,0.9,sil
KSSL_194708,KSSL_31776.0,silt loam,0.05210636456114981,1.5931947156595978,0.1508453030123785,0.5531844511426162,10.9,68.7,20.4,,26.5,36.68111,-114.28472,0.008204045115393532,5,0.4226415094339623,0.10726534637291484,0.5477815008136923,0.09404491192288957,3.544971020536784,0.10427774388487213,0.004681074884290967,0.7,sil
KSSL_123744,KSSL_19661.0,sandy loam,0.08402572216273371,1.5117478471730008,0.02320931606564067,0.34866101069866395,69.2,24.7,6.1,,73.5,45.049164,-90.864853,0.01144518172669462,5,0.3660377358490565,0.047324213431508,0.35015978670416104,0.026781912432229445,1.0612457562699995,0.9799999999999998,0.010765854637397574,0.1,sl
KSSL_15830003,KSSL_53263.0,silty clay loam,0.00607888419473617,3.1395558279708413,0.24734000099999998,0.4043813452116595,5.9,60.9,33.2,,86.0,39.614937,-97.875488,0.018965899856199914,5,0.3169811320754716,0.24734000099983494,0.4010861617145215,0.009044945060586434,10.99999999302856,0.11887751868739363,0.016189042171321617,0.4,sicl
KSSL_15941103,KSSL_73899.0,loam,1.7844762609735891,1.1678602661917852,7.61692137299817e-12,0.5304128588186079,27.3,48.2,24.5,,69.5,42.164539,-114.19279,0.005510131524205328,5,0.5584905660377358,7.954159723021964e-20,0.5303577308980282,1.6807581086336056,1.0100000000041571,0.16784929935229673,0.005303139027988049,0.7,l
KSSL_170730,KSSL_27098.0,silty clay,0.07958538926188242,1.0919110933902267,1.2268454491789646e-25,0.3954129536328387,10.6,47.2,42.2,,48.0,45.291054,-123.033,0.006003150364104369,5,0.39245283018867916,4.938926412469486e-24,0.3957533737462072,0.07079986778851904,1.01,0.09387781545894823,0.005694603798304142,0.7,sic
KSSL_15938378,KSSL_73391.0,loam,1.43465477077869,1.1489131997819793,1.380691826904316e-10,0.4122609733573768,48.2,31.4,20.4,,65.0,41.580215,-115.93645,0.004616254221355275,5,0.4339622641509434,1.2647599351965564e-14,0.4122637120706094,1.3578099197733615,1.0100000069425272,0.14875972117586247,0.004599475951098035,1.0,l
KSSL_15924823,KSSL_70944.0,loam,0.14332417582017962,1.277840475639267,0.06894302025350596,0.40734220716451314,47.1,33.8,19.1,,7.0,40.000038,-111.68554,0.014237500825293549,5,0.4226415094339623,0.02177445400484526,0.4016814022090826,0.2364596081609779,9.622343850629566,0.020000000000000424,0.010914085724689345,2.4,l
