layer_id,profile_id,texture_class,alpha_kpa,n,thetar,thetas,sand,silt,clay,ksat_cmh,depth_cm,lat,lon,source_db,oc,om,porosity,bd,rmse,n_points,thetar_m,thetas_m,alpha_kpa_m,n_m,m,rmse_m,sample_type,sample_type_source,soil,county,horizon,saturation_point,pdf_page
NJ26_S59NJ-3-1_0-11,NJ26_S59NJ-3-1,sandy loam,1.3104931218256903,1.1685614158852065,1.9169910695916416e-22,0.37660481380184374,60.9,25.3,13.8,1.7779999999999998,13.97,,,SSIR26_NewJersey,1.0,1.724,0.379,1.6,0.01597814500084009,9,6.378462110524654e-14,0.3762238472661447,1.1387249727255961,1.01,0.17133131232864532,0.015676572583485905,undisturbed,"SSIR 26 (Rutgers): 0-1 bar and Ks on saturated 3-inch cores, 2-15 bar crushed",Series not designated,Burlington,Ap,True,11
NJ26_S59NJ-3-1_11-14,NJ26_S59NJ-3-1,sandy loam,0.5585974629613565,1.229806569193914,1.7270913921363284e-21,0.3682892280249676,65.1,25.2,9.7,0.1524,31.75,,,SSIR26_NewJersey,0.2,0.3448,0.37,1.65,0.02017700619922731,9,1.449739721281816e-17,0.36789988748286745,0.43097211819312037,1.01,0.24110527347394706,0.01973971984588395,undisturbed,"SSIR 26 (Rutgers): 0-1 bar and Ks on saturated 3-inch cores, 2-15 bar crushed",Series not designated,Burlington,A2,True,11
NJ26_S59NJ-3-1_14-22,NJ26_S59NJ-3-1,sandy loam,0.4039868292638491,1.176968061088092,1.434242870664584e-33,0.4050049131079604,60.9,20.2,18.9,0.508,45.72,,,SSIR26_NewJersey,0.25,0.431,0.418,1.59,0.02014488478189394,9,1.566073072319646e-53,0.40393212254367367,0.30598234250827844,1.01,0.18651899417224907,0.019261585543211026,undisturbed,"SSIR 26 (Rutgers): 0-1 bar and Ks on saturated 3-inch cores, 2-15 bar crushed",Series not designated,Burlington,B21t,True,11
NJ26_S59NJ-3-1_22-30,NJ26_S59NJ-3-1,sandy loam,0.4305492351542828,1.1883352135807461,3.1322228053596393e-25,0.39572586839746426,69.7,13.8,16.5,0.254,66.04,,,SSIR26_NewJersey,0.08,0.13792000000000001,0.40399999999999997,1.67,0.01702258064595261,9,1.13044038446128e-31,0.3956602706257948,0.3418912935414764,1.01,0.1966200997599829,0.01627831483185178,undisturbed,"SSIR 26 (Rutgers): 0-1 bar and Ks on saturated 3-inch cores, 2-15 bar crushed",Series not designated,Burlington,B22t,True,11
NJ26_S59NJ-3-1_35-41,NJ26_S59NJ-3-1,sand,1.1934606454814156,1.3145389953439173,3.6395220855899906e-09,0.41049363342257034,89.0,4.7,6.3,8.382,96.52000000000001,,,SSIR26_NewJersey,0.06,0.10343999999999999,0.41,1.55,0.010770047281923748,9,5e-324,0.41000002385071327,1.4661925290911606,9.215561618854466,0.03254143970933222,0.010591852382727444,undisturbed,"SSIR 26 (Rutgers): 0-1 bar and Ks on saturated 3-inch cores, 2-15 bar crushed",Series not designated,Burlington,IIC1,True,11
NJ26_S59NJ-3-1_41-47,NJ26_S59NJ-3-1,sandy loam,1.2753733346937248,1.1986551526221108,4.1825669038614704e-16,0.41656923575993243,80.39999999999999,8.199999999999998,11.399999999999999,2.032,111.75999999999999,,,SSIR26_NewJersey,0.06,0.10343999999999999,0.42,1.63,0.02410685785595334,9,4.6474579367621594e-18,0.4155251527701855,1.0464565418171354,1.01,0.20443643407869894,0.02362721672229181,undisturbed,"SSIR 26 (Rutgers): 0-1 bar and Ks on saturated 3-inch cores, 2-15 bar crushed",Series not designated,Burlington,IIIC2,True,11
NJ26_S60NJ-4-1_8-14,NJ26_S60NJ-4-1,sand,0.13334911885100795,1.4249173232179748,4.002177423849348e-29,0.30578180945779193,87.60000000000001,7.800000000000001,4.6,1.27,27.94,,,SSIR26_NewJersey,0.08,0.13792000000000001,0.315,1.54,0.02093844132964547,9,4.959503711261065e-33,0.3063152194557327,0.05945664613915104,1.01,0.5571289994697111,0.018761490986852702,undisturbed,"SSIR 26 (Rutgers): 0-1 bar and Ks on saturated 3-inch cores, 2-15 bar crushed",Series not designated,Camden,A2,True,13
NJ26_S60NJ-4-1_14-22,NJ26_S60NJ-4-1,sandy loam,0.3014077614874255,1.1908205420682851,2.379381676825582e-19,0.3786769452790117,74.7,6.4,18.9,0.508,45.72,,,SSIR26_NewJersey,0.12,0.20687999999999998,0.387,1.54,0.014997831065886227,9,5.1268110135582005e-25,0.3792271321439881,0.23952090512203097,1.01,0.19989122409492355,0.014284928392188052,undisturbed,"SSIR 26 (Rutgers): 0-1 bar and Ks on saturated 3-inch cores, 2-15 bar crushed",Series not designated,Camden,B2t,True,13
NJ26_S60NJ-4-1_22-27,NJ26_S60NJ-4-1,sandy loam,0.35674660709990963,1.2627813016005391,0.02715127770201467,0.39485305665232523,79.0,5.1,15.9,1.27,62.230000000000004,,,SSIR26_NewJersey,0.1,0.1724,0.392,1.49,0.009357947083802576,9,1.5036552124700173e-14,0.39201662090644285,0.5124219000787306,2.121777702685182,0.09896664878697302,0.008826374743439367,undisturbed,"SSIR 26 (Rutgers): 0-1 bar and Ks on saturated 3-inch cores, 2-15 bar crushed",Series not designated,Camden,B3t,True,13
NJ26_S60NJ-4-1_27-32,NJ26_S60NJ-4-1,sand,0.25939900248339987,1.4178358458550255,3.2790227897093096e-14,0.4341051356616683,91.89999999999999,2.8999999999999995,5.199999999999999,9.398000000000001,74.93,,,SSIR26_NewJersey,0.04,0.06896000000000001,0.435,1.37,0.023951236323747373,9,8.756547103753588e-21,0.436291104162422,0.14823020152040356,1.01,0.49055096758239725,0.022839446585025316,undisturbed,"SSIR 26 (Rutgers): 0-1 bar and Ks on saturated 3-inch cores, 2-15 bar crushed",Series not designated,Camden,C1,True,13
NJ26_S60NJ-4-1_42-60,NJ26_S60NJ-4-1,sand,0.1677362619475096,1.5598371671459308,3.8497033794121854e-20,0.43821960373381846,94.5,2.9,2.6,13.97,129.54000000000002,,,SSIR26_NewJersey,,,0.44,1.39,0.01773147062628784,9,7.927281177224041e-26,0.444997165630292,0.0761481893283507,1.0100000000000142,0.7379675264157289,0.016364829148673342,undisturbed,"SSIR 26 (Rutgers): 0-1 bar and Ks on saturated 3-inch cores, 2-15 bar crushed",Series not designated,Camden,IIIC3,True,13
NJ26_S60NJ-4-2_0-10,NJ26_S60NJ-4-2,loamy sand,0.0902989068294732,1.4465702709742527,2.3811728484404811e-26,0.40747958794054306,81.69999999999999,11.899999999999999,6.3999999999999995,2.032,12.7,,,SSIR26_NewJersey,0.55,0.9482,0.418,1.46,0.022415717587698048,9,0.0010867733089839939,0.41359024685775797,0.045924453088598015,1.010000000000008,0.5681582610970989,0.020504790974737844,undisturbed,"SSIR 26 (Rutgers): 0-1 bar and Ks on saturated 3-inch cores, 2-15 bar crushed",Series not designated,Camden,Ap,True,15
NJ26_S60NJ-4-2_10-18,NJ26_S60NJ-4-2,loamy sand,0.1709360166232496,1.4259412459405014,7.534153272619212e-27,0.3464705937436735,80.2,15.1,4.7,0.254,35.56,,,SSIR26_NewJersey,0.08,0.13792000000000001,0.35600000000000004,1.59,0.01766424268261697,9,2.810296929778355e-32,0.34854169049176165,0.08677958826367675,1.01,0.529157003576082,0.015079454998937196,undisturbed,"SSIR 26 (Rutgers): 0-1 bar and Ks on saturated 3-inch cores, 2-15 bar crushed",Series not designated,Camden,A2,True,15
NJ26_S60NJ-4-2_18-22,NJ26_S60NJ-4-2,sandy loam,0.3127284893871111,1.2756339257466678,2.896643131358649e-26,0.37996209973791134,74.80000000000001,13.600000000000001,11.600000000000001,0.254,50.8,,,SSIR26_NewJersey,0.1,0.1724,0.386,1.54,0.016811122063237333,9,2.0104057599403785e-27,0.38070313209177814,0.22065066585610502,1.01,0.2990842759137506,0.01569637581322173,undisturbed,"SSIR 26 (Rutgers): 0-1 bar and Ks on saturated 3-inch cores, 2-15 bar crushed",Series not designated,Camden,B1t,True,15
NJ26_S60NJ-4-2_22-28,NJ26_S60NJ-4-2,sandy loam,0.42773612406655576,1.366856516735884,0.030642239464047722,0.38917790406325437,76.7,12.5,10.8,1.524,63.5,,,SSIR26_NewJersey,0.06,0.10343999999999999,0.386,1.48,0.008758396148401066,9,0.0019091997414561936,0.38596773769910175,0.6887902799586202,3.1982888647949568,0.08455382655890832,0.00751391003011883,undisturbed,"SSIR 26 (Rutgers): 0-1 bar and Ks on saturated 3-inch cores, 2-15 bar crushed",Series not designated,Camden,B2t,True,15
NJ26_S60NJ-4-2_28-33,NJ26_S60NJ-4-2,sandy loam,1.252497491154194,1.245226504681075,1.1267365672702825e-12,0.4005274306991108,78.2,11.0,10.8,2.286,77.47,,,SSIR26_NewJersey,0.04,0.06896000000000001,0.39899999999999997,1.43,0.021648439433732618,9,5e-324,0.3990001399312735,1.46669825555378,10.261382686332798,0.023116969882806787,0.02115420582802623,undisturbed,"SSIR 26 (Rutgers): 0-1 bar and Ks on saturated 3-inch cores, 2-15 bar crushed",Series not designated,Camden,B3t,True,15
NJ26_S60NJ-4-2_33-43,NJ26_S60NJ-4-2,sand,0.4440168677862565,1.4430830426050782,2.1183715765309747e-27,0.44461833730117106,88.39999999999999,9.199999999999998,2.3999999999999995,4.826,96.52000000000001,,,SSIR26_NewJersey,0.04,0.06896000000000001,0.456,1.33,0.020450584078926637,9,9.181682223125576e-23,0.44728150751701157,0.25958665272402937,1.01,0.5197038094822231,0.017271148087617642,undisturbed,"SSIR 26 (Rutgers): 0-1 bar and Ks on saturated 3-inch cores, 2-15 bar crushed",Series not designated,Camden,C1,True,15
NJ26_S60NJ-8-1_8-18,NJ26_S60NJ-8-1,sandy loam,0.10025621903784832,1.3605425610245447,5e-324,0.327109475107534,73.1,19.7,7.2,0.254,33.019999999999996,,,SSIR26_NewJersey,0.1,0.1724,0.354,1.56,0.02566472095223887,9,5e-324,0.3267919063195447,0.04436286501570581,1.01,0.4750198332465395,0.023045656890689617,undisturbed,"SSIR 26 (Rutgers): 0-1 bar and Ks on saturated 3-inch cores, 2-15 bar crushed",Series not designated,Gloucester,A2,True,17
NJ26_S60NJ-8-1_18-27,NJ26_S60NJ-8-1,sandy loam,0.20490645860220041,1.2233119188813077,3.395879654560017e-72,0.38870339549572347,66.6,17.4,16.0,0.762,57.15,,,SSIR26_NewJersey,0.1,0.1724,0.409,1.46,0.02427445604902463,9,1.8111358157653425e-71,0.3872750242802381,0.1317477168065668,1.01,0.24845441456073883,0.02293263195652257,undisturbed,"SSIR 26 (Rutgers): 0-1 bar and Ks on saturated 3-inch cores, 2-15 bar crushed",Series not designated,Gloucester,B2t,True,17
NJ26_S60NJ-8-1_27-33,NJ26_S60NJ-8-1,sandy loam,0.1714164536422996,1.2706404705886574,7.304374157818351e-20,0.3947264778532406,71.19999999999999,14.399999999999999,14.399999999999999,2.286,76.2,,,SSIR26_NewJersey,0.08,0.13792000000000001,0.406,1.42,0.01968869284328748,9,7.612899244584835e-24,0.39689594024543695,0.12043078864778892,1.01,0.2966592968472166,0.01856164009993208,undisturbed,"SSIR 26 (Rutgers): 0-1 bar and Ks on saturated 3-inch cores, 2-15 bar crushed",Series not designated,Gloucester,B3t,True,17
NJ26_S60NJ-8-1_44-60,NJ26_S60NJ-8-1,loamy sand,0.009873369534385336,4.664647521749092,0.03892000099999999,0.3993294025912741,86.8,7.0,6.2,3.5559999999999996,132.08,,,SSIR26_NewJersey,0.12,0.20687999999999998,0.5760000000000001,1.39,0.0289364133507641,8,0.02557459312705665,0.418502794720232,0.01082081178037626,1.786494961570329,0.9799999999999999,0.02795169774163135,undisturbed,"SSIR 26 (Rutgers): 0-1 bar and Ks on saturated 3-inch cores, 2-15 bar crushed",Series not designated,Gloucester,C2,False,17
NJ26_S59NJ-13-1_0-9,NJ26_S59NJ-13-1,sandy loam,0.11367131567326803,1.2835688485646513,7.972402714797961e-60,0.32474441514911334,65.0,27.3,7.7,0.254,11.43,,,SSIR26_NewJersey,0.39,0.6723600000000001,0.34,1.63,0.020268316346794345,9,1.306772999358252e-30,0.32548224683626026,0.068117246509911,1.01,0.3291644767596238,0.018848196807606837,undisturbed,"SSIR 26 (Rutgers): 0-1 bar and Ks on saturated 3-inch cores, 2-15 bar crushed",Series not designated,Monmouth,Ap,True,19
NJ26_S59NJ-13-1_9-12,NJ26_S59NJ-13-1,sandy loam,0.04079033955756863,1.2494850126550867,2.845626108016323e-29,0.33254010461243905,53.5,30.3,16.2,0.254,26.67,,,SSIR26_NewJersey,0.24,0.41375999999999996,0.359,1.7,0.018371617952150216,9,1.2993598839716822e-28,0.3361769750250862,0.03194979895433373,1.01,0.26958486045662755,0.017313004355120096,undisturbed,"SSIR 26 (Rutgers): 0-1 bar and Ks on saturated 3-inch cores, 2-15 bar crushed",Series not designated,Monmouth,B1t,True,19
NJ26_S59NJ-13-1_12-18,NJ26_S59NJ-13-1,sandy clay loam,0.21964524520719936,1.160359617112839,2.1382117680737565e-50,0.3645594330451729,58.8,20.8,20.4,1.7779999999999998,38.1,,,SSIR26_NewJersey,0.15,0.2586,0.376,1.62,0.016464837636405612,9,7.34096752649834e-55,0.3637118307520912,0.16259304858033446,1.01,0.17062095448492712,0.015777545245640907,undisturbed,"SSIR 26 (Rutgers): 0-1 bar and Ks on saturated 3-inch cores, 2-15 bar crushed",Series not designated,Monmouth,B21t,True,19
NJ26_S59NJ-13-1_18-25,NJ26_S59NJ-13-1,sandy loam,0.15349879105028946,1.1657795461291163,2.4892061111444567e-60,0.3400898869695108,58.7,21.4,19.9,1.016,54.61,,,SSIR26_NewJersey,0.12,0.20687999999999998,0.355,1.64,0.016500023329649928,9,1.8231490071858814e-63,0.339543459017959,0.11047577179736234,1.01,0.17869399750401085,0.015788598648987493,undisturbed,"SSIR 26 (Rutgers): 0-1 bar and Ks on saturated 3-inch cores, 2-15 bar crushed",Series not designated,Monmouth,B22t,True,19
NJ26_S59NJ-13-1_25-29,NJ26_S59NJ-13-1,sandy loam,0.7281594509831932,1.1936187734861443,1.7577588016751838e-23,0.3558730317717466,77.6,8.2,14.2,4.064,68.58,,,SSIR26_NewJersey,0.06,0.10343999999999999,0.354,1.6,0.018214517422005017,9,3.3096034321163704e-85,0.35400989761329066,0.9636349578118897,9.085705548862364,0.020000002023812847,0.017866093868167243,undisturbed,"SSIR 26 (Rutgers): 0-1 bar and Ks on saturated 3-inch cores, 2-15 bar crushed",Series not designated,Monmouth,B31t,True,19
NJ26_S59NJ-13-1_29-35,NJ26_S59NJ-13-1,sandy loam,0.13140587103367732,1.3220624408084625,0.005420070150520167,0.353542466612863,80.89999999999999,7.399999999999999,11.699999999999998,3.048,81.28,,,SSIR26_NewJersey,0.06,0.10343999999999999,0.36,1.57,0.01665648487151738,9,0.03853252312505388,0.35580023355862445,0.06496754948318813,1.01,0.4920464697928772,0.016305758728874905,undisturbed,"SSIR 26 (Rutgers): 0-1 bar and Ks on saturated 3-inch cores, 2-15 bar crushed",Series not designated,Monmouth,B32,True,19
NJ26_S59NJ-13-1_35-81,NJ26_S59NJ-13-1,loamy sand,0.671441923075393,1.3700819475651003,0.025281416484810578,0.37479902741211596,82.69999999999999,8.899999999999999,8.399999999999999,11.43,147.32,,,SSIR26_NewJersey,0.04,0.06896000000000001,0.36700000000000005,1.53,0.024870300951498215,9,0.026651503624818117,0.36710649960466263,0.7795858101021605,10.999999886727377,0.03262295988592277,0.021939390780123514,undisturbed,"SSIR 26 (Rutgers): 0-1 bar and Ks on saturated 3-inch cores, 2-15 bar crushed",Series not designated,Monmouth,C,True,19
NJ26_S58NJ-3-3_0-10,NJ26_S58NJ-3-3,sand,0.3006014983059224,1.508093764201225,0.02624266948351377,0.340039527900108,89.7,6.0,4.3,2.54,12.7,,,SSIR26_NewJersey,0.38,0.65512,0.317,1.57,0.026871638760136735,9,0.006828486564798336,0.3307187456401132,0.482187256441242,10.999971982443938,0.03336886589545725,0.0201091797685542,undisturbed,"SSIR 26 (Rutgers): 0-1 bar and Ks on saturated 3-inch cores, 2-15 bar crushed",Series not designated,Burlington,Ap,True,21
NJ26_S58NJ-3-3_10-23,NJ26_S58NJ-3-3,sand,0.3809018305314803,1.7991944959361428,0.024450000999999996,0.3825004631075803,91.7,4.2,4.1,1.524,41.91,,,SSIR26_NewJersey,0.07,0.12068000000000001,0.37,1.63,0.02142692210051998,9,0.024450000999999996,0.3708946249517435,0.5849030680582366,10.999999999804318,0.05668163738964951,0.015086197418322017,undisturbed,"SSIR 26 (Rutgers): 0-1 bar and Ks on saturated 3-inch cores, 2-15 bar crushed",Series not designated,Burlington,A2,True,21
NJ26_S58NJ-3-3_23-30,NJ26_S58NJ-3-3,sand,0.40452225715390194,1.9330822554086142,0.04743000099999999,0.4214797081836104,89.30000000000001,3.1000000000000005,7.600000000000001,3.302,67.31,,,SSIR26_NewJersey,0.07,0.12068000000000001,0.415,1.53,0.019047673939793137,9,0.04743000099999999,0.4151430991126619,0.6550276179700667,10.999999999979169,0.06301079910338019,0.015347612164719226,undisturbed,"SSIR 26 (Rutgers): 0-1 bar and Ks on saturated 3-inch cores, 2-15 bar crushed",Series not designated,Burlington,B2t,True,21
NJ26_S58NJ-3-3_30-38,NJ26_S58NJ-3-3,sand,0.3391045033329949,2.1926991161461373,0.03576000099999999,0.3989215098504857,91.8,2.8,5.4,9.652,86.36,,,SSIR26_NewJersey,0.05,0.0862,0.39399999999999996,1.49,0.013842610678191163,9,0.03576000099999999,0.3941249787736007,0.6017388339200662,10.999999999999295,0.07137516849948156,0.010412560349077683,undisturbed,"SSIR 26 (Rutgers): 0-1 bar and Ks on saturated 3-inch cores, 2-15 bar crushed",Series not designated,Burlington,B3,True,21
NJ26_S58NJ-3-3_38-42,NJ26_S58NJ-3-3,sand,0.3601547377709855,1.7443833074767383,0.030200000999999997,0.3726635230353999,91.2,4.5,4.3,3.048,101.6,,,SSIR26_NewJersey,0.05,0.0862,0.366,1.51,0.014547186351053875,9,0.030200000999966434,0.3658342236865159,0.5285792938453389,3.9670655350893083,0.15291169990493894,0.012071359617461648,undisturbed,"SSIR 26 (Rutgers): 0-1 bar and Ks on saturated 3-inch cores, 2-15 bar crushed",Series not designated,Burlington,C1,True,21
NJ26_S58NJ-3-3_42-48,NJ26_S58NJ-3-3,loamy sand,0.5008010561872841,1.5975837579437102,0.05390000099999872,0.36990923458888214,83.19999999999999,8.399999999999999,8.399999999999999,3.302,114.30000000000001,,,SSIR26_NewJersey,0.09,0.15516,0.365,1.54,0.01089873402268607,9,0.053900000999999996,0.36502905808269875,0.7276543631512968,10.999999962342756,0.04660031383184113,0.0073297752325635224,undisturbed,"SSIR 26 (Rutgers): 0-1 bar and Ks on saturated 3-inch cores, 2-15 bar crushed",Series not designated,Burlington,IIC2,True,21
NJ26_S58NJ-3-3_52-60,NJ26_S58NJ-3-3,sand,0.3582162319450341,2.063330311726825,0.026180000999999994,0.366450960441849,94.3,2.7,3.0,18.288,142.24,,,SSIR26_NewJersey,0.06,0.10343999999999999,0.36200000000000004,1.54,0.010496313719546626,9,0.026180000999999994,0.36202879298234336,0.6204122546094745,10.999999914554193,0.0673774377561673,0.007129701719661309,undisturbed,"SSIR 26 (Rutgers): 0-1 bar and Ks on saturated 3-inch cores, 2-15 bar crushed",Series not designated,Burlington,IVC4,True,21
NJ26_S59NJ-13-2_9-21,NJ26_S59NJ-13-2,sandy loam,1.1960109461595303,1.2529064901998288,0.0650222679107108,0.3995102566135795,77.8,7.5,14.7,8.89,38.1,,,SSIR26_NewJersey,0.22,0.37928,0.396,1.5,0.020768552395254273,9,0.07485676975706394,0.3960009293442846,1.2015394453408246,10.999216330472514,0.024522943931459075,0.01952992223321612,undisturbed,"SSIR 26 (Rutgers): 0-1 bar and Ks on saturated 3-inch cores, 2-15 bar crushed",Series not designated,Monmouth,B21t,True,23
NJ26_S59NJ-13-2_21-27,NJ26_S59NJ-13-2,sandy loam,2.2787909327597986,1.157532348279288,2.225215109441151e-19,0.46077839299809986,75.10000000000001,9.600000000000001,15.300000000000002,12.192,60.96,,,SSIR26_NewJersey,0.14,0.24136000000000002,0.462,1.34,0.02500345097321349,9,3.0776823132449715e-13,0.46035469520385297,2.0566919804255916,1.0100000000000051,0.15870136098201043,0.024838373072815445,undisturbed,"SSIR 26 (Rutgers): 0-1 bar and Ks on saturated 3-inch cores, 2-15 bar crushed",Series not designated,Monmouth,B22t,True,23
NJ26_S59NJ-13-2_27-37,NJ26_S59NJ-13-2,sandy loam,1.6910936306146163,1.1490230497242446,3.5081460543918205e-25,0.4560117117259918,72.9,10.0,17.1,9.652,81.28,,,SSIR26_NewJersey,0.11,0.18964,0.45799999999999996,1.37,0.02969637655837943,9,2.096212407478794e-14,0.45537194871718656,1.49549431810843,1.0100000000000022,0.15071415816857617,0.029512237874410728,undisturbed,"SSIR 26 (Rutgers): 0-1 bar and Ks on saturated 3-inch cores, 2-15 bar crushed",Series not designated,Monmouth,B23t,True,23
NJ26_S59NJ-13-2_37-66,NJ26_S59NJ-13-2,sandy loam,1.7206567535327801,1.1960041220317792,0.015862954883241593,0.4322152583112185,76.9,9.1,14.0,13.208,130.81,,,SSIR26_NewJersey,0.09,0.15516,0.43,1.38,0.020225244296423982,9,0.025325038863103274,0.4300000889575057,1.7491225750378085,9.591212019852172,0.021271772722372878,0.019430929563325792,undisturbed,"SSIR 26 (Rutgers): 0-1 bar and Ks on saturated 3-inch cores, 2-15 bar crushed",Series not designated,Monmouth,C1,True,23
NJ26_S58NJ-8-4_0-8,NJ26_S58NJ-8-4,sandy loam,1.0973263725770286,1.231955541465331,1.9459409737141915e-20,0.40397491380315426,68.6,24.800000000000004,6.6000000000000005,7.62,10.16,,,SSIR26_NewJersey,1.46,2.5170399999999997,0.405,1.49,0.016905178981269035,9,5.16067153991343e-18,0.4038312311965506,0.9136063008406867,1.01,0.23839399686813662,0.016592480449731616,undisturbed,"SSIR 26 (Rutgers): 0-1 bar and Ks on saturated 3-inch cores, 2-15 bar crushed",Series not designated,Gloucester,Ap,True,25
NJ26_S58NJ-8-4_8-14,NJ26_S58NJ-8-4,sandy loam,1.960127290258576,1.3228213661941348,0.03455872876610626,0.32953764541709135,75.19999999999999,19.099999999999998,5.699999999999999,1.7779999999999998,27.94,,,SSIR26_NewJersey,0.24,0.41375999999999996,0.32899999999999996,1.7,0.009753497725683185,9,0.03316740536587509,0.32900001334140516,2.2025747272244156,8.54061095626106,0.03645908910908409,0.009366886285091407,undisturbed,"SSIR 26 (Rutgers): 0-1 bar and Ks on saturated 3-inch cores, 2-15 bar crushed",Series not designated,Gloucester,A2,True,25
NJ26_S58NJ-8-4_24-36,NJ26_S58NJ-8-4,sandy clay loam,8.48863634387994,1.3180258343895654,0.14442000099999996,0.3780280610311418,69.7,5.7,24.6,4.572,76.2,,,SSIR26_NewJersey,0.18,0.31032,0.37799999999999995,1.66,0.008540039714586035,9,0.14442000099999996,0.37800000520032706,8.63520909014198,4.385238656280112,0.0723508573509958,0.008520030712676313,undisturbed,"SSIR 26 (Rutgers): 0-1 bar and Ks on saturated 3-inch cores, 2-15 bar crushed",Series not designated,Gloucester,IIB22t,True,25
NJ26_S58NJ-8-4_36-96,NJ26_S58NJ-8-4,sandy clay loam,31.62277660162478,1.236271515077576,0.18792000099999998,0.35076150604240736,65.9,3.7,30.4,4.064,167.64,,,SSIR26_NewJersey,0.08,0.13792000000000001,0.35100000000000003,1.74,0.018367172223661722,9,0.18792000099999998,0.3507548828863619,31.62277660168378,3.033399848645969,0.07790671297382279,0.01836268739227992,undisturbed,"SSIR 26 (Rutgers): 0-1 bar and Ks on saturated 3-inch cores, 2-15 bar crushed",Series not designated,Gloucester,IIB23t,True,25
NJ26_S58NJ-8-6_0-6,NJ26_S58NJ-8-6,sandy loam,0.9317501136645965,1.2519303163126938,1.5789522048738325e-18,0.3809289324959316,73.0,20.8,6.2,1.27,7.62,,,SSIR26_NewJersey,0.56,0.9654400000000001,0.385,1.52,0.027484396035693578,9,4.0439120061944675e-16,0.3794544227787924,0.6973520987928021,1.01,0.2656965925538346,0.02681138659688869,undisturbed,"SSIR 26 (Rutgers): 0-1 bar and Ks on saturated 3-inch cores, 2-15 bar crushed",Series not designated,Gloucester,Ap,True,27
NJ26_S58NJ-8-6_6-9,NJ26_S58NJ-8-6,sandy loam,0.5172262290854444,1.2160609217131655,5.714389594955969e-28,0.32016752295878775,64.5,26.4,9.1,0.508,19.05,,,SSIR26_NewJersey,0.25,0.431,0.327,1.75,0.01906318329866296,9,5.186938828252853e-27,0.31873550258647126,0.3733041707978337,1.01,0.23016711725546796,0.018301063938142462,undisturbed,"SSIR 26 (Rutgers): 0-1 bar and Ks on saturated 3-inch cores, 2-15 bar crushed",Series not designated,Gloucester,A2,True,27
NJ26_S58NJ-8-6_9-18,NJ26_S58NJ-8-6,sandy loam,4.620184373624726,1.1367595965733546,1.2963002995888998e-11,0.36008689314944964,65.6,19.300000000000004,15.100000000000001,1.016,34.29,,,SSIR26_NewJersey,0.18,0.31032,0.36,1.7,0.007815289986443609,9,5e-324,0.36000001238946955,4.9204586916012465,5.2588001093736425,0.02575683634267276,0.007771874355592325,undisturbed,"SSIR 26 (Rutgers): 0-1 bar and Ks on saturated 3-inch cores, 2-15 bar crushed",Series not designated,Gloucester,B21t,True,27
NJ26_S58NJ-8-6_18-28,NJ26_S58NJ-8-6,sandy clay loam,2.7937459422054927,1.2833984516504187,0.1437078812004387,0.33219471698849884,67.5,5.6,26.9,1.7779999999999998,58.42,,,SSIR26_NewJersey,0.12,0.20687999999999998,0.332,1.73,0.00705625895316876,9,0.1430126044833781,0.33200000900578736,3.050013746899662,6.895289932483335,0.04006865766321791,0.0069416211129860956,undisturbed,"SSIR 26 (Rutgers): 0-1 bar and Ks on saturated 3-inch cores, 2-15 bar crushed",Series not designated,Gloucester,IIB22t,True,27
NJ26_S58NJ-8-6_28-60,NJ26_S58NJ-8-6,sandy clay loam,4.421824295973755,1.228398624805514,0.1415341221171932,0.35507867120215864,67.2,3.5,29.3,1.27,111.76,,,SSIR26_NewJersey,0.08,0.13792000000000001,0.355,1.68,0.006112095460911977,9,0.14035985408746196,0.3550000072477882,4.79077866306105,5.3248433607071375,0.04180120353072713,0.006060656390925301,undisturbed,"SSIR 26 (Rutgers): 0-1 bar and Ks on saturated 3-inch cores, 2-15 bar crushed",Series not designated,Gloucester,IIB23t,True,27
NJ26_S59NJ-13-6_0-10,NJ26_S59NJ-13-6,sandy loam,0.5900612793937638,1.2147097127140953,1.189805466690941e-17,0.3781941263258629,73.28699106256207,13.30685203574975,13.406156901688183,10.921999999999999,12.7,,,SSIR26_NewJersey,0.57,0.9826799999999999,0.377,1.54,0.017760331297961233,9,1.3109594897054445e-21,0.3785198355703081,0.4857676863107606,1.0100000000234717,0.2216916235021616,0.01770912542730417,undisturbed,"SSIR 26 (Rutgers): 0-1 bar and Ks on saturated 3-inch cores, 2-15 bar crushed",Series not designated,Monmouth,Ap,True,29
NJ26_S59NJ-13-6_10-15,NJ26_S59NJ-13-6,sandy loam,0.6264372037734495,1.2225170703116839,4.1617524569074205e-23,0.36890641431828924,72.1,14.4,13.5,4.064,31.75,,,SSIR26_NewJersey,0.25,0.431,0.365,1.6,0.014083776473090136,9,1.5317260623477543e-42,0.3650190210503929,0.824716394322205,10.373772691641976,0.020000000003115085,0.012801200253045797,undisturbed,"SSIR 26 (Rutgers): 0-1 bar and Ks on saturated 3-inch cores, 2-15 bar crushed",Series not designated,Monmouth,B1,True,29
NJ26_S59NJ-13-6_15-24,NJ26_S59NJ-13-6,sandy clay loam,0.6488345819288942,1.520226692520454,0.11950708632619607,0.4368663032518199,66.4,13.3,20.3,16.002,49.53,,,SSIR26_NewJersey,0.17,0.29308,0.436,1.41,0.00573560986671203,9,0.1094618798693355,0.4360000229845497,0.9943164981363186,10.971875141773507,0.03765372005573937,0.004942125084807508,undisturbed,"SSIR 26 (Rutgers): 0-1 bar and Ks on saturated 3-inch cores, 2-15 bar crushed",Series not designated,Monmouth,B21t,True,29
NJ26_S59NJ-13-6_24-35,NJ26_S59NJ-13-6,sandy loam,1.257864602552458,1.2430603990349087,0.04885428113691273,0.41557005942989084,73.0,10.2,16.8,8.128,74.93,,,SSIR26_NewJersey,0.11,0.18964,0.413,1.47,0.01805451447715512,9,0.05042692205854718,0.41300016416599633,1.3904788863259394,10.884756229481576,0.022051699898935104,0.017037610006580124,undisturbed,"SSIR 26 (Rutgers): 0-1 bar and Ks on saturated 3-inch cores, 2-15 bar crushed",Series not designated,Monmouth,B22t,True,29
NJ26_S59NJ-13-6_35-42,NJ26_S59NJ-13-6,loamy sand,1.682448232906284,1.2461171917578786,0.012424545553682068,0.4086973314019653,84.60000000000001,5.300000000000001,10.100000000000001,19.558,97.79,,,SSIR26_NewJersey,0.05,0.0862,0.40700000000000003,1.47,0.02069113868674943,9,0.014556118443284798,0.4070000673088512,1.8069918003711292,9.360364902278803,0.026245928237146575,0.020041573636497993,undisturbed,"SSIR 26 (Rutgers): 0-1 bar and Ks on saturated 3-inch cores, 2-15 bar crushed",Series not designated,Monmouth,B3,True,29
NJ26_S59NJ-13-6_42-60,NJ26_S59NJ-13-6,loamy sand,0.6834284705702229,1.6722112191984413,0.07203000099999998,0.3995928253806799,87.2,3.8,9.0,36.068,129.54000000000002,,,SSIR26_NewJersey,0.05,0.0862,0.396,1.47,0.01501148676542863,9,0.07203000099999998,0.3960121058805398,0.8777123374416019,10.999999999619666,0.05547397012272157,0.012294937968742833,undisturbed,"SSIR 26 (Rutgers): 0-1 bar and Ks on saturated 3-inch cores, 2-15 bar crushed",Series not designated,Monmouth,C,True,29
NJ26_S60NJ-11-1_0-11,NJ26_S60NJ-11-1,loam,0.02721351683813678,1.4019455847236464,3.4571209635912007e-53,0.3255784726401813,48.6,41.5,9.9,0.762,13.97,,,SSIR26_NewJersey,0.69,1.18956,0.37799999999999995,1.58,0.026416330339817065,9,2.6585931731848817e-26,0.3325700960640213,0.017420829735367155,1.01,0.47649723137848665,0.023934577680777336,undisturbed,"SSIR 26 (Rutgers): 0-1 bar and Ks on saturated 3-inch cores, 2-15 bar crushed",Series not designated,Mercer,Ap,True,31
NJ26_S60NJ-11-1_11-14,NJ26_S60NJ-11-1,loam,0.026597655364020156,1.2722885664458137,4.498395225040121e-28,0.31480783668574286,47.0,37.9,15.1,1.27,31.75,,,SSIR26_NewJersey,0.18,0.31032,0.35,1.69,0.018102453617849446,9,1.3005056021402954e-25,0.3184898807935749,0.02013536079718076,1.01,0.29884382458205866,0.016917474454976288,undisturbed,"SSIR 26 (Rutgers): 0-1 bar and Ks on saturated 3-inch cores, 2-15 bar crushed",Series not designated,Mercer,AB,True,31
NJ26_S60NJ-11-1_14-21,NJ26_S60NJ-11-1,loam,1.1697658072237573,1.1288021628977045,2.0102958168059554e-15,0.3711060962184669,51.6,29.9,18.5,1.016,44.45,,,SSIR26_NewJersey,0.12,0.20687999999999998,0.374,1.62,0.009035288397553305,9,7.290753022272885e-19,0.37072890240560535,1.0379976180458568,1.01,0.13028766362317395,0.008670526684283055,undisturbed,"SSIR 26 (Rutgers): 0-1 bar and Ks on saturated 3-inch cores, 2-15 bar crushed",Series not designated,Mercer,B2t,True,31
NJ26_S60NJ-11-1_21-28,NJ26_S60NJ-11-1,sandy loam,0.9176758429858608,1.1340377602653193,2.468651377430971e-10,0.3363885822604434,65.5,18.8,15.7,0.762,62.230000000000004,,,SSIR26_NewJersey,0.06,0.10343999999999999,0.33899999999999997,1.72,0.008045823101993626,9,1.4793357645634941e-18,0.3361419640117978,0.8081721625986137,1.01,0.13591916051666575,0.007704664152864449,undisturbed,"SSIR 26 (Rutgers): 0-1 bar and Ks on saturated 3-inch cores, 2-15 bar crushed",Series not designated,Mercer,B31,True,31
NJ26_S60NJ-11-1_28-34,NJ26_S60NJ-11-1,sandy loam,1.5144614894165909,1.1154532141382734,6.815711221162086e-14,0.325862558923968,61.8,22.5,15.7,0.254,78.74000000000001,,,SSIR26_NewJersey,0.04,0.06896000000000001,0.32799999999999996,1.75,0.008568178708699883,9,1.8046250568142385e-15,0.3255144369173155,1.3669470214568622,1.01,0.11629548003860035,0.008341577525876021,undisturbed,"SSIR 26 (Rutgers): 0-1 bar and Ks on saturated 3-inch cores, 2-15 bar crushed",Series not designated,Mercer,"B32,B33",True,31
NJ26_S60NJ-11-1_34-42,NJ26_S60NJ-11-1,loamy sand,8.76886668508056,1.2454052774897517,0.0575145133317958,0.35904932897290304,85.8,6.3,7.9,6.8580000000000005,96.52000000000001,,,SSIR26_NewJersey,,,0.359,1.58,0.004996247541177383,9,0.05759608726587209,0.3590000032605415,8.929980994837992,4.711765883311935,0.05199344495629149,0.0049328069980497085,undisturbed,"SSIR 26 (Rutgers): 0-1 bar and Ks on saturated 3-inch cores, 2-15 bar crushed",Series not designated,Mercer,IIC,True,31
NJ26_S58NJ-5-3_0-3,NJ26_S58NJ-5-3,sand,0.5220210099799556,1.7437900331233414,0.021000000999999994,0.46155528008422864,95.2,3.6,1.2,83.312,3.81,,,SSIR26_NewJersey,0.81,1.3964400000000001,0.45399999999999996,1.4,0.022326092161975123,9,0.021000000999999994,0.4541038668737785,0.7311449499964489,10.999999999979922,0.057822751030496444,0.01750587866690332,undisturbed,"SSIR 26 (Rutgers): 0-1 bar and Ks on saturated 3-inch cores, 2-15 bar crushed",Evesboro sand,Cape May,"A1,A2,B2",True,33
NJ26_S58NJ-5-3_3-14,NJ26_S58NJ-5-3,sand,0.49300981078038175,1.774437711922892,0.017940000999999994,0.4620837988299564,94.1,3.9,2.0,83.058,21.59,,,SSIR26_NewJersey,0.34,0.58616,0.451,1.38,0.02754630101822299,9,0.017940000999999994,0.45134022072029345,0.6812400009330044,10.99999999963333,0.05996002025377939,0.021227748713306228,undisturbed,"SSIR 26 (Rutgers): 0-1 bar and Ks on saturated 3-inch cores, 2-15 bar crushed",Evesboro sand,Cape May,A'2,True,33
NJ26_S58NJ-5-3_14-25,NJ26_S58NJ-5-3,sand,0.40834571265100705,2.3668173820294536,0.022800000999999997,0.3969340101281567,92.7,4.5,2.8,87.122,49.53,,,SSIR26_NewJersey,0.08,0.13792000000000001,0.39399999999999996,1.52,0.012378945561831124,9,0.022800000999999997,0.39411792748365293,0.6465503118136935,10.999999999975834,0.08856595186448715,0.008952988012687698,undisturbed,"SSIR 26 (Rutgers): 0-1 bar and Ks on saturated 3-inch cores, 2-15 bar crushed",Evesboro sand,Cape May,B'1,True,33
NJ26_S58NJ-5-3_25-36,NJ26_S58NJ-5-3,sand,0.39710410705797017,2.4236453566066825,0.028260000999999996,0.369879119173143,90.89999999999999,4.699999999999999,4.4,37.338,77.47,,,SSIR26_NewJersey,0.08,0.13792000000000001,0.36700000000000005,1.57,0.01330995860578257,9,0.028260000999999996,0.36714787295459084,0.6355014912003507,10.999999999871514,0.08995921983193537,0.010402386876593934,undisturbed,"SSIR 26 (Rutgers): 0-1 bar and Ks on saturated 3-inch cores, 2-15 bar crushed",Evesboro sand,Cape May,B'2,True,33
NJ26_S58NJ-5-3_36-48,NJ26_S58NJ-5-3,sand,0.3524203482562739,2.7265399057626456,0.011270000999999998,0.3703749936919901,97.1,1.4,1.5,70.61200000000001,106.68,,,SSIR26_NewJersey,0.02,0.034480000000000004,0.369,1.61,0.009702855433251447,9,0.011270000999999998,0.36908820526462516,0.5871572734920077,10.999999999865205,0.10222787587354802,0.008049913848325155,undisturbed,"SSIR 26 (Rutgers): 0-1 bar and Ks on saturated 3-inch cores, 2-15 bar crushed",Evesboro sand,Cape May,C,True,33
NJ26_S58NJ-3-4_0-11,NJ26_S58NJ-3-4,sand,0.49351711340841825,1.3713712388815864,1.3155225100855938e-19,0.4421054819703881,93.89999999999999,2.8999999999999995,3.1999999999999997,9.652,13.97,,,SSIR26_NewJersey,0.5,0.862,0.433,1.56,0.02780104526972233,9,3.439004408438869e-34,0.43321056208236547,0.6733038834874304,10.99999999980276,0.030647258302378674,0.025054581702083037,undisturbed,"SSIR 26 (Rutgers): 0-1 bar and Ks on saturated 3-inch cores, 2-15 bar crushed",Evesboro sand,Burlington,Ap,True,35
NJ26_S58NJ-3-4_11-15,NJ26_S58NJ-3-4,sand,0.29462610802976047,2.461664826783462,0.034020001,0.40148105485706614,92.9,3.5,3.6,15.748000000000001,33.02,,,SSIR26_NewJersey,0.11,0.18964,0.39299999999999996,1.62,0.016005636763537872,9,0.034020001,0.3939762432948661,0.5367540791921429,10.999999999995463,0.07848062567346592,0.010143037534882975,undisturbed,"SSIR 26 (Rutgers): 0-1 bar and Ks on saturated 3-inch cores, 2-15 bar crushed",Evesboro sand,Burlington,A21,True,35
NJ26_S58NJ-3-4_15-18,NJ26_S58NJ-3-4,sand,0.29714333244478636,2.541779843961577,0.029830001,0.3875969656927131,93.19999999999999,2.8999999999999995,3.8999999999999995,21.843999999999998,41.91,,,SSIR26_NewJersey,0.11,0.18964,0.382,1.57,0.01562587821306259,9,0.029830001,0.38253029432658225,0.5489184124532812,10.99999999999567,0.08132202152417142,0.01184499551357228,undisturbed,"SSIR 26 (Rutgers): 0-1 bar and Ks on saturated 3-inch cores, 2-15 bar crushed",Evesboro sand,Burlington,A22,True,35
NJ26_S58NJ-3-4_18-29,NJ26_S58NJ-3-4,sand,1.3244335472572952,2.0578385978757265,0.03542000099999999,0.9999999999999999,92.5,2.1,5.4,22.606,59.69,,,SSIR26_NewJersey,0.1,0.1724,0.29,1.54,0.015180564784775915,8,0.03542000099999999,0.9999994672097785,1.4714558584537147,8.378360324934032,0.12092118943896667,0.014686880673398786,undisturbed,"SSIR 26 (Rutgers): 0-1 bar and Ks on saturated 3-inch cores, 2-15 bar crushed",Evesboro sand,Burlington,B2,False,35
NJ26_S58NJ-3-4_29-33,NJ26_S58NJ-3-4,sand,0.3149182675929754,2.7666333463593844,0.026520000999999998,0.4040400430376122,95.1,0.9,4.0,28.956000000000003,78.74000000000001,,,SSIR26_NewJersey,0.05,0.0862,0.401,1.56,0.01162935229479678,9,0.026520000999999998,0.4012541043937433,0.5556011885303989,10.999999999958089,0.09644202552585975,0.008743885520457868,undisturbed,"SSIR 26 (Rutgers): 0-1 bar and Ks on saturated 3-inch cores, 2-15 bar crushed",Evesboro sand,Burlington,B3,True,35
NJ26_S58NJ-3-4_33-50,NJ26_S58NJ-3-4,sand,0.3174867762360325,2.621755856752004,0.021420000999999994,0.3897994195892782,96.9,0.5,2.6,33.02,105.41,,,SSIR26_NewJersey,0.03,0.051719999999999995,0.389,1.53,0.011345878692032728,9,0.021420000999999994,0.38894027683856225,0.490696038986906,4.560273151156824,0.24252392589749935,0.010787425902717324,undisturbed,"SSIR 26 (Rutgers): 0-1 bar and Ks on saturated 3-inch cores, 2-15 bar crushed",Evesboro sand,Burlington,C,True,35
NJ26_S58NJ-3-5_0-7,NJ26_S58NJ-3-5,sand,0.4771583931084958,1.5949042207853275,0.024640000999994374,0.43320190591369523,92.9,4.3,2.8,9.398000000000001,8.89,,,SSIR26_NewJersey,0.31,0.53444,0.428,1.54,0.01702659912479953,9,0.013814216740674,0.4280164490289278,0.751244475960078,10.999999661298412,0.041858960853635094,0.014618232998699684,undisturbed,"SSIR 26 (Rutgers): 0-1 bar and Ks on saturated 3-inch cores, 2-15 bar crushed",Evesboro sand,Burlington,Ap,True,37
NJ26_S58NJ-3-5_7-12,NJ26_S58NJ-3-5,sand,0.2897444336154435,1.853079164221491,0.028980001,0.40194885862805596,91.19999999999999,5.3999999999999995,3.3999999999999995,11.938,24.130000000000003,,,SSIR26_NewJersey,0.13,0.22412,0.39299999999999996,1.61,0.018498590761725303,9,0.028980001,0.3916811104319891,0.3982982239650972,3.709502827124638,0.18804952080364226,0.01604763297333801,undisturbed,"SSIR 26 (Rutgers): 0-1 bar and Ks on saturated 3-inch cores, 2-15 bar crushed",Evesboro sand,Burlington,A21,True,37
NJ26_S58NJ-3-5_12-24,NJ26_S58NJ-3-5,sand,0.36702109689155965,2.041864473816304,0.025160000999999998,0.443078470766931,94.2,2.8,3.0,22.606,45.72,,,SSIR26_NewJersey,0.08,0.13792000000000001,0.43799999999999994,1.48,0.016305519285216386,9,0.025160000999999998,0.438035970322079,0.6337579701249373,10.999999999998346,0.0662963894773328,0.013289534972132734,undisturbed,"SSIR 26 (Rutgers): 0-1 bar and Ks on saturated 3-inch cores, 2-15 bar crushed",Evesboro sand,Burlington,A22,True,37
NJ26_S58NJ-3-5_24-37,NJ26_S58NJ-3-5,sand,0.3317619528411505,2.1899983752942753,0.028120000999999995,0.4408094066738237,94.2,2.2,3.6,25.4,77.47,,,SSIR26_NewJersey,0.06,0.10343999999999999,0.431,1.48,0.020574462201717617,9,0.028120000999999995,0.43170341690556596,0.575628637093321,10.999999999984706,0.07109054508267681,0.014534638737353769,undisturbed,"SSIR 26 (Rutgers): 0-1 bar and Ks on saturated 3-inch cores, 2-15 bar crushed",Evesboro sand,Burlington,B2,True,37
NJ26_S58NJ-3-5_37-44,NJ26_S58NJ-3-5,sand,0.2681584756003338,3.0608884506106833,0.026010000999999994,0.3919905083170342,94.0,3.2,2.8,18.288,102.87,,,SSIR26_NewJersey,0.04,0.06896000000000001,0.39399999999999996,1.53,0.010306829472497486,9,0.026010000999999994,0.39278679680861356,0.21830485222865664,2.7092050338941442,0.9799999999999999,0.010123156019583867,undisturbed,"SSIR 26 (Rutgers): 0-1 bar and Ks on saturated 3-inch cores, 2-15 bar crushed",Evesboro sand,Burlington,B & C1,True,37
NJ26_S58NJ-3-5_44-53,NJ26_S58NJ-3-5,sand,0.3009089870518915,2.400318299582148,0.032340001,0.37359661225812846,88.39999999999999,5.8999999999999995,5.699999999999999,7.62,123.19,,,SSIR26_NewJersey,0.04,0.06896000000000001,0.37,1.54,0.01441797472662187,9,0.032340001,0.37002421677273317,0.5682082550850044,10.99999999999784,0.075616958699835,0.012427878889757781,undisturbed,"SSIR 26 (Rutgers): 0-1 bar and Ks on saturated 3-inch cores, 2-15 bar crushed",Evesboro sand,Burlington,IIC2,True,37
NJ26_S58NJ-3-5_53-70,NJ26_S58NJ-3-5,sand,0.4319124292564477,1.8288472586876776,0.018960000999999994,0.37318422183360017,95.5,2.2,2.3,20.32,156.21,,,SSIR26_NewJersey,0.02,0.034480000000000004,0.37,1.58,0.012968033463550067,9,0.018960000999999994,0.3699745228199493,0.6553478726934002,4.324461613280862,0.15335707659725503,0.011434053936625131,undisturbed,"SSIR 26 (Rutgers): 0-1 bar and Ks on saturated 3-inch cores, 2-15 bar crushed",Evesboro sand,Burlington,IIC3,True,37
NJ26_S60NJ-4-3_0-10,NJ26_S60NJ-4-3,sandy loam,0.9780186888911945,1.191520502606826,2.2813641294212503e-20,0.3343224124563403,69.9,19.5,10.6,5.3340000000000005,12.7,,,SSIR26_NewJersey,0.95,1.6378,0.33299999999999996,1.62,0.009133315750603258,9,5e-324,0.3330005475247465,1.2178552418216422,9.133912015854742,0.020000040498361196,0.008631580217328806,undisturbed,"SSIR 26 (Rutgers): 0-1 bar and Ks on saturated 3-inch cores, 2-15 bar crushed",Series not designated,Camden,Ap,True,41
NJ26_S60NJ-4-3_10-16,NJ26_S60NJ-4-3,sandy loam,0.6302117309818636,1.1856837446895405,6.688168842797505e-21,0.2697475455941538,73.7,16.4,9.9,1.016,33.019999999999996,,,SSIR26_NewJersey,0.22,0.37928,0.267,1.81,0.010943265435782794,9,1.2277951896610363e-26,0.267058866544763,0.819041863192284,8.701523559180576,0.02000000000527807,0.010135339528194412,undisturbed,"SSIR 26 (Rutgers): 0-1 bar and Ks on saturated 3-inch cores, 2-15 bar crushed",Series not designated,Camden,B2,True,41
NJ26_S60NJ-4-3_16-22,NJ26_S60NJ-4-3,loamy sand,0.9038039534469922,1.2717162267253794,0.02737036005194045,0.3004856043939471,80.5,10.0,9.5,2.7940000000000005,48.260000000000005,,,SSIR26_NewJersey,0.14,0.24136000000000002,0.29600000000000004,1.75,0.017540896428332224,9,0.03545446045750614,0.29601277710723833,0.9325887360945727,10.999999947987156,0.026171590143171296,0.015922781374474743,undisturbed,"SSIR 26 (Rutgers): 0-1 bar and Ks on saturated 3-inch cores, 2-15 bar crushed",Series not designated,Camden,B3,True,41
NJ26_S60NJ-4-3_22-60,NJ26_S60NJ-4-3,sand,0.5804871337194175,1.97340383315472,0.030420000999999995,0.30403192502094545,91.2,3.0,5.8,22.86,104.14,,,SSIR26_NewJersey,0.04,0.06896000000000001,0.301,1.69,0.016710857236922883,9,0.030420000999999995,0.30102926072799246,0.7933115568006462,10.999999982864816,0.0739804846024599,0.014705891892736446,undisturbed,"SSIR 26 (Rutgers): 0-1 bar and Ks on saturated 3-inch cores, 2-15 bar crushed",Series not designated,Camden,C,True,41
NJ26_S59NJ-13-4_7-18,NJ26_S59NJ-13-4,sandy loam,2.4116385832293443,1.2685359145366264,0.045168813026041456,0.5043001413091706,71.2,16.2,12.6,36.068,31.75,,,SSIR26_NewJersey,0.55,0.9482,0.503,1.27,0.021660820035320175,9,0.050995204757265086,0.503000039495537,2.3889401205001515,8.168904865070672,0.03406561795160346,0.021030647693131514,undisturbed,"SSIR 26 (Rutgers): 0-1 bar and Ks on saturated 3-inch cores, 2-15 bar crushed",Colts Neck taxadjunct,Monmouth,B1,True,43
NJ26_S59NJ-13-4_18-27,NJ26_S59NJ-13-4,sandy loam,3.3477708425534085,1.1436640665665183,0.013281199885130412,0.4627637470148373,71.1,10.3,18.6,18.541999999999998,57.15,,,SSIR26_NewJersey,0.14,0.24136000000000002,0.462,1.36,0.016440443166107377,9,0.019568614141853426,0.4620000349178556,3.4009482191261644,6.62052161300527,0.02215802481864775,0.016162049918794334,undisturbed,"SSIR 26 (Rutgers): 0-1 bar and Ks on saturated 3-inch cores, 2-15 bar crushed",Colts Neck taxadjunct,Monmouth,B2t,True,43
NJ26_S59NJ-13-4_27-33,NJ26_S59NJ-13-4,sandy loam,1.0064269045014473,1.3965882578160072,0.1260684156215994,0.4567556018215799,76.9,8.5,14.6,19.304,76.2,,,SSIR26_NewJersey,0.1,0.1724,0.455,1.38,0.010513051474373968,9,0.12189975149620014,0.45500022651904914,1.256987034535112,10.999186154159586,0.0329226863084923,0.009096171779848967,undisturbed,"SSIR 26 (Rutgers): 0-1 bar and Ks on saturated 3-inch cores, 2-15 bar crushed",Colts Neck taxadjunct,Monmouth,B3t,True,43
NJ26_S59NJ-13-4_33-48,NJ26_S59NJ-13-4,loamy sand,1.0466683489291582,1.3744004445010836,0.10841767237488821,0.4480995148592377,82.69999999999999,5.8999999999999995,11.399999999999999,22.098,102.87,,,SSIR26_NewJersey,0.07,0.12068000000000001,0.446,1.37,0.013615759982307027,9,0.10537613880398523,0.4460002683581972,1.2648080643547546,10.988875300562068,0.03177472901180301,0.012299662153298902,undisturbed,"SSIR 26 (Rutgers): 0-1 bar and Ks on saturated 3-inch cores, 2-15 bar crushed",Colts Neck taxadjunct,Monmouth,C,True,43
NJ26_S59NJ-13-3_1-3,NJ26_S59NJ-13-3,loamy sand,0.9558743359532405,1.3797259448634127,0.06942093130629089,0.533516597544657,80.0,10.1,9.9,59.944,5.08,,,SSIR26_NewJersey,1.2,2.0688,0.528,1.17,0.029798515634490704,9,0.07274455450064851,0.5280044917868543,1.054222417846243,10.999999369583508,0.03450312401763519,0.027426055615796526,undisturbed,"SSIR 26 (Rutgers): 0-1 bar and Ks on saturated 3-inch cores, 2-15 bar crushed",Colts Neck taxadjunct,Monmouth,A2,True,45
NJ26_S59NJ-13-3_3-8,NJ26_S59NJ-13-3,sandy loam,0.4926851466414019,1.241001733927599,2.994443093193696e-34,0.4740031336786558,76.8,10.4,12.8,41.147999999999996,13.97,,,SSIR26_NewJersey,0.78,1.3447200000000001,0.491,1.26,0.023561057625311594,9,2.0002770781551803e-32,0.4735531171571531,0.35843984697544645,1.01,0.25811450848143386,0.02169693530413126,undisturbed,"SSIR 26 (Rutgers): 0-1 bar and Ks on saturated 3-inch cores, 2-15 bar crushed",Colts Neck taxadjunct,Monmouth,B1,True,45
NJ26_S59NJ-13-3_8-17,NJ26_S59NJ-13-3,sandy clay loam,2.1787233983038776,1.121989623192841,2.187330237386222e-19,0.4863821446884351,69.3,8.7,22.0,18.288,31.75,,,SSIR26_NewJersey,0.41,0.7068399999999999,0.488,1.29,0.00968378182124604,9,3.503292326261231e-18,0.48612231214030854,2.015926817446204,1.0100000000000013,0.12232919992142582,0.009408368844588373,undisturbed,"SSIR 26 (Rutgers): 0-1 bar and Ks on saturated 3-inch cores, 2-15 bar crushed",Colts Neck taxadjunct,Monmouth,B21t,True,45
NJ26_S59NJ-13-3_17-25,NJ26_S59NJ-13-3,sandy clay loam,1.7482109310567049,1.093379292603613,4.492931628168346e-18,0.4812369558521922,62.2,9.2,28.6,11.938,53.34,,,SSIR26_NewJersey,0.28,0.48272000000000004,0.485,1.33,0.02162890831861171,9,2.19891182120542e-22,0.48055143984928933,1.581423856310878,1.01,0.09389886989768158,0.021466700898596588,undisturbed,"SSIR 26 (Rutgers): 0-1 bar and Ks on saturated 3-inch cores, 2-15 bar crushed",Colts Neck taxadjunct,Monmouth,B22t,True,45
NJ26_S59NJ-13-3_25-48,NJ26_S59NJ-13-3,sandy clay loam,0.00756428677793935,2.7258630130533525,0.214420000999997,0.3627821342387658,69.0,8.3,22.7,5.08,92.71000000000001,,,SSIR26_NewJersey,0.19,0.32756,0.377,1.51,0.008424701470829814,9,0.20793731369232843,0.36170729971710186,0.01175023539520266,10.999999957255774,0.09365137438907857,0.008258077044305707,undisturbed,"SSIR 26 (Rutgers): 0-1 bar and Ks on saturated 3-inch cores, 2-15 bar crushed",Colts Neck taxadjunct,Monmouth,C1,True,45
NJ26_S58NJ-8-1_1.5-11,NJ26_S58NJ-8-1,sandy loam,0.7902634732382645,1.3051260892017793,0.0024484682560467494,0.5087709753364645,64.2,27.0,8.8,14.478000000000002,15.875,,,SSIR26_NewJersey,0.72,1.24128,0.506,1.23,0.013270512664513632,9,5e-324,0.5060005183477038,1.0402063530396828,10.71135795982554,0.026297481573712443,0.011773386576596934,undisturbed,"SSIR 26 (Rutgers): 0-1 bar and Ks on saturated 3-inch cores, 2-15 bar crushed",Aura taxadjunct,Gloucester,A'2,True,47
NJ26_S58NJ-8-1_11-16,NJ26_S58NJ-8-1,sandy loam,1.1523343372047488,1.2132962521363377,5.186034699795349e-25,0.41946558729518424,60.80000000000001,26.900000000000002,12.300000000000002,3.302,34.29,,,SSIR26_NewJersey,0.32,0.5516800000000001,0.419,1.51,0.011080621487581545,9,5e-324,0.4190000246355406,1.4383058987143789,8.995245172382695,0.022652053552792088,0.011042906510836007,undisturbed,"SSIR 26 (Rutgers): 0-1 bar and Ks on saturated 3-inch cores, 2-15 bar crushed",Aura taxadjunct,Gloucester,B'21t,True,47
NJ26_S58NJ-8-1_16-30,NJ26_S58NJ-8-1,sandy loam,0.5930057616791358,1.388806753420928,0.04480699852048589,0.3651770665400207,58.5,23.2,18.3,2.032,58.42,,,SSIR26_NewJersey,0.27,0.46548,0.361,1.65,0.016166381848828938,9,0.03355563949113708,0.36101788543088037,0.8426606292359268,10.999999996567327,0.029366451361446468,0.014427872583088282,undisturbed,"SSIR 26 (Rutgers): 0-1 bar and Ks on saturated 3-inch cores, 2-15 bar crushed",Aura taxadjunct,Gloucester,B'22t,True,47
NJ26_S58NJ-8-1_30,NJ26_S58NJ-8-1,sandy clay loam,0.5534382837981383,1.6017639926490645,0.14620000099999997,0.355683942720399,66.0,6.8,27.2,1.7779999999999998,76.2,,,SSIR26_NewJersey,0.12,0.20687999999999998,0.355,1.7,0.006398563445586598,9,0.1442520083490145,0.3549331581873811,0.729488216864681,2.439415126578891,0.21554566267602834,0.006175970656429962,undisturbed,"SSIR 26 (Rutgers): 0-1 bar and Ks on saturated 3-inch cores, 2-15 bar crushed",Aura taxadjunct,Gloucester,IIIB'24t,True,47
NJ26_S56NJ-3-1_0-4.5,NJ26_S56NJ-3-1,sandy loam,0.5667171452409515,1.250177591680735,2.777672496953067e-21,0.571557053315525,62.7,29.4,7.9,31.75,5.715,,,SSIR26_NewJersey,3.8,6.5512,0.5660000000000001,0.91,0.025157220106934768,9,2.595858221286537e-25,0.56599445724581,0.7720974259408163,4.620540301260773,0.049946023630817515,0.023968369945060377,undisturbed,"SSIR 26 (Rutgers): 0-1 bar and Ks on saturated 3-inch cores, 2-15 bar crushed",Freehold taxadjunct,Burlington,A1,True,49
NJ26_S56NJ-3-1_4.5-12,NJ26_S56NJ-3-1,sandy loam,0.3793307892981845,1.281011244741942,6.305817369082158e-15,0.41761556817883694,68.1,25.800000000000004,6.1000000000000005,6.096,20.955,,,SSIR26_NewJersey,0.98,1.68952,0.41700000000000004,1.42,0.01817204432637985,9,2.5011066111625506e-26,0.4189121550448697,0.2831996273194048,1.0100000000000156,0.2990735230459344,0.01795186406374491,undisturbed,"SSIR 26 (Rutgers): 0-1 bar and Ks on saturated 3-inch cores, 2-15 bar crushed",Freehold taxadjunct,Burlington,A2,True,49
NJ26_S56NJ-3-1_12-20,NJ26_S56NJ-3-1,sandy loam,0.5445988902457721,1.2480700042744577,1.8393743016767859e-29,0.42863737218855286,65.3,26.7,8.0,1.016,40.64,,,SSIR26_NewJersey,0.17,0.29308,0.37799999999999995,1.55,0.02438754698807328,8,1.0566420885578208e-40,0.4290181320777811,0.4230665180829933,1.01,0.26026298221984623,0.02403875818544264,undisturbed,"SSIR 26 (Rutgers): 0-1 bar and Ks on saturated 3-inch cores, 2-15 bar crushed",Freehold taxadjunct,Burlington,B1,False,49
NJ26_S56NJ-3-1_20-30,NJ26_S56NJ-3-1,sandy loam,0.38838588111057165,1.1837178380291655,6.978043948709057e-23,0.4193420083421116,54.6,28.5,16.9,1.524,63.5,,,SSIR26_NewJersey,0.17,0.29308,0.42100000000000004,1.49,0.016788474924580743,9,6.134325729901838e-15,0.41929243189859855,0.3118623704786458,1.01,0.19109778514405934,0.01637609608978645,undisturbed,"SSIR 26 (Rutgers): 0-1 bar and Ks on saturated 3-inch cores, 2-15 bar crushed",Freehold taxadjunct,Burlington,B2t,True,49
NJ26_S56NJ-3-1_30-36,NJ26_S56NJ-3-1,sandy loam,0.143986400296768,1.218677692604001,2.673936446099793e-29,0.3474545182368957,71.1,15.800000000000002,13.100000000000001,0.508,83.82,,,SSIR26_NewJersey,0.06,0.10343999999999999,0.365,1.66,0.017143733015957615,8,1.2108102003943924e-32,0.35014794693857854,0.11157105985599579,1.01,0.23359047411852324,0.016654596232713745,undisturbed,"SSIR 26 (Rutgers): 0-1 bar and Ks on saturated 3-inch cores, 2-15 bar crushed",Freehold taxadjunct,Burlington,B3t,False,49
NJ26_S56NJ-3-1_38-42,NJ26_S56NJ-3-1,loamy sand,0.2598024830677982,1.608649120985452,0.05007189099135147,0.39560336891814163,84.5,8.1,7.4,5.3340000000000005,101.6,,,SSIR26_NewJersey,0.04,0.06896000000000001,0.389,1.56,0.021043655812153044,9,0.04090045523060351,0.384560353240158,0.3460063772862644,3.4554121325240343,0.14397634357213338,0.01968269450243794,undisturbed,"SSIR 26 (Rutgers): 0-1 bar and Ks on saturated 3-inch cores, 2-15 bar crushed",Freehold taxadjunct,Burlington,IIC2,True,49
NJ26_S56NJ-3-1_42-63,NJ26_S56NJ-3-1,sandy loam,0.22700325999967236,1.2657030405319478,3.891884782061995e-22,0.39078655825523334,74.3,13.7,12.0,6.096,133.35000000000002,,,SSIR26_NewJersey,0.04,0.06896000000000001,0.38299999999999995,1.59,0.017990866778608613,9,2.926047721682624e-98,0.38264789761804324,0.33684131263936834,7.324756740469918,0.03206513963608629,0.017401107659044915,undisturbed,"SSIR 26 (Rutgers): 0-1 bar and Ks on saturated 3-inch cores, 2-15 bar crushed",Freehold taxadjunct,Burlington,IIIC3,True,49
NJ26_S57NJ-12-1_5-13,NJ26_S57NJ-12-1,silt loam,0.3982903978497602,1.25002305739806,1.812215940066134e-18,0.5003513878638773,18.900000000000002,69.30000000000001,11.800000000000002,2.7940000000000005,22.86,,,SSIR26_NewJersey,0.62,1.06888,0.508,1.2,0.028096881353499085,9,5.446421812666545e-27,0.49915624187590724,0.28002373993618607,1.01,0.2696162174477353,0.02681297342181384,undisturbed,"SSIR 26 (Rutgers): 0-1 bar and Ks on saturated 3-inch cores, 2-15 bar crushed",Matapeake taxadjunct,Middlesex,A2,True,51
NJ26_S57NJ-12-1_13-21,NJ26_S57NJ-12-1,silt loam,0.32449438659475704,1.1757481797707037,3.634617891842494e-43,0.44764675846312163,15.9,62.8,21.3,0.762,43.18000000000001,,,SSIR26_NewJersey,0.31,0.53444,0.461,1.38,0.025270609398883353,9,5e-324,0.4444928671457408,0.22104337655228667,1.01,0.18948518927452976,0.024296932233207905,undisturbed,"SSIR 26 (Rutgers): 0-1 bar and Ks on saturated 3-inch cores, 2-15 bar crushed",Matapeake taxadjunct,Middlesex,B21t,True,51
NJ26_S57NJ-12-1_21-31,NJ26_S57NJ-12-1,loam,0.03503276442345424,1.2587017987190219,1.6165719094087595e-23,0.37557546964251365,38.3,46.6,15.1,0.254,66.03999999999999,,,SSIR26_NewJersey,0.1,0.1724,0.40700000000000003,1.61,0.019502814287689043,9,4.543319190901721e-22,0.37989616307188706,0.02741755328119316,1.01,0.27976608628025534,0.018263241373343574,undisturbed,"SSIR 26 (Rutgers): 0-1 bar and Ks on saturated 3-inch cores, 2-15 bar crushed",Matapeake taxadjunct,Middlesex,B22tg,True,51
NJ26_S57NJ-12-1_31-63,NJ26_S57NJ-12-1,sandy loam,1.3463237167481155,1.1543172751718251,7.082733994985299e-22,0.30726871291638574,58.5,26.7,14.8,0.508,119.38,,,SSIR26_NewJersey,0.06,0.10343999999999999,0.309,1.86,0.012769086240955699,9,1.8428005336450113e-18,0.30683999082313573,1.1741136848382887,1.01,0.15660535451636784,0.012540511498887033,undisturbed,"SSIR 26 (Rutgers): 0-1 bar and Ks on saturated 3-inch cores, 2-15 bar crushed",Matapeake taxadjunct,Middlesex,IIC,True,51
NJ26_S57NJ-8-1_1.5-11,NJ26_S57NJ-8-1,sandy loam,0.7064015112544875,1.3064049819765697,1.6370882332295416e-18,0.40164458767368333,70.1,25.100000000000005,4.800000000000001,12.953999999999999,15.875,,,SSIR26_NewJersey,0.56,0.9654400000000001,0.397,1.44,0.014633455749358827,9,2.3738919364399497e-66,0.39701178860128133,0.8939353607189106,10.99999999380539,0.026179178832489707,0.012135626635186586,undisturbed,"SSIR 26 (Rutgers): 0-1 bar and Ks on saturated 3-inch cores, 2-15 bar crushed",Downer sandy loam,Gloucester,A'2,True,53
NJ26_S57NJ-8-1_11-18,NJ26_S57NJ-8-1,sandy loam,0.6163903893956425,1.2572565271069696,6.076497730156531e-17,0.3396683453019309,66.0,27.4,6.6,8.89,36.83,,,SSIR26_NewJersey,0.17,0.29308,0.33899999999999997,1.57,0.014460767887678846,9,1.1946598769466472e-18,0.33988733743149413,0.48425194670389315,1.0100000000000282,0.26877002736787853,0.01429736630809648,undisturbed,"SSIR 26 (Rutgers): 0-1 bar and Ks on saturated 3-inch cores, 2-15 bar crushed",Downer sandy loam,Gloucester,B'21t,True,53
NJ26_S57NJ-8-1_18-25,NJ26_S57NJ-8-1,sandy loam,0.7999691538662094,1.38047860585261,0.056067897455930264,0.28534042045438684,69.6,21.7,8.7,3.5559999999999996,54.61,,,SSIR26_NewJersey,0.12,0.20687999999999998,0.284,1.72,0.009127550591870518,9,0.048945378918432855,0.28400039003860733,1.1075235483672918,10.999493764064693,0.02936829514227002,0.008428046069884077,undisturbed,"SSIR 26 (Rutgers): 0-1 bar and Ks on saturated 3-inch cores, 2-15 bar crushed",Downer sandy loam,Gloucester,B'22t,True,53
NJ26_S57NJ-8-1_25-32,NJ26_S57NJ-8-1,loamy sand,0.8525817991339414,1.478930117491719,0.04806000099999999,0.2515780483463563,83.3,10.3,6.4,6.35,72.39,,,SSIR26_NewJersey,0.08,0.13792000000000001,0.25,1.78,0.007907334168488787,9,0.0470324371316443,0.25000093032343607,1.0604464734100219,10.999935184163288,0.040266420215013046,0.006750114450868387,undisturbed,"SSIR 26 (Rutgers): 0-1 bar and Ks on saturated 3-inch cores, 2-15 bar crushed",Downer sandy loam,Gloucester,B'23t,True,53
NJ26_S57NJ-8-2_0-1.5,NJ26_S57NJ-8-2,sandy loam,0.7761795200489452,1.272011669548157,2.1044590807495717e-14,0.40937842396727775,71.0,25.5,3.5,17.526,1.905,,,SSIR26_NewJersey,2.6,4.4824,0.405,1.33,0.021533242974482614,9,5e-324,0.40500768713640733,0.953197176034137,10.999999998178392,0.023496556494446656,0.02000555223256899,undisturbed,"SSIR 26 (Rutgers): 0-1 bar and Ks on saturated 3-inch cores, 2-15 bar crushed",Downer sandy loam,Gloucester,,True,55
NJ26_S57NJ-8-2_1.5-14,NJ26_S57NJ-8-2,sandy loam,0.8017906564819242,1.2477822337512317,4.8979858424525935e-16,0.40835173401063357,63.0,29.9,7.1,16.764,19.685000000000002,,,SSIR26_NewJersey,0.64,1.1033600000000001,0.409,1.37,0.02075950548393514,9,2.4692834061976044e-21,0.4086921292771912,0.6541376359697111,1.0100000000000002,0.25629966279460925,0.02057565802714192,undisturbed,"SSIR 26 (Rutgers): 0-1 bar and Ks on saturated 3-inch cores, 2-15 bar crushed",Downer sandy loam,Gloucester,A'2,True,55
NJ26_S57NJ-8-2_14-24,NJ26_S57NJ-8-2,sandy loam,1.6253284893498772,1.179217993356857,7.149942419755233e-23,0.3495907386597492,61.9,27.2,10.9,8.128,48.260000000000005,,,SSIR26_NewJersey,0.2,0.3448,0.349,1.55,0.015965880061131796,9,5e-324,0.3490000711893803,1.8780046422649854,8.472162368948199,0.020586110719935862,0.015802149708544412,undisturbed,"SSIR 26 (Rutgers): 0-1 bar and Ks on saturated 3-inch cores, 2-15 bar crushed",Downer sandy loam,Gloucester,B'21t,True,55
NJ26_S57NJ-8-2_24-32,NJ26_S57NJ-8-2,loamy sand,0.6514180084149426,1.6467895753473245,0.053630001,0.27720450521205503,78.4,13.6,8.0,11.43,71.12,,,SSIR26_NewJersey,0.12,0.20687999999999998,0.275,1.73,0.008949731388768556,9,0.053630001,0.2750057458020104,0.8722456746222939,10.999999912085846,0.05227282224030398,0.007236045439360181,undisturbed,"SSIR 26 (Rutgers): 0-1 bar and Ks on saturated 3-inch cores, 2-15 bar crushed",Downer sandy loam,Gloucester,B'22t,True,55
NJ26_S57NJ-8-2_32-66,NJ26_S57NJ-8-2,loamy sand,1.195051429380163,1.4855201600924606,0.037170000999987664,0.2603196161598507,87.2,8.0,4.8,5.08,124.46000000000001,,,SSIR26_NewJersey,0.04,0.06896000000000001,0.259,1.77,0.011432235839149702,9,0.037170000999999994,0.25900013134736605,1.325781527903114,10.960527573977563,0.043360610125621396,0.01059133446567113,undisturbed,"SSIR 26 (Rutgers): 0-1 bar and Ks on saturated 3-inch cores, 2-15 bar crushed",Downer sandy loam,Gloucester,IIC2,True,55
NJ26_S57NJ-8-3_3-4,NJ26_S57NJ-8-3,loamy sand,0.6501104129757078,1.377637810197165,0.047656434013697895,0.44277171001045534,75.0,21.2,3.8,15.494,8.89,,,SSIR26_NewJersey,1.02,1.75848,0.43799999999999994,1.28,0.021070479567679788,7,0.03281579678007682,0.4380073546583867,0.9122577628807466,10.999999874029543,0.028486553789754534,0.018649602887499436,undisturbed,"SSIR 26 (Rutgers): 0-1 bar and Ks on saturated 3-inch cores, 2-15 bar crushed",Downer loamy sand,Gloucester,B2,True,57
NJ26_S57NJ-8-3_4-13,NJ26_S57NJ-8-3,loamy sand,0.3316867738410569,1.3825028172019103,1.1933659584627805e-16,0.39812702153886065,79.69999999999999,16.1,4.199999999999999,9.906,21.590000000000003,,,SSIR26_NewJersey,0.28,0.48272000000000004,0.40299999999999997,1.49,0.020737951717734876,9,9.817635044908532e-21,0.4015879427504233,0.22246713658360973,1.01,0.42411330891895443,0.020069498662022015,undisturbed,"SSIR 26 (Rutgers): 0-1 bar and Ks on saturated 3-inch cores, 2-15 bar crushed",Downer loamy sand,Gloucester,A'2,True,57
NJ26_S57NJ-8-3_13-24,NJ26_S57NJ-8-3,sandy loam,0.9303946292968222,1.3737442633870411,0.03958732068103019,0.36253311208650213,75.6,15.7,8.7,10.414,46.99,,,SSIR26_NewJersey,0.2,0.3448,0.36,1.54,0.013523008666528448,9,0.03544236302872173,0.36000067055563817,1.1525440809771377,10.999935403838151,0.031134862380149102,0.012044853501045963,undisturbed,"SSIR 26 (Rutgers): 0-1 bar and Ks on saturated 3-inch cores, 2-15 bar crushed",Downer loamy sand,Gloucester,B't,True,57
NJ26_S57NJ-8-3_30-46,NJ26_S57NJ-8-3,sand,0.33322675571629773,1.8804456179624727,0.025350000999999987,0.3215785112781542,93.2,3.2,3.6,21.843999999999998,96.52000000000001,,,SSIR26_NewJersey,0.04,0.06896000000000001,0.32,1.69,0.01644506225603555,9,0.025350000999999865,0.3187679017754389,0.41021493482594856,2.4592042518097266,0.3155909851760769,0.016121513131104475,undisturbed,"SSIR 26 (Rutgers): 0-1 bar and Ks on saturated 3-inch cores, 2-15 bar crushed",Downer loamy sand,Gloucester,IIC2,True,57
NJ26_S58NJ-5-1_0-2,NJ26_S58NJ-5-1,loamy sand,0.5593225407160731,1.8173203719201771,0.2251543592563398,0.5015393160835758,77.9,19.1,3.0,19.05,2.54,,,SSIR26_NewJersey,3.08,5.30992,0.502,1.26,0.005966185621672857,6,0.23395620907113338,0.5016537193806766,0.2817532597562703,1.318330661419163,0.9799999999998394,0.005337677869469864,undisturbed,"SSIR 26 (Rutgers): 0-1 bar and Ks on saturated 3-inch cores, 2-15 bar crushed",Downer loamy sand,Cape May,A1,True,59
NJ26_S58NJ-5-1_13-19,NJ26_S58NJ-5-1,sandy loam,0.7162597928680581,1.2847915737208448,5.812012944476599e-19,0.3699903630119011,70.2,24.9,4.9,2.032,40.64,,,SSIR26_NewJersey,0.16,0.27584000000000003,0.37,1.6,0.021422299207621478,9,1.3522849604909536e-14,0.370142448760709,0.5533001286161465,1.0100000000116862,0.29878712180216593,0.021204755084292388,undisturbed,"SSIR 26 (Rutgers): 0-1 bar and Ks on saturated 3-inch cores, 2-15 bar crushed",Downer loamy sand,Cape May,A3,True,59
NJ26_S58NJ-5-1_19-21,NJ26_S58NJ-5-1,sandy loam,0.8516967355105647,1.2501566835539062,4.905139095116544e-24,0.36698592196630525,67.1,26.100000000000005,6.800000000000001,1.524,50.8,,,SSIR26_NewJersey,0.11,0.18964,0.36700000000000005,1.63,0.023066817946624057,9,3.8725320515260075e-18,0.3667960625852129,0.6836910393477525,1.0100000000001939,0.259415932090087,0.022873953245589267,undisturbed,"SSIR 26 (Rutgers): 0-1 bar and Ks on saturated 3-inch cores, 2-15 bar crushed",Downer loamy sand,Cape May,B1,True,59
NJ26_S58NJ-5-1_21-28,NJ26_S58NJ-5-1,sandy loam,1.9053347148238307,1.1687069433383774,9.836418254174329e-21,0.3867700258977104,61.6,22.5,15.9,2.032,62.230000000000004,,,SSIR26_NewJersey,0.16,0.27584000000000003,0.38799999999999996,1.6,0.014111989259233555,9,9.587958656162559e-13,0.38644366684608966,1.6986807340246934,1.0100000000000002,0.1704547057245654,0.013872967155129697,undisturbed,"SSIR 26 (Rutgers): 0-1 bar and Ks on saturated 3-inch cores, 2-15 bar crushed",Downer loamy sand,Cape May,B2t,True,59
NJ26_S58NJ-5-1_28-32,NJ26_S58NJ-5-1,sandy loam,0.844502928963538,1.2674946016526876,0.013784748903590334,0.35031086376381804,75.4,12.1,12.5,6.35,76.2,,,SSIR26_NewJersey,0.08,0.13792000000000001,0.34600000000000003,1.64,0.015675356601053913,9,0.010949981726985017,0.34600456102728533,0.9994594087035702,10.999998607419917,0.022909898289240806,0.013811863253346417,undisturbed,"SSIR 26 (Rutgers): 0-1 bar and Ks on saturated 3-inch cores, 2-15 bar crushed",Downer loamy sand,Cape May,B3t,True,59
NJ26_S58NJ-5-1_32-38,NJ26_S58NJ-5-1,sand,0.4045621377696215,1.6277421427109517,0.02004000099963386,0.3334175352460873,93.3,2.9,3.8,15.494,88.9,,,SSIR26_NewJersey,0.0,0.0,0.325,1.67,0.014346767619418256,9,0.011143092706206928,0.32536324116908133,0.6284903477959435,10.999999999965523,0.043527043656607235,0.009373596812074333,undisturbed,"SSIR 26 (Rutgers): 0-1 bar and Ks on saturated 3-inch cores, 2-15 bar crushed",Downer loamy sand,Cape May,C1,True,59
NJ26_S58NJ-5-1_38-43,NJ26_S58NJ-5-1,loamy sand,0.3182799044089108,1.384175225714653,1.411008589855317e-16,0.33081096242415076,82.5,14.3,3.2,3.302,102.87,,,SSIR26_NewJersey,0.04,0.06896000000000001,0.324,1.66,0.026002280129839305,9,1.1533933795903326e-59,0.3240531763616771,0.4829981035680786,6.074463816112128,0.05512788746830124,0.025387167926368154,undisturbed,"SSIR 26 (Rutgers): 0-1 bar and Ks on saturated 3-inch cores, 2-15 bar crushed",Downer loamy sand,Cape May,C2,True,59
NJ26_S58NJ-5-2_0-7,NJ26_S58NJ-5-2,loamy sand,0.6485809051293921,1.3849255488943477,0.019487126868984156,0.5178195758924834,78.60000000000001,17.3,4.1,32.004,8.89,,,SSIR26_NewJersey,1.38,2.37912,0.511,1.17,0.025650695378772806,9,0.006088715213780352,0.5110210365388455,0.8761468948751693,10.999999995529105,0.03008858271693882,0.02266033263270296,undisturbed,"SSIR 26 (Rutgers): 0-1 bar and Ks on saturated 3-inch cores, 2-15 bar crushed",Downer loamy sand,Cape May,"Ap1,Ap2",True,61
NJ26_S58NJ-5-2_7-16,NJ26_S58NJ-5-2,loamy sand,0.8722319043542146,1.3454224940160497,0.00040042604403532444,0.4245713466493432,77.5,17.7,4.8,4.318,29.21,,,SSIR26_NewJersey,0.32,0.5516800000000001,0.42100000000000004,1.48,0.01760745887910049,9,1.0550475373757111e-191,0.4210016750422806,1.065628174952281,10.999984383760461,0.029770387159922335,0.01572941661540171,undisturbed,"SSIR 26 (Rutgers): 0-1 bar and Ks on saturated 3-inch cores, 2-15 bar crushed",Downer loamy sand,Cape May,A2,True,61
NJ26_S58NJ-5-2_16-19,NJ26_S58NJ-5-2,sandy loam,0.6612454739558051,1.2760271073965463,1.7754432068178263e-20,0.3765479924657178,71.9,19.5,8.6,1.016,44.45,,,SSIR26_NewJersey,0.19,0.32756,0.373,1.58,0.014426657745930924,9,5e-324,0.37300436184180197,0.8743182931581245,10.999999999999998,0.023345944291270022,0.013159456292821411,undisturbed,"SSIR 26 (Rutgers): 0-1 bar and Ks on saturated 3-inch cores, 2-15 bar crushed",Downer loamy sand,Cape May,B1,True,61
NJ26_S58NJ-5-2_19-27,NJ26_S58NJ-5-2,sandy loam,0.5420883001978682,1.4277777623170258,0.09829493240070682,0.381040421314209,65.4,16.5,18.1,5.588000000000001,58.42,,,SSIR26_NewJersey,0.29,0.49995999999999996,0.377,1.58,0.012108343153750277,9,0.08442603757314261,0.37701424261003286,0.8146809875692247,10.999999999820675,0.0303920257736068,0.010100998457394041,undisturbed,"SSIR 26 (Rutgers): 0-1 bar and Ks on saturated 3-inch cores, 2-15 bar crushed",Downer loamy sand,Cape May,B2t,True,61
NJ26_S58NJ-5-2_27-37,NJ26_S58NJ-5-2,sandy loam,0.32311333759374505,1.7805591343058482,0.08060000099999999,0.390304277075484,80.6,5.9,13.5,3.5559999999999996,81.28,,,SSIR26_NewJersey,0.15,0.2586,0.38,1.55,0.018309345660414998,9,0.08060000099999999,0.3799664557025864,0.5026989702565605,6.595677921283914,0.09085377420124051,0.01492250348675436,undisturbed,"SSIR 26 (Rutgers): 0-1 bar and Ks on saturated 3-inch cores, 2-15 bar crushed",Downer loamy sand,Cape May,B3t,True,61
NJ26_S58NJ-5-2_37,NJ26_S58NJ-5-2,sand,0.14898128643597822,5.775972813187958,0.029200000999999996,0.39470629157291426,94.7,0.3,5.0,23.622000000000003,93.98,,,SSIR26_NewJersey,0.04,0.06896000000000001,0.405,1.46,0.01669426689230997,9,0.029200000999999996,0.39455584559074713,0.17859834279589584,10.999999999999993,0.3046498010430852,0.016538033486692208,undisturbed,"SSIR 26 (Rutgers): 0-1 bar and Ks on saturated 3-inch cores, 2-15 bar crushed",Downer loamy sand,Cape May,IIC,True,61
NJ26_S58NJ-8-7_0-10,NJ26_S58NJ-8-7,sandy loam,0.2187905531464686,1.2411674303134954,5e-324,0.3516894709598172,60.4,32.1,7.5,0.508,12.7,,,SSIR26_NewJersey,1.48,2.55152,0.363,1.6,0.028005199656165554,9,5e-324,0.34466957287909505,0.10185960676426756,1.01,0.290798622138257,0.0267433778116843,undisturbed,"SSIR 26 (Rutgers): 0-1 bar and Ks on saturated 3-inch cores, 2-15 bar crushed",Downer sandy loam,Gloucester,Ap,True,63
NJ26_S58NJ-8-7_10-16,NJ26_S58NJ-8-7,sandy loam,0.5585159936577935,1.24683788046335,2.3582826744338517e-22,0.325581718409758,71.19999999999999,22.599999999999998,6.199999999999999,0.508,33.019999999999996,,,SSIR26_NewJersey,0.28,0.48272000000000004,0.326,1.66,0.025933062189125413,9,4.598948698884075e-15,0.32481357616752066,0.41560194069487477,1.01,0.26113369068631737,0.02562687245504123,undisturbed,"SSIR 26 (Rutgers): 0-1 bar and Ks on saturated 3-inch cores, 2-15 bar crushed",Downer sandy loam,Gloucester,A2,True,63
NJ26_S58NJ-8-7_16-23,NJ26_S58NJ-8-7,sandy loam,1.4016851556000134,1.2384652669473368,7.799806320794235e-21,0.3765453219119885,70.9,21.8,7.3,2.54,49.53,,,SSIR26_NewJersey,0.17,0.29308,0.37799999999999995,1.62,0.019821024152918396,9,8.331154301684601e-13,0.3762152512413086,1.1688993482214438,1.01,0.2448876239997886,0.019502628138636204,undisturbed,"SSIR 26 (Rutgers): 0-1 bar and Ks on saturated 3-inch cores, 2-15 bar crushed",Downer sandy loam,Gloucester,B1t,True,63
NJ26_S58NJ-8-7_23-30,NJ26_S58NJ-8-7,sandy loam,1.7761373535857021,1.2330643774663852,1.213095662712913e-08,0.3509890132471947,76.89999999999999,14.899999999999999,8.199999999999998,4.826,67.31,,,SSIR26_NewJersey,0.08,0.13792000000000001,0.35100000000000003,1.65,0.014870756325231835,9,1.3491593000769896e-20,0.3510115542481854,1.7457615796131742,1.190284063971764,0.19644466163324778,0.014870410994187983,undisturbed,"SSIR 26 (Rutgers): 0-1 bar and Ks on saturated 3-inch cores, 2-15 bar crushed",Downer sandy loam,Gloucester,B2t,True,63
NJ26_S58NJ-8-7_30-48,NJ26_S58NJ-8-7,loamy sand,0.9009356192323736,1.44797419008129,0.030652186042585062,0.2778811418182601,85.0,10.5,4.5,7.111999999999999,99.06,,,SSIR26_NewJersey,0.04,0.06896000000000001,0.276,1.82,0.012830004689180318,9,0.028081368041579846,0.2760006716079388,1.1209153086371881,10.999999713071206,0.037221446505809795,0.011846108395050797,undisturbed,"SSIR 26 (Rutgers): 0-1 bar and Ks on saturated 3-inch cores, 2-15 bar crushed",Downer sandy loam,Gloucester,IIC1,True,63
NJ26_S58NJ-8-7_48-60,NJ26_S58NJ-8-7,sand,8.841068587188934,1.3786624319352516,0.02079099303079129,0.3239909241539099,92.9,2.6,4.5,39.37,137.16,,,SSIR26_NewJersey,0.02,0.034480000000000004,0.324,1.71,0.0057542939039173305,9,0.02159645062936324,0.32397921859707973,7.733414380241174,1.0100008098988273,0.38822381493532865,0.005726489527101093,undisturbed,"SSIR 26 (Rutgers): 0-1 bar and Ks on saturated 3-inch cores, 2-15 bar crushed",Downer sandy loam,Gloucester,IIC2,True,63
NJ26_S59NJ-5-1_8-15,NJ26_S59NJ-5-1,loamy sand,0.7737349628401127,1.2908887398361248,4.085188729723821e-18,0.3764132884203672,87.5,7.5,5.0,3.048,29.21,,,SSIR26_NewJersey,0.26,0.44824,0.379,1.6,0.0241828318216628,9,6.746583555396788e-16,0.3759237493648233,0.5736103896374486,1.01,0.3087926082680941,0.023587860863802445,undisturbed,"SSIR 26 (Rutgers): 0-1 bar and Ks on saturated 3-inch cores, 2-15 bar crushed",Downer loamy sand,Cape May,A2,True,65
NJ26_S59NJ-5-1_15-21,NJ26_S59NJ-5-1,sandy loam,1.7163989388882,1.2717610447816554,3.961096140466762e-24,0.38410117083816,73.30000000000001,20.400000000000002,6.300000000000001,2.286,45.72,,,SSIR26_NewJersey,0.14,0.24136000000000002,0.38299999999999995,1.58,0.01673536275373233,9,5e-324,0.38300004103616336,1.9074428838983835,9.005113338312528,0.02956045768661494,0.016218276176177326,undisturbed,"SSIR 26 (Rutgers): 0-1 bar and Ks on saturated 3-inch cores, 2-15 bar crushed",Downer loamy sand,Cape May,A3,True,65
NJ26_S59NJ-5-1_21-30,NJ26_S59NJ-5-1,sandy loam,3.4375626985363095,1.1715826420735533,3.0897263830386966e-21,0.41426510742798167,63.30000000000001,22.400000000000002,14.300000000000002,5.842,64.77000000000001,,,SSIR26_NewJersey,0.15,0.2586,0.415,1.48,0.021234334369006343,9,5.28112516082483e-22,0.41393138262149437,3.1388324938929686,1.0100000000000002,0.17244183386772172,0.021091122533308745,undisturbed,"SSIR 26 (Rutgers): 0-1 bar and Ks on saturated 3-inch cores, 2-15 bar crushed",Downer loamy sand,Cape May,B2t,True,65
NJ26_S59NJ-5-1_30-34,NJ26_S59NJ-5-1,sandy loam,0.762932565155264,1.546579791139893,0.06536000099999971,0.3782537428538371,76.6,12.4,11.0,6.096,81.28,,,SSIR26_NewJersey,0.08,0.13792000000000001,0.375,1.52,0.015197392941163802,9,0.06536000099999999,0.37500587685047493,0.9432719149815812,10.999999963632241,0.04649947014239839,0.013119297456219394,undisturbed,"SSIR 26 (Rutgers): 0-1 bar and Ks on saturated 3-inch cores, 2-15 bar crushed",Downer loamy sand,Cape May,B3t,True,65
NJ26_S59NJ-5-1_34-37,NJ26_S59NJ-5-1,sand,0.8367993215760219,1.7387229002679296,0.024800000999999596,0.3668061932943211,92.3,3.9,3.8,22.098,90.17,,,SSIR26_NewJersey,0.04,0.06896000000000001,0.366,1.55,0.008906137347380917,9,0.024800001,0.366000368064385,1.0683622609739651,10.999993623906994,0.06093545750892601,0.007874897755980622,undisturbed,"SSIR 26 (Rutgers): 0-1 bar and Ks on saturated 3-inch cores, 2-15 bar crushed",Downer loamy sand,Cape May,IIC1,True,65
NJ26_S59NJ-6-1_6-11,NJ26_S59NJ-6-1,sandy loam,0.7686837066665765,1.2268547289695777,1.5067697864161945e-21,0.33173167953323907,72.7,20.8,6.5,2.54,21.59,,,SSIR26_NewJersey,0.56,0.9654400000000001,0.332,1.7,0.013382659692459827,9,2.724883701283383e-18,0.33180091072752155,0.6312831224022365,1.01,0.2341212682503263,0.013179882001077677,undisturbed,"SSIR 26 (Rutgers): 0-1 bar and Ks on saturated 3-inch cores, 2-15 bar crushed",Downer sandy loam,Cumberland,Ap2,True,67
NJ26_S59NJ-6-1_11-17,NJ26_S59NJ-6-1,sandy loam,1.8957419896821244,1.1843946264633478,1.3036225388611233e-08,0.32517668221806256,68.0,23.1,8.9,2.7940000000000005,35.56,,,SSIR26_NewJersey,0.28,0.48272000000000004,0.325,1.7,0.016883220697433737,9,4.9002712631395544e-21,0.32513015568441667,1.7163548920111256,1.0100000000001956,0.1857431578753159,0.016855886109854258,undisturbed,"SSIR 26 (Rutgers): 0-1 bar and Ks on saturated 3-inch cores, 2-15 bar crushed",Downer sandy loam,Cumberland,A2,True,67
NJ26_S59NJ-6-1_17-31,NJ26_S59NJ-6-1,sandy loam,4.7235978606899085,1.192105892934629,3.568043572247485e-21,0.36122320298476074,68.1,23.100000000000005,8.800000000000002,3.81,60.959999999999994,,,SSIR26_NewJersey,0.1,0.1724,0.361,1.54,0.012632656812822822,9,5e-324,0.36100001462533443,4.928766341414181,5.634795591925125,0.03387291856122164,0.012525154024084023,undisturbed,"SSIR 26 (Rutgers): 0-1 bar and Ks on saturated 3-inch cores, 2-15 bar crushed",Downer sandy loam,Cumberland,B2t,True,67
NJ26_S59NJ-6-1_31-37,NJ26_S59NJ-6-1,sandy loam,1.1601281662101888,1.4490909460013415,0.06357000099999997,0.32033839287656873,73.2,15.7,11.1,2.286,86.36,,,SSIR26_NewJersey,0.08,0.13792000000000001,0.319,1.63,0.010628059856968974,9,0.06357000099999997,0.31900010839787335,1.3292755647726253,10.947468980029115,0.039684746192998305,0.009674465496748524,undisturbed,"SSIR 26 (Rutgers): 0-1 bar and Ks on saturated 3-inch cores, 2-15 bar crushed",Downer sandy loam,Cumberland,B3t,True,67
NJ26_S59NJ-6-1_37-46,NJ26_S59NJ-6-1,loamy sand,1.2114519104648973,1.3408143814034663,0.022720824038542812,0.2726576867200737,81.60000000000001,12.600000000000001,5.800000000000001,3.048,105.41,,,SSIR26_NewJersey,0.04,0.06896000000000001,0.271,1.75,0.013141849997234365,9,0.022866686748367754,0.27100011517783573,1.3586221134366616,10.970560334374097,0.030363034616582973,0.012360071751053126,undisturbed,"SSIR 26 (Rutgers): 0-1 bar and Ks on saturated 3-inch cores, 2-15 bar crushed",Downer sandy loam,Cumberland,IIC1,True,67
NJ26_S58NJ-6-1_3-12,NJ26_S58NJ-6-1,sandy loam,0.5790384165327409,1.3151859796374952,8.325347320263593e-21,0.4580010516687141,65.8,27.2,7.0,6.8580000000000005,19.05,,,SSIR26_NewJersey,0.52,0.89648,0.455,1.36,0.023195764023117293,9,2.916277589828348e-25,0.45503612271667593,0.7789940307640326,3.078795639695339,0.09463550397831262,0.022808441878600948,undisturbed,"SSIR 26 (Rutgers): 0-1 bar and Ks on saturated 3-inch cores, 2-15 bar crushed",Sassafras taxadjunct,Cumberland,A2,True,69
NJ26_S58NJ-6-1_12-23,NJ26_S58NJ-6-1,sandy loam,0.5789780089162885,1.2965032515694461,5.257072607980607e-20,0.42364261104650996,62.0,28.6,9.4,3.048,44.45,,,SSIR26_NewJersey,0.16,0.27584000000000003,0.42,1.48,0.014097568362561997,9,1.4832081614927215e-23,0.4200007777819265,0.7881615775129481,3.958174371619675,0.0689774984410545,0.013048040138543498,undisturbed,"SSIR 26 (Rutgers): 0-1 bar and Ks on saturated 3-inch cores, 2-15 bar crushed",Sassafras taxadjunct,Cumberland,B1,True,69
NJ26_S58NJ-6-1_23-33,NJ26_S58NJ-6-1,sandy loam,0.7974512916530118,1.208170135926408,9.52605779024301e-24,0.4138620682218068,56.3,27.2,16.5,2.7940000000000005,71.12,,,SSIR26_NewJersey,0.17,0.29308,0.41100000000000003,1.48,0.015875509091228292,9,1.1864703053925318e-125,0.4110041831535487,1.0104215229581348,9.849231439396236,0.02000000133371201,0.014958026773127424,undisturbed,"SSIR 26 (Rutgers): 0-1 bar and Ks on saturated 3-inch cores, 2-15 bar crushed",Sassafras taxadjunct,Cumberland,B2t,True,69
NJ26_S58NJ-6-1_33-37,NJ26_S58NJ-6-1,sandy loam,0.5834724306688182,1.3797930372086065,0.03487138720736609,0.3890849009148283,73.1,17.800000000000004,9.100000000000001,3.302,88.9,,,SSIR26_NewJersey,0.08,0.13792000000000001,0.384,1.54,0.015509001861777399,9,0.020590158392117135,0.3840208147712468,0.8310727760190362,10.999999980004343,0.028362555294284685,0.013056452429854076,undisturbed,"SSIR 26 (Rutgers): 0-1 bar and Ks on saturated 3-inch cores, 2-15 bar crushed",Sassafras taxadjunct,Cumberland,B3,True,69
NJ26_S58NJ-6-1_37-48,NJ26_S58NJ-6-1,sand,0.48555565591010086,2.6504986605304373,0.016830000999999997,0.33649838310249763,95.6,1.4,3.0,72.644,107.95,,,SSIR26_NewJersey,0.02,0.034480000000000004,0.336,1.53,0.006143715489000116,9,0.016830000999999997,0.33601693311550257,0.6802502227518762,10.99999970100169,0.11769803514021518,0.004964075795605945,undisturbed,"SSIR 26 (Rutgers): 0-1 bar and Ks on saturated 3-inch cores, 2-15 bar crushed",Sassafras taxadjunct,Cumberland,IIC,True,69
NJ26_S59NJ-4-1_0-4,NJ26_S59NJ-4-1,sand,0.43006410244369975,1.5536395108291943,0.03431509104085346,0.49857342639137375,87.89999999999999,9.399999999999999,2.6999999999999997,22.098,5.08,,,SSIR26_NewJersey,1.0,1.724,0.489,1.22,0.019431646595357843,9,0.015412876863260415,0.4892093753319051,0.6773540566953289,10.99999999798693,0.037958386750489195,0.013841811070853485,undisturbed,"SSIR 26 (Rutgers): 0-1 bar and Ks on saturated 3-inch cores, 2-15 bar crushed",Westphalia taxadjunct,Camden,A1,True,71
NJ26_S59NJ-4-1_4-17,NJ26_S59NJ-4-1,loamy sand,0.2609757735299181,1.5935911206676914,0.023734833672228516,0.47003427692008076,86.80000000000001,9.100000000000001,4.1,12.192,26.67,,,SSIR26_NewJersey,0.4,0.6896,0.462,1.34,0.007714678848862806,9,0.0038649627989827424,0.4623373840951568,0.40161097217964875,3.191684260159632,0.13838591873687353,0.0036969874201779854,undisturbed,"SSIR 26 (Rutgers): 0-1 bar and Ks on saturated 3-inch cores, 2-15 bar crushed",Westphalia taxadjunct,Camden,A2,True,71
NJ26_S59NJ-4-1_17-23,NJ26_S59NJ-4-1,sandy loam,0.3272575313745889,1.4598655504709046,0.04748028164004706,0.3901116640959254,79.7,10.5,9.8,0.254,50.8,,,SSIR26_NewJersey,0.16,0.27584000000000003,0.386,1.53,0.006457223979767031,9,0.028175966344749306,0.38579083355398036,0.4976477171562169,2.7287255403006827,0.1279081242823807,0.004481486702613894,undisturbed,"SSIR 26 (Rutgers): 0-1 bar and Ks on saturated 3-inch cores, 2-15 bar crushed",Westphalia taxadjunct,Camden,B1t,True,71
NJ26_S59NJ-4-1_23-34,NJ26_S59NJ-4-1,sandy loam,0.9252555712354378,1.1462067902410626,6.903122343900523e-17,0.37013947964629984,72.6,10.4,17.0,0.254,72.39,,,SSIR26_NewJersey,0.12,0.20687999999999998,0.37200000000000005,1.57,0.011308267008976868,9,2.885193058593207e-23,0.36997080709241614,0.8139165153332617,1.0100000000000098,0.1483438099185512,0.01105523414905056,undisturbed,"SSIR 26 (Rutgers): 0-1 bar and Ks on saturated 3-inch cores, 2-15 bar crushed",Westphalia taxadjunct,Camden,B2t,True,71
NJ26_S59NJ-4-1_34-60,NJ26_S59NJ-4-1,sandy loam,0.597924167335196,1.2397624974109556,2.3016195336787306e-11,0.40673154111956183,76.2,11.6,12.2,1.016,119.38,,,SSIR26_NewJersey,0.06,0.10343999999999999,0.406,1.48,0.00914799122472703,9,8.255244969679056e-25,0.4069001615329322,0.5767925544652198,1.18661474021335,0.20371916745215574,0.009144429042842376,undisturbed,"SSIR 26 (Rutgers): 0-1 bar and Ks on saturated 3-inch cores, 2-15 bar crushed",Westphalia taxadjunct,Camden,C,True,71
NJ26_S58NJ-8-2_0-2,NJ26_S58NJ-8-2,sandy loam,0.4603429295053847,1.295975190660371,3.3711029834992506e-18,0.4462646730925165,68.0,27.8,4.2,19.558,2.54,,,SSIR26_NewJersey,2.36,4.068639999999999,0.447,1.34,0.01872568231485175,9,1.0766000602256371e-12,0.447311970176485,0.339584782227376,1.0100000000054974,0.31581931747147945,0.018245171010044716,undisturbed,"SSIR 26 (Rutgers): 0-1 bar and Ks on saturated 3-inch cores, 2-15 bar crushed",Aura coarse sandy loam,Gloucester,"A1,A2,B",True,73
NJ26_S58NJ-8-2_2-9,NJ26_S58NJ-8-2,sandy loam,0.9852747148765502,1.2443147814730346,1.0691166746477666e-20,0.4362791389285721,62.7,27.3,10.0,3.048,13.969999999999999,,,SSIR26_NewJersey,0.52,0.89648,0.43700000000000006,1.42,0.01841699326008274,9,1.382772241960372e-24,0.43629822390935313,0.8107275307620545,1.0100000000000031,0.2519485350125724,0.018136369680757037,undisturbed,"SSIR 26 (Rutgers): 0-1 bar and Ks on saturated 3-inch cores, 2-15 bar crushed",Aura coarse sandy loam,Gloucester,A'2,True,73
NJ26_S58NJ-8-2_9-13,NJ26_S58NJ-8-2,sandy loam,1.6958324212660199,1.1927534862394165,6.886784553790046e-14,0.3771080825711129,59.7,24.5,15.8,1.7779999999999998,27.94,,,SSIR26_NewJersey,0.28,0.48272000000000004,0.37799999999999995,1.64,0.013382475041282416,9,7.642336462704094e-14,0.3768400507114268,1.4891167907005716,1.0100000000000178,0.19544221777610926,0.01313043657945469,undisturbed,"SSIR 26 (Rutgers): 0-1 bar and Ks on saturated 3-inch cores, 2-15 bar crushed",Aura coarse sandy loam,Gloucester,B'1t,True,73
NJ26_S58NJ-8-2_13-19,NJ26_S58NJ-8-2,sandy clay loam,3.2257022481990636,1.3160368624704386,0.19344000099999997,0.3826346598156913,58.19999999999999,20.099999999999998,21.699999999999996,2.032,40.64,,,SSIR26_NewJersey,0.28,0.48272000000000004,0.382,1.56,0.02255047407110459,9,0.19344000099999997,0.3820000478658635,3.0367040021739644,6.724297490403156,0.048022120462378526,0.02240497306069102,undisturbed,"SSIR 26 (Rutgers): 0-1 bar and Ks on saturated 3-inch cores, 2-15 bar crushed",Aura coarse sandy loam,Gloucester,IIB'21t,True,73
NJ26_S58NJ-8-3_0-4,NJ26_S58NJ-8-3,sandy loam,0.5177237252148843,1.2974772935580625,2.0061648970178172e-16,0.5175669136443334,58.80000000000001,33.900000000000006,7.300000000000001,14.478000000000002,5.08,,,SSIR26_NewJersey,1.4,2.4135999999999997,0.517,1.19,0.026309306766265292,9,3.6920789870310944e-21,0.5184109823374042,0.38440741169515313,1.01,0.3163582813940199,0.025996583279441595,undisturbed,"SSIR 26 (Rutgers): 0-1 bar and Ks on saturated 3-inch cores, 2-15 bar crushed",Aura sandy loam,Gloucester,"A1,A2,B",True,75
NJ26_S58NJ-8-3_4-10,NJ26_S58NJ-8-3,sandy loam,1.2150485494746726,1.2508852965241986,1.2242830811053792e-20,0.44045665474748513,56.7,35.3,8.0,1.7779999999999998,17.78,,,SSIR26_NewJersey,0.37,0.63788,0.44,1.45,0.014024780572742084,9,5e-324,0.4400000452587687,1.49530196853341,8.951552561357003,0.026818909451204576,0.013956692708803087,undisturbed,"SSIR 26 (Rutgers): 0-1 bar and Ks on saturated 3-inch cores, 2-15 bar crushed",Aura sandy loam,Gloucester,A'2,True,75
NJ26_S58NJ-8-3_10-15,NJ26_S58NJ-8-3,sandy loam,1.093084719408646,1.2177432100860985,9.026608434484915e-22,0.408541603987286,52.8,37.0,10.2,4.572,31.75,,,SSIR26_NewJersey,0.38,0.65512,0.40700000000000003,1.5,0.011646502480675872,9,5e-324,0.40700021851824725,1.3271173003817875,10.188366976145451,0.020500336883000014,0.010911006178942903,undisturbed,"SSIR 26 (Rutgers): 0-1 bar and Ks on saturated 3-inch cores, 2-15 bar crushed",Aura sandy loam,Gloucester,B'1,True,75
NJ26_S58NJ-8-3_15-22,NJ26_S58NJ-8-3,loam,0.6231522500657244,1.5356715051272112,0.12792000099999998,0.39227770172894116,48.15983175604627,35.12092534174553,16.719242902208205,3.302,46.99,,,SSIR26_NewJersey,0.26,0.44824,0.39,1.56,0.007332505671691831,9,0.12333038402446392,0.3900044124862378,0.8898802731125015,10.999993842779393,0.040929816937683584,0.005224923444579693,undisturbed,"SSIR 26 (Rutgers): 0-1 bar and Ks on saturated 3-inch cores, 2-15 bar crushed",Aura sandy loam,Gloucester,B'21t,True,75
NJ26_S58NJ-8-3_22-27,NJ26_S58NJ-8-3,sandy clay loam,29.546691523024894,1.4383701899593608,0.1962833476138455,0.9995582527025451,65.9,3.2,30.9,1.7779999999999998,62.230000000000004,,,SSIR26_NewJersey,0.06,0.10343999999999999,0.369,1.65,0.008727905870619737,8,0.19625787347380613,0.9145773943045906,23.023749139563098,3.1932738653056796,0.1371274603545476,0.008726444191896941,undisturbed,"SSIR 26 (Rutgers): 0-1 bar and Ks on saturated 3-inch cores, 2-15 bar crushed",Aura sandy loam,Gloucester,IIB'22t,False,75
NJ26_S58NJ-8-5_0-8,NJ26_S58NJ-8-5,sandy loam,0.462747466563038,1.25446214847254,5.170671618065657e-16,0.4079769610505258,59.1,33.9,7.0,2.032,10.16,,,SSIR26_NewJersey,1.11,1.9136400000000002,0.41100000000000003,1.57,0.028766247852745546,9,8.68810112273991e-17,0.40727320866532923,0.33543792717549875,1.01,0.2718159842469469,0.028164271024011922,undisturbed,"SSIR 26 (Rutgers): 0-1 bar and Ks on saturated 3-inch cores, 2-15 bar crushed",Aura sandy loam,Gloucester,Ap,True,77
NJ26_S58NJ-8-5_8-13,NJ26_S58NJ-8-5,loam,0.9075493388441376,1.1969749406866275,1.6080854687839401e-13,0.36450612737013377,50.4,38.1,11.5,0.508,26.67,,,SSIR26_NewJersey,0.24,0.41375999999999996,0.36700000000000005,1.75,0.012682953235460445,9,3.7023786449949287e-20,0.3642986289951136,0.7599744331709393,1.01,0.20220375923716674,0.012216607485662457,undisturbed,"SSIR 26 (Rutgers): 0-1 bar and Ks on saturated 3-inch cores, 2-15 bar crushed",Aura sandy loam,Gloucester,A2,True,77
NJ26_S58NJ-8-5_13-17,NJ26_S58NJ-8-5,loam,2.3855725530246223,1.1633685457704441,0.012469833312174402,0.4191761114203311,49.0,32.1,18.9,2.7940000000000005,38.1,,,SSIR26_NewJersey,0.18,0.31032,0.418,1.62,0.013439682098509301,9,0.018057653199283662,0.4180000399420208,2.46037268959832,7.771803516052948,0.021409829426328904,0.012919102931567,undisturbed,"SSIR 26 (Rutgers): 0-1 bar and Ks on saturated 3-inch cores, 2-15 bar crushed",Aura sandy loam,Gloucester,B1,True,77
NJ26_S58NJ-8-5_17-72,NJ26_S58NJ-8-5,sandy clay loam,2.6357243555245886,1.3579815235704022,0.16047293408995766,0.35000672955012874,66.6,4.7,28.7,2.032,113.03,,,SSIR26_NewJersey,0.08,0.13792000000000001,0.35,1.7,0.005640715656336999,9,0.15951127417550476,0.34999689463146944,2.918985317218326,1.8415383091036066,0.18733745660467008,0.00563528559458507,undisturbed,"SSIR 26 (Rutgers): 0-1 bar and Ks on saturated 3-inch cores, 2-15 bar crushed",Aura sandy loam,Gloucester,IIBt,True,77
NJ26_S56NJ-3-2_0-5,NJ26_S56NJ-3-2,sandy loam,0.2791234272462592,1.3337578638014231,4.386985766062649e-15,0.5918157877128758,66.2,26.0,7.8,12.953999999999999,6.35,,,SSIR26_NewJersey,2.58,4.44792,0.591,0.99,0.026032704032078142,9,1.8564653789745376e-18,0.5945660968764642,0.2238068719725154,1.1028472104650189,0.3216618778865151,0.025912957099260614,undisturbed,"SSIR 26 (Rutgers): 0-1 bar and Ks on saturated 3-inch cores, 2-15 bar crushed",Freehold sandy loam,Burlington,A1,True,83
NJ26_S56NJ-3-2_5-14,NJ26_S56NJ-3-2,sandy loam,0.47042769058457734,1.380442653486182,0.025239863303091328,0.4630580300111093,68.4,23.399999999999995,8.199999999999998,3.5559999999999996,24.130000000000003,,,SSIR26_NewJersey,0.3,0.5172,0.45,1.39,0.02368426451055011,9,0.010127800919042267,0.4508072664528515,0.6408044565782101,10.999999999886006,0.028921575506418364,0.01772814917727761,undisturbed,"SSIR 26 (Rutgers): 0-1 bar and Ks on saturated 3-inch cores, 2-15 bar crushed",Freehold sandy loam,Burlington,A2,True,83
NJ26_S56NJ-3-2_14-21,NJ26_S56NJ-3-2,sandy loam,0.31643878943122966,1.250405598709271,1.0200847174471068e-22,0.3792324878333888,67.7,21.8,10.5,1.016,44.45,,,SSIR26_NewJersey,0.15,0.2586,0.376,1.56,0.020257024385284886,9,1.1663730150121917e-14,0.3791930419584665,0.2296583826299909,1.01,0.26795767257317893,0.0199774326999468,undisturbed,"SSIR 26 (Rutgers): 0-1 bar and Ks on saturated 3-inch cores, 2-15 bar crushed",Freehold sandy loam,Burlington,B1,True,83
NJ26_S56NJ-3-2_21-34,NJ26_S56NJ-3-2,sandy clay loam,0.23879271166846425,1.1648474155267936,4.6184008742046695e-11,0.371563432548266,64.9,13.8,21.3,0.254,69.85,,,SSIR26_NewJersey,0.13,0.22412,0.369,1.61,0.010793662252401684,9,7.138502144337552e-21,0.3721283217847783,0.19815907070085415,1.010000000000078,0.17065342817770815,0.01070349090929702,undisturbed,"SSIR 26 (Rutgers): 0-1 bar and Ks on saturated 3-inch cores, 2-15 bar crushed",Freehold sandy loam,Burlington,B2t,True,83
NJ26_S56NJ-3-2_34-41,NJ26_S56NJ-3-2,sandy loam,0.4610877012367492,1.226808865632331,0.0183364668921991,0.38360351647385765,74.8,9.5,15.7,1.7779999999999998,95.25,,,SSIR26_NewJersey,0.04,0.06896000000000001,0.377,1.62,0.013129707348742482,9,1.8464944720388407e-15,0.3772256707313969,0.6539510196303758,9.451784230900856,0.020000000062382742,0.010625976121319955,undisturbed,"SSIR 26 (Rutgers): 0-1 bar and Ks on saturated 3-inch cores, 2-15 bar crushed",Freehold sandy loam,Burlington,B3t,True,83
NJ26_S56NJ-3-2_41-108,NJ26_S56NJ-3-2,loamy sand,0.3410111856284511,1.7181143202430946,0.06232000099999991,0.42804652323448983,82.89999999999999,6.899999999999999,10.199999999999998,8.128,189.23,,,SSIR26_NewJersey,0.04,0.06896000000000001,0.414,1.52,0.01910695650613041,9,0.062320000999999924,0.41482489818350954,0.5317946048494258,10.999999999861341,0.051381555801127986,0.012464745115163545,undisturbed,"SSIR 26 (Rutgers): 0-1 bar and Ks on saturated 3-inch cores, 2-15 bar crushed",Freehold sandy loam,Burlington,IIC,True,83
NJ26_S57NJ-13-1_1-8,NJ26_S57NJ-13-1,sandy loam,0.41781707715963445,1.5265855790746032,0.046635555495253174,0.5843602357243494,63.8,25.2,11.0,20.066000000000003,11.43,,,SSIR26_NewJersey,0.96,1.6550399999999998,0.5760000000000001,0.95,0.01577960090798543,9,0.016224132082118627,0.576055340181669,0.701998843083394,10.999999999894715,0.03428600326201449,0.009938874764957365,undisturbed,"SSIR 26 (Rutgers): 0-1 bar and Ks on saturated 3-inch cores, 2-15 bar crushed",Freehold sandy loam,Monmouth,A'21,True,85
NJ26_S57NJ-13-1_8-13,NJ26_S57NJ-13-1,sandy loam,1.871513500752104,1.2464784161489078,3.17938580628256e-17,0.4596849332968986,65.0,26.2,8.8,7.366,26.67,,,SSIR26_NewJersey,0.28,0.48272000000000004,0.45799999999999996,1.36,0.018009026643063017,9,0.0004173068538785231,0.4580000445838657,2.0157210102794973,9.025296794412851,0.026994391415913536,0.017133372221679006,undisturbed,"SSIR 26 (Rutgers): 0-1 bar and Ks on saturated 3-inch cores, 2-15 bar crushed",Freehold sandy loam,Monmouth,A'22,True,85
NJ26_S57NJ-13-1_13-16,NJ26_S57NJ-13-1,sandy loam,1.220509851278159,1.2443993128182969,5.814687271105238e-18,0.43550766084162706,63.8,27.1,9.1,5.08,36.83,,,SSIR26_NewJersey,0.2,0.3448,0.43200000000000005,1.41,0.02254989804828234,9,8.793550988270595e-303,0.4320002916397176,1.3493552463927647,10.987819662772923,0.021769219160232254,0.021190873469271558,undisturbed,"SSIR 26 (Rutgers): 0-1 bar and Ks on saturated 3-inch cores, 2-15 bar crushed",Freehold sandy loam,Monmouth,A'3,True,85
NJ26_S57NJ-13-1_16-23,NJ26_S57NJ-13-1,sandy loam,1.1089530877498535,1.1558709622587644,9.613426904642283e-19,0.4065189124838247,57.6,25.5,16.9,2.032,49.53,,,SSIR26_NewJersey,0.13,0.22412,0.406,1.5,0.015016151192470814,9,8.401344839881404e-19,0.4064970666879211,0.993379899659013,1.01,0.15748260880792875,0.01496933463610211,undisturbed,"SSIR 26 (Rutgers): 0-1 bar and Ks on saturated 3-inch cores, 2-15 bar crushed",Freehold sandy loam,Monmouth,B'21t,True,85
NJ26_S57NJ-13-1_23-28,NJ26_S57NJ-13-1,sandy clay loam,0.2841783764266903,1.1607881360552779,7.516985320941724e-28,0.37427272076818835,55.9,23.7,20.4,0.508,64.77000000000001,,,SSIR26_NewJersey,0.11,0.18964,0.38,1.6,0.018460977842357038,9,1.2417237058744101e-43,0.3729779057012078,0.2109048381131034,1.01,0.17022862345574272,0.01792644886089698,undisturbed,"SSIR 26 (Rutgers): 0-1 bar and Ks on saturated 3-inch cores, 2-15 bar crushed",Freehold sandy loam,Monmouth,B'22t,True,85
NJ26_S57NJ-13-1_28-38,NJ26_S57NJ-13-1,sandy loam,0.814935699631731,1.1408146816527371,9.466318077471489e-13,0.3631358823483979,62.7,18.4,18.9,0.508,83.82,,,SSIR26_NewJersey,0.06,0.10343999999999999,0.36200000000000004,1.69,0.005786346668592016,9,1.7178120256724622e-42,0.36200462635698577,1.0728987042982312,6.643755431601972,0.020000001167616462,0.005458657668424233,undisturbed,"SSIR 26 (Rutgers): 0-1 bar and Ks on saturated 3-inch cores, 2-15 bar crushed",Freehold sandy loam,Monmouth,B'3t,True,85
NJ26_S57NJ-13-1_38-44,NJ26_S57NJ-13-1,sandy loam,0.35271896553747556,2.9118345854371244,0.07285000099999998,0.41052614619645045,78.7,9.8,11.5,19.558,104.14,,,SSIR26_NewJersey,,,0.40700000000000003,1.55,0.015490500631082323,9,0.07285000099999998,0.4074551589730438,0.568186993208831,10.999999999997565,0.1110819624942546,0.012680547518964955,undisturbed,"SSIR 26 (Rutgers): 0-1 bar and Ks on saturated 3-inch cores, 2-15 bar crushed",Freehold sandy loam,Monmouth,IIC1,True,85
NJ26_S59NJ-13-5_4-10,NJ26_S59NJ-13-5,sandy loam,0.4787964133142047,1.1959275427399172,9.847346986803261e-17,0.43800225526662107,53.699999999999996,33.599999999999994,12.699999999999998,8.636,17.78,,,SSIR26_NewJersey,1.44,2.48256,0.444,1.39,0.01742314849829792,9,1.4148437570406924e-24,0.43757488649271914,0.37642918475929693,1.01,0.2046868480397823,0.01659217404314382,undisturbed,"SSIR 26 (Rutgers): 0-1 bar and Ks on saturated 3-inch cores, 2-15 bar crushed",Freehold sandy loam,Monmouth,Ap2,True,87
NJ26_S59NJ-13-5_10-16,NJ26_S59NJ-13-5,sandy loam,0.41079649385350825,1.2166025230961313,5.322102120714511e-25,0.4268324329261532,55.5,31.9,12.6,6.604,33.019999999999996,,,SSIR26_NewJersey,0.49,0.84476,0.436,1.43,0.023531987743542895,9,5.830277002463885e-32,0.42570675722193396,0.29950061288679913,1.01,0.23087472844888382,0.02252899773372934,undisturbed,"SSIR 26 (Rutgers): 0-1 bar and Ks on saturated 3-inch cores, 2-15 bar crushed",Freehold sandy loam,Monmouth,A2,True,87
NJ26_S59NJ-13-5_16-27,NJ26_S59NJ-13-5,loam,0.1925753652131216,1.1710237495104778,2.6235573279182585e-21,0.4288470711407368,47.2,28.0,24.8,2.286,54.61,,,SSIR26_NewJersey,0.2,0.3448,0.43700000000000006,1.44,0.016073479350663146,9,2.249223303662476e-27,0.4293019641216752,0.1516293110181802,1.01,0.17994495575643824,0.015395044239784402,undisturbed,"SSIR 26 (Rutgers): 0-1 bar and Ks on saturated 3-inch cores, 2-15 bar crushed",Freehold sandy loam,Monmouth,B21t,True,87
NJ26_S59NJ-13-5_27-33,NJ26_S59NJ-13-5,sandy clay loam,0.2734697807233163,1.1693280834879278,1.3684555315672042e-47,0.40464621957423025,52.2,25.8,22.0,1.524,76.2,,,SSIR26_NewJersey,0.13,0.22412,0.41700000000000004,1.57,0.024337651482456334,9,7.249821859705007e-93,0.40156005594050453,0.18187276183516177,1.01,0.1836740730005142,0.023549053688385488,undisturbed,"SSIR 26 (Rutgers): 0-1 bar and Ks on saturated 3-inch cores, 2-15 bar crushed",Freehold sandy loam,Monmouth,B22t,True,87
NJ26_S59NJ-13-5_33-39,NJ26_S59NJ-13-5,sandy loam,0.6669049941197458,1.3882539571370272,0.0783346530205009,0.3990367072764113,76.3,11.3,12.4,6.604,91.44,,,SSIR26_NewJersey,0.04,0.06896000000000001,0.39399999999999996,1.56,0.017816684867269457,9,0.07166548962156322,0.394017852297937,0.8669319850491886,10.999999986225122,0.03109742183823448,0.01563991257190509,undisturbed,"SSIR 26 (Rutgers): 0-1 bar and Ks on saturated 3-inch cores, 2-15 bar crushed",Freehold sandy loam,Monmouth,IIC1,True,87
NJ26_S59NJ-13-5_39-72,NJ26_S59NJ-13-5,sand,0.4832771060148538,1.7225300831931314,0.048320001,0.40337820211084013,88.6,5.7,5.7,34.036,140.97,,,SSIR26_NewJersey,0.04,0.06896000000000001,0.39799999999999996,1.51,0.012281967245659978,9,0.048320001,0.39805743276406613,0.7157704869371044,10.999999998420298,0.05462099339790178,0.007653273669662943,undisturbed,"SSIR 26 (Rutgers): 0-1 bar and Ks on saturated 3-inch cores, 2-15 bar crushed",Freehold sandy loam,Monmouth,IIIC2,True,87
NJ26_S57NJ-11-1_16-20,NJ26_S57NJ-11-1,silt loam,0.027643664974642976,1.3291899394348046,3.207317652110635e-50,0.39549916497431475,20.9,59.7,19.4,1.016,45.72,,,SSIR26_NewJersey,0.26,0.44824,0.447,1.45,0.027149316051454427,9,1.644656167949115e-36,0.40151772704962213,0.018840842943563384,1.01,0.37824425186023963,0.024742902395814188,undisturbed,"SSIR 26 (Rutgers): 0-1 bar and Ks on saturated 3-inch cores, 2-15 bar crushed",Matapeake taxadjunct,Mercer,B21t,True,89
NJ26_S57NJ-11-1_20-25,NJ26_S57NJ-11-1,silt loam,0.02592269235091737,1.255331477804106,5e-324,0.38745133416914124,17.2,59.6,23.2,0.762,57.15,,,SSIR26_NewJersey,0.24,0.41375999999999996,0.42700000000000005,1.51,0.022454781258090143,9,2.2634901926286266e-30,0.3914501140333143,0.01962511050813716,1.01,0.28050531428690473,0.020981609717528698,undisturbed,"SSIR 26 (Rutgers): 0-1 bar and Ks on saturated 3-inch cores, 2-15 bar crushed",Matapeake taxadjunct,Mercer,B22t,True,89
NJ26_S57NJ-11-1_25-29,NJ26_S57NJ-11-1,loam,0.02506854352197073,1.2431854615554527,1.7973844053726827e-27,0.29409155825152283,38.199999999999996,45.599999999999994,16.2,0.762,68.58,,,SSIR26_NewJersey,0.2,0.3448,0.321,1.84,0.014465556796873376,9,1.6184261664829528e-25,0.2969868230513828,0.019869871188617282,1.01,0.26197966193924316,0.013574037294512323,undisturbed,"SSIR 26 (Rutgers): 0-1 bar and Ks on saturated 3-inch cores, 2-15 bar crushed",Matapeake taxadjunct,Mercer,B3t,True,89
NJ26_S57NJ-11-1_29-40,NJ26_S57NJ-11-1,sandy loam,0.704029546616407,1.1515062046169335,3.5875576453313033e-16,0.3136786414501098,79.30000000000001,9.100000000000001,11.600000000000001,1.27,87.63,,,SSIR26_NewJersey,0.11,0.18964,0.315,1.8,0.015139523695293654,9,1.0363363255066953e-16,0.31320440468493516,0.5941164147798184,1.0100000000000002,0.15501855355798513,0.01493784185438929,undisturbed,"SSIR 26 (Rutgers): 0-1 bar and Ks on saturated 3-inch cores, 2-15 bar crushed",Matapeake taxadjunct,Mercer,IIC,True,89
NJ26_S57NJ-12-3_18-28,NJ26_S57NJ-12-3,silt loam,0.1801203887190621,1.1691732983261698,6.232285016777092e-91,0.4021954123390122,25.9,52.7,21.4,0.508,58.42,,,SSIR26_NewJersey,0.18,0.31032,0.418,1.56,0.019897872810886393,9,2.624170354518394e-141,0.3990026434448155,0.11195188231812944,1.01,0.18794293247564428,0.018873141759867988,undisturbed,"SSIR 26 (Rutgers): 0-1 bar and Ks on saturated 3-inch cores, 2-15 bar crushed",Matapeake taxadjunct,Middlesex,B2t,True,91
NJ26_S57NJ-12-3_28-38,NJ26_S57NJ-12-3,loam,0.2384113595544608,1.173832613053115,2.010764683385949e-87,0.3101805395613963,50.5,37.2,12.3,0.254,83.82,,,SSIR26_NewJersey,0.05,0.0862,0.321,1.82,0.015874667251224762,9,5e-324,0.3073622659475495,0.14960623734930084,1.01,0.19166647416690152,0.01506599558413973,undisturbed,"SSIR 26 (Rutgers): 0-1 bar and Ks on saturated 3-inch cores, 2-15 bar crushed",Matapeake taxadjunct,Middlesex,IIC1,True,91
NJ26_S57NJ-12-3_38-50,NJ26_S57NJ-12-3,sandy loam,0.5006380586786817,1.1731283063735045,2.3433452607903094e-21,0.2847340377521737,61.0,27.5,11.5,0.508,111.75999999999999,,,SSIR26_NewJersey,0.04,0.06896000000000001,0.289,1.85,0.01504345497576719,9,1.8010703005083875e-27,0.28368992480308164,0.38414005915586497,1.01,0.1811792094102012,0.014614487450817731,undisturbed,"SSIR 26 (Rutgers): 0-1 bar and Ks on saturated 3-inch cores, 2-15 bar crushed",Matapeake taxadjunct,Middlesex,IIC2,True,91
NJ26_S58NJ-12-1_0-10,NJ26_S58NJ-12-1,silt loam,0.012812741357550372,1.4865546324182635,1.4417115744461413e-22,0.39369265530867564,18.900000000000002,66.80000000000001,14.300000000000002,0.254,12.7,,,SSIR26_NewJersey,1.1,1.8964,0.423,1.46,0.017696400322950896,9,0.04208589234696483,0.3998934634134766,0.0044171505131804685,1.01,0.9799999999999005,0.015114535918656481,undisturbed,"SSIR 26 (Rutgers): 0-1 bar and Ks on saturated 3-inch cores, 2-15 bar crushed",Matapeake silt loam,Middlesex,Ap,True,93
NJ26_S58NJ-12-1_10-12,NJ26_S58NJ-12-1,silt loam,0.012271070948118225,1.4017148041447463,6.023038500099316e-22,0.3941508769714017,13.5,66.3,20.2,1.016,27.939999999999998,,,SSIR26_NewJersey,0.4,0.6896,0.441,1.49,0.02199906520517204,9,0.07279827909816727,0.3987056135332638,0.003954929780113671,1.01,0.9799999999999999,0.02026362140552494,undisturbed,"SSIR 26 (Rutgers): 0-1 bar and Ks on saturated 3-inch cores, 2-15 bar crushed",Matapeake silt loam,Middlesex,"A2,B1",True,93
NJ26_S58NJ-12-1_12-21,NJ26_S58NJ-12-1,silty clay loam,0.007189645511051031,2.078482550814127,0.14945445096917243,0.39487003754118105,13.5,56.4,30.1,0.254,41.910000000000004,,,SSIR26_NewJersey,0.23,0.39652000000000004,0.435,1.49,0.01841820197146581,9,0.11668826940684632,0.4046828876862048,0.0035671163454799874,1.0100000003140777,0.9799999999999993,0.01769397260910691,undisturbed,"SSIR 26 (Rutgers): 0-1 bar and Ks on saturated 3-inch cores, 2-15 bar crushed",Matapeake silt loam,Middlesex,B21t,True,93
NJ26_S58NJ-12-1_21-27,NJ26_S58NJ-12-1,silt loam,0.007427434383023307,2.165491479910861,0.13212739932258236,0.36883867699557304,21.8,59.4,18.8,0.050800000000000005,60.96,,,SSIR26_NewJersey,0.11,0.18964,0.395,1.65,0.012861107701001927,9,0.13423022399516052,0.3713321302982734,0.004809207592746697,1.5543676224158873,0.9799999999999999,0.012506890595698483,undisturbed,"SSIR 26 (Rutgers): 0-1 bar and Ks on saturated 3-inch cores, 2-15 bar crushed",Matapeake silt loam,Middlesex,B22t,True,93
NJ26_S58NJ-12-1_27-34,NJ26_S58NJ-12-1,loam,0.07035192019474656,1.1535541542728405,5e-324,0.2701876610844652,40.4,46.6,13.0,0.254,77.47,,,SSIR26_NewJersey,0.04,0.06896000000000001,0.29100000000000004,1.87,0.015264812941764154,9,5e-324,0.26734332346996725,0.03372347964053148,1.01,0.18782239585609692,0.014645654391881504,undisturbed,"SSIR 26 (Rutgers): 0-1 bar and Ks on saturated 3-inch cores, 2-15 bar crushed",Matapeake silt loam,Middlesex,IIC1,True,93
NJ26_S57NJ-12-2_0-9,NJ26_S57NJ-12-2,silt loam,0.04955453536844834,1.2569144144505926,1.2446030555722283e-60,0.40985337242187775,25.8,61.8,12.4,2.032,11.43,,,SSIR26_NewJersey,1.22,2.10328,0.451,1.45,0.026105398284045626,9,7.345527314970324e-36,0.4142427357678281,0.03685733364659963,1.01,0.2827096535465916,0.02450320352553927,undisturbed,"SSIR 26 (Rutgers): 0-1 bar and Ks on saturated 3-inch cores, 2-15 bar crushed",Mattapex taxadjunct,Middlesex,Ap,True,97
NJ26_S57NJ-12-2_9-12,NJ26_S57NJ-12-2,silt loam,0.007915480809742586,3.5062560156820206,0.078400001,0.3731845716800298,19.0,64.4,16.6,1.27,26.67,,,SSIR26_NewJersey,0.44,0.75856,0.425,1.6,0.02528308774337188,9,0.078400001,0.3720761106633335,0.01134683396049563,10.999999999996605,0.14496535386566806,0.024996602627542306,undisturbed,"SSIR 26 (Rutgers): 0-1 bar and Ks on saturated 3-inch cores, 2-15 bar crushed",Mattapex taxadjunct,Middlesex,A2,True,97
NJ26_S57NJ-12-2_12-19,NJ26_S57NJ-12-2,silt loam,0.007601578860877726,3.780241590420454,0.08112000099999998,0.39858261150160557,17.8,58.2,24.0,0.508,39.37,,,SSIR26_NewJersey,0.26,0.44824,0.452,1.56,0.025380951423000973,9,0.08112000099999998,0.397778222343085,0.01104962044347739,10.99999999264311,0.14913640009789433,0.02481822781652532,undisturbed,"SSIR 26 (Rutgers): 0-1 bar and Ks on saturated 3-inch cores, 2-15 bar crushed",Mattapex taxadjunct,Middlesex,B21t,True,97
NJ26_S57NJ-12-2_22-28,NJ26_S57NJ-12-2,silt loam,0.022077899436036438,1.2466493055332273,1.55208294346547e-17,0.38059300903504095,30.8,53.8,15.4,0.10160000000000001,63.5,,,SSIR26_NewJersey,0.05,0.0862,0.405,1.67,0.013501667846003589,9,0.11489785227363851,0.3817957363883747,0.0074556153066486315,1.01,0.6953157280017978,0.01258120704756294,undisturbed,"SSIR 26 (Rutgers): 0-1 bar and Ks on saturated 3-inch cores, 2-15 bar crushed",Mattapex taxadjunct,Middlesex,B3,True,97
NJ26_S57NJ-12-2_28-34,NJ26_S57NJ-12-2,sandy loam,0.4147506454299677,1.1934830997612507,1.8266217033204128e-15,0.30797704025774514,53.9,38.0,8.1,0.508,78.74000000000001,,,SSIR26_NewJersey,0.03,0.051719999999999995,0.311,1.83,0.010938605662783261,9,6.01577684255127e-17,0.3085025084385549,0.34092306133980455,1.01,0.20054476560332793,0.010588297112519964,undisturbed,"SSIR 26 (Rutgers): 0-1 bar and Ks on saturated 3-inch cores, 2-15 bar crushed",Mattapex taxadjunct,Middlesex,IIC1,True,97
NJ26_S58NJ-12-2_0-10,NJ26_S58NJ-12-2,silt loam,0.4256089877757757,1.1926799384362383,5e-324,0.3977396620623547,31.6,55.5,12.9,1.016,12.7,,,SSIR26_NewJersey,1.02,1.75848,0.41200000000000003,1.41,0.027660919191372563,9,5e-324,0.39300451570395495,0.2674445528034954,1.01,0.21089799350284852,0.026631815614288772,undisturbed,"SSIR 26 (Rutgers): 0-1 bar and Ks on saturated 3-inch cores, 2-15 bar crushed",Mattapex taxadjunct,Middlesex,Ap,True,101
NJ26_S58NJ-12-2_10-13,NJ26_S58NJ-12-2,silt loam,0.014700932645055906,1.361174784602207,3.247466366355274e-19,0.3547052008012557,21.5,58.4,20.1,0.762,29.21,,,SSIR26_NewJersey,0.17,0.29308,0.415,1.54,0.025762214171162784,9,7.525480979981758e-18,0.36021077158392384,0.01007724174803528,1.01,0.4121750955259594,0.024440653709981785,undisturbed,"SSIR 26 (Rutgers): 0-1 bar and Ks on saturated 3-inch cores, 2-15 bar crushed",Mattapex taxadjunct,Middlesex,B21t,True,101
NJ26_S58NJ-12-2_13-20,NJ26_S58NJ-12-2,silt loam,0.018399032943520452,1.2676735953549563,2.0346919117922742e-18,0.35839568118199133,24.7,51.7,23.6,0.762,41.91,,,SSIR26_NewJersey,0.28,0.48272000000000004,0.409,1.51,0.022991408164400214,9,5.554446740081464e-20,0.36241453813905095,0.014403976230943116,1.01,0.28995077871360014,0.022018322204209597,undisturbed,"SSIR 26 (Rutgers): 0-1 bar and Ks on saturated 3-inch cores, 2-15 bar crushed",Mattapex taxadjunct,Middlesex,B22t,True,101
NJ26_S58NJ-12-2_20-24,NJ26_S58NJ-12-2,silt loam,0.017412503117540494,1.2891952333130037,4.239856721473687e-20,0.34155397236070634,28.2,54.9,16.9,0.025400000000000002,55.879999999999995,,,SSIR26_NewJersey,0.08,0.13792000000000001,0.37,1.69,0.0162075461025545,9,0.10235900266363214,0.3430792139898057,0.004642722589601679,1.01,0.9799999999987338,0.015142755342117715,undisturbed,"SSIR 26 (Rutgers): 0-1 bar and Ks on saturated 3-inch cores, 2-15 bar crushed",Mattapex taxadjunct,Middlesex,B23t,True,101
NJ26_S58NJ-12-2_24-31,NJ26_S58NJ-12-2,silt loam,0.009102924183141679,1.639233583163307,0.08165412926757853,0.34156792651667617,24.9,58.6,16.5,0.050800000000000005,69.85,,,SSIR26_NewJersey,0.07,0.12068000000000001,0.37200000000000005,1.65,0.014288710318186165,9,0.08858460828567204,0.347614676156122,0.003693551704122799,1.0100000000000016,0.9799999999999984,0.01335316155753251,undisturbed,"SSIR 26 (Rutgers): 0-1 bar and Ks on saturated 3-inch cores, 2-15 bar crushed",Mattapex taxadjunct,Middlesex,B24t,True,101
NJ26_S58NJ-12-2_31-39,NJ26_S58NJ-12-2,loamy sand,1.03092442492719,1.2480885828267163,4.677668139461722e-12,0.29289504797370386,75.0,20.9,4.1,5.3340000000000005,88.9,,,SSIR26_NewJersey,0.02,0.034480000000000004,0.293,1.78,0.012515343572750828,8,1.2340603441660905e-21,0.2930179825221185,0.8458451659507319,1.010000000002828,0.2557031915886299,0.012424757795931633,undisturbed,"SSIR 26 (Rutgers): 0-1 bar and Ks on saturated 3-inch cores, 2-15 bar crushed",Mattapex taxadjunct,Middlesex,IIC1,True,101
NJ26_S59NJ-8-1_4-17,NJ26_S59NJ-8-1,sand,0.24414954756220414,1.6295022282628135,0.021997604688615086,0.4746969562529987,87.89999999999999,7.899999999999999,4.199999999999999,14.986,26.67,,,SSIR26_NewJersey,0.37,0.63788,0.478,1.27,0.009560144934485796,9,0.02762342102078072,0.47719695993011935,0.19532910282088417,1.401600415020921,0.5126862530195057,0.009285853435190576,undisturbed,"SSIR 26 (Rutgers): 0-1 bar and Ks on saturated 3-inch cores, 2-15 bar crushed",Westphalia taxadjunct,Gloucester,A21,True,103
NJ26_S59NJ-8-1_17-26,NJ26_S59NJ-8-1,loamy sand,0.24281175775620434,1.615974482868734,0.012350266444952279,0.3841649330920306,84.2,13.2,2.6,5.588000000000001,54.61,,,SSIR26_NewJersey,0.08,0.13792000000000001,0.382,1.47,0.00354699630632522,9,0.007398717911358059,0.3819281025803703,0.28991618156893995,1.9397629389334545,0.28409149836678144,0.003007948869914375,undisturbed,"SSIR 26 (Rutgers): 0-1 bar and Ks on saturated 3-inch cores, 2-15 bar crushed",Westphalia taxadjunct,Gloucester,A22,True,103
NJ26_S59NJ-8-1_26-36,NJ26_S59NJ-8-1,sandy loam,0.3354182725710708,1.510207240289484,0.10397505308865711,0.36663401116222977,79.39999999999999,5.8999999999999995,14.699999999999998,0.762,78.74000000000001,,,SSIR26_NewJersey,0.12,0.20687999999999998,0.363,1.55,0.010346123638167922,9,0.09017020453300005,0.3628237106226163,0.5203299324405373,3.0940257351761806,0.12316075141397691,0.009438502896493235,undisturbed,"SSIR 26 (Rutgers): 0-1 bar and Ks on saturated 3-inch cores, 2-15 bar crushed",Westphalia taxadjunct,Gloucester,Bt,True,103
NJ26_S59NJ-8-1_36-60,NJ26_S59NJ-8-1,loamy sand,0.23927883890108267,1.6495216717961934,0.043200000999999995,0.39793607173999956,84.4,5.0,10.6,7.111999999999999,121.92,,,SSIR26_NewJersey,0.04,0.06896000000000001,0.387,1.44,0.024410823051257354,9,0.043200000999999995,0.3865820106259026,0.3375525778656569,4.665993846149474,0.11632687776970714,0.022742233951544257,undisturbed,"SSIR 26 (Rutgers): 0-1 bar and Ks on saturated 3-inch cores, 2-15 bar crushed",Westphalia taxadjunct,Gloucester,C,True,103
NJ26_S59NJ-3-2_23-31,NJ26_S59NJ-3-2,sandy loam,1.7096983228956706,1.2153006205136774,2.3789714417025076e-21,0.4082789390374816,69.3,21.1,9.6,2.032,68.58,,,SSIR26_NewJersey,0.13,0.22412,0.41100000000000003,1.56,0.015351968097736155,9,1.639524375369292e-15,0.40748916619228204,1.42385255475588,1.01,0.22095271941291636,0.014678497024438015,undisturbed,"SSIR 26 (Rutgers): 0-1 bar and Ks on saturated 3-inch cores, 2-15 bar crushed",Westphalia taxadjunct,Burlington,B2t,True,105
NJ26_S59NJ-3-2_31-39,NJ26_S59NJ-3-2,loamy sand,2.3273023819572383,1.2200423423431057,3.820653298337708e-16,0.3848511612836987,79.0,13.5,7.5,1.7779999999999998,88.9,,,SSIR26_NewJersey,0.06,0.10343999999999999,0.387,1.58,0.020319144153074127,9,2.1702663839768162e-16,0.3838551171230895,1.9348998585796449,1.0100000000000002,0.22565566626805522,0.019825357103805216,undisturbed,"SSIR 26 (Rutgers): 0-1 bar and Ks on saturated 3-inch cores, 2-15 bar crushed",Westphalia taxadjunct,Burlington,B3t,True,105
NJ26_S59NJ-3-2_39-46,NJ26_S59NJ-3-2,sand,0.46061246025505087,1.577481237832175,0.010020727189650346,0.39769644404991794,94.6,3.9,1.5,11.684,107.95,,,SSIR26_NewJersey,0.0,0.0,0.391,1.56,0.013949071348701686,9,1.7257000181033399e-38,0.3910883629379065,0.7072737682592717,10.99999999990877,0.04134729211872604,0.009051389385424423,undisturbed,"SSIR 26 (Rutgers): 0-1 bar and Ks on saturated 3-inch cores, 2-15 bar crushed",Westphalia taxadjunct,Burlington,C1,True,105
NJ26_S59NJ-3-2_46-50,NJ26_S59NJ-3-2,loamy sand,0.47732613199744167,1.4161386314684905,0.03266472488132154,0.38444033793911797,87.39999999999999,5.3999999999999995,7.199999999999999,5.3340000000000005,121.92,,,SSIR26_NewJersey,0.04,0.06896000000000001,0.37799999999999995,1.61,0.014226227392274096,9,0.014929461931202979,0.37808973679101815,0.7235423785095086,10.99999999998002,0.02946690766633034,0.010786147258813413,undisturbed,"SSIR 26 (Rutgers): 0-1 bar and Ks on saturated 3-inch cores, 2-15 bar crushed",Westphalia taxadjunct,Burlington,C2,True,105
NJ26_S58NJ-5-4_9-12,NJ26_S58NJ-5-4,sandy loam,0.5096352897919765,1.2516838214141874,1.7343697655494125e-23,0.3209043069300605,69.6,23.2,7.2,0.508,26.67,,,SSIR26_NewJersey,0.32,0.5516800000000001,0.322,1.69,0.018396799402196174,9,2.2448671149304827e-16,0.3207371273269042,0.3840713177473407,1.01,0.2660058626871966,0.018016128835018574,undisturbed,"SSIR 26 (Rutgers): 0-1 bar and Ks on saturated 3-inch cores, 2-15 bar crushed",Downer taxadjunct,Cape May,A2,True,107
NJ26_S58NJ-5-4_12-16,NJ26_S58NJ-5-4,sandy loam,0.4677749275781782,1.2484822619528813,1.121981109775534e-28,0.3423705119612895,62.4,28.5,9.1,1.27,35.56,,,SSIR26_NewJersey,0.27,0.46548,0.24100000000000002,1.63,0.018898983129049807,8,1.4670487845563439e-53,0.3428102613975752,0.35835751902441565,1.01,0.261957256288278,0.018565847606366148,undisturbed,"SSIR 26 (Rutgers): 0-1 bar and Ks on saturated 3-inch cores, 2-15 bar crushed",Downer taxadjunct,Cape May,B1,False,107
NJ26_S58NJ-5-4_16-22,NJ26_S58NJ-5-4,sandy loam,0.7819830896010209,1.223944115081291,1.4811675269181224e-16,0.398252575983879,56.870611835506516,30.09027081243731,13.039117352056168,2.54,48.260000000000005,,,SSIR26_NewJersey,0.23,0.39652000000000004,0.39399999999999996,1.53,0.020179932544006702,9,7.155337003841408e-68,0.39400905826381477,0.9518802416981246,10.666116066423942,0.020000000000683395,0.01884727393309862,undisturbed,"SSIR 26 (Rutgers): 0-1 bar and Ks on saturated 3-inch cores, 2-15 bar crushed",Downer taxadjunct,Cape May,B2t,True,107
NJ26_S58NJ-5-4_22-27,NJ26_S58NJ-5-4,sandy loam,0.5728940166946339,1.5483245132582089,0.06804000099999812,0.38619382805203817,73.5,15.6,10.9,4.572,62.230000000000004,,,SSIR26_NewJersey,0.15,0.2586,0.379,1.62,0.016447374810277315,9,0.068040001,0.3791098028233407,0.7364684285534785,10.999999996442435,0.04549346442593239,0.011968013969440638,undisturbed,"SSIR 26 (Rutgers): 0-1 bar and Ks on saturated 3-inch cores, 2-15 bar crushed",Downer taxadjunct,Cape May,B3,True,107
NJ26_S58NJ-5-4_27-36,NJ26_S58NJ-5-4,sand,0.32393981130187993,2.7033520491643035,0.025670000999999994,0.3892858015212051,91.6,3.9,4.5,26.67,80.00999999999999,,,SSIR26_NewJersey,0.04,0.06896000000000001,0.385,1.51,0.013466299404264135,9,0.025670000999999994,0.38545755163956075,0.5611238511251476,10.999999999900078,0.09466555056181891,0.009624296599994133,undisturbed,"SSIR 26 (Rutgers): 0-1 bar and Ks on saturated 3-inch cores, 2-15 bar crushed",Downer taxadjunct,Cape May,IIC,True,107
NJ26_S58NJ-3-1_0-4,NJ26_S58NJ-3-1,sand,0.469485800117334,1.8004004105945715,0.06550000099999999,0.4747175651244678,87.6,8.4,4.0,28.194,5.08,,,SSIR26_NewJersey,2.06,3.55144,0.46399999999999997,1.31,0.023957587726664276,9,0.06550000099999999,0.46439682388685033,0.6635701958373965,10.999999989766737,0.06073112185848331,0.01742858233909341,undisturbed,"SSIR 26 (Rutgers): 0-1 bar and Ks on saturated 3-inch cores, 2-15 bar crushed",Galestown loamy sand,Burlington,"A11,A12",True,109
NJ26_S58NJ-3-1_4-26,NJ26_S58NJ-3-1,sand,0.41360213006931,1.9762182084643998,0.019110000999999998,0.42692368714464246,90.69999999999999,5.8999999999999995,3.3999999999999995,20.828,38.1,,,SSIR26_NewJersey,0.26,0.44824,0.415,1.47,0.026067134006953235,9,0.019110000999999998,0.4157551474360743,0.6248628934506286,10.999999999989797,0.06764832746803959,0.019176108339291776,undisturbed,"SSIR 26 (Rutgers): 0-1 bar and Ks on saturated 3-inch cores, 2-15 bar crushed",Galestown loamy sand,Burlington,A2,True,109
NJ26_S58NJ-3-1_26-32,NJ26_S58NJ-3-1,sand,0.461461764906719,1.7711186558685008,0.03213000099999999,0.4342098938821055,88.10000000000001,6.300000000000001,5.6000000000000005,14.478000000000002,73.66,,,SSIR26_NewJersey,0.1,0.1724,0.42200000000000004,1.53,0.025213755527327675,9,0.03213000099999999,0.42262194985167806,0.6441472497029429,10.999999999992351,0.05908598334944333,0.01821657089633056,undisturbed,"SSIR 26 (Rutgers): 0-1 bar and Ks on saturated 3-inch cores, 2-15 bar crushed",Galestown loamy sand,Burlington,B1t,True,109
NJ26_S58NJ-3-1_32-40,NJ26_S58NJ-3-1,loamy sand,0.43970751537370234,1.8875852646019335,0.039260000999999996,0.43117645250132136,87.6,4.9,7.5,14.478000000000002,91.44,,,SSIR26_NewJersey,0.12,0.20687999999999998,0.418,1.51,0.02917304449353848,9,0.039260000999999996,0.4189118040000842,0.6268095547392967,10.999999999974401,0.06516082922477845,0.022549532603300716,undisturbed,"SSIR 26 (Rutgers): 0-1 bar and Ks on saturated 3-inch cores, 2-15 bar crushed",Galestown loamy sand,Burlington,B2t,True,109
NJ26_S58NJ-3-1_40-62,NJ26_S58NJ-3-1,sand,0.3239512051162815,2.638222249741194,0.020860000999999996,0.38789683171366784,95.7,1.6,2.7,26.162000000000003,129.54,,,SSIR26_NewJersey,0.05,0.0862,0.37799999999999995,1.49,0.024234887589416505,9,0.020860000999999996,0.379850055267592,0.5508222673158473,10.999999999847532,0.08869092036067683,0.01866383398705427,undisturbed,"SSIR 26 (Rutgers): 0-1 bar and Ks on saturated 3-inch cores, 2-15 bar crushed",Galestown loamy sand,Burlington,IIC1,True,109
NJ26_S58NJ-3-2_0-5,NJ26_S58NJ-3-2,sand,0.4129493911808259,1.9530436955416999,0.08190000099999999,0.47037173082277034,89.30000000000001,7.100000000000001,3.6000000000000005,24.892000000000003,6.35,,,SSIR26_NewJersey,2.31,3.98244,0.46,1.3,0.021860655376685547,9,0.08190000099999999,0.46056193397307715,0.627494905504264,10.999999995927382,0.06674687446753085,0.01531169293319336,undisturbed,"SSIR 26 (Rutgers): 0-1 bar and Ks on saturated 3-inch cores, 2-15 bar crushed",Galestown loamy sand,Burlington,"A11,A12",True,111
NJ26_S58NJ-3-2_5-27,NJ26_S58NJ-3-2,sand,0.39512636614390606,2.0938520686814237,0.020580000999999994,0.4169018875416256,93.3,3.2,3.5,26.67,40.64,,,SSIR26_NewJersey,0.15,0.2586,0.409,1.47,0.01844424489651058,9,0.020580000999999994,0.4093700729456922,0.6303840276713183,10.999999999245581,0.0722537574800758,0.012352035251116538,undisturbed,"SSIR 26 (Rutgers): 0-1 bar and Ks on saturated 3-inch cores, 2-15 bar crushed",Galestown loamy sand,Burlington,A2,True,111
NJ26_S58NJ-3-2_27-36,NJ26_S58NJ-3-2,sand,0.3916447098123204,2.007857362330677,0.039960000999999995,0.41906663815609785,89.8,3.3,6.9,17.272,80.00999999999999,,,SSIR26_NewJersey,0.1,0.1724,0.41,1.48,0.019636394644108733,9,0.039960000999999995,0.4104571417363351,0.6220621994293911,10.999999999898348,0.06753890112571995,0.013668809867535724,undisturbed,"SSIR 26 (Rutgers): 0-1 bar and Ks on saturated 3-inch cores, 2-15 bar crushed",Galestown loamy sand,Burlington,B1t,True,111
NJ26_S58NJ-3-2_36-48,NJ26_S58NJ-3-2,sand,0.42956078008988374,1.8946385382873983,0.050490000999999986,0.3882960597082586,90.1,2.5,7.4,19.05,106.68,,,SSIR26_NewJersey,0.09,0.15516,0.38,1.53,0.01825615796971262,9,0.050490000999999986,0.38033406879272486,0.6473007230386192,10.999999999996858,0.06372753068175949,0.012884886331189411,undisturbed,"SSIR 26 (Rutgers): 0-1 bar and Ks on saturated 3-inch cores, 2-15 bar crushed",Galestown loamy sand,Burlington,B2t,True,111
NJ26_S58NJ-3-2_48-60,NJ26_S58NJ-3-2,sand,0.43188679224489174,1.6442689367797416,0.03278000099999826,0.3809060987658419,91.2,4.3,4.5,9.398000000000001,137.16,,,SSIR26_NewJersey,0.06,0.10343999999999999,0.368,1.49,0.02296934466571026,9,0.032780000999999996,0.3691459937547895,0.5975472942301574,10.999999999993078,0.0505992350496596,0.01674376237219304,undisturbed,"SSIR 26 (Rutgers): 0-1 bar and Ks on saturated 3-inch cores, 2-15 bar crushed",Galestown loamy sand,Burlington,C,True,111
