layer_id,profile_id,texture_class,alpha_kpa,n,thetar,thetas,sand,silt,clay,ksat_cmh,depth_cm,lat,lon,source_db,oc,om,porosity,bd,rmse,n_points,thetar_m,thetas_m,alpha_kpa_m,n_m,m,rmse_m,sample_type,sample_type_source
TG_1_0,TG_1,silt loam,0.2607857955674452,1.3415554769608167,0.07073590977837475,0.5074280801875314,20.64793520647935,64.21357864213579,15.13848615138486,5.3885347800000005,5.0,37.403333,101.701667,Tong_YellowRiver,,,,1.311836653,0.00044653790453342933,11,0.07573925358228162,0.5080477816418854,0.24387815106920221,1.2871828361875448,0.27745914773505165,0.00023299680692441264,undisturbed,Tong et al. (2024): undisturbed cores for Ks and bulk density; retention taken to be on the same cores
TG_1_1,TG_1,silt loam,0.130034116537853,1.5049313156499653,0.08267396856789648,0.4965190141531231,9.51,75.82,14.67,1.61009862,20.0,37.403333,101.701667,Tong_YellowRiver,,,,1.397168814,0.0030647624615703414,11,0.09826626310008946,0.5003381957733605,0.08880940606881249,1.2302106326503304,0.524308182614917,0.0022194634562006685,undisturbed,Tong et al. (2024): undisturbed cores for Ks and bulk density; retention taken to be on the same cores
TG_1_2,TG_1,silt loam,0.13374626367670844,1.4994393952959308,0.08568229363585446,0.5089353731853538,9.189081091890811,78.05219478052194,12.758724127587241,1.9758999,40.0,37.403333,101.701667,Tong_YellowRiver,,,,1.355781553,0.0029479958123016796,11,0.10101715264754595,0.5126328545571959,0.0933882043186266,1.237346451752292,0.5084556872773957,0.0021162414344860544,undisturbed,Tong et al. (2024): undisturbed cores for Ks and bulk density; retention taken to be on the same cores
TG_1_5,TG_1,silt loam,0.1383270555191682,1.4029946499674626,0.08467623455278434,0.5153495530688649,5.11,77.84,17.05,9.200094839999998,100.0,37.403333,101.701667,Tong_YellowRiver,,,,1.328345055,0.0021566548111982805,11,0.10373465762712676,0.51817792173345,0.10101877753906237,1.1932365898516517,0.4165131765216869,0.0014787918666189703,undisturbed,Tong et al. (2024): undisturbed cores for Ks and bulk density; retention taken to be on the same cores
TG_1_10,TG_1,silt loam,0.1385689499894662,1.414529571838702,0.07500900449704133,0.5144545530959619,7.589999999999999,77.76,14.649999999999999,3.0260348400000003,200.0,37.403333,101.701667,Tong_YellowRiver,,,,1.308348962,0.0013392829812788824,11,0.08638407699951893,0.5161276880716411,0.1163898930387981,1.2827862541167432,0.3639941153211042,0.0009322757082812723,undisturbed,Tong et al. (2024): undisturbed cores for Ks and bulk density; retention taken to be on the same cores
TG_1_15,TG_1,silt loam,0.22676354730004591,1.2453543315515898,0.002842135258304002,0.5140128287895389,11.83,76.71,11.46,0.83724318,300.0,37.403333,101.701667,Tong_YellowRiver,,,,1.305093785,0.004906244715863482,11,0.06166045464500397,0.5171139301530889,0.13502434134994246,1.010000000000177,0.35288210902573536,0.003381483268911831,undisturbed,Tong et al. (2024): undisturbed cores for Ks and bulk density; retention taken to be on the same cores
TG_1_20,TG_1,silt loam,0.141173725879112,1.412250140941676,0.088226760383564,0.5233075024318228,8.42,77.0,14.58,0.7482681600000001,400.0,37.403333,101.701667,Tong_YellowRiver,,,,1.283005078,0.0046491947866019075,11,0.12325322745416548,0.5300105668027769,0.06517082102809658,1.0185702402244186,0.650560859594184,0.00309896339312872,undisturbed,Tong et al. (2024): undisturbed cores for Ks and bulk density; retention taken to be on the same cores
TG_1_25,TG_1,silt loam,0.11561444334874882,1.43168058257332,0.0639702354028853,0.48818222477701123,9.319068093190682,76.81231876812319,13.868613138686133,0.46925135999999995,500.0,37.403333,101.701667,Tong_YellowRiver,,,,1.391123484,0.0032079032317804406,11,0.08865502686106454,0.4922554530145167,0.07198199903035005,1.143754146438946,0.5151650763013147,0.0023240705597406815,undisturbed,Tong et al. (2024): undisturbed cores for Ks and bulk density; retention taken to be on the same cores
TG_2_0,TG_2,silt loam,0.34388571698716236,1.4715340719674612,0.09952281685702351,0.5250435702767756,33.05,57.77,9.18,7.0364343,5.0,36.522778,101.663889,Tong_YellowRiver,,,,1.26161391,0.00402378685830193,11,0.07801578226592212,0.5201394762678782,0.4972840346088817,2.1882709858031166,0.16826133683457087,0.0018911553436836977,undisturbed,Tong et al. (2024): undisturbed cores for Ks and bulk density; retention taken to be on the same cores
TG_2_1,TG_2,silt loam,0.2173560583137948,1.3053741471090479,0.07658210004588638,0.430428449300507,31.69,60.48,7.83,4.89688968,20.0,36.522778,101.663889,Tong_YellowRiver,,,,1.519237981,0.002450155070814254,11,0.03139286096928756,0.4274441541802629,0.323450771343462,1.8384285798481252,0.11933248768369845,0.0014150873301216297,undisturbed,Tong et al. (2024): undisturbed cores for Ks and bulk density; retention taken to be on the same cores
TG_2_2,TG_2,silt loam,0.14715969958504851,1.5064679500011326,0.091684788691084,0.4595327267859534,28.772877287728775,63.98639863986399,7.240724072407241,0.83952588,40.0,36.522778,101.663889,Tong_YellowRiver,,,,1.541094175,0.0011591490670684696,11,0.09756049953704052,0.46092046109500073,0.12732821166544953,1.3784982624038205,0.4042120388209286,0.0008247655760715381,undisturbed,Tong et al. (2024): undisturbed cores for Ks and bulk density; retention taken to be on the same cores
TG_2_5,TG_2,silt loam,0.16442775956551658,1.6444300488408055,0.08841394733797706,0.4874999250781356,34.15,60.18,5.67,2.0893992,100.0,36.522778,101.663889,Tong_YellowRiver,,,,1.450181709,0.0019425834223944817,11,0.09363282342132051,0.4897933769987135,0.13675158432314255,1.4580013331006814,0.4977171258270032,0.001397883648716101,undisturbed,Tong et al. (2024): undisturbed cores for Ks and bulk density; retention taken to be on the same cores
TG_2_10,TG_2,silt loam,0.1963757764702637,1.6473966310375974,0.08581909621588107,0.5072786477195633,29.982998299829983,63.37633763376338,6.640664066406641,4.752215100000001,200.0,36.522778,101.663889,Tong_YellowRiver,,,,1.379730361,0.0011894820922925282,11,0.08890133712610335,0.5087289666010597,0.17692556303560347,1.5311358900550156,0.4520919176683991,0.0008095808556603183,undisturbed,Tong et al. (2024): undisturbed cores for Ks and bulk density; retention taken to be on the same cores
TG_2_15,TG_2,silt loam,0.21521596442516067,1.682618319571709,0.08496131118206934,0.5045087155352017,25.91740825917408,65.55344465553445,8.52914708529147,7.2259476000000005,300.0,36.522778,101.663889,Tong_YellowRiver,,,,1.345550994,0.000777336156566701,11,0.08672012090748801,0.5054553400530281,0.20164914389897418,1.6036376739768998,0.44391076993288664,0.0005181315589971737,undisturbed,Tong et al. (2024): undisturbed cores for Ks and bulk density; retention taken to be on the same cores
TG_2_20,TG_2,silt loam,0.15655652477275087,1.7006611181189464,0.0890505012539611,0.5058226342506321,21.86,70.97,7.17,3.51117126,400.0,36.522778,101.663889,Tong_YellowRiver,,,,1.365779599,0.00014409437373186226,11,0.08872514360283772,0.5056812823640641,0.1582135791030268,1.7142829915819635,0.40581549074162554,0.00010996915335617259,undisturbed,Tong et al. (2024): undisturbed cores for Ks and bulk density; retention taken to be on the same cores
TG_2_25,TG_2,silt loam,0.12363306837874394,1.7620349551349979,0.09326740246523046,0.5179421534059282,35.232953409318135,58.91821635672866,5.848830233953209,4.45143882,500.0,36.522778,101.663889,Tong_YellowRiver,,,,1.337645563,0.0011735431141486538,11,0.09105149053879201,0.5170678097171271,0.13246576378007943,1.8600208983018174,0.39008516664005044,0.0009749330590429501,undisturbed,Tong et al. (2024): undisturbed cores for Ks and bulk density; retention taken to be on the same cores
TG_3_0,TG_3,sandy loam,0.09624520145171468,1.1796588570230584,0.026308917390251485,0.37472658434579614,48.83,45.01,6.16,1.31398902,5.0,35.4925,101.993889,Tong_YellowRiver,,,,1.741055097,0.0008435685524463952,11,7.037723361404965e-09,0.37408506491159127,0.11069602155301832,1.2851724185824165,0.12128437016079022,0.000685297303049739,undisturbed,Tong et al. (2024): undisturbed cores for Ks and bulk density; retention taken to be on the same cores
TG_3_1,TG_3,silt loam,0.23667326045802237,1.2083377601575556,0.05997408826982003,0.4742426666009541,39.312137572485504,53.609278144371125,7.078584283143371,1.73580744,20.0,35.4925,101.993889,Tong_YellowRiver,,,,1.509704961,0.0027497551575280292,11,4.593578248741706e-12,0.4713886368581363,0.33296273981469093,1.6514783120006928,0.09359650129386335,0.0017269178598193758,undisturbed,Tong et al. (2024): undisturbed cores for Ks and bulk density; retention taken to be on the same cores
TG_3_2,TG_3,silt loam,0.2341719549679648,1.4173825401951223,0.12135944907301177,0.5005175422869856,33.16,59.55,7.29,6.78083694,40.0,35.4925,101.993889,Tong_YellowRiver,,,,1.345783507,0.0027495770538930415,11,0.09960941276809851,0.4972347953169986,0.3213331925262028,1.8813305413153714,0.17684608054661513,0.0016256488567442924,undisturbed,Tong et al. (2024): undisturbed cores for Ks and bulk density; retention taken to be on the same cores
TG_3_5,TG_3,silt loam,0.2044464380258157,1.5153434751573942,0.1199503510433302,0.5152392995037561,38.14,55.42,6.44,3.76068648,100.0,35.4925,101.993889,Tong_YellowRiver,,,,1.333925359,0.002721537738804326,11,0.1069478512495194,0.5122499951471666,0.262685066634304,1.8868035348233545,0.22963338495314853,0.0018017979524755827,undisturbed,Tong et al. (2024): undisturbed cores for Ks and bulk density; retention taken to be on the same cores
TG_3_10,TG_3,silt loam,0.16847463759328368,1.743587420583514,0.0927353587031343,0.5115513307348574,26.37263726372637,67.97679767976797,5.65056505650565,3.35482608,200.0,35.4925,101.993889,Tong_YellowRiver,,,,1.413677215,0.0034829267611971417,11,0.09921035684443429,0.5157184018403863,0.12473993461779627,1.4411833365588431,0.6260553485342375,0.002539766810435874,undisturbed,Tong et al. (2024): undisturbed cores for Ks and bulk density; retention taken to be on the same cores
TG_3_15,TG_3,silt loam,0.18086827033694006,1.7192060488678367,0.08913866943689708,0.5105909500250411,35.06,59.8,5.14,2.9600487,300.0,35.4925,101.993889,Tong_YellowRiver,,,,1.462504882,0.0022469075906627065,11,0.0936769824028755,0.5132520116541242,0.14997226228904179,1.5141703676187273,0.5361515530076248,0.001605148270184686,undisturbed,Tong et al. (2024): undisturbed cores for Ks and bulk density; retention taken to be on the same cores
TG_3_20,TG_3,silt loam,0.43530446581418564,1.541208086729265,0.07842220773296767,0.5301660666563782,31.126887311268877,63.16368363163684,5.709429057094291,3.03303966,400.0,35.4925,101.993889,Tong_YellowRiver,,,,1.443903866,0.003555288695793886,11,0.06561858838602617,0.5259099017461805,0.587403997430323,2.11910746454691,0.21169134093746464,0.0013697691382684233,undisturbed,Tong et al. (2024): undisturbed cores for Ks and bulk density; retention taken to be on the same cores
TG_3_25,TG_3,silt loam,0.14523813778065478,1.7501619308523724,0.0892762476729698,0.5046094831543186,34.873025394921015,59.93801239752049,5.188962207558488,2.42400606,500.0,35.4925,101.993889,Tong_YellowRiver,,,,1.496219224,0.00373372319778523,11,0.09625771158260348,0.508793329904991,0.10570404629707517,1.4370919370093147,0.6420474060567536,0.0028489768339428467,undisturbed,Tong et al. (2024): undisturbed cores for Ks and bulk density; retention taken to be on the same cores
TG_4_0,TG_4,sandy loam,0.2692942017525175,1.3630232477019755,0.1131459088337681,0.5806673398675377,55.05000000000001,41.400000000000006,3.5500000000000007,4.15210014,5.0,36.074167,102.296389,Tong_YellowRiver,,,,1.087229385,0.001534263926963091,11,0.09737075157605003,0.5786367295318073,0.32247506438750906,1.5648844968601976,0.20464838814649286,0.0008009964736434804,undisturbed,Tong et al. (2024): undisturbed cores for Ks and bulk density; retention taken to be on the same cores
TG_4_1,TG_4,silt loam,0.22215859103929592,1.4646062218542744,0.11033976257072012,0.5362115660975061,32.463246324632465,60.43604360436044,7.100710071007101,5.2633623599999995,20.0,36.074167,102.296389,Tong_YellowRiver,,,,1.342528329,0.0032989146243883305,11,0.09014285124379218,0.5324488628110016,0.3011395053988342,1.9294489927536906,0.1943620298049223,0.002059011199209029,undisturbed,Tong et al. (2024): undisturbed cores for Ks and bulk density; retention taken to be on the same cores
TG_4_2,TG_4,silt loam,0.1792193283197833,1.6493770486931534,0.10590375503266959,0.5238759327599691,28.074385122975407,64.80703859228154,7.118576284743051,16.0073145,40.0,36.074167,102.296389,Tong_YellowRiver,,,,1.325554902,0.000729718618077065,11,0.10394520713848628,0.5230982343481336,0.1897278530492791,1.7244317044951778,0.3624871419687767,0.0005257556358183919,undisturbed,Tong et al. (2024): undisturbed cores for Ks and bulk density; retention taken to be on the same cores
TG_4_5,TG_4,silt loam,0.22716804462941784,1.494128136871136,0.09148218467859225,0.47772123885317447,23.73,65.07,11.2,3.8103590400000003,100.0,36.074167,102.296389,Tong_YellowRiver,,,,1.435765922,0.0005222393661995979,11,0.08889077465465826,0.4770547318772878,0.24091379130926005,1.5607703725432214,0.30469030800898916,0.0003171336926509885,undisturbed,Tong et al. (2024): undisturbed cores for Ks and bulk density; retention taken to be on the same cores
TG_4_10,TG_4,silt loam,0.2291528696826734,1.4723108033840646,0.07985452672215852,0.5020517501900892,18.43184318431843,72.87728772877287,8.69086908690869,7.50950106,200.0,36.074167,102.296389,Tong_YellowRiver,,,,1.387635793,0.008786674743371902,11,0.1073847005694359,0.5104306400200136,0.09334337471879439,1.01,0.7877725905052884,0.005596841709561626,undisturbed,Tong et al. (2024): undisturbed cores for Ks and bulk density; retention taken to be on the same cores
TG_4_15,TG_4,silt loam,0.12614293698125312,1.4652312566499859,0.0894605408073831,0.571591964573827,14.039999999999997,78.16999999999999,7.789999999999999,2.40785172,300.0,36.074167,102.296389,Tong_YellowRiver,,,,1.286492769,0.006671860072095311,11,0.12658906901186656,0.5807554876696728,0.050668392841062615,1.0100000003198442,0.7990936412881,0.004654930988796513,undisturbed,Tong et al. (2024): undisturbed cores for Ks and bulk density; retention taken to be on the same cores
TG_4_20,TG_4,silt loam,0.10153669042615142,1.6306550327656617,0.11712702277122036,0.5604989180775143,14.040000000000003,77.38000000000001,8.580000000000002,3.3805146600000002,400.0,36.074167,102.296389,Tong_YellowRiver,,,,1.316486907,0.002415164627168367,11,0.1247863796851471,0.562718739457821,0.08336974289419502,1.448110457990699,0.4979587021557044,0.0019676299439135105,undisturbed,Tong et al. (2024): undisturbed cores for Ks and bulk density; retention taken to be on the same cores
TG_4_25,TG_4,silt loam,0.10986140002205196,1.5346118113854383,0.10453317799064663,0.5316827896006715,20.68,72.04,7.28,38.17429164,500.0,36.074167,102.296389,Tong_YellowRiver,,,,1.281377489,0.002749095266489859,11,0.117466071246647,0.5346947767539467,0.08162254866930883,1.304095689515855,0.49932736987023074,0.0021199550048305216,undisturbed,Tong et al. (2024): undisturbed cores for Ks and bulk density; retention taken to be on the same cores
TG_5_0,TG_5,silt loam,0.09110673695293096,1.1670978507464107,0.019914489282513017,0.4019542408380237,38.72,53.2,8.08,0.91112346,5.0,35.512222,102.921667,Tong_YellowRiver,,,,1.579691283,0.0005573247539761827,11,1.061608880045521e-09,0.40152935722937283,0.09984851246419506,1.230843379543157,0.12333873620246677,0.00045601196204318327,undisturbed,Tong et al. (2024): undisturbed cores for Ks and bulk density; retention taken to be on the same cores
TG_5_1,TG_5,loam,0.050372097553364005,1.149336219149723,4.912680560266968e-08,0.3893300178751049,43.26567343265673,48.50514948505149,8.22917708229177,0.9665044200000001,20.0,35.512222,102.921667,Tong_YellowRiver,,,,1.654095347,0.000804214885628221,11,0.06274196453349051,0.3903005333046171,0.036435027269374476,1.0100000086639924,0.20694299659147627,0.0005753202358815403,undisturbed,Tong et al. (2024): undisturbed cores for Ks and bulk density; retention taken to be on the same cores
TG_5_2,TG_5,silt loam,0.03493080108642399,1.2211958112919699,1.4723489809966805e-08,0.40167009009481447,29.564087182563487,62.91741651669666,7.518496300739852,0.82553082,40.0,35.512222,102.921667,Tong_YellowRiver,,,,1.694320044,0.00028576090925391606,11,0.01595192614171849,0.4019551979772797,0.03211760831468199,1.178427495847554,0.20464311244291786,0.0002309553871311231,undisturbed,Tong et al. (2024): undisturbed cores for Ks and bulk density; retention taken to be on the same cores
TG_5_5,TG_5,silt loam,0.04559317071991539,1.2363789104727605,0.0023213084014468933,0.4230480022710488,25.03,65.16,9.81,3.1571546400000003,100.0,35.512222,102.921667,Tong_YellowRiver,,,,1.65432786,0.0001287963931572958,11,1.2140801490289904e-05,0.42298668027359954,0.0461899757471517,1.2444817687395622,0.18760754209655964,0.00011653531649775694,undisturbed,Tong et al. (2024): undisturbed cores for Ks and bulk density; retention taken to be on the same cores
TG_5_10,TG_5,silt loam,0.04986573820484956,1.241782735059819,2.244172282732623e-07,0.4545913365063731,25.717428257174284,66.06339366063393,8.219178082191783,11.38097706,200.0,35.512222,102.921667,Tong_YellowRiver,,,,1.612475574,0.00040882789797745613,11,0.014536899503769466,0.4550579445297007,0.045704146058970115,1.1903314110386851,0.21959771654459162,0.0003155001497102884,undisturbed,Tong et al. (2024): undisturbed cores for Ks and bulk density; retention taken to be on the same cores
TG_5_15,TG_5,silt loam,0.036470586484748956,1.270835490862089,0.02325848017030262,0.4285510137452972,19.74,71.31,8.95,0.88004808,300.0,35.512222,102.921667,Tong_YellowRiver,,,,1.665953495,0.00044135335569129447,11,0.0008923338781047446,0.42827031313289715,0.04031149292914542,1.3225647990252103,0.1825657594994241,0.0003843091664881205,undisturbed,Tong et al. (2024): undisturbed cores for Ks and bulk density; retention taken to be on the same cores
TG_5_20,TG_5,silt loam,0.03397031439074189,1.2330710151415503,1.8183545357763016e-09,0.4342177342098398,19.2,70.35,10.45,0.76936764,400.0,35.512222,102.921667,Tong_YellowRiver,,,,1.690599841,0.001187943147574442,11,0.05613147547470037,0.43549493235305636,0.023752862585284466,1.0791010203260503,0.301049972785478,0.0009518825427521788,undisturbed,Tong et al. (2024): undisturbed cores for Ks and bulk density; retention taken to be on the same cores
TG_5_25,TG_5,silt loam,0.014965586963069353,1.283065451517196,0.012166209179698751,0.40275083788691984,22.135572885422917,67.4865026994601,10.377924415116977,60.81948924,500.0,35.512222,102.921667,Tong_YellowRiver,,,,1.725011721,0.0005051258082714429,11,0.0011759610080632544,0.4026568475520719,0.0156733829166261,1.3042556360565298,0.2048859890114946,0.0004874292899515797,undisturbed,Tong et al. (2024): undisturbed cores for Ks and bulk density; retention taken to be on the same cores
TG_6_0,TG_6,silt loam,0.038054781556105054,1.16283126399584,0.009489437246227216,0.3981214853936581,26.477352264773526,55.14448555144486,18.378162183781622,2.1697593,5.0,37.194444,104.060833,Tong_YellowRiver,,,,1.62851895,0.00019870282437808666,11,2.6999786912111953e-08,0.3980328427237746,0.039331121318925424,1.1794936730049157,0.13239332185026645,0.00018086352762188799,undisturbed,Tong et al. (2024): undisturbed cores for Ks and bulk density; retention taken to be on the same cores
TG_6_1,TG_6,silt loam,0.026414217869214364,1.1611645925311542,2.452091478079914e-05,0.38339841820237647,28.297170282971702,59.08409159084091,12.618738126187381,0.44362254,20.0,37.194444,104.060833,Tong_YellowRiver,,,,1.650142631,5.24439969861167e-06,11,0.0038859933310247826,0.3834099802929856,0.026155244672319923,1.1579264962390423,0.14145859245973746,7.95281213943991e-06,undisturbed,Tong et al. (2024): undisturbed cores for Ks and bulk density; retention taken to be on the same cores
TG_6_2,TG_6,silt loam,0.047747000685852754,1.2327908651922934,2.185609905480795e-08,0.46625399723725525,2.9197080291970807,71.9028097190281,25.177482251774826,6.8779014599999995,40.0,37.194444,104.060833,Tong_YellowRiver,,,,1.464597497,0.0011471032735535186,11,0.044781332476037924,0.46766753350525864,0.035857457453915755,1.0911966034218112,0.2736372187861058,0.0008717847495061112,undisturbed,Tong et al. (2024): undisturbed cores for Ks and bulk density; retention taken to be on the same cores
TG_6_5,TG_6,silty clay loam,0.03780439419082484,1.3540592027006964,0.0641835915240459,0.5021118590718592,1.6,62.26,36.14,0.30881688,100.0,37.194444,104.060833,Tong_YellowRiver,,,,1.283702616,0.0008096952696829676,11,0.0818788463980062,0.5026260701505706,0.033219737348171206,1.285571004550135,0.3106103041283503,0.0007130367388731322,undisturbed,Tong et al. (2024): undisturbed cores for Ks and bulk density; retention taken to be on the same cores
TG_6_10,TG_6,silt loam,0.02687570117553891,1.8462441802883003,0.12802300488350624,0.5275461026459949,9.42905709429057,74.43255674432557,16.13838616138386,13.4850156,200.0,37.194444,104.060833,Tong_YellowRiver,,,,1.362059396,0.002185588340963727,11,0.13277873724147538,0.528089369002769,0.024260508637693984,1.7442637604274527,0.5302478718158249,0.0020941011661571012,undisturbed,Tong et al. (2024): undisturbed cores for Ks and bulk density; retention taken to be on the same cores
TG_6_15,TG_6,silt loam,0.04754184580587306,1.2868129729476878,0.02114757419749304,0.5524951332113994,3.50964903509649,75.01249875012499,21.477852214778522,1.72275234,300.0,37.194444,104.060833,Tong_YellowRiver,,,,1.242082843,7.071808509404135e-05,11,0.02366114124794497,0.5525492871601202,0.046996506633796085,1.2806065644319706,0.22656016486005012,5.967800162622063e-05,undisturbed,Tong et al. (2024): undisturbed cores for Ks and bulk density; retention taken to be on the same cores
TG_6_20,TG_6,silt loam,0.1575475916268729,1.734450823279952,0.1155371549404835,0.4375569357092022,43.09569043095691,50.4049595040496,6.499350064993501,3.50266902,400.0,37.194444,104.060833,Tong_YellowRiver,,,,1.33136772,0.0012641446248544345,11,0.1129872633441597,0.4364497329831279,0.17507694756881362,1.8923906861343873,0.3606713187788481,0.0009872630482426336,undisturbed,Tong et al. (2024): undisturbed cores for Ks and bulk density; retention taken to be on the same cores
TG_6_25,TG_6,silty clay loam,0.03608246472015076,1.2644513071747046,9.97966856106896e-10,0.5336643620667557,0.9699030096990302,62.05379462053795,36.976302369763026,16.96157988,500.0,37.194444,104.060833,Tong_YellowRiver,,,,1.339738177,0.00022949157735252626,11,0.007965430638614795,0.5338742970058737,0.03472646632211103,1.2421500412218027,0.2207260120056618,0.00018918934960633656,undisturbed,Tong et al. (2024): undisturbed cores for Ks and bulk density; retention taken to be on the same cores
TG_7_0,TG_7,silt loam,0.12266924764492063,1.7494599355293432,0.12495172938793525,0.6020167538406911,22.630000000000003,70.49,6.880000000000001,6.887900999999999,5.0,36.672222,103.836389,Tong_YellowRiver,,,,1.217669009,0.001135323721700445,11,0.1227103033134827,0.6011568582671214,0.130369524062446,1.83391694564701,0.3914182314462596,0.000940763342163201,undisturbed,Tong et al. (2024): undisturbed cores for Ks and bulk density; retention taken to be on the same cores
TG_7_1,TG_7,silt loam,0.16473399106624492,1.4634637530871735,0.04697659154997203,0.48853932050710025,8.11918808119188,79.18208179182082,12.6987301269873,6.742868280000001,20.0,36.672222,103.836389,Tong_YellowRiver,,,,1.231387259,0.012507536144213028,11,0.08228443412807941,0.497186335997392,0.06351473140543719,1.0100000000000007,0.8253900159720876,0.009354480522405504,undisturbed,Tong et al. (2024): undisturbed cores for Ks and bulk density; retention taken to be on the same cores
TG_7_2,TG_7,silt loam,0.16253530773281047,1.4598590377374545,0.0914289638463285,0.5220093350942682,13.628637136286372,76.58234176582343,9.789021097890211,2.7909452999999997,40.0,36.672222,103.836389,Tong_YellowRiver,,,,1.134429463,0.011959503778094878,11,0.1262017584569037,0.5303303009356942,0.06311045840988645,1.01,0.8162373996393523,0.0089433789123147,undisturbed,Tong et al. (2024): undisturbed cores for Ks and bulk density; retention taken to be on the same cores
TG_7_5,TG_7,silt loam,0.13249125408393184,1.5003891596628989,0.09434150041554436,0.5185447109803812,12.911291129112913,75.21752175217522,11.871187118711871,6.92941572,100.0,36.672222,103.836389,Tong_YellowRiver,,,,1.226039467,0.007792975019169419,11,0.1246915718018783,0.5276933977371773,0.049843793637714184,1.0100000021696987,0.8895210416447002,0.005457137381291647,undisturbed,Tong et al. (2024): undisturbed cores for Ks and bulk density; retention taken to be on the same cores
TG_7_10,TG_7,silt loam,0.12242293985242314,1.6018872550725995,0.10074943413144843,0.5406713617187187,19.64,71.18,9.18,6.18966684,200.0,36.672222,103.836389,Tong_YellowRiver,,,,1.245338021,0.00461136929018041,11,0.11590928970929289,0.5461783218123143,0.07603637889581223,1.2463210556588435,0.6531037659535511,0.0034842782225925567,undisturbed,Tong et al. (2024): undisturbed cores for Ks and bulk density; retention taken to be on the same cores
TG_7_15,TG_7,silt loam,0.13697940930223,1.6061697867138778,0.11331071389302776,0.531915967950863,13.25,76.79,9.96,4.43779482,300.0,36.672222,103.836389,Tong_YellowRiver,,,,1.317184445,0.004000238327885328,11,0.12592413756861448,0.5368352151675027,0.08954457028759447,1.271841244044518,0.6230502920268621,0.002943505346361749,undisturbed,Tong et al. (2024): undisturbed cores for Ks and bulk density; retention taken to be on the same cores
TG_7_20,TG_7,silt loam,0.08313159999097251,1.5171553551924601,0.10843505646930678,0.5253577256700873,6.4993500649935,79.24207579242075,14.25857414258574,0.69864894,400.0,36.672222,103.836389,Tong_YellowRiver,,,,1.391821022,0.0005843381289548121,11,0.10503489399537161,0.5249177019588167,0.08759185528120794,1.5675761899412166,0.3172337784011155,0.0004894543540964616,undisturbed,Tong et al. (2024): undisturbed cores for Ks and bulk density; retention taken to be on the same cores
TG_7_25,TG_7,silt loam,0.22405983612039476,1.3050871129079662,0.1037624565163626,0.514604913907476,11.178882111788822,76.26237376262374,12.558744125587442,2.16630684,500.0,36.672222,103.836389,Tong_YellowRiver,,,,1.327415004,0.00283025322588368,11,0.05207027639564134,0.5111258004545813,0.332960501050215,1.8398072288264455,0.11949728879211839,0.0016073649300469835,undisturbed,Tong et al. (2024): undisturbed cores for Ks and bulk density; retention taken to be on the same cores
TG_8_0,TG_8,silt loam,0.3830388301999567,1.2237376912948772,0.014609478976309893,0.4855761679386258,36.87,56.1,7.03,8.5262946,5.0,35.903889,104.715,Tong_YellowRiver,,,,1.42786049,0.0009610524239111093,11,1.614415158341269e-12,0.4845056557794881,0.43024874963069026,1.3408196567088089,0.15374738577648694,0.0004979461365960093,undisturbed,Tong et al. (2024): undisturbed cores for Ks and bulk density; retention taken to be on the same cores
TG_8_1,TG_8,silt loam,0.2407145478404888,1.2771491563504132,0.09526575738333005,0.5088358609456528,18.33816618338166,69.4930506949305,12.16878312168783,10.45129086,20.0,35.903889,104.715,Tong_YellowRiver,,,,1.413677215,0.0008942264681760235,11,0.07683313487217956,0.5076164933260794,0.2820248525431225,1.4223270470171099,0.17230173248499525,0.00047106666337405216,undisturbed,Tong et al. (2024): undisturbed cores for Ks and bulk density; retention taken to be on the same cores
TG_8_2,TG_8,silt loam,0.176768075917428,1.3317273085981967,0.12031485181211644,0.5074257623969615,30.653065306530653,62.7962796279628,6.550655065506551,4.4260125,40.0,35.903889,104.715,Tong_YellowRiver,,,,1.44506643,0.00243989527549579,11,0.15030396100656612,0.5109876871097607,0.10615612710702087,1.0542927346512914,0.4382264545734178,0.0014735188997697893,undisturbed,Tong et al. (2024): undisturbed cores for Ks and bulk density; retention taken to be on the same cores
TG_8_5,TG_8,silt loam,0.18898641155498855,1.457725924624924,0.15119858412475673,0.5586403719258117,18.91,75.14,5.95,12.61883742,100.0,35.903889,104.715,Tong_YellowRiver,,,,1.372987493,0.0034772506986660077,11,0.17056321390482862,0.5636293096101578,0.11383840049471869,1.1289608457212452,0.5510671193113108,0.002160524765437097,undisturbed,Tong et al. (2024): undisturbed cores for Ks and bulk density; retention taken to be on the same cores
TG_8_10,TG_8,silt loam,0.11532318165839713,1.6069764633646328,0.10787264647312535,0.5542675944681499,15.97,76.9,7.13,3.7532227799999998,200.0,35.903889,104.715,Tong_YellowRiver,,,,1.350433761,0.007139948092161716,11,0.13006403683591847,0.5635120545742545,0.049752434476882934,1.1041517479600933,0.9184000001858579,0.005365093946019576,undisturbed,Tong et al. (2024): undisturbed cores for Ks and bulk density; retention taken to be on the same cores
TG_8_15,TG_8,silt loam,0.09345371112374104,1.7133825463611791,0.1281541558280068,0.5355369831357792,17.438256174382563,73.89261073892611,8.66913308669133,2.98451082,300.0,35.903889,104.715,Tong_YellowRiver,,,,1.341133253,0.003924487034904527,11,0.13725294805265764,0.5389965957344137,0.06723946309628455,1.417681365537095,0.6288095764988527,0.0032834594698591423,undisturbed,Tong et al. (2024): undisturbed cores for Ks and bulk density; retention taken to be on the same cores
TG_8_20,TG_8,silt loam,0.08582594694613337,1.7755416966377844,0.13193643147901615,0.5395625449480358,14.098590140985904,75.02249775022499,10.878912108789121,2.1379309799999997,400.0,35.903889,104.715,Tong_YellowRiver,,,,1.416699881,0.001891577240252235,11,0.13554775238778183,0.5408255879116898,0.0759754796783463,1.6392150421804976,0.5162544998868995,0.0016502522084706703,undisturbed,Tong et al. (2024): undisturbed cores for Ks and bulk density; retention taken to be on the same cores
TG_8_25,TG_8,silt loam,0.08572734632280073,1.7745416464968589,0.12960975319649864,0.5372943775951275,15.53,74.79,9.68,1.93498494,500.0,35.903889,104.715,Tong_YellowRiver,,,,1.429255566,0.002576045689871085,11,0.13454115973463257,0.5390944686071014,0.07208679871898954,1.5895151826000937,0.5510021604672658,0.0022389372898343625,undisturbed,Tong et al. (2024): undisturbed cores for Ks and bulk density; retention taken to be on the same cores
TG_9_0,TG_9,silt loam,0.40775892624753846,1.340085512193209,0.11243957982285857,0.5801267427855406,28.96579315863173,61.7123424684937,9.321864372874575,31.759088520000002,5.0,35.225556,103.8925,Tong_YellowRiver,,,,1.361361858,0.0074730975193331,11,0.02032868592850103,0.569354045341995,0.778237977372089,9.002534856518798,0.022127649991382493,0.001918434821865611,undisturbed,Tong et al. (2024): undisturbed cores for Ks and bulk density; retention taken to be on the same cores
TG_9_1,TG_9,silt loam,0.09545633293978843,1.17442103943679,0.0016044389834336482,0.4500417846762098,19.468053194680532,67.78322167783222,12.748725127487251,21.304324859999998,20.0,35.225556,103.8925,Tong_YellowRiver,,,,1.580179727,5.334154854637539e-05,11,4.5608160055587546e-07,0.44999821972573073,0.0961656652405451,1.1793690001870132,0.14683782994459343,4.3205712667188233e-05,undisturbed,Tong et al. (2024): undisturbed cores for Ks and bulk density; retention taken to be on the same cores
TG_9_2,TG_9,silt loam,0.06945544528749467,1.1919494513221276,0.000587374545449465,0.4225346331022218,19.268073192680735,69.04309569043096,11.688831116888313,0.48429486,40.0,35.225556,103.8925,Tong_YellowRiver,,,,1.650631075,2.2551049481006252e-05,11,0.0033238248978543724,0.42254322405082156,0.06883962437269893,1.1890734106126972,0.16335783175602162,3.68853572402574e-05,undisturbed,Tong et al. (2024): undisturbed cores for Ks and bulk density; retention taken to be on the same cores
TG_9_5,TG_9,silt loam,0.08636458722277442,1.1869438934012506,0.010645821579311305,0.4336678328921427,28.65286528652865,62.28622862286228,9.06090609060906,0.36921108,100.0,35.225556,103.8925,Tong_YellowRiver,,,,1.635750262,0.0003952576307128175,11,2.383956530115149e-09,0.43337303280264805,0.09103874976044285,1.2235402149489953,0.14521237204941254,0.00032728751070784374,undisturbed,Tong et al. (2024): undisturbed cores for Ks and bulk density; retention taken to be on the same cores
TG_9_10,TG_9,silt loam,0.3003112980769413,1.3256767087007484,0.13914842918041767,0.5147810217159255,38.786121387861215,54.13458654134586,7.0792920707929206,5.65287876,200.0,35.225556,103.8925,Tong_YellowRiver,,,,1.317672889,0.002885542296006605,11,0.09903481824844831,0.5111166425272793,0.4517886928624407,1.9709458480857935,0.12084931766119866,0.0013810962575531666,undisturbed,Tong et al. (2024): undisturbed cores for Ks and bulk density; retention taken to be on the same cores
TG_9_15,TG_9,silt loam,0.16133638064902098,1.5935843284662639,0.16817420034073602,0.5509658670918136,24.19,69.84,5.97,4.16749134,300.0,35.225556,103.8925,Tong_YellowRiver,,,,1.269077735,0.0014701094843352636,11,0.16310366646200664,0.5495017031817896,0.18321390873816834,1.761745784095707,0.3087749807016034,0.0010863639880695154,undisturbed,Tong et al. (2024): undisturbed cores for Ks and bulk density; retention taken to be on the same cores
TG_9_20,TG_9,silt loam,0.129577025954863,1.7165193125662692,0.14845320100837567,0.5691448890232066,27.94,68.0,4.06,5.00378208,400.0,35.225556,103.8925,Tong_YellowRiver,,,,1.221645144,0.0033274652049370443,11,0.15561173303515533,0.5726457561685668,0.0981458226239884,1.445316841765823,0.5951541638005805,0.002602978742631342,undisturbed,Tong et al. (2024): undisturbed cores for Ks and bulk density; retention taken to be on the same cores
TG_9_25,TG_9,silt loam,0.10708018092405507,1.7806102810641806,0.13278681199863188,0.5714944032863898,18.62,76.36,5.02,4.15161228,500.0,35.225556,103.8925,Tong_YellowRiver,,,,1.30744233,0.004282411560783662,11,0.1404683103382391,0.5753865446756372,0.07842648714131877,1.473591067123912,0.6540378806591822,0.00354607491198993,undisturbed,Tong et al. (2024): undisturbed cores for Ks and bulk density; retention taken to be on the same cores
TG_10_0,TG_10,silt loam,0.12373836922984997,1.630054086082904,0.09481377476117978,0.5586954853170559,26.2,65.36,8.44,3.6706005,5.0,36.726389,104.670833,Tong_YellowRiver,,,,1.311627559,0.0012157079638496437,11,0.09104265609307724,0.5576654519070172,0.13406385914288083,1.729918007899492,0.3442990701257675,0.0009744637315107934,undisturbed,Tong et al. (2024): undisturbed cores for Ks and bulk density; retention taken to be on the same cores
TG_10_1,TG_10,silt loam,0.12593253720335382,1.7850644348329725,0.011964895261915355,0.42454282195625115,17.35826417358264,74.67253274672534,7.96920307969203,2.89905474,20.0,36.726389,104.670833,Tong_YellowRiver,,,,1.334646316,0.0014820367206414317,11,0.009382766724368326,0.4234717433658166,0.13721013984884986,1.9125192201283614,0.38605929508596526,0.0012362976024618052,undisturbed,Tong et al. (2024): undisturbed cores for Ks and bulk density; retention taken to be on the same cores
TG_10_2,TG_10,silt loam,0.09091481198021716,1.6903863331268265,0.12171482142174521,0.5352522491840087,23.34233423342334,70.04700470047005,6.61066106610661,3.86710356,40.0,36.726389,104.670833,Tong_YellowRiver,,,,1.327903448,0.0038501080609385212,11,0.13150125893571848,0.5386410372442397,0.06557465602203477,1.4040252962692898,0.6135527328022881,0.0032213953348421815,undisturbed,Tong et al. (2024): undisturbed cores for Ks and bulk density; retention taken to be on the same cores
TG_10_5,TG_10,silt loam,0.10152663682468463,1.69421699800168,0.2784785114020718,0.693511470921052,23.24,70.4,6.36,4.82226966,100.0,36.726389,104.670833,Tong_YellowRiver,,,,1.176072655,0.0021214427924775856,11,0.2837277544511924,0.6953125558533986,0.0862442261472043,1.5278824076291961,0.5082691411292836,0.0017616814783741536,undisturbed,Tong et al. (2024): undisturbed cores for Ks and bulk density; retention taken to be on the same cores
TG_10_10,TG_10,silt loam,0.21284976804676886,1.3802837259674448,0.09360599023757919,0.5434256306694454,9.36906309369063,76.41235876412358,14.21857814218578,2.45789208,200.0,36.726389,104.670833,Tong_YellowRiver,,,,1.276053116,0.0009978740127319088,11,0.10270747919635234,0.5448080097627445,0.18589283163566933,1.2735586762721491,0.3264238244362891,0.0005821656791818248,undisturbed,Tong et al. (2024): undisturbed cores for Ks and bulk density; retention taken to be on the same cores
TG_10_15,TG_10,silt loam,0.14158615400486402,1.588101406315476,0.10598281527025025,0.5086904016146504,11.19,78.8,10.01,7.0805436,300.0,36.726389,104.670833,Tong_YellowRiver,,,,1.17304999,0.0058866793962055125,11,0.12468684326493445,0.5168107562659473,0.06526563078774718,1.1081097577927554,0.8446171901301602,0.004164350172352298,undisturbed,Tong et al. (2024): undisturbed cores for Ks and bulk density; retention taken to be on the same cores
TG_10_20,TG_10,silt loam,0.1196451115942465,1.5283651115720378,0.10091019518504646,0.5105140289163812,13.03,73.87,13.1,1.35542286,400.0,36.726389,104.670833,Tong_YellowRiver,,,,1.309767457,0.0033700513896942675,11,0.11654880289342812,0.5145565598810583,0.0794910509928844,1.2343740708034934,0.557020353513351,0.0025146399829830274,undisturbed,Tong et al. (2024): undisturbed cores for Ks and bulk density; retention taken to be on the same cores
TG_10_25,TG_10,silt loam,0.09806509594583163,1.7621121233760872,0.1242989575069623,0.5276817470020942,13.84138413841384,76.97769776977697,9.18091809180918,1.9083264599999998,500.0,36.726389,104.670833,Tong_YellowRiver,,,,1.342784261,0.004274230012644948,11,0.13255916299974232,0.5314707858315176,0.06932824386395475,1.438380422559125,0.670067742189561,0.003577475142378801,undisturbed,Tong et al. (2024): undisturbed cores for Ks and bulk density; retention taken to be on the same cores
TG_11_0,TG_11,silt loam,0.5620313353841379,1.3867139644239936,8.391904916664489e-22,0.5451846455130996,25.362536253625365,68.6068606860686,6.0306030603060305,6.89767956,5.0,36.041944,104.971944,Tong_YellowRiver,,,,1.278843268,0.015121235000049933,11,0.005807846101396558,0.5524777755834437,0.35629989038474735,1.01,0.45314797402808726,0.010846807320349176,undisturbed,Tong et al. (2024): undisturbed cores for Ks and bulk density; retention taken to be on the same cores
TG_11_1,TG_11,silt loam,0.225987417426895,1.624134455982074,0.1443110280633944,0.5917425574742284,22.54225422542254,72.52725272527252,4.93049304930493,9.31858248,20.0,36.041944,104.971944,Tong_YellowRiver,,,,1.109806535,0.0033270436879076076,11,0.13459928142773273,0.5881642904292393,0.2850931967102792,2.0166446505607363,0.26444604187290827,0.0022063549383931043,undisturbed,Tong et al. (2024): undisturbed cores for Ks and bulk density; retention taken to be on the same cores
TG_11_2,TG_11,silt loam,0.18317312848023465,1.72167626681363,0.15118378987435505,0.6120859360785568,16.48164816481648,76.2976297629763,7.22072207220722,4.1963757600000005,40.0,36.041944,104.971944,Tong_YellowRiver,,,,1.196533772,0.002299385676513817,11,0.14638099175825356,0.6098944500983104,0.21051004451208466,1.94146578421825,0.33781314103470866,0.001709871905868049,undisturbed,Tong et al. (2024): undisturbed cores for Ks and bulk density; retention taken to be on the same cores
TG_11_5,TG_11,silt,0.12948194243390065,1.7009420701436895,0.14478740306976598,0.5793608473874953,10.53,80.69,8.78,3.85172556,100.0,36.041944,104.971944,Tong_YellowRiver,,,,1.233270779,0.0002581012209829757,11,0.14418709669937002,0.5791381545748719,0.1317290336697316,1.7227609753071518,0.4020546194527632,0.00020744620778017462,undisturbed,Tong et al. (2024): undisturbed cores for Ks and bulk density; retention taken to be on the same cores
TG_11_10,TG_11,silt loam,0.14134126454460552,1.5996713338433954,0.1322526353935784,0.5961840539424751,9.95,79.16,10.89,2.89939644,200.0,36.041944,104.971944,Tong_YellowRiver,,,,1.240920279,0.001764736121411934,11,0.12617666311855302,0.5945649358312456,0.15965601806664123,1.7570964351307232,0.3135112237960303,0.0013603758525757713,undisturbed,Tong et al. (2024): undisturbed cores for Ks and bulk density; retention taken to be on the same cores
TG_11_15,TG_11,silt loam,0.10510738343338566,1.9084938205733275,0.13166482324913584,0.5946051014493666,13.601360136013602,77.20772077207721,9.19091909190919,5.5613931,300.0,36.041944,104.971944,Tong_YellowRiver,,,,1.290468903,0.0008332500002384907,11,0.13063845549393654,0.5941178396653556,0.1090306515317565,1.9646482916918493,0.4499770755923511,0.0007309378908678201,undisturbed,Tong et al. (2024): undisturbed cores for Ks and bulk density; retention taken to be on the same cores
TG_11_20,TG_11,silt,0.09810506172408517,1.8008892374615844,0.12849974951791138,0.5763265106610589,5.81,83.33,10.86,2.3922867,400.0,36.041944,104.971944,Tong_YellowRiver,,,,1.321625605,0.00095677474236754,11,0.1268545761050999,0.575743434554657,0.10296710068538496,1.867957208340648,0.41384497658048536,0.0008334106350333597,undisturbed,Tong et al. (2024): undisturbed cores for Ks and bulk density; retention taken to be on the same cores
TG_11_25,TG_11,silt loam,0.08928102977354985,1.8578997379029547,0.1309714485099824,0.545629964912175,15.316936612677463,75.53489302139572,9.148170365926815,2.81625534,500.0,36.041944,104.971944,Tong_YellowRiver,,,,1.400679923,0.0008510478683338053,11,0.12973534198172312,0.5451790105257017,0.09310080161723557,1.9178433313333505,0.4335212453403445,0.0007583983756506627,undisturbed,Tong et al. (2024): undisturbed cores for Ks and bulk density; retention taken to be on the same cores
TG_12_0,TG_12,silt loam,0.33023596140152806,1.3304150830559234,0.13731719840844064,0.5692843308425245,35.81999999999999,57.169999999999995,7.009999999999999,9.383224740000001,5.0,34.760833,104.8,Tong_YellowRiver,,,,1.213251268,0.0021444046427174955,11,0.15944314897463283,0.5721952342674216,0.22710378465605885,1.095443727960617,0.37844846029542234,0.0010003457844345205,undisturbed,Tong et al. (2024): undisturbed cores for Ks and bulk density; retention taken to be on the same cores
TG_12_1,TG_12,silt loam,0.17117300770140212,1.6285845787402757,0.1719578270510979,0.6247950955854629,24.427557244275576,69.60303969603041,5.969403059694031,8.390663159999999,20.0,34.760833,104.8,Tong_YellowRiver,,,,1.248128173,0.0014384824347158328,11,0.16771837851709276,0.6233275540450446,0.18962876401316464,1.7668055483653338,0.3319100441833125,0.0010522491888892362,undisturbed,Tong et al. (2024): undisturbed cores for Ks and bulk density; retention taken to be on the same cores
TG_12_2,TG_12,silt loam,0.1428908820059609,1.662727351332848,0.15795134604374,0.606101198015166,15.58,77.06,7.36,4.55541594,40.0,34.760833,104.8,Tong_YellowRiver,,,,1.173259084,0.003419494565380366,11,0.16667000919889702,0.6100485426308617,0.10643030418240017,1.3905749554394342,0.5760732912168872,0.002558908809796495,undisturbed,Tong et al. (2024): undisturbed cores for Ks and bulk density; retention taken to be on the same cores
TG_12_5,TG_12,silt loam,0.11966018949502506,1.6719867664534027,0.1791286788384026,0.6074351002621754,17.676464707058585,76.35472905418915,5.968806238752249,4.5012174,100.0,34.760833,104.8,Tong_YellowRiver,,,,1.13419695,0.00117163930761295,11,0.18219498363507206,0.6085092720019928,0.10952309378855772,1.5752897560594263,0.4531029143166027,0.00094023658733934,undisturbed,Tong et al. (2024): undisturbed cores for Ks and bulk density; retention taken to be on the same cores
TG_12_10,TG_12,silt loam,0.15657421617215078,1.4243270466244156,0.16792196131094603,0.6880964367539593,13.679999999999998,78.83999999999999,7.479999999999999,10.87372824,200.0,34.760833,104.8,Tong_YellowRiver,,,,1.110015629,0.0022968701730090068,11,0.14879681869601014,0.6855966149001044,0.19111898309747546,1.6512198442405488,0.22204389536043642,0.0016043910617533578,undisturbed,Tong et al. (2024): undisturbed cores for Ks and bulk density; retention taken to be on the same cores
TG_12_15,TG_12,silt loam,0.2951265388814597,1.2927336982597493,0.14643025178452898,0.6752792590707111,14.517096580683862,76.91461707658469,8.568286342731453,8.350456079999999,300.0,34.760833,104.8,Tong_YellowRiver,,,,1.067465805,0.004748555198254463,11,0.05626316755572544,0.6693592910588991,0.48555150250970125,2.1914454673222132,0.08802279208846757,0.0022536590101968363,undisturbed,Tong et al. (2024): undisturbed cores for Ks and bulk density; retention taken to be on the same cores
TG_12_20,TG_12,silt loam,0.2908971768903354,1.2792437041041915,0.1630465014808899,0.6470906147869304,12.81128112811281,77.14771477147714,10.041004100410039,3.50370516,400.0,34.760833,104.8,Tong_YellowRiver,,,,1.165818677,0.004306039695307832,11,0.06948963912957731,0.6417202957172167,0.4856257251697602,2.2038374139941226,0.08128205422377367,0.002045905473192493,undisturbed,Tong et al. (2024): undisturbed cores for Ks and bulk density; retention taken to be on the same cores
TG_12_25,TG_12,silt loam,0.2879596397788981,1.2694111672916513,0.08685170454383057,0.5538502085888865,15.071507150715073,75.43754375437545,9.49094909490949,1.7914765199999998,500.0,34.760833,104.8,Tong_YellowRiver,,,,1.420420084,0.004031787156023186,11,1.0717349062931052e-15,0.5489203096277511,0.46997508512608394,2.1145158393863523,0.0834928919615514,0.001929814886977314,undisturbed,Tong et al. (2024): undisturbed cores for Ks and bulk density; retention taken to be on the same cores
TG_13_0,TG_13,sandy loam,0.30243541770300536,1.270020884568475,0.1239696992891016,0.5085721425796823,46.3946394639464,48.154815481548155,5.450545054505451,2.26696074,5.0,37.499167,105.764722,Tong_YellowRiver,,,,1.368104726,0.00322729663045343,11,0.04892573594045061,0.5044818731763206,0.5006646519486808,2.1545064919532875,0.08080786241204795,0.001474628164120566,undisturbed,Tong et al. (2024): undisturbed cores for Ks and bulk density; retention taken to be on the same cores
TG_13_1,TG_13,silt loam,0.1407772502943719,1.1241560079733472,1.8016807231745842e-09,0.46730632523768606,37.27627237276272,56.13438656134386,6.58934106589341,0.49857084,20.0,37.499167,105.764722,Tong_YellowRiver,,,,1.639214534,0.0005822117659231421,11,0.04654450095164774,0.46838289638383435,0.11546535180524764,1.0100000000006113,0.14907188199960444,0.00029374904323968174,undisturbed,Tong et al. (2024): undisturbed cores for Ks and bulk density; retention taken to be on the same cores
TG_13_2,TG_13,silt loam,0.02446563225658759,1.1303541529744465,5.715323935099219e-06,0.4147896246954486,34.0965903409659,57.37426257374262,8.52914708529147,5.92086846,40.0,37.499167,105.764722,Tong_YellowRiver,,,,1.777327078,0.0004092730618159596,11,0.0910760736144651,0.41523280917115,0.018331733232015163,1.0363797265058434,0.1894410941359481,0.0003262254136833251,undisturbed,Tong et al. (2024): undisturbed cores for Ks and bulk density; retention taken to be on the same cores
TG_13_5,TG_13,silt loam,0.03325946301952909,1.1872117780687925,1.6777874493229389e-09,0.39546675833965605,24.29242924292429,64.98649864986498,10.72107210721072,1.3871043600000001,100.0,37.499167,105.764722,Tong_YellowRiver,,,,1.676184054,0.001160775014241472,11,0.07798824379239723,0.39672254480452407,0.020609209155849927,1.0100030693753264,0.2976748138822363,0.0009041866121390956,undisturbed,Tong et al. (2024): undisturbed cores for Ks and bulk density; retention taken to be on the same cores
TG_13_15,TG_13,silt loam,0.010152596583877552,1.2447189669446717,1.5385712521242151e-06,0.38849703597333096,24.192419241924192,65.16651665166518,10.641064106410642,2.8040171999999997,300.0,37.499167,105.764722,Tong_YellowRiver,,,,1.649677606,0.0004023950125757548,11,0.04668189132752914,0.38872529365564956,0.008464444973235457,1.186344203409133,0.265042662350386,0.00036285439871691286,undisturbed,Tong et al. (2024): undisturbed cores for Ks and bulk density; retention taken to be on the same cores
TG_14_0,TG_14,sandy loam,0.3668208300778419,1.2610464781858788,0.15955490739596034,0.5155015099398654,46.48464846484649,47.54475447544755,5.9705970597059705,1.73764974,5.0,37.0225,105.846944,Tong_YellowRiver,,,,1.382753026,0.004273345922425522,11,0.04764189674438543,0.509975295703672,0.7094917877781898,3.8389945535326904,0.036536017320334395,0.0014768749444853204,undisturbed,Tong et al. (2024): undisturbed cores for Ks and bulk density; retention taken to be on the same cores
TG_14_1,TG_14,silt loam,0.07813818358296026,1.0964580062101954,4.326510781829138e-06,0.45185216929619537,42.14,50.55,7.31,0.7934568599999999,20.0,37.0225,105.846944,Tong_YellowRiver,,,,1.728499411,0.0003195753846664623,11,0.06682567097524246,0.4523945809595257,0.06490808383177957,1.0107616442861316,0.122377132082391,0.00019550996667052378,undisturbed,Tong et al. (2024): undisturbed cores for Ks and bulk density; retention taken to be on the same cores
TG_14_2,TG_14,silt loam,0.4016659098803148,1.3101171230982813,0.16712825794920816,0.4871459009712127,28.752875287528756,61.50615061506151,9.740974097409742,4.1100507,40.0,37.0225,105.846944,Tong_YellowRiver,,,,1.637586946,0.004652070668058261,11,0.09317334797676385,0.4806852592167554,0.772949775496106,6.047161170432279,0.029262923460031735,0.0012908315456343312,undisturbed,Tong et al. (2024): undisturbed cores for Ks and bulk density; retention taken to be on the same cores
TG_14_5,TG_14,silt loam,0.40860627066490063,1.154039434435485,0.16620257881967293,0.5332577846317494,30.163967206558688,61.44771045790842,8.388322335532894,1.25081976,100.0,37.0225,105.846944,Tong_YellowRiver,,,,1.54062915,0.00305548094699242,11,4.471882973015699e-20,0.5296912666635653,0.7164199877428278,2.6160124045455833,0.031044615000010843,0.001193629550016356,undisturbed,Tong et al. (2024): undisturbed cores for Ks and bulk density; retention taken to be on the same cores
TG_14_10,TG_14,silt loam,0.1228820949759284,1.1099061553417142,2.189795733462326e-07,0.41571238122952325,29.437056294370567,61.9038096190381,8.659134086591342,47.19485922,200.0,37.0225,105.846944,Tong_YellowRiver,,,,1.58457405,0.0001002042632758287,11,0.012735261869814258,0.4158925345400822,0.11770522713226363,1.0834051512168275,0.10674663466543709,5.411116371023678e-05,undisturbed,Tong et al. (2024): undisturbed cores for Ks and bulk density; retention taken to be on the same cores
TG_14_15,TG_14,silt loam,0.05175027717753484,1.7431119409157505,0.11955570141893743,0.4407903374454234,14.290000000000003,77.13000000000001,8.580000000000002,5.19345756,300.0,37.0225,105.846944,Tong_YellowRiver,,,,1.595967172,0.001114753817732385,11,0.12227452556837994,0.441293876719159,0.04760119459864089,1.6573111702422942,0.4782224568408578,0.0010234276768759116,undisturbed,Tong et al. (2024): undisturbed cores for Ks and bulk density; retention taken to be on the same cores
TG_14_25,TG_14,silt loam,0.007887641849459528,1.1552234487857627,4.247027518371637e-06,0.3693180178358911,26.45,64.82,8.73,4.15852692,500.0,37.0225,105.846944,Tong_YellowRiver,,,,1.748262991,0.0007516399967531961,11,0.17033680810296947,0.3697553129042236,0.003559906964035666,1.0100000001859641,0.48960640657042703,0.0006633062660456389,undisturbed,Tong et al. (2024): undisturbed cores for Ks and bulk density; retention taken to be on the same cores
TG_15_0,TG_15,silt loam,0.5511182060278823,1.3213418059988822,0.1627341819360219,0.5697677586173849,22.62226222622262,69.12691269126913,8.25082508250825,10.5335565,5.0,36.046111,106.216667,Tong_YellowRiver,,,,1.295328251,0.007647251037511629,11,0.09185431694156904,0.5606988905383208,1.0167051493674903,9.90507122406895,0.020000000000000014,0.0002914959349543333,undisturbed,Tong et al. (2024): undisturbed cores for Ks and bulk density; retention taken to be on the same cores
TG_15_1,TG_15,silt loam,0.5387924977164007,1.384718985704361,0.1698683832113234,0.6098359711165348,36.09278144371125,57.728454309138165,6.1787642471505695,18.74823072,20.0,36.046111,106.216667,Tong_YellowRiver,,,,1.225574441,0.010309190871134523,11,0.11383352286513165,0.5986993919260579,0.9801227328751674,10.999999999992216,0.022450159031680097,0.0010236691924242734,undisturbed,Tong et al. (2024): undisturbed cores for Ks and bulk density; retention taken to be on the same cores
TG_15_2,TG_15,silt loam,0.4363127678226454,1.2586586004805582,0.14945925650343836,0.5433978814438437,25.05,65.47,9.48,6.12168744,40.0,36.046111,106.216667,Tong_YellowRiver,,,,1.344388431,0.005225309105071637,11,0.029782410198026105,0.5361887239198732,0.8393490287869049,5.767152216734641,0.02433437840472571,0.001070663314314091,undisturbed,Tong et al. (2024): undisturbed cores for Ks and bulk density; retention taken to be on the same cores
TG_15_5,TG_15,silt loam,0.21606707110588022,1.425060718880402,0.17738046807236488,0.5804533391200026,28.93,65.89,5.18,6.3540372000000005,100.0,36.046111,106.216667,Tong_YellowRiver,,,,1.2211567,0.00162803071644942,11,0.1651518930242962,0.5784360951044195,0.26062970080472225,1.6502532364835667,0.2261084643960741,0.0009912533706778264,undisturbed,Tong et al. (2024): undisturbed cores for Ks and bulk density; retention taken to be on the same cores
TG_15_10,TG_15,silt loam,0.15949878766976253,1.644565647996683,0.1711208528665987,0.6042151749081432,18.096380723855233,76.45470905818837,5.448910217956409,7.01406906,200.0,36.046111,106.216667,Tong_YellowRiver,,,,1.226271979,0.0002624599229591827,11,0.1703922709466655,0.6039447893688838,0.1627153631252059,1.6692362455791756,0.3809962936665256,0.0001955152304806659,undisturbed,Tong et al. (2024): undisturbed cores for Ks and bulk density; retention taken to be on the same cores
TG_15_15,TG_15,silt loam,0.11164069983258712,1.7504344339324138,0.15252088443976713,0.5775392450685435,18.7018701870187,75.7975797579758,5.5005500550055,30.783457739999996,300.0,36.046111,106.216667,Tong_YellowRiver,,,,1.31416178,0.003312151424370496,11,0.15906722361927655,0.5805846221196844,0.08696724402152758,1.4972695339647528,0.5933505269783558,0.002713619503760428,undisturbed,Tong et al. (2024): undisturbed cores for Ks and bulk density; retention taken to be on the same cores
TG_15_20,TG_15,silt loam,0.10117421263181031,1.859860816598533,0.16436660062083044,0.5907335554750114,19.67,76.11,4.22,3.76836114,400.0,36.046111,106.216667,Tong_YellowRiver,,,,1.294165688,0.00012083908534690173,11,0.16453893513407042,0.5908091074084288,0.10053763304539613,1.8510879136974903,0.46666540251156147,0.00010534487646459516,undisturbed,Tong et al. (2024): undisturbed cores for Ks and bulk density; retention taken to be on the same cores
TG_15_25,TG_15,silt loam,0.08943812341402624,1.893246792794942,0.14919791411578295,0.5670342975641355,18.918108189181083,75.82241775822418,5.25947405259474,4.36682022,500.0,36.046111,106.216667,Tong_YellowRiver,,,,1.278122311,0.0014312000610730176,11,0.1510723575172063,0.5678698728334212,0.08299373099456701,1.7952500947458536,0.5258131593200307,0.001270586630201126,undisturbed,Tong et al. (2024): undisturbed cores for Ks and bulk density; retention taken to be on the same cores
TG_16_0,TG_16,silt loam,0.05667881851977743,1.829606584503632,0.15843167894652738,0.5216221667016736,32.316768323167686,59.364063593640644,8.319168083191682,2.73608544,5.0,34.587222,105.887222,Tong_YellowRiver,,,,1.330205156,0.0038333873504673563,11,0.15189438451169388,0.5204162996352367,0.06726095407021977,2.0832106720972634,0.34662216155386427,0.003580214048591082,undisturbed,Tong et al. (2024): undisturbed cores for Ks and bulk density; retention taken to be on the same cores
TG_16_1,TG_16,silt loam,0.2560773692294758,1.3321274644749133,0.11623319901581286,0.5272125674659687,30.266973302669733,63.583641635836415,6.149385061493851,9.82599768,20.0,34.587222,105.887222,Tong_YellowRiver,,,,1.391355996,0.003479778144748264,11,0.06707792440350811,0.5229716941036833,0.39446037046625154,2.023222993970167,0.1166423702549657,0.0018721829946510198,undisturbed,Tong et al. (2024): undisturbed cores for Ks and bulk density; retention taken to be on the same cores
TG_16_2,TG_16,silt loam,0.2772002122349063,1.4549320536217807,0.1136415487894254,0.576860845207991,40.13,55.34,4.53,13.284601019999998,40.0,34.587222,105.887222,Tong_YellowRiver,,,,1.085601796,0.004709365118837353,11,0.0845786057397792,0.5713824362453852,0.4094978946308296,2.1867415954391065,0.15814465492350935,0.00260338337050093,undisturbed,Tong et al. (2024): undisturbed cores for Ks and bulk density; retention taken to be on the same cores
TG_16_5,TG_16,silt loam,0.17000057383856357,1.5436074007054779,0.07187179993041763,0.5356032555521713,22.44,72.18,5.38,6.07978824,100.0,34.587222,105.887222,Tong_YellowRiver,,,,1.086764359,0.0008690089763043513,11,0.07545812316443022,0.536650310201016,0.15719367569937,1.4650247647900954,0.3905244977910218,0.0006014760907153207,undisturbed,Tong et al. (2024): undisturbed cores for Ks and bulk density; retention taken to be on the same cores
TG_16_10,TG_16,silt loam,0.18028788491118064,1.543380899754783,0.11440738767144007,0.5639010060060888,18.00819918008199,74.24257574242576,7.74922507749225,4.50347316,200.0,34.587222,105.887222,Tong_YellowRiver,,,,1.120943726,0.00023481289072759405,11,0.11343478822584396,0.5636251093134405,0.18406356299835316,1.566591987919931,0.3421290752494483,0.00016079214584235202,undisturbed,Tong et al. (2024): undisturbed cores for Ks and bulk density; retention taken to be on the same cores
TG_16_15,TG_16,silt loam,0.30877056650958684,1.3190299276648614,0.06799602687987849,0.584063840859642,25.48254825482548,66.98669866986698,7.53075307530753,5.76743214,300.0,34.587222,105.887222,Tong_YellowRiver,,,,1.156983195,0.0035906568710233075,11,0.016420468951994237,0.5794475854134734,0.4534345344573215,1.893043982318299,0.1258267343799391,0.0016755977649251293,undisturbed,Tong et al. (2024): undisturbed cores for Ks and bulk density; retention taken to be on the same cores
TG_16_20,TG_16,silt loam,0.23532367952550226,1.3792509699845898,0.0976086787898088,0.5914235929066154,25.4025402540254,68.12681268126812,6.47064706470647,3.85050804,400.0,34.587222,105.887222,Tong_YellowRiver,,,,1.13931223,0.0027418374298899405,11,0.12050925163957937,0.5953593278723578,0.16242842082818995,1.1357467177923268,0.4200325520210989,0.0015175414185908962,undisturbed,Tong et al. (2024): undisturbed cores for Ks and bulk density; retention taken to be on the same cores
TG_16_25,TG_16,silt loam,0.16139942516661654,1.3970297175235304,0.08820038933475745,0.5170177169606532,32.55651130226045,61.23224644928987,6.2112422484496905,1.2451750799999999,500.0,34.587222,105.887222,Tong_YellowRiver,,,,1.226271979,0.0030526227192637467,11,0.11367307530582389,0.5213403515081197,0.09978899196920953,1.1076847399567185,0.4862782561333148,0.0019619642457285175,undisturbed,Tong et al. (2024): undisturbed cores for Ks and bulk density; retention taken to be on the same cores
TG_17_0,TG_17,silt loam,0.39153528681272304,1.207506502619873,0.05953317228049658,0.43818046072726213,41.8941894189419,51.83518351835184,6.270627062706271,22.39451394,5.0,40.716683,107.297095,Tong_YellowRiver,,,,1.552487297,0.0002354801943714362,11,0.05180035306260603,0.4378768973991448,0.416798235009713,1.2559091098232988,0.1573472831467719,9.17779450372141e-05,undisturbed,Tong et al. (2024): undisturbed cores for Ks and bulk density; retention taken to be on the same cores
TG_17_1,TG_17,silt loam,0.1001021110434334,1.09990232365283,6.457763365360096e-10,0.5243458183801126,35.64,55.81,8.55,5.05707918,20.0,40.716683,107.297095,Tong_YellowRiver,,,,1.449716684,0.0010655738605371092,11,0.013650243004592642,0.5252919789353753,0.09042119674427539,1.01,0.10523470947492024,0.0007757863164544418,undisturbed,Tong et al. (2024): undisturbed cores for Ks and bulk density; retention taken to be on the same cores
TG_17_2,TG_17,silt loam,0.06785167152619914,1.1505556743009169,1.077004961743964e-09,0.49872599180001886,24.65,63.81,11.54,7.37444532,40.0,40.716683,107.297095,Tong_YellowRiver,,,,1.4976143,0.0013838804829101165,11,0.056383113617721387,0.5002043949366521,0.051946480800021205,1.0100000000000777,0.18993617528245596,0.0009763794859440413,undisturbed,Tong et al. (2024): undisturbed cores for Ks and bulk density; retention taken to be on the same cores
TG_17_5,TG_17,silt loam,0.04910846608017135,1.1338596063289097,1.5879239303608266e-08,0.4897190963386593,16.97,69.51,13.52,2.7315386999999998,100.0,40.716683,107.297095,Tong_YellowRiver,,,,1.554812424,0.0017483848971445231,11,0.03648797665086222,0.4909083174408909,0.040039227001733076,1.01,0.15585944345515715,0.001416926771947353,undisturbed,Tong et al. (2024): undisturbed cores for Ks and bulk density; retention taken to be on the same cores
TG_18_0,TG_18,loam,0.09958896445147912,1.1522975576019052,3.169816912331444e-07,0.41902059187031754,45.60000000000001,46.660000000000004,7.740000000000001,4.09208976,5.0,38.356111,106.273889,Tong_YellowRiver,,,,1.533188743,0.00034597775321777404,11,0.023806356735894298,0.41960326416779464,0.08860190504448795,1.0832737006021573,0.1574821490289975,0.00020786068487263197,undisturbed,Tong et al. (2024): undisturbed cores for Ks and bulk density; retention taken to be on the same cores
TG_18_1,TG_18,silt loam,0.018910327049768465,1.1470636849472189,3.673427187407968e-10,0.36102459200898596,28.75,60.39,10.86,5.34851046,20.0,38.356111,106.273889,Tong_YellowRiver,,,,1.671998825,0.0016249681534513455,11,0.055519501390957786,0.3617391674718184,0.013579594100587641,1.01,0.20205667496193258,0.0014405375240666314,undisturbed,Tong et al. (2024): undisturbed cores for Ks and bulk density; retention taken to be on the same cores
TG_18_2,TG_18,silt loam,0.010321777892722487,1.1607522028853432,6.533057158265371e-09,0.36904337029626333,26.32,62.64,11.04,10.541251860000001,40.0,38.356111,106.273889,Tong_YellowRiver,,,,1.682461897,0.001477754679923723,11,0.11752941295260268,0.36964294947159065,0.005820402947947643,1.01,0.3287003208343563,0.0013306807416764248,undisturbed,Tong et al. (2024): undisturbed cores for Ks and bulk density; retention taken to be on the same cores
TG_18_5,TG_18,silt loam,0.022488423882665417,1.1411751332975117,4.2522774986572987e-10,0.36889913987249184,20.11,65.36,14.53,5.6077524,100.0,38.356111,106.273889,Tong_YellowRiver,,,,1.661070728,0.0018887669107285198,11,0.020693137877674083,0.3696907586445306,0.01774230230683149,1.01,0.16284129851774434,0.0016836419703701812,undisturbed,Tong et al. (2024): undisturbed cores for Ks and bulk density; retention taken to be on the same cores
TG_18_10,TG_18,silt loam,0.020884335169957222,1.1432609979145063,5.073007670219972e-06,0.38397825357629634,20.36203620362036,63.09630963096309,16.54165416541654,2.1528313199999998,200.0,38.356111,106.273889,Tong_YellowRiver,,,,1.621543569,0.0006086335754808625,11,0.1091163095499515,0.38458792176879353,0.01325178439585552,1.0100000000604474,0.25697334993494453,0.0004945860210503036,undisturbed,Tong et al. (2024): undisturbed cores for Ks and bulk density; retention taken to be on the same cores
TG_18_15,TG_18,silt loam,0.09246959349659577,1.5492260382502003,0.06391771962340947,0.4400024928368806,33.55335533553355,58.77587758775878,7.670767076707671,2.3078447399999997,300.0,38.356111,106.273889,Tong_YellowRiver,,,,1.596199685,0.0006726405682884239,11,0.060692970951906865,0.4394832131493607,0.09840092142243337,1.6140028879336454,0.3251329425976299,0.0005584508632008061,undisturbed,Tong et al. (2024): undisturbed cores for Ks and bulk density; retention taken to be on the same cores
TG_18_20,TG_18,silt loam,0.0515335759417646,1.6406055314850203,0.09892304318100328,0.4019383891589801,13.311331133113312,67.74677467746774,18.941894189418946,3.7549332599999996,400.0,38.356111,106.273889,Tong_YellowRiver,,,,1.713618598,0.001329695585998724,11,0.09395201830319978,0.4013765996307185,0.057504278543816074,1.7588544525767629,0.3333967456391742,0.0012165203582763875,undisturbed,Tong et al. (2024): undisturbed cores for Ks and bulk density; retention taken to be on the same cores
TG_18_25,TG_18,sandy loam,0.2422479000001636,1.8553400643621512,0.038397745622930905,0.40597668325269026,70.78999999999999,24.339999999999996,4.869999999999999,9.27570666,500.0,38.356111,106.273889,Tong_YellowRiver,,,,1.584806563,0.002651078873180748,11,0.03472386438991736,0.4033386064119691,0.29064927620147696,2.220181036673061,0.3389636876403448,0.0018498923519884502,undisturbed,Tong et al. (2024): undisturbed cores for Ks and bulk density; retention taken to be on the same cores
TG_19_0,TG_19,sand,0.5592312290369088,1.5327339156693136,0.08975180603449749,0.4855587199238872,86.57000000000001,11.490000000000002,1.9400000000000002,16.66444356,5.0,38.458056,107.229444,Tong_YellowRiver,,,,1.303698708,0.008259823494914425,11,0.06425609452599294,0.4759815732400122,0.967332507562474,6.129569549068518,0.0601271470466206,0.0007110446220320319,undisturbed,Tong et al. (2024): undisturbed cores for Ks and bulk density; retention taken to be on the same cores
TG_19_1,TG_19,loam,0.04700708493910921,1.3876989530526074,6.712496940990805e-12,0.45491894455123705,38.1,45.48,16.42,1.6277371200000001,20.0,38.458056,107.229444,Tong_YellowRiver,,,,1.422047673,0.0035294447223581486,11,0.038202165523346494,0.45883831223694665,0.026760414123677332,1.0893177775042795,0.5224783805330473,0.0028352617340260252,undisturbed,Tong et al. (2024): undisturbed cores for Ks and bulk density; retention taken to be on the same cores
TG_19_2,TG_19,sandy loam,0.2965643149867686,1.2128684894237347,0.045972560898094886,0.441995457832069,65.15348465153484,29.33706629337066,5.50944905509449,1.2207328800000001,40.0,38.458056,107.229444,Tong_YellowRiver,,,,1.528538489,0.00238457866595565,11,4.147740579894772e-15,0.4393726050427568,0.4059004951199432,1.6281356589865825,0.10119034646023913,0.0013581337716471042,undisturbed,Tong et al. (2024): undisturbed cores for Ks and bulk density; retention taken to be on the same cores
TG_19_5,TG_19,sandy loam,0.2345443564160466,1.2908767517470854,0.15263330678176792,0.5280386261426523,63.353664633536646,33.10668933106689,3.5396460353964603,0.9367344,100.0,38.458056,107.229444,Tong_YellowRiver,,,,1.402981631,0.0021440676550237153,11,0.10983253984614187,0.5252975149073733,0.3346443586296885,1.7309893032247392,0.12539807243452478,0.0011695924412435852,undisturbed,Tong et al. (2024): undisturbed cores for Ks and bulk density; retention taken to be on the same cores
TG_20_0,TG_20,silt loam,0.1913921814449797,1.6191375934815633,0.10091894138224923,0.4408502513405769,37.886211378862114,53.694630536946306,8.419158084191581,5.3245503,5.0,37.772778,107.181111,Tong_YellowRiver,,,,1.493429072,0.00199972399561377,11,0.09484196539838355,0.4387990932201647,0.2303518900582911,1.9001906128210488,0.28714762484314943,0.001414655215484392,undisturbed,Tong et al. (2024): undisturbed cores for Ks and bulk density; retention taken to be on the same cores
TG_20_1,TG_20,sandy loam,0.2950426922846478,1.6149629234918228,0.09728509803138295,0.5302619303522521,45.34546545345465,49.0950904909509,5.55944405559444,21.07963548,20.0,37.772778,107.181111,Tong_YellowRiver,,,,1.262543961,0.004934138614282227,11,0.08282889235616056,0.5248704353386183,0.4172173820140782,2.3666038982537003,0.20561995405650108,0.0028573579121354458,undisturbed,Tong et al. (2024): undisturbed cores for Ks and bulk density; retention taken to be on the same cores
TG_20_2,TG_20,silt loam,0.14234760742220792,1.6562093184715714,0.11044842485965775,0.4944568206971418,38.987797559511904,54.940988197639534,6.07121424284857,12.70000404,40.0,37.772778,107.181111,Tong_YellowRiver,,,,1.400656504,0.0014140189333492368,11,0.10660097546561632,0.4932108519585813,0.15861760658931837,1.8033640709504588,0.3375121234005899,0.0011075610921097196,undisturbed,Tong et al. (2024): undisturbed cores for Ks and bulk density; retention taken to be on the same cores
TG_20_5,TG_20,silt loam,0.1280531805324245,1.7983565468580558,0.08369008404700884,0.5072802118249212,21.297870212978705,72.74272572742727,5.959404059594041,8.3405433,100.0,37.772778,107.181111,Tong_YellowRiver,,,,1.381590463,0.0031104523038771106,11,0.08884350980699543,0.5102568223842427,0.10217409374732245,1.5505351439653274,0.5998710419711009,0.0025051369051965204,undisturbed,Tong et al. (2024): undisturbed cores for Ks and bulk density; retention taken to be on the same cores
TG_20_10,TG_20,silt loam,0.08832908186412616,1.8281980046730972,0.09168056542535187,0.5360872915279348,23.11,70.92,5.97,3.2297196599999998,200.0,37.772778,107.181111,Tong_YellowRiver,,,,1.362524422,0.0033854348909436154,11,0.09708369879110361,0.53844028737295,0.07229737059089955,1.6077031193513394,0.5940477191586434,0.0029521528272309456,undisturbed,Tong et al. (2024): undisturbed cores for Ks and bulk density; retention taken to be on the same cores
TG_21_1,TG_21,silt loam,0.1766317891245869,1.6133499966283769,0.08031776438028486,0.46287268409911614,17.62,72.39,9.99,3.83830488,20.0,36.901389,107.065833,Tong_YellowRiver,,,,1.404144195,0.002029212225441087,11,0.07394323662775629,0.4608485309105555,0.2088928100557403,1.8564720806599726,0.2944941960135102,0.0014734401186364458,undisturbed,Tong et al. (2024): undisturbed cores for Ks and bulk density; retention taken to be on the same cores
TG_21_2,TG_21,silt loam,0.16580583198166238,1.6392768763700303,0.08319073699605328,0.4782421308495086,18.9,71.26,9.84,4.02231864,40.0,36.901389,107.065833,Tong_YellowRiver,,,,1.422280185,0.0016964547013211943,11,0.0783606962737111,0.4766017106613867,0.1891940120283386,1.825304357765844,0.31992906276329175,0.001265630280995949,undisturbed,Tong et al. (2024): undisturbed cores for Ks and bulk density; retention taken to be on the same cores
TG_21_5,TG_21,silt loam,0.1266827357364463,1.745987367321042,0.08214479346889253,0.5062161346302642,20.95209520952095,71.35713571357135,7.690769076907691,3.9904074599999997,100.0,36.901389,107.065833,Tong_YellowRiver,,,,1.329507618,0.00111112757343347,11,0.08434942900856743,0.5072001003481997,0.11735245969602975,1.6541119161564062,0.4753032064740486,0.0008989759739350431,undisturbed,Tong et al. (2024): undisturbed cores for Ks and bulk density; retention taken to be on the same cores
TG_21_10,TG_21,silt loam,0.13139297022719998,1.451693456436057,0.047462233740546894,0.44969343158529373,14.21857814218578,77.17228277172283,8.60913908609139,2.74833294,200.0,36.901389,107.065833,Tong_YellowRiver,,,,1.194882765,0.008343078275584465,11,0.08106823723435738,0.4571094549545999,0.05246306226905238,1.010000000000277,0.7898590067151638,0.006089316739649357,undisturbed,Tong et al. (2024): undisturbed cores for Ks and bulk density; retention taken to be on the same cores
TG_21_15,TG_21,silt,0.10907402579039512,1.6446330660022057,0.08077621232110994,0.49928954779331275,10.80891910808919,81.68183181681832,7.50924907509249,1.36790976,300.0,36.901389,107.065833,Tong_YellowRiver,,,,1.334622898,0.0034785662059766812,11,0.090890939393706,0.5028446530970409,0.07908707996926401,1.3680225438786864,0.5825482632642985,0.0027720769546495496,undisturbed,Tong et al. (2024): undisturbed cores for Ks and bulk density; retention taken to be on the same cores
TG_21_20,TG_21,silt loam,0.09907247907493677,1.7538232578967072,0.07717704488973033,0.48762103297681186,15.67,77.56,6.77,1.78207722,400.0,36.901389,107.065833,Tong_YellowRiver,,,,1.353223914,0.005120147501199093,11,0.08726208176382945,0.4924716590117636,0.06391753367237739,1.37378330387796,0.7348602012686635,0.004242334383560161,undisturbed,Tong et al. (2024): undisturbed cores for Ks and bulk density; retention taken to be on the same cores
TG_21_25,TG_21,silt loam,0.11257811640033032,1.612034849267286,0.06879880773356639,0.4693820767781164,12.17121712171217,78.86788678867886,8.960896089608962,4.2173228400000005,500.0,36.901389,107.065833,Tong_YellowRiver,,,,1.381590463,0.005714122360356368,11,0.08667435407497692,0.4764210700592498,0.055744966792608514,1.1564656714886916,0.819392572762798,0.0043612057676176855,undisturbed,Tong et al. (2024): undisturbed cores for Ks and bulk density; retention taken to be on the same cores
TG_22_0,TG_22,silt loam,0.2975144214470346,1.3223331464516381,0.11695931367671815,0.5590312637775504,29.31293129312931,63.61636163616361,7.07070707070707,4.00582338,5.0,35.501944,106.791111,Tong_YellowRiver,,,,1.249290737,0.0011364743350987029,11,0.13045694404265112,0.5606030606857366,0.24697991025850563,1.189153678619111,0.30559594910121,0.000551129338219461,undisturbed,Tong et al. (2024): undisturbed cores for Ks and bulk density; retention taken to be on the same cores
TG_22_1,TG_22,silt loam,0.17705584873435906,1.265414645569976,0.10112544364743006,0.5024846480139841,24.392439243924393,68.00680068006801,7.600760076007601,11.33302542,20.0,35.501944,106.791111,Tong_YellowRiver,,,,1.474130517,0.003924253287946159,11,0.14802523880195131,0.5054232152936027,0.10076591016781233,1.0100000001883815,0.3933013784294305,0.0027146683502619344,undisturbed,Tong et al. (2024): undisturbed cores for Ks and bulk density; retention taken to be on the same cores
TG_22_2,TG_22,silt loam,0.12028938967965683,1.5267448236312857,0.1715216887595558,0.5368362670157273,19.881988198819883,73.74737473747375,6.370637063706371,3.0281113200000003,40.0,35.501944,106.791111,Tong_YellowRiver,,,,1.466922624,0.0026854517635913453,11,0.1841639574168344,0.5400077334438623,0.08412102037133312,1.260436853454916,0.5271491783713596,0.0020074389167688525,undisturbed,Tong et al. (2024): undisturbed cores for Ks and bulk density; retention taken to be on the same cores
TG_22_5,TG_22,silt loam,0.0893866230101968,1.3753269234583865,0.15665895952161116,0.5087944747622842,19.6,71.34,9.06,5.73751026,100.0,35.501944,106.791111,Tong_YellowRiver,,,,1.566670572,0.0025785302246791163,11,0.18704857755006174,0.5118985520140975,0.051316999303678695,1.0897949100750288,0.5066635419001811,0.0019460206409125124,undisturbed,Tong et al. (2024): undisturbed cores for Ks and bulk density; retention taken to be on the same cores
TG_22_10,TG_22,silt loam,0.10714903559601631,1.325339383013461,0.15712505614440325,0.5339586429960796,25.16,67.3,7.54,1.32397392,200.0,35.501944,106.791111,Tong_YellowRiver,,,,1.525748337,0.0023659785929073807,11,0.1938534975674065,0.5370906236868904,0.06187968060222357,1.0547311107023636,0.45358119313331746,0.0016708421223099932,undisturbed,Tong et al. (2024): undisturbed cores for Ks and bulk density; retention taken to be on the same cores
TG_22_15,TG_22,silt loam,0.10985892886614132,1.2187147798361266,0.10506873712312627,0.5392322116140648,27.147285271472857,64.53354664533548,8.319168083191682,1.7874260400000002,300.0,35.501944,106.791111,Tong_YellowRiver,,,,1.4976143,0.0015691452789958627,11,0.16666910687618866,0.5413994889255754,0.06810734656546369,1.0132545715242673,0.3201115741211754,0.0010496567552294206,undisturbed,Tong et al. (2024): undisturbed cores for Ks and bulk density; retention taken to be on the same cores
TG_22_20,TG_22,silt loam,0.3697518150105651,1.140537722403837,0.04134181531280948,0.5399100656068826,24.114822964592918,67.62352470494099,8.261652330466093,2.3730387,400.0,35.501944,106.791111,Tong_YellowRiver,,,,1.486221178,0.0009019175449958792,11,5.112393084606438e-18,0.5389060819076273,0.4316385868795103,1.279124749399125,0.09476623410319848,0.0004734904941606675,undisturbed,Tong et al. (2024): undisturbed cores for Ks and bulk density; retention taken to be on the same cores
TG_22_25,TG_22,silt loam,0.055792076030998186,1.5908429804634876,0.23362681052117573,0.5256238694006906,15.521552155215522,73.33733373337334,11.141114111411142,2.1100975199999996,500.0,35.501944,106.791111,Tong_YellowRiver,,,,1.474130517,0.0001179777320109877,11,0.23416398731711646,0.5256880266298574,0.05508968104878779,1.579181777928917,0.3778490794385045,0.00010555720275106131,undisturbed,Tong et al. (2024): undisturbed cores for Ks and bulk density; retention taken to be on the same cores
TG_23_0,TG_23,silt loam,0.29774953507088453,1.1905821179220328,0.06501824169146268,0.4185741592704981,36.69,54.17,9.14,12.26743224,5.0,34.506389,107.397222,Tong_YellowRiver,,,,1.442973816,0.002434127242213335,11,4.148810888302653e-15,0.415919455714879,0.4382276197510913,1.7534491633636706,0.07653351352973187,0.00136142382678189,undisturbed,Tong et al. (2024): undisturbed cores for Ks and bulk density; retention taken to be on the same cores
TG_23_1,TG_23,silt loam,0.9880266062046283,1.1667842740964403,0.03939284075233323,0.4692490290326982,34.336867373474696,54.77095419083817,10.892178435687137,8.54127204,20.0,34.506389,107.397222,Tong_YellowRiver,,,,1.366012112,0.0012673602222182526,11,1.6010888084241702e-15,0.4683470366905769,1.2910626174381985,1.5307462218880372,0.0899072578681747,0.0003398021777010769,undisturbed,Tong et al. (2024): undisturbed cores for Ks and bulk density; retention taken to be on the same cores
TG_23_2,TG_23,silt loam,0.12440339403482219,1.1559250066093256,0.017216245166283336,0.3792919190274586,26.322632263226325,62.41624162416242,11.261126112611262,2.47215708,40.0,34.506389,107.397222,Tong_YellowRiver,,,,1.636191869,0.00044003042808747524,11,0.0005010579368689901,0.37889566525725826,0.13509694751468515,1.2163454878217308,0.11780174692469138,0.00033860325283310144,undisturbed,Tong et al. (2024): undisturbed cores for Ks and bulk density; retention taken to be on the same cores
TG_23_5,TG_23,silt loam,0.2200096714688693,1.1150196337083316,0.05428554023059988,0.3993597967176891,36.83,53.79,9.38,1.1296126199999998,100.0,34.506389,107.397222,Tong_YellowRiver,,,,1.548999607,0.0006742606867359112,11,1.0406108713137065e-09,0.3986307531378926,0.2652738825494969,1.2692629250754655,0.07179161321590367,0.0004339400210493907,undisturbed,Tong et al. (2024): undisturbed cores for Ks and bulk density; retention taken to be on the same cores
TG_23_10,TG_23,silt loam,0.06558896473524246,1.195298996537486,0.005564321847608069,0.408838928590419,35.790000000000006,55.470000000000006,8.740000000000002,0.50527998,200.0,34.506389,107.397222,Tong_YellowRiver,,,,1.60177999,0.00021674496619475368,11,0.0009940427374818357,0.4087084199933037,0.06726287490987437,1.212310339965594,0.15731753694806844,0.00019034882968919185,undisturbed,Tong et al. (2024): undisturbed cores for Ks and bulk density; retention taken to be on the same cores
TG_23_15,TG_23,silt loam,0.09490993360101456,1.1735888510097325,0.025191157093123785,0.4391871469376976,22.307769223077692,66.77332266773323,10.918908109189081,1.7502014399999999,300.0,34.506389,107.397222,Tong_YellowRiver,,,,1.54062915,0.0007681801874092252,11,1.3910498484876346e-06,0.4385973017628282,0.10608337085397136,1.2543644654953763,0.12349233386075123,0.0006252683516910729,undisturbed,Tong et al. (2024): undisturbed cores for Ks and bulk density; retention taken to be on the same cores
TG_23_20,TG_23,silt loam,0.05827632627582626,1.1646029476202744,2.4581721575842115e-07,0.4252067631651317,17.29,68.81,13.9,206.56788336,400.0,34.506389,107.397222,Tong_YellowRiver,,,,1.553417348,0.00036178342649108156,11,0.02927639600186919,0.4257111449948492,0.05115187002205633,1.0978929114447213,0.17192725464990924,0.00025582763001834856,undisturbed,Tong et al. (2024): undisturbed cores for Ks and bulk density; retention taken to be on the same cores
TG_23_25,TG_23,silt loam,0.1908092262963066,1.1461686666402722,0.05402811826989734,0.42546858030773854,22.547745225477453,65.17348265173483,12.278772122787721,5.00650152,500.0,34.506389,107.397222,Tong_YellowRiver,,,,1.522725672,0.0011324752195223911,11,7.237477966805005e-10,0.42430942249804204,0.23839852993815885,1.347995529139787,0.08520872116030714,0.0007692855149864251,undisturbed,Tong et al. (2024): undisturbed cores for Ks and bulk density; retention taken to be on the same cores
TG_24_0,TG_24,silt loam,0.19812708609946664,1.4139153549053396,0.0789529640681806,0.489250241943568,21.84,70.02,8.14,8.69690724,5.0,41.078333,108.397222,Tong_YellowRiver,,,,1.152797966,0.0026557289666997467,11,0.05654533168160911,0.4861984315947494,0.26409722211918363,1.7975788443048843,0.18666947823192054,0.0016974553988992535,undisturbed,Tong et al. (2024): undisturbed cores for Ks and bulk density; retention taken to be on the same cores
TG_24_1,TG_24,silt loam,0.37104641811781675,1.2500296220120952,0.07058179180827961,0.4713483140704998,22.27222722272227,69.53695369536955,8.190819081908192,10.096438019999999,20.0,41.078333,108.397222,Tong_YellowRiver,,,,1.523190697,0.004764696904842904,11,1.6463857152942983e-19,0.4660999318325696,0.6223583410934569,2.6227368166350136,0.06322992488043562,0.0021678778331046876,undisturbed,Tong et al. (2024): undisturbed cores for Ks and bulk density; retention taken to be on the same cores
TG_24_2,TG_24,silt loam,0.01976516546752455,1.1631273076479691,6.2199692948415335e-09,0.4501644820716482,16.96830316968303,70.8029197080292,12.22877712228777,39.80431548,40.0,41.078333,108.397222,Tong_YellowRiver,,,,1.528073464,0.0016766925000442601,11,0.10270180560809478,0.45114611325030846,0.012587683882439764,1.010000000031136,0.26726434212599676,0.0014342868691112828,undisturbed,Tong et al. (2024): undisturbed cores for Ks and bulk density; retention taken to be on the same cores
TG_24_5,TG_24,silt loam,0.040903498830671264,1.295922139086751,0.012331245475733095,0.45393874046486715,2.17021702170217,77.65776577657766,20.172017201720173,2.8007937,100.0,41.078333,108.397222,Tong_YellowRiver,,,,1.496451737,0.0009785275391235558,11,2.0496566694935723e-06,0.45354283096211784,0.04414859105389272,1.3482306885746282,0.20464619451081775,0.0008959632178427081,undisturbed,Tong et al. (2024): undisturbed cores for Ks and bulk density; retention taken to be on the same cores
TG_25_0,TG_25,sandy loam,0.25963818181964066,1.7950182965159533,0.06657817145472043,0.4083946143739728,67.54324567543246,28.297170282971706,4.159584041595841,5.10233118,5.0,39.9075,108.426667,Tong_YellowRiver,,,,1.631541615,0.0029105871224634535,11,0.06185047613215255,0.405403920015781,0.3246725817407648,2.252284900767171,0.30244506941236016,0.001935852504549457,undisturbed,Tong et al. (2024): undisturbed cores for Ks and bulk density; retention taken to be on the same cores
TG_25_1,TG_25,sandy loam,0.37404373834370236,1.8364120704561497,0.07057434921665705,0.4021618765225259,72.43275672432758,24.347565243475653,3.2196780321967804,4.5786354,20.0,39.9075,108.426667,Tong_YellowRiver,,,,1.627821412,0.005327674117454078,11,0.062394700094559,0.3964656115210614,0.5694781576639426,3.381583083052344,0.18426928857053193,0.002756069469975026,undisturbed,Tong et al. (2024): undisturbed cores for Ks and bulk density; retention taken to be on the same cores
TG_25_2,TG_25,sandy loam,0.4745377378559375,1.3314599056558163,0.08883619246289895,0.42098585070930267,73.03269673032696,23.067693230676927,3.8996100389960997,20.346649799999998,40.0,39.9075,108.426667,Tong_YellowRiver,,,,1.589921842,0.00044554916939227614,11,0.08425462384026612,0.42046308534952404,0.5171153940293018,1.4185746763537193,0.2214594101879697,0.0001603205414296936,undisturbed,Tong et al. (2024): undisturbed cores for Ks and bulk density; retention taken to be on the same cores
TG_25_5,TG_25,loamy sand,0.7489171487918176,1.9762607295179189,0.04339580896314283,0.3661764114698204,76.70534106821364,19.92398479695939,3.3706741348269653,55.140006,100.0,39.9075,108.426667,Tong_YellowRiver,,,,1.634331768,0.007282231252662502,11,0.04151603912185435,0.360395261341966,1.1963072292378214,9.198422318551543,0.07913740220040232,4.8389868773745395e-05,undisturbed,Tong et al. (2024): undisturbed cores for Ks and bulk density; retention taken to be on the same cores
TG_26_0,TG_26,sand,0.33855428428591133,1.7907084662993495,0.06292981861681402,0.4103614392437676,87.69753950790157,11.512302460492096,0.7901580316063211,15.36798228,5.0,39.320556,108.179444,Tong_YellowRiver,,,,1.563647907,0.004715631211572276,11,0.05492121786053665,0.40552945370334803,0.4834375121317619,2.7713362510975927,0.2228139620731686,0.002693225416389409,undisturbed,Tong et al. (2024): undisturbed cores for Ks and bulk density; retention taken to be on the same cores
TG_26_1,TG_26,sand,0.5219485417261134,1.7876558873563884,0.053064859083418806,0.37168681195926906,85.61,13.35,1.04,26.475325259999998,20.0,39.320556,108.179444,Tong_YellowRiver,,,,1.626891361,0.00929185325880812,11,0.04540410783930953,0.36068775542407006,0.863065333386655,10.99999999961153,0.05110845200638133,0.0009011094069929822,undisturbed,Tong et al. (2024): undisturbed cores for Ks and bulk density; retention taken to be on the same cores
TG_26_2,TG_26,sand,0.5720761301881603,1.8394314245883256,0.05319180991115265,0.39004163105487555,86.66,12.23,1.11,10.73763306,40.0,39.320556,108.179444,Tong_YellowRiver,,,,1.582481436,0.01190666803589304,11,0.04887123332113706,0.3785707328266901,0.9344601284528853,10.999999999999998,0.05585296560196937,0.0018351487531835685,undisturbed,Tong et al. (2024): undisturbed cores for Ks and bulk density; retention taken to be on the same cores
TG_26_5,TG_26,sand,0.5815791635999541,2.0020318020339714,0.04605654987034297,0.3701048333331715,90.49,8.79,0.72,15.220272660000001,100.0,39.320556,108.179444,Tong_YellowRiver,,,,1.591316918,0.012266355218455077,11,0.04479941082066051,0.3588620055670414,0.9345847839760902,10.999999999999998,0.06636854579429814,0.0021202133934281955,undisturbed,Tong et al. (2024): undisturbed cores for Ks and bulk density; retention taken to be on the same cores
TG_26_10,TG_26,sand,0.5286072424904819,1.9042612638018377,0.0487983987047491,0.38090826953004103,87.79122087791222,11.098890110988902,1.1098890110988904,19.21926816,200.0,39.320556,108.179444,Tong_YellowRiver,,,,1.544349353,0.009455945587716235,11,0.04400934570221089,0.3687305612920489,0.850520144639703,10.999918184223446,0.05927479416030256,0.000790259035306633,undisturbed,Tong et al. (2024): undisturbed cores for Ks and bulk density; retention taken to be on the same cores
TG_26_15,TG_26,sandy loam,0.4557440251202651,1.5158657652166758,0.09317887518874948,0.4322612121735171,59.58,35.09,5.33,8.27617368,300.0,39.320556,108.179444,Tong_YellowRiver,,,,1.58713169,0.007364141006559285,11,0.06497487750919698,0.42232718939507063,0.8143818682307721,10.962635564523241,0.03101339707310485,0.0012337306278773297,undisturbed,Tong et al. (2024): undisturbed cores for Ks and bulk density; retention taken to be on the same cores
TG_27_0,TG_27,sand,0.5790786524978503,1.8765975091550704,0.046678850728612276,0.3963928700530844,94.22,4.85,0.93,27.92412426,5.0,38.5575,108.671389,Tong_YellowRiver,,,,1.651537707,0.012739282732689592,11,0.0433693976552095,0.3844241609035798,0.9401650438261497,10.999999999999998,0.058547415389995014,0.002103939861145778,undisturbed,Tong et al. (2024): undisturbed cores for Ks and bulk density; retention taken to be on the same cores
TG_27_1,TG_27,sand,0.5791531764434354,1.9798464976842445,0.04140894780860802,0.40377058782244984,94.49055094490552,4.819518048195181,0.6899310068993101,22.095392160000003,20.0,38.5575,108.671389,Tong_YellowRiver,,,,1.580621334,0.013532098653970237,11,0.03962038249655597,0.3912003293689864,0.9326801737248044,10.999999999999998,0.0649484366941632,0.002248432000053583,undisturbed,Tong et al. (2024): undisturbed cores for Ks and bulk density; retention taken to be on the same cores
TG_27_2,TG_27,sand,0.5782342345770317,1.9874747837368534,0.03728837817313697,0.39994503969993367,93.8993899389939,5.050505050505051,1.05010501050105,26.42279946,40.0,38.5575,108.671389,Tong_YellowRiver,,,,1.537606485,0.013616351651559373,11,0.03560126846112702,0.3873743890212517,0.9308368595823449,10.999999999999998,0.06540544157275535,0.0023112103238690446,undisturbed,Tong et al. (2024): undisturbed cores for Ks and bulk density; retention taken to be on the same cores
TG_27_5,TG_27,sand,0.5131926260767106,1.7260645868550055,0.057678592661285465,0.3842677623592123,94.8905109489051,4.33956604339566,0.76992300769923,19.70623896,100.0,38.5575,108.671389,Tong_YellowRiver,,,,1.642004687,0.009295466540313312,11,0.04662349608889423,0.37338724290525077,0.8649037712621215,10.999999999787947,0.046321951300011655,0.0009659846397319531,undisturbed,Tong et al. (2024): undisturbed cores for Ks and bulk density; retention taken to be on the same cores
TG_28_0,TG_28,silt loam,0.2105756224206629,1.7902511503752039,0.11970943535546381,0.504504219338043,36.61633836616338,59.174082591740834,4.209579042095791,5.54171898,5.0,37.521389,108.305278,Tong_YellowRiver,,,,1.355572459,0.0017751527799140686,11,0.11674822185388108,0.5027193817790863,0.23874803661527977,2.0030870129058176,0.36185979170420346,0.0012762460472429138,undisturbed,Tong et al. (2024): undisturbed cores for Ks and bulk density; retention taken to be on the same cores
TG_28_1,TG_28,silt loam,0.1604198253672054,1.8722212615132854,0.16232202935153087,0.5682823059417098,21.997800219978,69.24307569243075,8.75912408759124,11.69826132,20.0,37.521389,108.305278,Tong_YellowRiver,,,,1.114689302,0.0003810354524058745,11,0.1628231173698817,0.5686220809868067,0.15660028028156775,1.8369935160084765,0.4829144543063633,0.0003028449187596933,undisturbed,Tong et al. (2024): undisturbed cores for Ks and bulk density; retention taken to be on the same cores
TG_28_2,TG_28,silt loam,0.19379665298973825,1.695204832922105,0.14417844948410716,0.5015652271874255,28.484303139372127,64.41711657668468,7.098580283943211,11.54609118,40.0,37.521389,108.305278,Tong_YellowRiver,,,,1.433929239,0.001058382155750277,11,0.14178664937665572,0.5004531257105591,0.21210773656878418,1.8266340918514357,0.3581580867589156,0.000756698117628031,undisturbed,Tong et al. (2024): undisturbed cores for Ks and bulk density; retention taken to be on the same cores
TG_28_5,TG_28,silt loam,0.19186514621145243,1.5509842490752428,0.13901321775703696,0.44039731275838956,22.23222322232223,68.6968696869687,9.07090709070907,4.98791574,100.0,37.521389,108.305278,Tong_YellowRiver,,,,1.595525565,0.0011758974000675335,11,0.13427627190053287,0.4390821989823372,0.22119781465277186,1.7385907200141983,0.28788687563489296,0.0008008716763596253,undisturbed,Tong et al. (2024): undisturbed cores for Ks and bulk density; retention taken to be on the same cores
TG_28_10,TG_28,sandy loam,0.2365396244542676,1.8196981543871713,0.11734543629585589,0.44745762309212306,70.74707470747074,25.15251525152516,4.100410041004101,11.2643415,200.0,37.521389,108.305278,Tong_YellowRiver,,,,1.600175819,0.0020236335988231694,11,0.11425735965548152,0.445384760152717,0.27822522168790254,2.1234445740234897,0.3449672778253062,0.0014039231008401134,undisturbed,Tong et al. (2024): undisturbed cores for Ks and bulk density; retention taken to be on the same cores
TG_28_15,TG_28,silt loam,0.19253621264414172,1.64397439190554,0.1382775193314703,0.4975451180343375,22.74,67.59,9.67,16.29449004,300.0,37.521389,108.305278,Tong_YellowRiver,,,,1.475549012,0.001662930366912661,11,0.13371683854640612,0.4958115224788197,0.22258693962154108,1.8584038862575818,0.3141358909863583,0.0011780778842297574,undisturbed,Tong et al. (2024): undisturbed cores for Ks and bulk density; retention taken to be on the same cores
TG_28_20,TG_28,sandy loam,0.33242953668678166,1.8819690617999583,0.10655663663168367,0.459046640455161,67.22,27.88,4.9,7.59473202,400.0,37.521389,108.305278,Tong_YellowRiver,,,,1.597850692,0.004012659442647224,11,0.10123655425154784,0.454978808410512,0.4431213256169705,2.6166641818655867,0.27493590099269016,0.0024157185427790963,undisturbed,Tong et al. (2024): undisturbed cores for Ks and bulk density; retention taken to be on the same cores
TG_28_25,TG_28,silt loam,0.07472096463054614,1.9277983198127013,0.16072604302950383,0.5192098475986491,10.281028102810282,77.55775577557756,12.161216121612162,1.2659308200000001,500.0,37.521389,108.305278,Tong_YellowRiver,,,,1.535304776,0.0006046038131684126,11,0.16000139832307647,0.5189554693521684,0.0769688429654431,1.9711677291298924,0.4599823436354446,0.0005545586400319328,undisturbed,Tong et al. (2024): undisturbed cores for Ks and bulk density; retention taken to be on the same cores
TG_29_0,TG_29,silt loam,0.18371174683202932,1.6141735178731391,0.134595871749198,0.5852936860833368,43.975602439756024,52.26477352264773,3.75962403759624,19.56933516,5.0,36.758333,108.338333,Tong_YellowRiver,,,,1.189790904,0.002468761758951936,11,0.1418092722207509,0.588429261673494,0.14685572217554688,1.3999537809361025,0.5052171563428307,0.0016817896059423045,undisturbed,Tong et al. (2024): undisturbed cores for Ks and bulk density; retention taken to be on the same cores
TG_29_1,TG_29,silt loam,0.14001577954170524,1.6268957753761373,0.14682058292032749,0.5422950176423765,27.740000000000006,65.82,6.440000000000001,8.2676223,20.0,36.758333,108.338333,Tong_YellowRiver,,,,1.243268825,0.0006486545058197436,11,0.14878726284044172,0.5429597264513162,0.1322140646330079,1.563982921968051,0.4165455565447967,0.0004946331682393328,undisturbed,Tong et al. (2024): undisturbed cores for Ks and bulk density; retention taken to be on the same cores
TG_29_2,TG_29,silt loam,0.0902522170450941,1.6740490006707254,0.16549764420951138,0.5411374144105416,13.998600139986003,77.9022097790221,8.099190080991901,3.73838598,40.0,36.758333,108.338333,Tong_YellowRiver,,,,1.353014819,0.00014931635304943355,11,0.16590975435143201,0.5412419006366895,0.08923307303940259,1.66128200077209,0.40906121602584533,0.00012772503922001038,undisturbed,Tong et al. (2024): undisturbed cores for Ks and bulk density; retention taken to be on the same cores
TG_29_5,TG_29,silt loam,0.10099714178718036,1.815271982812809,0.14283187856323268,0.523985524010086,15.27,74.25,10.48,6.63513882,100.0,36.758333,108.338333,Tong_YellowRiver,,,,1.35394487,0.002465318347770433,11,0.14685658954613806,0.5258764189970333,0.08466003469304922,1.6156808850551552,0.5710972103064396,0.0021016805219448115,undisturbed,Tong et al. (2024): undisturbed cores for Ks and bulk density; retention taken to be on the same cores
TG_29_10,TG_29,silt loam,0.12574053561235687,1.716877385143449,0.14904130386638167,0.5455981701798679,8.98,77.25,13.77,16.83712656,200.0,36.758333,108.338333,Tong_YellowRiver,,,,1.439044518,0.003992111768165017,11,0.15758310134702733,0.5499338668654928,0.08666643983000057,1.3807276379181268,0.6614479466875666,0.0031214959688508222,undisturbed,Tong et al. (2024): undisturbed cores for Ks and bulk density; retention taken to be on the same cores
TG_29_15,TG_29,silt loam,0.16289678199460714,1.4175227094412182,0.1527859732491654,0.525305750742659,14.38856114388561,75.16248375162483,10.448955104489551,2.00613276,300.0,36.758333,108.338333,Tong_YellowRiver,,,,1.424163706,0.0038137408812289504,11,0.17953462522525063,0.5308843322823283,0.07995765053889395,1.0349557107981457,0.6210017421620583,0.0024368095514951302,undisturbed,Tong et al. (2024): undisturbed cores for Ks and bulk density; retention taken to be on the same cores
TG_29_20,TG_29,silt loam,0.1637207224409886,1.5302952209576843,0.16087989115899787,0.5375628643123768,12.22,76.56,11.22,2.9712816,400.0,36.758333,108.338333,Tong_YellowRiver,,,,1.376731115,0.0035737143783678006,11,0.17553672955872984,0.5424626674144546,0.09999784981305547,1.1835261720577308,0.6056183768713677,0.0024067210703087663,undisturbed,Tong et al. (2024): undisturbed cores for Ks and bulk density; retention taken to be on the same cores
TG_29_25,TG_29,silt loam,0.1795909650334146,1.4797678533405545,0.16410469731020455,0.5105745742459341,12.782556511302262,75.53510702140429,11.68233646729346,2.43710958,500.0,36.758333,108.338333,Tong_YellowRiver,,,,1.482524393,0.0010657039662654026,11,0.16991627224963599,0.5119628392302642,0.1544195599645708,1.348028714942053,0.39231934202737034,0.0006980203737630611,undisturbed,Tong et al. (2024): undisturbed cores for Ks and bulk density; retention taken to be on the same cores
TG_30_0,TG_30,silt loam,0.5247073117311918,1.3735227378961692,0.13727729065187017,0.5658157767204645,27.09,63.69,9.22,6.48708558,5.0,35.901111,107.667778,Tong_YellowRiver,,,,1.095134817,0.0025146908103835714,11,0.15438998571418244,0.5685370535784349,0.34582931964439145,1.0974656375641325,0.4268075705658914,0.0009600523309126454,undisturbed,Tong et al. (2024): undisturbed cores for Ks and bulk density; retention taken to be on the same cores
TG_30_1,TG_30,silt loam,0.4672481785375888,1.4297323014323253,0.19025918978476747,0.6065802714510606,23.81,67.9,8.29,2.49663588,20.0,35.901111,107.667778,Tong_YellowRiver,,,,1.155355606,0.008503239569313146,11,0.14260969398309495,0.595065895645075,0.8484675376400461,10.695625943501788,0.02578037187590243,0.0011670985930510899,undisturbed,Tong et al. (2024): undisturbed cores for Ks and bulk density; retention taken to be on the same cores
TG_30_2,TG_30,silt loam,0.1726430874666298,1.3319861794766465,0.289140415355071,0.599629253212008,24.5024502450245,66.73667366736673,8.76087608760876,3.6011566800000003,40.0,35.901111,107.667778,Tong_YellowRiver,,,,1.417164906,0.0015958656020589553,11,0.2642778607836118,0.5977603900248023,0.23065602417161077,1.6559245723894294,0.15889333841258863,0.0010306561516782826,undisturbed,Tong et al. (2024): undisturbed cores for Ks and bulk density; retention taken to be on the same cores
TG_30_5,TG_30,silt loam,0.2605242733140678,1.1099197442017352,1.6427743201700476e-10,0.4720266177305048,32.2967703229677,60.453954604539554,7.249275072492751,16.76753202,100.0,35.901111,107.667778,Tong_YellowRiver,,,,1.482268462,0.0020343521120873417,11,0.031205614048931053,0.4730076599159095,0.22683305343551946,1.01,0.12333882623060162,0.0016725989014756202,undisturbed,Tong et al. (2024): undisturbed cores for Ks and bulk density; retention taken to be on the same cores
TG_30_10,TG_30,silt loam,0.12405406759553159,1.5004219838780228,0.17648987364200355,0.5508847324006244,20.357964203579645,71.95280471952805,7.689231076892312,2.26825632,200.0,35.901111,107.667778,Tong_YellowRiver,,,,1.443438841,0.000988673262660551,11,0.1708566064807447,0.5499412404579567,0.13756746895196958,1.6124576471848644,0.2881903248141007,0.0007588338751821246,undisturbed,Tong et al. (2024): undisturbed cores for Ks and bulk density; retention taken to be on the same cores
TG_30_15,TG_30,silt loam,0.08689583868587615,1.7466803642938502,0.1864296297110609,0.5846366178279313,13.718628137186283,77.93220677932207,8.349165083491652,2.22118014,300.0,35.901111,107.667778,Tong_YellowRiver,,,,1.418327469,0.0014685539521396686,11,0.18952607499390414,0.5856366472532272,0.07865544063681355,1.6359939211666799,0.49006554257228563,0.001273992690991196,undisturbed,Tong et al. (2024): undisturbed cores for Ks and bulk density; retention taken to be on the same cores
TG_30_20,TG_30,silt loam,0.09593679816277363,1.484687230606994,0.19249398370478335,0.5455895158565742,17.24827517248275,74.24257574242576,8.50914908509149,2.08853514,400.0,35.901111,107.667778,Tong_YellowRiver,,,,1.469015238,0.00032270875546922234,11,0.1903540729345871,0.5453083003396486,0.09964808057185187,1.5203106010607073,0.31001125788918443,0.00025994787006207833,undisturbed,Tong et al. (2024): undisturbed cores for Ks and bulk density; retention taken to be on the same cores
TG_30_25,TG_30,silt loam,0.11705500574415477,1.391171541615848,0.1641935312304002,0.558458299169653,14.94,74.22,10.84,2.57595888,500.0,35.901111,107.667778,Tong_YellowRiver,,,,1.440416176,0.0007904740985530393,11,0.17254073011625046,0.5593756044159883,0.10392718015740685,1.3029584803759175,0.3270592417914765,0.0005758864100482782,undisturbed,Tong et al. (2024): undisturbed cores for Ks and bulk density; retention taken to be on the same cores
TG_31_0,TG_31,silt loam,0.5507638800566075,1.494515350655686,0.20313685345182847,0.6832391661505804,40.34596540345966,52.47475252474753,7.179282071792821,5.923868339999999,5.0,35.244047,107.727111,Tong_YellowRiver,,,,1.058165297,0.012109015111575763,11,0.16408641348173789,0.6696708864444461,0.9810363093505735,10.999999999981547,0.03003490709771323,0.0006553269977814396,undisturbed,Tong et al. (2024): undisturbed cores for Ks and bulk density; retention taken to be on the same cores
TG_31_1,TG_31,silt loam,0.16553137372559243,1.175427195428058,0.09089824583547457,0.48251159903439,29.59,60.74,9.67,0.55461744,20.0,35.244047,107.727111,Tong_YellowRiver,,,,1.603175066,0.0011172919753843367,11,1.1849136500533517e-07,0.4810713230492596,0.227855013589889,1.4386524379999508,0.08392589854259974,0.0006591986736587994,undisturbed,Tong et al. (2024): undisturbed cores for Ks and bulk density; retention taken to be on the same cores
TG_31_2,TG_31,silt loam,0.06749121497561335,1.1482329185797067,1.3256969854463053e-06,0.4339086708928571,23.562356235623565,66.4966496649665,9.940994099409941,1.41030822,40.0,35.244047,107.727111,Tong_YellowRiver,,,,1.698737786,3.383429251283595e-05,11,0.006088765187731193,0.43396894831974225,0.06619900861881503,1.138794525244146,0.13336533890295918,2.5618089535985577e-05,undisturbed,Tong et al. (2024): undisturbed cores for Ks and bulk density; retention taken to be on the same cores
TG_31_5,TG_31,silt loam,0.17796767423178858,1.1548891854717405,0.010295958943164579,0.41980348819984203,40.21206361908573,53.10593177953386,6.682004601380414,7.917069059999999,100.0,35.244047,107.727111,Tong_YellowRiver,,,,1.553184835,0.00028133642751333797,11,1.7267193720329236e-10,0.4195072456869111,0.1870903543555625,1.1924772949936415,0.12379685583789109,0.00019593230204704182,undisturbed,Tong et al. (2024): undisturbed cores for Ks and bulk density; retention taken to be on the same cores
TG_31_10,TG_31,silt loam,0.14414795964262017,1.1275818077351114,2.4311903115243987e-16,0.4606977502995449,25.119999999999997,65.9,8.979999999999999,3.5960825400000003,200.0,35.244047,107.727111,Tong_YellowRiver,,,,1.572250877,0.005710850672556864,11,0.11465489572235474,0.4610362255311064,0.09313448466904475,1.01,0.2118644653095072,0.005284638897001847,undisturbed,Tong et al. (2024): undisturbed cores for Ks and bulk density; retention taken to be on the same cores
TG_31_15,TG_31,silt loam,0.1674289263614426,1.1666385571045887,0.08558671644357077,0.5082020659007125,13.18,77.78,9.04,1.0083436799999999,300.0,35.244047,107.727111,Tong_YellowRiver,,,,1.542024226,0.0024555998037807006,11,0.15341849892257559,0.5094015333024791,0.1126663838697132,1.0100000039950199,0.23940177858596814,0.001861635256194123,undisturbed,Tong et al. (2024): undisturbed cores for Ks and bulk density; retention taken to be on the same cores
TG_31_20,TG_31,silt loam,0.16045048926202407,1.1227622651873501,9.034958447935462e-21,0.4863984029530633,14.3,75.43,10.27,5.83634232,400.0,35.244047,107.727111,Tong_YellowRiver,,,,1.536211408,0.005420779381651249,11,3.6376590703856246e-21,0.4880478367436099,0.1468949654265769,1.01,0.12492182278070173,0.004887492521456988,undisturbed,Tong et al. (2024): undisturbed cores for Ks and bulk density; retention taken to be on the same cores
TG_31_25,TG_31,silt loam,0.22392310687453706,1.160392923609723,0.012659011162688352,0.500411356563195,24.152415241524153,67.11671167116712,8.730873087308732,2.5028700600000002,500.0,35.244047,107.727111,Tong_YellowRiver,,,,1.459249705,0.0003834449482204247,11,1.5449075388191235e-06,0.49998660034881875,0.23695986794967644,1.2051092190447863,0.1264182656378777,0.00024848579986567164,undisturbed,Tong et al. (2024): undisturbed cores for Ks and bulk density; retention taken to be on the same cores
TG_32_0,TG_32,loam,0.27661907498368454,1.1365556275102144,0.044893962792329885,0.45867738726730806,45.44,45.17,9.39,4.50480372,5.0,34.302222,108.061944,Tong_YellowRiver,,,,1.449716684,0.0008747765003873764,11,6.037014249829232e-17,0.4576982250690454,0.32987438795700924,1.2926415661914683,0.08796281492621924,0.0005182200943366099,undisturbed,Tong et al. (2024): undisturbed cores for Ks and bulk density; retention taken to be on the same cores
TG_32_1,TG_32,silt loam,0.02949739315345847,1.1057130312332153,1.9121498495533665e-05,0.37926472971873276,36.02,53.02,10.96,3.8944693200000002,20.0,34.302222,108.061944,Tong_YellowRiver,,,,1.677114104,0.0005591207810782829,11,0.07618465620753136,0.3796921126545613,0.022913403355800468,1.0100000000107574,0.14898021312051457,0.0004492510061757539,undisturbed,Tong et al. (2024): undisturbed cores for Ks and bulk density; retention taken to be on the same cores
TG_32_2,TG_32,silt loam,0.17660449421021374,1.1128698842496616,0.041848407594877034,0.3949161128041119,22.872287228722872,66.27662766276627,10.851085108510851,1.3363185,40.0,34.302222,108.061944,Tong_YellowRiver,,,,1.644097301,0.0005059151660378423,11,2.0441046967063693e-07,0.3943938527854314,0.2029979110491172,1.216765303128838,0.07769258161589604,0.0003501094552066648,undisturbed,Tong et al. (2024): undisturbed cores for Ks and bulk density; retention taken to be on the same cores
TG_32_5,TG_32,silt loam,0.2774339219912856,1.1868561668701116,0.0731830185003797,0.43836947861236353,26.3247350529894,62.617476504699056,11.057788442311537,0.92266944,100.0,34.302222,108.061944,Tong_YellowRiver,,,,1.574576004,0.0025109730146806366,11,6.560485241798748e-15,0.43566079921433826,0.4111693274767358,1.747305150430335,0.07390428499779099,0.0014449158183369474,undisturbed,Tong et al. (2024): undisturbed cores for Ks and bulk density; retention taken to be on the same cores
TG_32_10,TG_32,silt loam,0.08204232294217305,1.2877393512327595,0.05742489282445855,0.47699516498295647,22.524504900980197,66.79335867173435,10.682136427285458,37.27554612,200.0,34.302222,108.061944,Tong_YellowRiver,,,,1.481105898,0.0008830965330946287,11,0.031640416005453226,0.4761584500518572,0.09605693120214452,1.401347515662588,0.17710331846784638,0.0006858056375459018,undisturbed,Tong et al. (2024): undisturbed cores for Ks and bulk density; retention taken to be on the same cores
TG_32_15,TG_32,silt loam,0.09096491226876141,1.2069918183840427,0.016500697274685464,0.48666648888158315,21.42214221422142,66.67666766676668,11.9011901190119,1.76507364,300.0,34.302222,108.061944,Tong_YellowRiver,,,,1.484826102,0.000776418563406074,11,7.073686306041421e-09,0.4860888976133731,0.09882292835357674,1.2693617217403537,0.1512150553632106,0.0006406645482306561,undisturbed,Tong et al. (2024): undisturbed cores for Ks and bulk density; retention taken to be on the same cores
TG_32_20,TG_32,silt loam,0.038775448424254955,1.1815119971411199,1.5977854909725775e-07,0.4606566742742622,24.41244124412441,63.43634363436343,12.15121512151215,1.71003714,400.0,34.302222,108.061944,Tong_YellowRiver,,,,1.528305977,0.00047869278910047243,11,0.03955440000743129,0.4612113525477122,0.032990322703344836,1.1075396905059898,0.19536562024456414,0.000370265460830745,undisturbed,Tong et al. (2024): undisturbed cores for Ks and bulk density; retention taken to be on the same cores
TG_32_25,TG_32,silt loam,0.021754283526764017,1.1873082363367033,0.049448808308633116,0.4141251092311131,22.59451890378076,62.1124224844969,15.293058611722346,0.81486996,500.0,34.302222,108.061944,Tong_YellowRiver,,,,1.666883546,0.000936841808550293,11,1.7375539417475546e-06,0.413875188514605,0.02508917833535929,1.2521024401807144,0.12100542747731036,0.0008860275731957336,undisturbed,Tong et al. (2024): undisturbed cores for Ks and bulk density; retention taken to be on the same cores
TG_33_0,TG_33,loamy sand,0.4256921906714938,1.586946567147673,0.08386365393070118,0.4569728637980765,78.13,20.73,1.14,30.185555700000002,5.0,40.670833,109.7225,Tong_YellowRiver,,,,1.342760842,0.007624581485543246,11,0.05843377913398047,0.4461101557097783,0.755660298412602,10.43016891863559,0.03739039624828727,0.002057071742015886,undisturbed,Tong et al. (2024): undisturbed cores for Ks and bulk density; retention taken to be on the same cores
TG_33_1,TG_33,loamy sand,0.3407296530755604,1.5933849877564004,0.07591410927154921,0.4429542656162914,77.46549309861972,21.034206841368274,1.5003000600120024,6.822080639999999,20.0,40.670833,109.7225,Tong_YellowRiver,,,,1.379497849,0.005289810099771226,11,0.05878970240626624,0.43715749639555124,0.5301249769177454,2.8222890257296633,0.15567591993765942,0.002705084442432035,undisturbed,Tong et al. (2024): undisturbed cores for Ks and bulk density; retention taken to be on the same cores
TG_33_2,TG_33,loamy sand,0.3850717056891709,1.6384046823572977,0.06630754366970223,0.3952570411049159,72.35,25.660000000000004,1.9900000000000002,23.10432552,40.0,40.670833,109.7225,Tong_YellowRiver,,,,1.586434152,0.005819729600657866,11,0.049191698811664526,0.38845093716938534,0.6512909282516328,4.053964440136877,0.10955434140762073,0.002491935854171887,undisturbed,Tong et al. (2024): undisturbed cores for Ks and bulk density; retention taken to be on the same cores
TG_33_5,TG_33,sandy loam,0.3846789346913905,1.5011220247380996,0.09290655272436782,0.41043256819472873,50.614938506149386,44.125587441255874,5.25947405259474,6.90117894,100.0,40.670833,109.7225,Tong_YellowRiver,,,,1.68106682,0.005348893470814304,11,0.06597291630361006,0.4039009388737401,0.6800013502485427,4.152089268235923,0.08074307663940833,0.002085556898891232,undisturbed,Tong et al. (2024): undisturbed cores for Ks and bulk density; retention taken to be on the same cores
TG_33_10,TG_33,sand,0.32994259834159273,1.7392608695408405,0.06208761671501043,0.3783317747075256,91.0,8.11,0.89,34.92857448,200.0,40.670833,109.7225,Tong_YellowRiver,,,,1.714781162,0.00444739790958076,11,0.05338666030523644,0.37377947895127345,0.4805024966754074,2.763944864292868,0.20647891888662065,0.002541007076591944,undisturbed,Tong et al. (2024): undisturbed cores for Ks and bulk density; retention taken to be on the same cores
TG_33_15,TG_33,loamy sand,0.5743315474594153,1.7640098445843337,0.04790395860240088,0.37408039227293377,84.83848384838484,13.301330133013302,1.8601860186018604,12.622342080000001,300.0,40.670833,109.7225,Tong_YellowRiver,,,,1.771746773,0.011451913212127638,11,0.041707454481486106,0.36327483112127257,0.9470219915003324,10.999999999999256,0.05075267882175898,0.001963053179700739,undisturbed,Tong et al. (2024): undisturbed cores for Ks and bulk density; retention taken to be on the same cores
TG_33_20,TG_33,loamy sand,0.40193228174119844,1.8019021256161776,0.03913258267911772,0.3061930026702667,77.64776477647766,17.931793179317932,4.420442044204421,27.28866852,400.0,40.670833,109.7225,Tong_YellowRiver,,,,1.817319263,0.004924394804052117,11,0.030560147281495476,0.3002138667209272,0.6592329664977956,4.593274366786723,0.12345484499223157,0.0020920121197459804,undisturbed,Tong et al. (2024): undisturbed cores for Ks and bulk density; retention taken to be on the same cores
TG_33_25,TG_33,silt loam,0.065424226607569,1.3741854185466615,0.06210564406670213,0.41927910692744047,17.71645670865827,67.01659668066387,15.266946610677865,8.96636346,500.0,40.670833,109.7225,Tong_YellowRiver,,,,1.598059787,0.0010047515299688274,11,0.04627616383469535,0.41854364928277815,0.07599223592427354,1.492449891423872,0.21984806685445632,0.0008428042353993524,undisturbed,Tong et al. (2024): undisturbed cores for Ks and bulk density; retention taken to be on the same cores
TG_34_0,TG_34,sand,0.5711137818023896,1.8569131675952422,0.04114796737909305,0.3460928187903413,90.9,7.97,1.13,4.6531173,5.0,39.219444,109.852222,Tong_YellowRiver,,,,1.588294253,0.00841842677824274,11,0.03639266167360544,0.335986200494158,0.9240132954131678,8.570805328598443,0.07269193526305492,0.00047752512098952414,undisturbed,Tong et al. (2024): undisturbed cores for Ks and bulk density; retention taken to be on the same cores
TG_34_1,TG_34,sand,0.5813025892910437,1.9538988302264353,0.04124293342505943,0.3723726802586229,94.44,4.79,0.77,13.34201352,20.0,39.219444,109.852222,Tong_YellowRiver,,,,1.672696363,0.01238517043284478,11,0.03940504753248646,0.3609279024233474,0.9372678187766942,10.999999999999979,0.06347791838164416,0.0021076048731530905,undisturbed,Tong et al. (2024): undisturbed cores for Ks and bulk density; retention taken to be on the same cores
TG_34_5,TG_34,sand,0.5125575801394953,1.9172940912967544,0.038555391132932465,0.31168437034393354,96.97,2.1,0.93,3.5949713400000003,100.0,39.219444,109.852222,Tong_YellowRiver,,,,1.794300505,0.007826778551621063,11,0.03465814364717575,0.3019781111666552,0.8255566962761163,10.99999991399516,0.06000177539417943,0.0008485756834139531,undisturbed,Tong et al. (2024): undisturbed cores for Ks and bulk density; retention taken to be on the same cores
TG_34_10,TG_34,sand,0.44333708743846617,1.82478607678328,0.04099231395775348,0.30819615075896123,94.24942494249424,4.57045704570457,1.18011801180118,30.201079319999998,200.0,39.219444,109.852222,Tong_YellowRiver,,,,1.794067993,0.00575652692610022,11,0.03351868646855824,0.29994942409643416,0.7341545333650139,8.585920951136922,0.06746828208898477,0.0016111114713636408,undisturbed,Tong et al. (2024): undisturbed cores for Ks and bulk density; retention taken to be on the same cores
TG_34_20,TG_34,sand,0.5806885560299241,1.904890968403643,0.03526358745781371,0.35314595532216303,92.37152569486103,6.13877224555089,1.4897020595880825,11.12272974,400.0,39.219444,109.852222,Tong_YellowRiver,,,,1.581551385,0.01181047886104582,11,0.03286149445750531,0.342243283559643,0.9397816703843107,10.999999999999998,0.06046315302001166,0.0020522061139141828,undisturbed,Tong et al. (2024): undisturbed cores for Ks and bulk density; retention taken to be on the same cores
TG_34_25,TG_34,sand,0.39447196138130763,1.6557008653748608,0.06478150447596313,0.31445039339951847,91.03179364127173,7.568486302739451,1.3997200559888021,12.86592384,500.0,39.219444,109.852222,Tong_YellowRiver,,,,1.806391166,0.004497880041218037,11,0.052242018222554615,0.3090352633560731,0.6694834674180911,4.341635694937682,0.10472876373445276,0.0018331422674697307,undisturbed,Tong et al. (2024): undisturbed cores for Ks and bulk density; retention taken to be on the same cores
TG_35_0,TG_35,loamy sand,0.2366982262050368,1.6458746037743865,0.08389521062751218,0.493972683749146,82.61652330466093,16.433286657331465,0.9501900380076015,6.83522058,5.0,38.165,109.781667,Tong_YellowRiver,,,,1.310441577,0.0033203476640976753,11,0.07502473997271025,0.49041585627877865,0.3023963031791377,2.082981064943244,0.26268100470399297,0.0021782366715091686,undisturbed,Tong et al. (2024): undisturbed cores for Ks and bulk density; retention taken to be on the same cores
TG_35_1,TG_35,silt loam,0.150039969627606,1.6013483173395826,0.1098726861551869,0.4527462909466058,21.82,71.65,6.53,3.5091061199999998,20.0,38.165,109.781667,Tong_YellowRiver,,,,1.511100037,0.0015010688158326867,11,0.10479342736601577,0.4513417120244133,0.17249172239082702,1.7878106431515925,0.3053168009486957,0.0011407730563239196,undisturbed,Tong et al. (2024): undisturbed cores for Ks and bulk density; retention taken to be on the same cores
TG_35_2,TG_35,silt loam,0.09672584065878834,1.5155770936532664,0.12962124914077439,0.40758983964493967,26.09,66.3,7.61,2.2432563599999997,40.0,38.165,109.781667,Tong_YellowRiver,,,,1.632006641,0.0010113495272519426,11,0.12390377491247431,0.4067992484999675,0.11021574259382946,1.6562390323426022,0.28238896757797155,0.0008294339370617741,undisturbed,Tong et al. (2024): undisturbed cores for Ks and bulk density; retention taken to be on the same cores
TG_35_5,TG_35,silt loam,0.12385783553138738,1.5139461002733712,0.11503441968979637,0.4193999894517624,39.82398239823983,53.84538453845385,6.330633063306331,1.5442878,100.0,38.165,109.781667,Tong_YellowRiver,,,,1.609685422,0.0011310873640990092,11,0.10900441067276707,0.41836621058114365,0.14209928494245735,1.6713739944160315,0.27852778101630865,0.0008768436019928389,undisturbed,Tong et al. (2024): undisturbed cores for Ks and bulk density; retention taken to be on the same cores
TG_35_10,TG_35,sandy loam,0.17724138599162084,1.7746112077694798,0.0847497070292026,0.43838779585305543,49.24492449244924,47.16471647164716,3.59035903590359,5.2612128,200.0,38.165,109.781667,Tong_YellowRiver,,,,1.549697145,0.0016556596349309146,11,0.08183444211537014,0.4368923169720054,0.2003292913553959,1.972938117698364,0.36054922732647177,0.0012655063600663262,undisturbed,Tong et al. (2024): undisturbed cores for Ks and bulk density; retention taken to be on the same cores
TG_35_15,TG_35,sandy loam,0.2188601219982483,1.8741116420835469,0.06065959485267857,0.3969662163627716,70.46,26.7,2.84,6.56882244,300.0,38.165,109.781667,Tong_YellowRiver,,,,1.643399763,0.002044678543771575,11,0.05794173977165097,0.3950189192348683,0.2545355854232192,2.1626371746046154,0.3631912148088592,0.0014932179853803316,undisturbed,Tong et al. (2024): undisturbed cores for Ks and bulk density; retention taken to be on the same cores
TG_35_20,TG_35,loamy sand,0.21219303739346657,1.8441521506171084,0.06011780125838324,0.3898089842152101,85.48,12.85,1.67,17.399633220000002,400.0,38.165,109.781667,Tong_YellowRiver,,,,1.632471666,0.0019490583508805952,11,0.05731292036950514,0.3879526489716473,0.24645466420965353,2.1205895295085027,0.35833337674440724,0.0014280896587935989,undisturbed,Tong et al. (2024): undisturbed cores for Ks and bulk density; retention taken to be on the same cores
TG_35_25,TG_35,sand,0.5819562016146073,1.941120926057987,0.025085360770065113,0.3444276681281003,100.0,0.0,0.0,6.47791194,500.0,38.165,109.781667,Tong_YellowRiver,,,,1.588759279,0.01196190851794318,11,0.02320262551394335,0.3334160062358766,0.9389377681755398,10.999999999999995,0.06274046236493498,0.002070351682698787,undisturbed,Tong et al. (2024): undisturbed cores for Ks and bulk density; retention taken to be on the same cores
TG_36_0,TG_36,silt loam,0.21657089059911053,1.6220369801854349,0.139345385794033,0.5532695107375563,36.98369836983698,59.40594059405941,3.6103610361036105,12.1029906,5.0,36.741089,109.258175,Tong_YellowRiver,,,,1.310232483,0.002789562857755276,11,0.13109674720104816,0.5502812434897438,0.26789483394921926,1.9668478993288259,0.2738553314069973,0.0018798520079111594,undisturbed,Tong et al. (2024): undisturbed cores for Ks and bulk density; retention taken to be on the same cores
TG_36_1,TG_36,silt loam,0.23600325280511836,1.5402537322241283,0.13940367314177943,0.5595306754154469,34.36,61.48,4.16,6.36432978,20.0,36.741089,109.258175,Tong_YellowRiver,,,,1.182815523,0.003250032910193078,11,0.12598621220196524,0.5558573984860953,0.30934350677356887,1.981914536672797,0.22675974319135359,0.0020367500783878734,undisturbed,Tong et al. (2024): undisturbed cores for Ks and bulk density; retention taken to be on the same cores
TG_36_2,TG_36,silt loam,0.1699375970340462,1.5564967224095332,0.1483510828075149,0.5408999677058566,26.34,68.48,5.18,6.368284859999999,40.0,36.741089,109.258175,Tong_YellowRiver,,,,1.337668981,0.001570540797641219,11,0.14202310053285028,0.5392540690861916,0.1957779677824546,1.7402568797079216,0.2902117906748266,0.0011245131970144821,undisturbed,Tong et al. (2024): undisturbed cores for Ks and bulk density; retention taken to be on the same cores
TG_36_5,TG_36,silt loam,0.07381817196461068,1.4390353685540243,0.12961923357013955,0.48622094861448145,19.56,73.05,7.39,1.85437116,100.0,36.741089,109.258175,Tong_YellowRiver,,,,1.617381759,0.0007310673648847951,11,0.12264368779304421,0.4856733002937647,0.08088244510528908,1.5180571445443753,0.2688083977166149,0.0006119678438474512,undisturbed,Tong et al. (2024): undisturbed cores for Ks and bulk density; retention taken to be on the same cores
TG_36_10,TG_36,silt loam,0.030835951321137974,1.238761919033512,0.029839703129907642,0.4292179666960344,10.75107510751075,77.76777677767777,11.48114811481148,2.62143252,200.0,36.741089,109.258175,Tong_YellowRiver,,,,1.720152373,0.0003408069122252185,11,0.007002783006441934,0.4290259161684632,0.03358543202520223,1.2780622103745203,0.16768543218283471,0.00029947806563202216,undisturbed,Tong et al. (2024): undisturbed cores for Ks and bulk density; retention taken to be on the same cores
TG_36_15,TG_36,silt loam,0.07549810610944785,1.4575139547251583,0.13399532981563683,0.5108019927876982,14.482896579315863,76.45529105821164,9.061812362472494,0.80867064,300.0,36.741089,109.258175,Tong_YellowRiver,,,,1.632262572,0.0005505644733539442,11,0.13853993435765097,0.5112597833786865,0.07047609460414128,1.403825115724485,0.34333390439365874,0.00045616801885987304,undisturbed,Tong et al. (2024): undisturbed cores for Ks and bulk density; retention taken to be on the same cores
TG_36_20,TG_36,silt loam,0.013146464032051337,1.1551931040475907,8.68492004275055e-09,0.3930704369738583,19.103820764152832,74.19483896779356,6.7013402680536105,2.01858558,400.0,36.741089,109.258175,Tong_YellowRiver,,,,1.785488441,0.0019367318253938138,11,0.07938227758436402,0.39379875168773265,0.008699007204721153,1.0100000000000002,0.23883024002642977,0.0017526247177381542,undisturbed,Tong et al. (2024): undisturbed cores for Ks and bulk density; retention taken to be on the same cores
TG_36_25,TG_36,silt loam,0.020037316107264908,1.176116611281728,2.071150997274259e-08,0.390931115560106,10.001000100010002,74.44744474447445,15.551555155515553,0.23153166,500.0,36.741089,109.258175,Tong_YellowRiver,,,,1.721547449,0.0008561937147485454,11,0.10325418261236785,0.39175827704742305,0.011878027598218968,1.0196763869957297,0.31781626239921523,0.0007091243084565297,undisturbed,Tong et al. (2024): undisturbed cores for Ks and bulk density; retention taken to be on the same cores
TG_37_0,TG_37,silt loam,0.2643155801191818,1.4467936502298007,0.09319386927211706,0.49185588396069174,37.1062893710629,57.61423857614239,5.279472052794721,4.4424996,5.0,35.694444,109.392222,Tong_YellowRiver,,,,1.258823757,0.003937122781474387,11,0.06748653009559129,0.4872951202478572,0.38853576397639783,2.1430823144178497,0.1586453302813348,0.0022322435131585166,undisturbed,Tong et al. (2024): undisturbed cores for Ks and bulk density; retention taken to be on the same cores
TG_37_1,TG_37,silt loam,0.23003011003983026,1.4209714633473387,0.09667876314767179,0.48517912608402963,32.03679632036797,63.303669633036705,4.659534046595341,8.99212788,20.0,35.694444,109.392222,Tong_YellowRiver,,,,1.314626805,0.003079708443630953,11,0.07259978148753507,0.4815789430099358,0.3222673109280397,1.934055886195904,0.1706280935055044,0.00184868954222121,undisturbed,Tong et al. (2024): undisturbed cores for Ks and bulk density; retention taken to be on the same cores
TG_37_2,TG_37,silt loam,0.1438136340199167,1.312295733755958,0.09005444070801275,0.4222073900947322,16.436712657468508,76.13477304539093,7.4285142971405715,4.9431796199999996,40.0,35.694444,109.392222,Tong_YellowRiver,,,,1.539699099,0.001523304313451807,11,0.06035465490207062,0.4205055277946622,0.19027071728346534,1.595085217964971,0.15443937043058914,0.0010404090246650972,undisturbed,Tong et al. (2024): undisturbed cores for Ks and bulk density; retention taken to be on the same cores
TG_37_5,TG_37,silt loam,0.12841980418881244,1.4505004931947774,0.10587295991433522,0.47029309387613516,16.42,74.24,9.34,14.27667726,100.0,35.694444,109.392222,Tong_YellowRiver,,,,1.408794449,0.001529350004564972,11,0.09437357781686707,0.4688079140990274,0.15325511767175756,1.6452562997712605,0.24020057755316662,0.001149229653955664,undisturbed,Tong et al. (2024): undisturbed cores for Ks and bulk density; retention taken to be on the same cores
TG_37_10,TG_37,silt loam,0.14582037217732194,1.2960023921257642,0.0711822223867279,0.47520301410955557,22.7,67.92,9.38,4.46466564,200.0,35.694444,109.392222,Tong_YellowRiver,,,,1.460644781,0.0019386788864098675,11,0.027458609263081652,0.47301998462145833,0.19815342405822906,1.6074005895350885,0.14080483219085288,0.0013086251036648075,undisturbed,Tong et al. (2024): undisturbed cores for Ks and bulk density; retention taken to be on the same cores
TG_37_15,TG_37,silt loam,0.14736185685411765,1.3048324843894845,0.09714725548106148,0.4780755565857786,24.96,67.1,7.94,5.68641798,300.0,35.694444,109.392222,Tong_YellowRiver,,,,1.44855412,0.0018733006947484036,11,0.05825587628955084,0.4759744748754215,0.19969022524221922,1.6188187492722976,0.1449683112845719,0.0012664681763566706,undisturbed,Tong et al. (2024): undisturbed cores for Ks and bulk density; retention taken to be on the same cores
TG_37_20,TG_37,silt loam,0.14706617365086405,1.2387955529439665,0.07576264557404928,0.44562804708534787,17.27,70.93,11.8,7.8133116,400.0,35.694444,109.392222,Tong_YellowRiver,,,,1.458552167,0.00173628120801606,11,0.004411130274466941,0.44360912862393925,0.21331490305245107,1.6028219824092615,0.10234375982680721,0.0011323244791906775,undisturbed,Tong et al. (2024): undisturbed cores for Ks and bulk density; retention taken to be on the same cores
TG_37_25,TG_37,silt loam,0.10179952403202293,1.2610643418572618,0.05921513616693916,0.41620887131387146,21.9,69.2,8.9,9.0168324,500.0,35.694444,109.392222,Tong_YellowRiver,,,,1.537606485,0.0013598899786337088,11,0.009492591353477683,0.41483269614049595,0.13644973703192753,1.5043567204669603,0.12959061266458238,0.00100139947085788,undisturbed,Tong et al. (2024): undisturbed cores for Ks and bulk density; retention taken to be on the same cores
TG_38_0,TG_38,silt loam,0.32193432888196977,1.2964680783428741,0.07136871772122944,0.450510313672029,24.92,67.12,7.96,6.82702854,5.0,34.800833,108.949722,Tong_YellowRiver,,,,1.354851502,0.004310213585179651,11,1.8837748049139623e-18,0.4454004116703501,0.5608818690535975,2.6156777570834366,0.07147016804572331,0.0019131992731314953,undisturbed,Tong et al. (2024): undisturbed cores for Ks and bulk density; retention taken to be on the same cores
TG_38_1,TG_38,silt loam,0.34573720994654183,1.2914692872097766,0.08832815365276483,0.44523500696887114,14.39,76.01,9.6,7.51160136,20.0,34.800833,108.949722,Tong_YellowRiver,,,,1.376242671,0.004378787892531599,11,0.0031937001024451156,0.4398393668550115,0.6448305521067471,3.2446220040154268,0.052181407947671114,0.0017434521616366471,undisturbed,Tong et al. (2024): undisturbed cores for Ks and bulk density; retention taken to be on the same cores
TG_38_2,TG_38,silt loam,0.22483648355327154,1.2980843508567435,0.0692906292933967,0.3989873849625399,34.96699339867974,58.15163032606522,6.881376275255052,3.5385372,40.0,34.800833,108.949722,Tong_YellowRiver,,,,1.483431025,0.0024569182639036665,11,0.021089459181563987,0.3960009405266822,0.3453057044543586,1.9050493117117717,0.1087707142838435,0.0013915844773963308,undisturbed,Tong et al. (2024): undisturbed cores for Ks and bulk density; retention taken to be on the same cores
TG_38_5,TG_38,silt loam,0.19287619113594856,1.4009743133200554,0.09925867347128174,0.44275516378729923,22.88,68.75,8.37,3.43201842,100.0,34.800833,108.949722,Tong_YellowRiver,,,,1.369499803,0.002315783112830244,11,0.07780803432053933,0.4401237694240716,0.26173993458406264,1.807961327407288,0.1767282692976409,0.001491176639984133,undisturbed,Tong et al. (2024): undisturbed cores for Ks and bulk density; retention taken to be on the same cores
TG_38_10,TG_38,silt loam,0.12142595392162481,1.5311776343122834,0.12454308765865878,0.5222992610746933,23.422342234223425,70.36703670367037,6.210621062106211,3.7502857200000004,200.0,34.800833,108.949722,Tong_YellowRiver,,,,1.289980459,0.0014634636441535588,11,0.11736225896387935,0.520996475265651,0.1384379351122746,1.6832705778848873,0.28720079041833857,0.001146827346500155,undisturbed,Tong et al. (2024): undisturbed cores for Ks and bulk density; retention taken to be on the same cores
TG_38_15,TG_38,silt loam,0.14071699910175467,1.4693731096860447,0.12875636212417477,0.5167977231459631,11.95,77.57,10.48,9.8769774,300.0,34.800833,108.949722,Tong_YellowRiver,,,,1.281610002,0.0017540398576874905,11,0.11721666539382963,0.5150499143121039,0.16885327820885118,1.6817595003375563,0.24451614206277372,0.0012947272522987813,undisturbed,Tong et al. (2024): undisturbed cores for Ks and bulk density; retention taken to be on the same cores
TG_38_20,TG_38,silt loam,0.13506067908166342,1.5492938260915485,0.1367757722709461,0.5082196266061872,17.13342668533707,74.89497899579916,7.971594318863773,8.869767959999999,400.0,34.800833,108.949722,Tong_YellowRiver,,,,1.298118404,0.0015340947312324953,11,0.13005780009197263,0.5068036838250896,0.15574160475957669,1.7247164488559217,0.287951563901368,0.0011786615407599775,undisturbed,Tong et al. (2024): undisturbed cores for Ks and bulk density; retention taken to be on the same cores
TG_38_25,TG_38,silt loam,0.13441999436542945,1.517966021219995,0.11832742822890671,0.48671890324075034,12.87,76.57,10.56,8.12178054,500.0,34.800833,108.949722,Tong_YellowRiver,,,,1.284167642,0.0014934173502603304,11,0.1106824781272944,0.4853050312725028,0.15598443296583495,1.6947483427595347,0.27486058891234005,0.0011357581705322669,undisturbed,Tong et al. (2024): undisturbed cores for Ks and bulk density; retention taken to be on the same cores
TG_39_0,TG_39,silt loam,0.4419039712256564,1.2455129748910432,0.04583122605639609,0.4396761009697364,24.86751324867513,66.24337566243375,8.889111088891111,7.6933967999999995,5.0,34.374231,109.241228,Tong_YellowRiver,,,,1.426465414,0.003274523974227579,11,7.237900160519861e-21,0.4360246670038836,0.6605235172991892,2.000545324757163,0.09141940306893491,0.0013765278172815604,undisturbed,Tong et al. (2024): undisturbed cores for Ks and bulk density; retention taken to be on the same cores
TG_39_1,TG_39,silt loam,0.31547623065324565,1.2126128014576232,0.05816735396894798,0.3802497314595024,30.743851229754053,60.967806438712266,8.288342331533693,12.461531279999999,20.0,34.374231,109.241228,Tong_YellowRiver,,,,1.572018364,0.002788716300023871,11,3.933065141677335e-18,0.37722691799798796,0.48661635600978664,1.9679603006452586,0.07451159933482031,0.001499523621008434,undisturbed,Tong et al. (2024): undisturbed cores for Ks and bulk density; retention taken to be on the same cores
TG_39_2,TG_39,silt loam,0.22731963036457048,1.3433785585916076,0.0808365654217646,0.4165813325163688,25.350000000000005,66.82000000000001,7.830000000000001,6.70581054,40.0,34.374231,109.241228,Tong_YellowRiver,,,,1.460179755,0.0026400226647258214,11,0.04548747920215799,0.41342712178615193,0.3380818580113408,1.9261156821675467,0.13047571425406956,0.0015293841033122571,undisturbed,Tong et al. (2024): undisturbed cores for Ks and bulk density; retention taken to be on the same cores
TG_39_5,TG_39,silt loam,0.2024986658670098,1.3994295753555157,0.0734121923073141,0.3826664837513334,36.830000000000005,57.18000000000001,5.990000000000001,13.702067099999999,100.0,34.374231,109.241228,Tong_YellowRiver,,,,1.556440013,0.0020827664864012064,11,0.05420715065674466,0.3802531338473072,0.27523980594833075,1.8137738783694375,0.17552165739850678,0.0013102086059265132,undisturbed,Tong et al. (2024): undisturbed cores for Ks and bulk density; retention taken to be on the same cores
TG_39_10,TG_39,silt loam,0.36177099105979316,1.224455180955729,0.07006550839647334,0.42116464318778607,27.837216278372164,63.7036296370363,8.459154084591542,7.7971776,200.0,34.374231,109.241228,Tong_YellowRiver,,,,1.497381787,0.003710323284402186,11,1.5171246593629566e-20,0.417080586893047,0.5971040293580482,2.391457608519169,0.06163216618922909,0.0017564496505761205,undisturbed,Tong et al. (2024): undisturbed cores for Ks and bulk density; retention taken to be on the same cores
TG_39_15,TG_39,silt loam,0.12499323802186045,1.4646339059679392,0.0995299947780468,0.47799206591214904,19.661966196619662,74.05740574057405,6.280628062806281,7.40537622,300.0,34.374231,109.241228,Tong_YellowRiver,,,,1.321834699,0.0014317188933206837,11,0.089560908357867,0.47662203466835457,0.14604597351059956,1.6345716747111365,0.2535277470911321,0.0010877542671855105,undisturbed,Tong et al. (2024): undisturbed cores for Ks and bulk density; retention taken to be on the same cores
TG_39_20,TG_39,silt loam,0.11228231511086692,1.5248546872292463,0.10366647935340091,0.5035927201335603,20.31203120312031,73.55735573557357,6.130613061306131,2.9396299200000002,400.0,34.374231,109.241228,Tong_YellowRiver,,,,1.225806954,0.00130725368278053,11,0.09691402735400444,0.502464883776626,0.1263619063647106,1.656511640557995,0.29082940522852213,0.0010399862472341933,undisturbed,Tong et al. (2024): undisturbed cores for Ks and bulk density; retention taken to be on the same cores
TG_39_25,TG_39,silt loam,0.1406180576401852,1.4547577673040573,0.1107236334769564,0.5174776710982868,22.57225722572257,70.42704270427042,7.000700070007,2.6403807,500.0,34.374231,109.241228,Tong_YellowRiver,,,,1.231619771,0.0018498356615435899,11,0.09748354599875186,0.515616166949154,0.16991767627748058,1.6722897161665804,0.23676997961373808,0.0013578735540708264,undisturbed,Tong et al. (2024): undisturbed cores for Ks and bulk density; retention taken to be on the same cores
TG_40_0,TG_40,loamy sand,0.4298133121982431,1.7054509031506777,0.04417148093255669,0.3497447106907708,71.71282871712829,26.63733626637336,1.6498350164983502,4.9297461600000005,5.0,38.806111,110.280556,Tong_YellowRiver,,,,1.526004268,0.003796562476461458,11,0.03601494283295138,0.3452233552147827,0.6294174067293611,2.8249807496484873,0.19411203322032583,0.001495400240777236,undisturbed,Tong et al. (2024): undisturbed cores for Ks and bulk density; retention taken to be on the same cores
TG_40_1,TG_40,sand,0.7083908844740283,1.830420808738491,0.02876139295681296,0.31983667921013464,96.83031696830317,3.04969503049695,0.11998800119988001,6.7939077,20.0,38.806111,110.280556,Tong_YellowRiver,,,,1.66225671,0.00731063562526215,11,0.025000736075397895,0.3132036422111478,1.1594741290241866,10.99926902954331,0.05597047030140251,5.128159149561333e-05,undisturbed,Tong et al. (2024): undisturbed cores for Ks and bulk density; retention taken to be on the same cores
TG_40_2,TG_40,sand,0.5829736980594576,1.9738474727179933,0.05749194768376592,0.37549129778325185,95.12097580483903,4.519096180763847,0.3599280143971206,10.06357614,40.0,38.806111,110.280556,Tong_YellowRiver,,,,1.712014428,0.011923458630039364,11,0.05597187459053755,0.3644688235483884,0.9383668712056078,10.99999999999992,0.06470473001969876,0.0020104344658582072,undisturbed,Tong et al. (2024): undisturbed cores for Ks and bulk density; retention taken to be on the same cores
TG_40_5,TG_40,sand,0.5814128868386463,1.8360324074417314,0.03722027336056636,0.3587046976875728,87.96879687968799,10.431043104310433,1.6001600160016005,14.26829862,100.0,38.806111,110.280556,Tong_YellowRiver,,,,1.701318844,0.011577470046573717,11,0.03340367264910131,0.3477924976409152,0.9471684860066644,10.999999999999979,0.05593007572808688,0.0019175347139643616,undisturbed,Tong et al. (2024): undisturbed cores for Ks and bulk density; retention taken to be on the same cores
TG_40_10,TG_40,loamy sand,0.39391098926171403,1.539592305070408,0.04711957584450648,0.3012676590245217,82.75,14.81,2.44,7.1766102,200.0,38.806111,110.280556,Tong_YellowRiver,,,,1.789417739,0.004142202839950712,11,0.029952135974780445,0.29623360361547474,0.6716940685222621,3.7447653455007246,0.09975958815754633,0.0016154702912250228,undisturbed,Tong et al. (2024): undisturbed cores for Ks and bulk density; retention taken to be on the same cores
TG_40_15,TG_40,sand,0.5405290225551823,1.5133550831761973,0.05066615898223239,0.27425458732916574,87.52,10.53,1.95,23.2881204,300.0,38.806111,110.280556,Tong_YellowRiver,,,,1.81708675,0.0059141509431979,11,0.03342556908993942,0.26781998380889466,0.9611192337125495,10.999999996387864,0.031231978746408245,0.00047917427637664067,undisturbed,Tong et al. (2024): undisturbed cores for Ks and bulk density; retention taken to be on the same cores
TG_40_20,TG_40,sand,0.5871864593935356,1.7688266708079072,0.03573482922418695,0.30519295648532635,100.0,0.0,0.0,8.1320346,400.0,38.806111,110.280556,Tong_YellowRiver,,,,1.699900349,0.009285731410708101,11,0.030903555930467737,0.29620603873232654,0.964282460550261,10.999999999999998,0.051258482730624715,0.0014133656147587476,undisturbed,Tong et al. (2024): undisturbed cores for Ks and bulk density; retention taken to be on the same cores
TG_40_25,TG_40,sand,0.5817695198460539,1.7129748679931658,0.033655048422040354,0.357558637962664,98.87,1.13,0.0,6.6258164399999995,500.0,38.806111,110.280556,Tong_YellowRiver,,,,1.614800701,0.010680736215970328,11,0.025060785163056435,0.34701605199103047,0.9687933269626802,10.999999999999977,0.046857787409736444,0.0015173359147599038,undisturbed,Tong et al. (2024): undisturbed cores for Ks and bulk density; retention taken to be on the same cores
TG_41_0,TG_41,silt loam,0.2599181049030371,1.6822656327695942,0.07643464192170746,0.5913426851796436,34.88,61.63999999999999,3.4799999999999995,14.606001780000001,5.0,37.426667,110.240556,Tong_YellowRiver,,,,1.068628369,0.0008455428068245612,11,0.07453781068837069,0.5903099229374652,0.274756200225507,1.7612175177110758,0.37371402713672647,0.0005210242425541578,undisturbed,Tong et al. (2024): undisturbed cores for Ks and bulk density; retention taken to be on the same cores
TG_41_1,TG_41,silt loam,0.11937601404009338,1.7964368452011612,0.08702953676053275,0.4993786675415238,15.11,78.61,6.28,3.5975869200000004,20.0,37.426667,110.240556,Tong_YellowRiver,,,,1.34601602,0.0011774180028727103,11,0.08503600839982452,0.4985530830972246,0.12769894197359674,1.8947367748869284,0.4004790243081089,0.0009927972250501707,undisturbed,Tong et al. (2024): undisturbed cores for Ks and bulk density; retention taken to be on the same cores
TG_41_2,TG_41,silt loam,0.10036771790394969,1.8658010771404032,0.04736657053654851,0.4626661425683636,20.882088208820882,73.04730473047304,6.07060706070607,3.67107684,40.0,37.426667,110.240556,Tong_YellowRiver,,,,1.42181516,0.0034110900981508194,11,0.052142291064344475,0.46524389071289646,0.08071703388306346,1.617695465870004,0.6243240550303726,0.0029293867422406786,undisturbed,Tong et al. (2024): undisturbed cores for Ks and bulk density; retention taken to be on the same cores
TG_41_5,TG_41,silt loam,0.09405549754307253,1.8756469970151433,0.0708038228620608,0.4765376458166658,20.65793420657934,73.94260573942606,5.3994600539946,2.83533072,100.0,37.426667,110.240556,Tong_YellowRiver,,,,1.331600232,0.005004633881673528,11,0.07763316533805889,0.4804813354924994,0.06619306152222262,1.51707820091741,0.7380750933783293,0.004312582317545224,undisturbed,Tong et al. (2024): undisturbed cores for Ks and bulk density; retention taken to be on the same cores
TG_41_10,TG_41,silt loam,0.08949279864511984,1.816726612838421,0.06688873701693074,0.5251382534097189,21.24,73.26,5.5,2.51044014,200.0,37.426667,110.240556,Tong_YellowRiver,,,,1.370197341,0.001108649582979036,11,0.06505637326298346,0.5245281666321143,0.09425424919581692,1.888811772133914,0.4160739179333761,0.0009818691351848833,undisturbed,Tong et al. (2024): undisturbed cores for Ks and bulk density; retention taken to be on the same cores
TG_41_15,TG_41,silt loam,0.11380719699332151,1.5708562808383382,0.015556312030356066,0.4893995148455266,17.023404680936185,76.43528705741149,6.54130826165233,49.62627978,300.0,37.426667,110.240556,Tong_YellowRiver,,,,1.34950371,0.0016740754495567787,11,0.008673518292706787,0.48801546102843535,0.12778768561377724,1.708196325732919,0.3075284508752856,0.0013482980607387807,undisturbed,Tong et al. (2024): undisturbed cores for Ks and bulk density; retention taken to be on the same cores
TG_41_20,TG_41,silt,0.11150252632614058,1.5513708801818935,0.04442350757961323,0.49911555350766157,12.19,80.51,7.3,1.7498883600000001,400.0,37.426667,110.240556,Tong_YellowRiver,,,,1.36066432,0.001464782819229283,11,0.03778410514856167,0.49788741366970735,0.12450354649587664,1.6774856871625912,0.3035773227589139,0.0011767983498375998,undisturbed,Tong et al. (2024): undisturbed cores for Ks and bulk density; retention taken to be on the same cores
TG_41_25,TG_41,silt loam,0.09983149136838243,1.4765525143163092,0.038931239837200336,0.5020222165855474,17.48,76.11,6.41,1.6649976,500.0,37.426667,110.240556,Tong_YellowRiver,,,,1.4536694,0.0014066055149600661,11,0.02918635204765319,0.5008328244223603,0.11274878989588777,1.6002139854052402,0.27179814830795407,0.0011297379297914355,undisturbed,Tong et al. (2024): undisturbed cores for Ks and bulk density; retention taken to be on the same cores
TG_42_0,TG_42,silt loam,0.14273817643439737,1.585980542195739,0.09396329645271084,0.5035958064028668,28.434313137372524,65.66686662667466,5.898820235952809,1.31681814,5.0,36.461389,110.759167,Tong_YellowRiver,,,,1.350666274,0.0017514593108265083,11,0.08756534749027045,0.5019812036607226,0.16399511335434946,1.7663003435328664,0.30107459705777595,0.001342806910882736,undisturbed,Tong et al. (2024): undisturbed cores for Ks and bulk density; retention taken to be on the same cores
TG_42_1,TG_42,silt loam,0.11564382141451224,1.6919152985727761,0.07581312803269957,0.4746004338789045,28.847115288471148,64.97350264973501,6.179382061793819,5.191488479999999,20.0,36.461389,110.759167,Tong_YellowRiver,,,,1.23836264,0.001038012626926717,11,0.07326297468304965,0.47380858877353355,0.12416794181545164,1.7848664981425815,0.36860287731977753,0.0008588216795087593,undisturbed,Tong et al. (2024): undisturbed cores for Ks and bulk density; retention taken to be on the same cores
TG_42_2,TG_42,silt loam,0.131535510538847,1.6718994960167795,0.08179824117364179,0.47627602426997934,23.314662932586515,69.73394678935787,6.9513902780556105,4.42065498,40.0,36.461389,110.759167,Tong_YellowRiver,,,,1.219529111,0.001370388985054405,11,0.07824557738605158,0.4751387761644669,0.14515499858677655,1.8048496996121512,0.34743438146088657,0.0010993302108536689,undisturbed,Tong et al. (2024): undisturbed cores for Ks and bulk density; retention taken to be on the same cores
TG_42_5,TG_42,silt loam,0.07638435317467353,1.8824463102186744,0.09890857552992317,0.5008842690646603,19.03,74.57,6.4,4.09905528,100.0,36.461389,110.759167,Tong_YellowRiver,,,,1.342063304,0.0010569645594200496,11,0.09746329235510164,0.5004165512123648,0.08019103521913389,1.9523213356911624,0.4354300855229493,0.0009631294615750424,undisturbed,Tong et al. (2024): undisturbed cores for Ks and bulk density; retention taken to be on the same cores
TG_42_10,TG_42,silt loam,0.18035013837851105,1.4267606925288985,0.08988120135173505,0.545606242824525,14.712942588517702,75.77515503100621,9.511902380476094,4.3355839199999995,200.0,36.461389,110.759167,Tong_YellowRiver,,,,1.218366548,0.00048606016884243295,11,0.08617966885114448,0.5450018759791944,0.19014495423457398,1.479211761312718,0.2781974788209324,0.0003161973681113464,undisturbed,Tong et al. (2024): undisturbed cores for Ks and bulk density; retention taken to be on the same cores
TG_42_15,TG_42,silt loam,0.11631949234637279,1.727437706970905,0.06857786955975946,0.4753144773707684,26.68,66.45,6.87,4.00820358,300.0,36.461389,110.759167,Tong_YellowRiver,,,,1.352991401,0.004884360975259152,11,0.0787348041092534,0.48055618685777546,0.07394583443362274,1.3412884715775983,0.7280564817259566,0.003879217589400807,undisturbed,Tong et al. (2024): undisturbed cores for Ks and bulk density; retention taken to be on the same cores
TG_42_20,TG_42,silt loam,0.11596158507088987,1.5576782238117763,0.11746248568809083,0.4469742115384082,17.01,74.99,8.0,3.12919716,400.0,36.461389,110.759167,Tong_YellowRiver,,,,1.373685031,0.001261120843563049,11,0.11196533297454382,0.4459143809988686,0.1318150929421323,1.7096405632799812,0.29748328181218064,0.0010084117266994715,undisturbed,Tong et al. (2024): undisturbed cores for Ks and bulk density; retention taken to be on the same cores
TG_42_25,TG_42,silt loam,0.10369851043223989,1.982058524469808,0.0742308942641098,0.49107593316401477,24.80751924807519,69.03309669033098,6.15938406159384,15.568108739999998,500.0,36.461389,110.759167,Tong_YellowRiver,,,,1.323694801,0.000975967023300884,11,0.07522646423980478,0.49165669030681325,0.09886019175395379,1.9112005220667112,0.5326242864484516,0.0008609928826693475,undisturbed,Tong et al. (2024): undisturbed cores for Ks and bulk density; retention taken to be on the same cores
TG_43_0,TG_43,silt loam,0.2780970875358325,1.5299713049681998,0.1472320718529569,0.5425440828024343,25.07,68.33,6.6,13.928229420000001,5.0,36.038333,110.1175,Tong_YellowRiver,,,,1.343225867,0.0037295460427129823,11,0.13154976010686198,0.5382412496428373,0.38644957673455393,2.139231398292324,0.19825064420020677,0.002132316440569863,undisturbed,Tong et al. (2024): undisturbed cores for Ks and bulk density; retention taken to be on the same cores
TG_43_1,TG_43,silt loam,0.25046930871999923,1.5861336902229266,0.14761863276470039,0.5505182047286042,25.59255925592559,67.87678767876787,6.53065306530653,10.567268460000001,20.0,36.038333,110.1175,Tong_YellowRiver,,,,1.301606094,0.0032171476470304683,11,0.13686845399901423,0.546893710251469,0.3257845472031358,2.0409134891831076,0.24063892352583244,0.001996049458061675,undisturbed,Tong et al. (2024): undisturbed cores for Ks and bulk density; retention taken to be on the same cores
TG_43_2,TG_43,silt loam,0.2405117852703059,1.4772759215570725,0.1422299810164294,0.538488999945875,19.25,71.31,9.44,5.07864984,40.0,36.038333,110.1175,Tong_YellowRiver,,,,1.391821022,0.00035400352047919406,11,0.14406475516682804,0.5389618333966355,0.23053303294165467,1.4349851262837903,0.3416698889889732,0.00020560333266270685,undisturbed,Tong et al. (2024): undisturbed cores for Ks and bulk density; retention taken to be on the same cores
TG_43_5,TG_43,silt,0.2926137164163883,1.3367229914455554,0.14703768775901427,0.5215155326992069,8.469153084691532,80.10198980101991,11.428857114288572,3.7681285200000003,100.0,36.038333,110.1175,Tong_YellowRiver,,,,1.371359904,0.003361155519839797,11,0.10310292116362316,0.5173566674290566,0.4578041181392837,2.1201842986194506,0.11237895423610413,0.0016565498012352008,undisturbed,Tong et al. (2024): undisturbed cores for Ks and bulk density; retention taken to be on the same cores
TG_43_10,TG_43,silt loam,0.11019240621371287,1.4835333808758804,0.1910076825837517,0.5497654095110901,16.84,73.96,9.2,1.2824632200000001,200.0,36.038333,110.1175,Tong_YellowRiver,,,,1.442043765,0.0010819874158630428,11,0.18400971902207536,0.5487986651918121,0.12423966327389273,1.609385471098478,0.2750260788943765,0.00085179187235998,undisturbed,Tong et al. (2024): undisturbed cores for Ks and bulk density; retention taken to be on the same cores
TG_43_15,TG_43,silt loam,0.11915968965135496,1.3916327628378993,0.18716735426147615,0.5360627809400403,22.0,70.97,7.03,1.1661258,300.0,36.038333,110.1175,Tong_YellowRiver,,,,1.481570924,0.0011196925146594243,11,0.1747076743808637,0.5349336839168791,0.14000444724085012,1.5476052067663857,0.22336401393177321,0.0008346621211421982,undisturbed,Tong et al. (2024): undisturbed cores for Ks and bulk density; retention taken to be on the same cores
TG_43_20,TG_43,silt loam,0.13167310230194676,1.3265805650150604,0.16866314924394507,0.5493280253961175,27.717228277172286,64.54354564543546,7.739226077392262,1.73979654,400.0,36.038333,110.1175,Tong_YellowRiver,,,,1.440881201,0.001562421614691839,11,0.14099360106141723,0.5476383113739883,0.16798463450240933,1.5627542411049076,0.17057150002148813,0.001103428029706481,undisturbed,Tong et al. (2024): undisturbed cores for Ks and bulk density; retention taken to be on the same cores
TG_43_25,TG_43,silt loam,0.11752594185077392,1.4893033580613997,0.17776043503879924,0.5563591233470925,12.08120812081208,78.2078207820782,9.710971097109711,1.73456388,500.0,36.038333,110.1175,Tong_YellowRiver,,,,1.40112153,0.0011277334378998975,11,0.17082564155603072,0.5553161578056354,0.13221826485967342,1.61542297627638,0.2780189166240047,0.0008755547128579659,undisturbed,Tong et al. (2024): undisturbed cores for Ks and bulk density; retention taken to be on the same cores
TG_44_0,TG_44,silt loam,0.25424911976217146,1.3389815126582896,0.075758932730574,0.46445075156218696,40.59188162367526,54.00919816036792,5.398920215956808,3.52082382,5.0,35.082778,109.923889,Tong_YellowRiver,,,,1.402749119,0.0034743853451200883,11,0.02892905854368094,0.46027384643166547,0.3957431321136014,2.0710328458846856,0.11543809805632492,0.0018903486898593329,undisturbed,Tong et al. (2024): undisturbed cores for Ks and bulk density; retention taken to be on the same cores
TG_44_1,TG_44,silt loam,0.15487783935837748,1.2222280034820427,0.04217558508495308,0.3773182549984132,15.551555155515553,74.85748574857485,9.590959095909591,4.17603126,20.0,35.082778,109.923889,Tong_YellowRiver,,,,1.545744429,0.0015743017217536065,11,8.698062221592477e-08,0.3757399577828638,0.20484190013246104,1.4975234274234734,0.11444036186701255,0.0010768732365010346,undisturbed,Tong et al. (2024): undisturbed cores for Ks and bulk density; retention taken to be on the same cores
TG_44_2,TG_44,silt loam,0.17934330797405498,1.2242804856599423,0.051251333658130956,0.3592952767152576,41.04589541045896,52.54474552544746,6.409359064093591,2.58757158,40.0,35.082778,109.923889,Tong_YellowRiver,,,,1.595269634,0.0016899676832180428,11,2.6322978204025875e-17,0.3574582458995409,0.254418988342759,1.6050571596578314,0.10023027566979614,0.0010636380413895567,undisturbed,Tong et al. (2024): undisturbed cores for Ks and bulk density; retention taken to be on the same cores
TG_44_5,TG_44,silt loam,0.17066033974595993,1.4096138714227626,0.11839700504513806,0.40242207982691197,26.014797040591883,68.53629274145172,5.448910217956409,6.642702,100.0,35.082778,109.923889,Tong_YellowRiver,,,,1.493429072,0.0016567266962273835,11,0.10347003996113809,0.4006002555067401,0.22211940803662822,1.7347088599938014,0.1940871789781756,0.0011219641554721285,undisturbed,Tong et al. (2024): undisturbed cores for Ks and bulk density; retention taken to be on the same cores
TG_44_10,TG_44,silt loam,0.10495757605986979,1.6803855708353597,0.10642842015388616,0.4916890722321418,12.17,79.95,7.88,6.87189888,200.0,35.082778,109.923889,Tong_YellowRiver,,,,1.263241499,0.0009759818155198275,11,0.10387483070945079,0.49098603312417743,0.11247347499340822,1.7678362550466138,0.3662694233996195,0.0008204191745584944,undisturbed,Tong et al. (2024): undisturbed cores for Ks and bulk density; retention taken to be on the same cores
TG_44_15,TG_44,silt loam,0.10851472665391042,1.530057929260881,0.12006774690493101,0.5114787550205397,15.741574157415743,77.00770077007701,7.250725072507251,5.03534232,300.0,35.082778,109.923889,Tong_YellowRiver,,,,1.299048454,0.0011037384558757939,11,0.11447198454612534,0.5105396797906806,0.12011443777663154,1.641214577996446,0.30004176348283157,0.0008848875141067859,undisturbed,Tong et al. (2024): undisturbed cores for Ks and bulk density; retention taken to be on the same cores
TG_44_20,TG_44,silt loam,0.14734690537320275,1.5694144537459271,0.11322434274839632,0.5260645282774542,13.62136213621362,79.36793679367936,7.01070107010701,5.520062340000001,400.0,35.082778,109.923889,Tong_YellowRiver,,,,1.21859906,0.000743272375627506,11,0.11033880010419639,0.5253098721471762,0.15712907390548833,1.6449213613381284,0.33126388373134114,0.0005551026140994166,undisturbed,Tong et al. (2024): undisturbed cores for Ks and bulk density; retention taken to be on the same cores
TG_44_25,TG_44,silt loam,0.1291375260239787,1.3619857401053814,0.04956781043359224,0.5022781721195668,16.96169616961696,73.94739473947394,9.09090909090909,4.45954386,500.0,35.082778,109.923889,Tong_YellowRiver,,,,1.299280967,0.0012128671717002387,11,0.03347873988770811,0.5009539718424721,0.1499406322403608,1.5003520150444483,0.21473180334971675,0.0008688505262551475,undisturbed,Tong et al. (2024): undisturbed cores for Ks and bulk density; retention taken to be on the same cores
TG_45_0,TG_45,sandy loam,0.33971536266853586,1.6888916886543641,0.07452510725880211,0.4386928915045708,50.2950295029503,46.034603460346034,3.6703670367036705,6.17707476,5.0,40.313853,111.718836,Tong_YellowRiver,,,,1.444833917,0.005170491979275655,11,0.06262310747083442,0.4332122011850526,0.5067324470099922,2.7968381927497115,0.18756405548727395,0.002796844542424556,undisturbed,Tong et al. (2024): undisturbed cores for Ks and bulk density; retention taken to be on the same cores
TG_45_1,TG_45,sandy loam,0.21727699832802155,1.519184823547573,0.08186149811681523,0.37267476429549296,47.63,47.82,4.55,5.43275664,20.0,40.313853,111.718836,Tong_YellowRiver,,,,1.674556465,0.002204041362757486,11,0.0716319742526135,0.3702322178346768,0.28517702571325293,1.9437259698929314,0.22141135172325227,0.0014254456041171214,undisturbed,Tong et al. (2024): undisturbed cores for Ks and bulk density; retention taken to be on the same cores
TG_45_2,TG_45,sandy loam,0.3021195439136576,1.568153550273021,0.07258516538167913,0.391131956555496,54.78,41.61,3.61,10.94494566,40.0,40.313853,111.718836,Tong_YellowRiver,,,,1.568065648,0.0038371337671629082,11,0.05900297285778241,0.38689236535124083,0.44331007327058164,2.423030488048906,0.18072717060735477,0.0021393976428167663,undisturbed,Tong et al. (2024): undisturbed cores for Ks and bulk density; retention taken to be on the same cores
TG_45_5,TG_45,sandy loam,0.36353399589856444,1.5765778635109329,0.08221388559626357,0.3666988638295382,60.28794241151769,36.12277544491102,3.5892821435712854,12.03425268,100.0,40.313853,111.718836,Tong_YellowRiver,,,,1.570390775,0.004534699255854563,11,0.06610920360805936,0.3615951095221647,0.5981214392194659,3.2722055859115913,0.1252612151143948,0.0021057278210061224,undisturbed,Tong et al. (2024): undisturbed cores for Ks and bulk density; retention taken to be on the same cores
TG_45_10,TG_45,sandy loam,0.38924460646564796,1.5248943821402356,0.06571637352763544,0.3591230818677402,64.48,31.39,4.13,10.02706308,200.0,40.313853,111.718836,Tong_YellowRiver,,,,1.719896441,0.005128564116217294,11,0.042311681092945155,0.3527756474857623,0.6904190428483565,4.523612375277896,0.07753439046037748,0.0019600316239980486,undisturbed,Tong et al. (2024): undisturbed cores for Ks and bulk density; retention taken to be on the same cores
TG_45_15,TG_45,loamy sand,0.5792333414803931,1.92702301016655,0.0537885487781711,0.3954788049061866,77.1754350870174,18.373674734946988,4.450890178035607,87.22479372000001,300.0,40.313853,111.718836,Tong_YellowRiver,,,,1.52342321,0.0125874048039722,11,0.05140146968776033,0.3836863101262753,0.936422053801883,10.999999999999998,0.06173016489869452,0.002060242999787365,undisturbed,Tong et al. (2024): undisturbed cores for Ks and bulk density; retention taken to be on the same cores
TG_45_20,TG_45,silt loam,0.04464643502454487,1.1745306319788111,6.83118280159335e-10,0.4023122929630926,13.17,71.82,15.01,0.50372286,400.0,40.313853,111.718836,Tong_YellowRiver,,,,1.674788977,0.0011445386426489823,11,0.06581972502633206,0.40359227506176976,0.030178089628112664,1.0100002591092296,0.25162031964411996,0.000849459980051073,undisturbed,Tong et al. (2024): undisturbed cores for Ks and bulk density; retention taken to be on the same cores
TG_45_25,TG_45,silt loam,0.1540951896959178,1.2849277372011847,0.011858279661761097,0.45164563829228344,22.89,65.41,11.7,2.2492519800000004,500.0,40.313853,111.718836,Tong_YellowRiver,,,,1.568530674,0.001306432655009706,11,3.8565946330224125e-12,0.45042708896470507,0.17271737172367085,1.4006486907844153,0.18749114871299669,0.0009767605369094643,undisturbed,Tong et al. (2024): undisturbed cores for Ks and bulk density; retention taken to be on the same cores
TG_46_1,TG_46,loamy sand,0.3393637651202202,1.714591184285449,0.0671231435135765,0.36925072448905216,85.61143885611439,12.788721127887213,1.5998400159984003,11.5643007,20.0,39.7875,111.064444,Tong_YellowRiver,,,,1.518540443,0.0042645422561263975,11,0.05807530332012836,0.3647731986140612,0.5010342517983352,2.794796967795899,0.1958831701285737,0.0023405174296583222,undisturbed,Tong et al. (2024): undisturbed cores for Ks and bulk density; retention taken to be on the same cores
TG_46_2,TG_46,loamy sand,0.4123131098430608,1.8536224774412555,0.03808764252454791,0.4062299449575248,82.93829382938293,15.28152815281528,1.78017801780178,42.59658822,40.0,39.7875,111.064444,Tong_YellowRiver,,,,1.531096129,0.006974802256521691,11,0.028500217027134626,0.3973344096108106,0.6715847327119845,5.1150952567712356,0.11864269607610374,0.0028259059531007425,undisturbed,Tong et al. (2024): undisturbed cores for Ks and bulk density; retention taken to be on the same cores
TG_46_5,TG_46,sand,0.45436029667298267,1.8208768717431603,0.03458728532833188,0.3559230732976846,93.48130373925216,6.26874625074985,0.2499500099980004,26.24754624,100.0,39.7875,111.064444,Tong_YellowRiver,,,,1.630379052,0.007314741353554018,11,0.025824025988762014,0.3454072071355639,0.7507545008560331,10.987906157950851,0.05257976213462187,0.001728566162490301,undisturbed,Tong et al. (2024): undisturbed cores for Ks and bulk density; retention taken to be on the same cores
TG_46_10,TG_46,sand,0.4247920759314953,1.8096001585045405,0.027503672143356857,0.3832737062160072,90.49809961992398,8.661732346469293,0.8401680336067213,33.2229594,200.0,39.7875,111.064444,Tong_YellowRiver,,,,1.573645953,0.005395519997489793,11,0.018671105896130663,0.3767273904921821,0.6479282805473608,3.4778654465149517,0.17417068036568756,0.00215760820855733,undisturbed,Tong et al. (2024): undisturbed cores for Ks and bulk density; retention taken to be on the same cores
TG_46_15,TG_46,sand,0.315945212564945,1.862372493259043,0.03570795333781504,0.40310424975242687,89.27107289271072,9.43905609439056,1.28987101289871,35.86721376,300.0,39.7875,111.064444,Tong_YellowRiver,,,,1.540396637,0.004207456397911553,11,0.029937236887695062,0.39890286120857626,0.4202177390989292,2.571850886176332,0.2741214044668759,0.0026112418990883388,undisturbed,Tong et al. (2024): undisturbed cores for Ks and bulk density; retention taken to be on the same cores
TG_46_20,TG_46,silt loam,0.08659972965644205,1.7397591877129683,0.09226597257112898,0.46141924168149656,18.45,71.86,9.69,7.3616124,400.0,39.7875,111.064444,Tong_YellowRiver,,,,1.483198513,0.0014633325678181527,11,0.09543055194755794,0.46242881132117875,0.07765824388418259,1.620610308396825,0.49332381984038154,0.001267485043086785,undisturbed,Tong et al. (2024): undisturbed cores for Ks and bulk density; retention taken to be on the same cores
TG_46_25,TG_46,silt loam,0.27303395529813695,1.5142381381017398,0.02902632222825711,0.4107762484398171,39.34393439343935,53.5053505350535,7.15071507150715,61.2404697,500.0,39.7875,111.064444,Tong_YellowRiver,,,,1.613173112,0.0036204641272739166,11,0.01256382885619415,0.4066013461731909,0.3824572400149866,2.1317892290353133,0.19168915389636193,0.0020784016889964442,undisturbed,Tong et al. (2024): undisturbed cores for Ks and bulk density; retention taken to be on the same cores
TG_47_0,TG_47,sandy loam,0.1664735575467543,2.226429544375214,0.018062811197423603,0.39879590441201523,62.25377462253774,35.91640835916408,1.8298170182981701,9.61406124,5.0,39.241944,111.620556,Tong_YellowRiver,,,,1.439253612,0.0007746076776996647,11,0.017590108108840277,0.3983180377315647,0.1726766034839575,2.300684398475907,0.517339815676732,0.0006668282175461554,undisturbed,Tong et al. (2024): undisturbed cores for Ks and bulk density; retention taken to be on the same cores
TG_47_1,TG_47,loamy sand,0.29137698108986587,1.7803175937531361,0.059457208314784196,0.4151000235447246,76.02,22.53,1.45,12.734675039999999,20.0,39.241944,111.620556,Tong_YellowRiver,,,,1.367407188,0.003784642702681014,11,0.0530688831243666,0.41120799986388984,0.38499297585849385,2.4097010014683793,0.26718817826594626,0.0023767954303854323,undisturbed,Tong et al. (2024): undisturbed cores for Ks and bulk density; retention taken to be on the same cores
TG_47_2,TG_47,sandy loam,0.26989244811012675,1.7598109439088598,0.05772831631114992,0.45623340164573206,55.21,41.6,3.19,22.44990546,40.0,39.241944,111.620556,Tong_YellowRiver,,,,1.459482217,0.0037650797096722174,11,0.05096582526970108,0.45232214804555226,0.347648691507318,2.2894043149708274,0.2789491511749574,0.0024325268859150756,undisturbed,Tong et al. (2024): undisturbed cores for Ks and bulk density; retention taken to be on the same cores
TG_47_5,TG_47,silt loam,0.13411436026034104,1.7597435050125387,0.07663652063255584,0.46227154613153437,32.03679632036796,62.413758624137586,5.54944505549445,4.942805160000001,100.0,39.241944,111.620556,Tong_YellowRiver,,,,1.448321608,0.0012456574547746173,11,0.07429348240765703,0.4612986389346999,0.14552718475416582,1.8786696695634426,0.38173601928958867,0.001018065756843698,undisturbed,Tong et al. (2024): undisturbed cores for Ks and bulk density; retention taken to be on the same cores
TG_47_10,TG_47,silt loam,0.09334322140461052,1.7894000655505873,0.09024367591559648,0.47321921381749016,24.36756324367563,68.34316568343165,7.28927107289271,2.8243104600000004,200.0,39.241944,111.620556,Tong_YellowRiver,,,,1.455762014,0.001000561464204663,11,0.08844421471914034,0.47263421984957255,0.09898275981564729,1.8699843111690706,0.4043081981426728,0.0008771209978686851,undisturbed,Tong et al. (2024): undisturbed cores for Ks and bulk density; retention taken to be on the same cores
TG_47_15,TG_47,silt loam,0.10498126781216612,1.572443899121903,0.09243750022710036,0.48451014323398534,23.35532893421316,68.05638872225555,8.588282343531294,1.8488864999999999,300.0,39.241944,111.620556,Tong_YellowRiver,,,,1.484826102,0.0011857284047494068,11,0.08750665025572911,0.4835694631609515,0.11589826310978876,1.6858489787536626,0.3161286055113254,0.0009704317833086515,undisturbed,Tong et al. (2024): undisturbed cores for Ks and bulk density; retention taken to be on the same cores
TG_47_20,TG_47,silt loam,0.11006978950428863,1.6906471986086442,0.09377318627322583,0.4665622295030236,25.259999999999998,67.04,7.699999999999999,3.00511494,400.0,39.241944,111.620556,Tong_YellowRiver,,,,1.492266508,0.0008850575729754514,11,0.09156791997271427,0.46590595329783485,0.1174214748286445,1.7736781512700661,0.3718720501945492,0.0007387790294605321,undisturbed,Tong et al. (2024): undisturbed cores for Ks and bulk density; retention taken to be on the same cores
TG_47_25,TG_47,silt loam,0.05500970092419827,1.9875642030985796,0.14178626005416622,0.4492648029548539,24.09,68.97,6.94,1.9387861200000003,500.0,39.241944,111.620556,Tong_YellowRiver,,,,1.50877491,0.004742844322821901,11,0.14701971915399534,0.45145556935175574,0.039538108323364705,1.6350153862086927,0.7786750721984245,0.004395547140853585,undisturbed,Tong et al. (2024): undisturbed cores for Ks and bulk density; retention taken to be on the same cores
TG_48_0,TG_48,silt loam,0.18619038685659034,1.7090877379451697,0.06313624380142803,0.4371987288065885,36.12638736126388,58.52414758524148,5.349465053494651,5.7216384,5.0,38.503056,110.908611,Tong_YellowRiver,,,,1.411584601,0.0019894833617882866,11,0.05880028855793325,0.43528057488118865,0.21635943046497183,1.9474933286863403,0.32844314401120567,0.0014662099064039083,undisturbed,Tong et al. (2024): undisturbed cores for Ks and bulk density; retention taken to be on the same cores
TG_48_1,TG_48,silt loam,0.16324601204762149,1.7888898332213348,0.0698177944666676,0.44219392964084464,24.67,66.82,8.51,75.90710328,20.0,38.503056,110.908611,Tong_YellowRiver,,,,1.386240717,0.0014582089530969726,11,0.06735982904561291,0.44094257763061107,0.18034643726402194,1.9457977593851754,0.37810047562990845,0.0011456167618014732,undisturbed,Tong et al. (2024): undisturbed cores for Ks and bulk density; retention taken to be on the same cores
TG_48_2,TG_48,silt loam,0.16988343683576476,1.7382872802119644,0.06588482883789434,0.4290142969702332,27.477252274772525,65.34346565343465,7.179282071792821,15.38211678,40.0,38.503056,110.908611,Tong_YellowRiver,,,,1.405539271,0.0016132901367467384,11,0.06268680611631548,0.4275509260545758,0.19156990129240095,1.9243313099596517,0.3530348646896883,0.001235184240493006,undisturbed,Tong et al. (2024): undisturbed cores for Ks and bulk density; retention taken to be on the same cores
TG_48_5,TG_48,silt loam,0.15122482109614038,1.7954991033831824,0.08239251603814578,0.4772074623258026,20.327967203279673,72.04279572042796,7.629237076292371,9.98042442,100.0,38.503056,110.908611,Tong_YellowRiver,,,,1.402981631,0.001391787254187342,11,0.08008808612544516,0.4760716754358173,0.16505829291856985,1.9307153805200148,0.38736398299466884,0.0011171758285070867,undisturbed,Tong et al. (2024): undisturbed cores for Ks and bulk density; retention taken to be on the same cores
TG_48_10,TG_48,silt loam,0.11325228349632246,1.9076427645061267,0.08129734974895417,0.4687941136418227,17.271727172717274,71.92719271927193,10.801080108010801,135.59089494,200.0,38.503056,110.908611,Tong_YellowRiver,,,,1.350666274,0.0008340950025921728,11,0.08027784511967433,0.4682797927036878,0.11840236919708445,1.9771590179728409,0.44419979203887305,0.000723823922908532,undisturbed,Tong et al. (2024): undisturbed cores for Ks and bulk density; retention taken to be on the same cores
TG_48_15,TG_48,silt loam,0.15815818299965134,1.693570350490596,0.08252416129187023,0.4871385997652187,19.929999999999996,70.15,9.919999999999998,3.7851165,300.0,38.503056,110.908611,Tong_YellowRiver,,,,1.384148103,0.00315331973026751,11,0.08955252821512426,0.4908890847698224,0.11792504182708295,1.4111885846743009,0.5931314922588322,0.0023108662887218797,undisturbed,Tong et al. (2024): undisturbed cores for Ks and bulk density; retention taken to be on the same cores
TG_48_20,TG_48,silt loam,0.13453028197642894,1.717552331105423,0.07482802278995539,0.43626299840098137,32.15321532153215,60.396039603960396,7.450745074507451,6.8327457,400.0,38.503056,110.908611,Tong_YellowRiver,,,,1.548534581,0.0011704213712684923,11,0.0722787033283709,0.43531097781285283,0.14672853934028748,1.8393846935425584,0.36706449495723226,0.0009452350344618321,undisturbed,Tong et al. (2024): undisturbed cores for Ks and bulk density; retention taken to be on the same cores
TG_48_25,TG_48,silt loam,0.21163957775236236,1.4990726773896106,0.037497502567119034,0.49085549828952146,22.45,67.89,9.66,7.29478098,500.0,38.503056,110.908611,Tong_YellowRiver,,,,1.47180539,0.002553397932712735,11,0.024466828843016333,0.4879086374179772,0.2631629641029513,1.8020048303608343,0.2385586503230055,0.0016408018018282068,undisturbed,Tong et al. (2024): undisturbed cores for Ks and bulk density; retention taken to be on the same cores
TG_49_0,TG_49,silt loam,0.16468016712456962,1.6450883814972341,0.07779732272850008,0.4782298897383955,36.24362436243624,59.12591259125913,4.630463046304631,8.0078847,5.0,37.400556,111.175,Tong_YellowRiver,,,,1.212088705,0.0018878752489515363,11,0.07253410641175367,0.4764387789793954,0.18982421404137065,1.8490854865659077,0.31636597337389694,0.0014170420283187584,undisturbed,Tong et al. (2024): undisturbed cores for Ks and bulk density; retention taken to be on the same cores
TG_49_1,TG_49,silt loam,0.12497763997095747,1.724405805103736,0.0917460789909783,0.4948230285951202,21.11,73.08,5.81,15.3235956,20.0,37.400556,111.175,Tong_YellowRiver,,,,1.213716294,0.0011399452502487153,11,0.08929572361564429,0.4939377201229312,0.13464472252571608,1.8270042070945753,0.3761851566935592,0.0009363433434795929,undisturbed,Tong et al. (2024): undisturbed cores for Ks and bulk density; retention taken to be on the same cores
TG_49_2,TG_49,silt loam,0.12574466716527088,1.6674594639578952,0.09000585359956173,0.49483685306711583,16.29,77.27,6.44,13.59746172,40.0,37.400556,111.175,Tong_YellowRiver,,,,1.263706524,0.000357688500201647,11,0.09095275518414692,0.4951613377579754,0.12229997096798785,1.635171829928905,0.41603431561342646,0.0002851777492602573,undisturbed,Tong et al. (2024): undisturbed cores for Ks and bulk density; retention taken to be on the same cores
TG_49_5,TG_49,silt loam,0.12138684792717014,1.624123793719153,0.12024955565863353,0.5169788513573201,17.403480696139226,76.80536107221445,5.791158231646329,5.68910118,100.0,37.400556,111.175,Tong_YellowRiver,,,,1.326484953,0.0007023144271522326,11,0.11800948441594257,0.5163743264007,0.12833218677567884,1.6909172632277218,0.3550198238404272,0.0005627619592058378,undisturbed,Tong et al. (2024): undisturbed cores for Ks and bulk density; retention taken to be on the same cores
TG_49_10,TG_49,silt loam,0.08964039369490923,1.8817279244547547,0.10062881238401004,0.4909291957506848,18.809999999999995,75.14999999999999,6.039999999999999,25.216328400000002,200.0,37.400556,111.175,Tong_YellowRiver,,,,1.372289955,0.0007391372232585666,11,0.0996297180149752,0.4905446080195036,0.0930815531754598,1.9366249935171798,0.4425793067862677,0.000660496622076352,undisturbed,Tong et al. (2024): undisturbed cores for Ks and bulk density; retention taken to be on the same cores
TG_49_15,TG_49,silt loam,0.09647520631232344,1.886643234012945,0.09350435669241927,0.5029236434806517,17.42,76.24,6.34,3.60633222,300.0,37.400556,111.175,Tong_YellowRiver,,,,1.407864398,0.0019542691960253078,11,0.09609579235000941,0.5041985451802855,0.08628687731858664,1.744805252187678,0.5510802912868165,0.00170921387033795,undisturbed,Tong et al. (2024): undisturbed cores for Ks and bulk density; retention taken to be on the same cores
TG_49_20,TG_49,silt loam,0.1000361048736082,1.7970715725460038,0.08704209743179632,0.5040287844270892,17.73,76.53,5.74,7.9250093999999995,400.0,37.400556,111.175,Tong_YellowRiver,,,,1.378335285,0.0011457663363622613,11,0.08505342967458165,0.5033272055524942,0.10644317369063902,1.884434874235884,0.40420056091842427,0.000995551831476137,undisturbed,Tong et al. (2024): undisturbed cores for Ks and bulk density; retention taken to be on the same cores
TG_49_25,TG_49,silt loam,0.09976961167099961,1.6317407325149624,0.11332910969851613,0.5016141001249581,28.674265146970605,66.26674665066986,5.058988202359527,6.50388984,500.0,37.400556,111.175,Tong_YellowRiver,,,,1.383218052,0.0021579046219165014,11,0.12016872292593922,0.5035772792649986,0.08163365898900121,1.4467742326786472,0.500580307682915,0.0017644912427528553,undisturbed,Tong et al. (2024): undisturbed cores for Ks and bulk density; retention taken to be on the same cores
TG_50_0,TG_50,sandy loam,0.16562257115700002,1.4141306173703743,0.06951958223616905,0.42024036143216525,46.809999999999995,48.459999999999994,4.7299999999999995,8.090059740000001,5.0,37.003611,111.928611,Tong_YellowRiver,,,,1.262776473,0.001812431836749222,11,0.053600630661454124,0.41824404825562217,0.20947036066259633,1.69292834432663,0.20565806112505114,0.0012395693942292732,undisturbed,Tong et al. (2024): undisturbed cores for Ks and bulk density; retention taken to be on the same cores
TG_50_1,TG_50,silt loam,0.21697573478534554,1.4120629526483917,0.06899206489873434,0.45075768878976413,25.394921015796847,66.28674265146972,8.318336332733455,11.00837622,20.0,37.003611,111.928611,Tong_YellowRiver,,,,1.342993355,0.002902450659919745,11,0.04464781394949849,0.4473957235446594,0.30206169435046576,1.8951275717598475,0.17072441607023836,0.001785070277432644,undisturbed,Tong et al. (2024): undisturbed cores for Ks and bulk density; retention taken to be on the same cores
TG_50_2,TG_50,silt loam,0.2089072248168271,1.482047178627873,0.08413774071154538,0.40949697563300386,28.577142285771423,65.58344165583442,5.839416058394161,6.30775854,40.0,37.003611,111.928611,Tong_YellowRiver,,,,1.402981631,0.002338695316260353,11,0.07094175277237216,0.4068800401747306,0.27522990984677365,1.8890637970733177,0.21035729494033803,0.0015123955809259156,undisturbed,Tong et al. (2024): undisturbed cores for Ks and bulk density; retention taken to be on the same cores
TG_50_5,TG_50,silt loam,0.20783157134297456,1.4431155944505392,0.09279789791023844,0.4534419838888736,27.47,66.43,6.1,4.93274982,100.0,37.003611,111.928611,Tong_YellowRiver,,,,1.398796403,0.0025720915646785707,11,0.07476670406413798,0.4505151495073177,0.27894676066467605,1.8642283697346542,0.1925686750897783,0.0016365714690533492,undisturbed,Tong et al. (2024): undisturbed cores for Ks and bulk density; retention taken to be on the same cores
TG_50_10,TG_50,silt loam,0.15722001167515176,1.7150542152856947,0.09023754381241952,0.4838655620775303,15.41,78.26,6.33,8.317681619999998,200.0,37.003611,111.928611,Tong_YellowRiver,,,,1.205810862,0.0016755236553615898,11,0.08662077982897863,0.4823888263716085,0.17662460241669747,1.888143162057625,0.3493158173604039,0.0013031540354537935,undisturbed,Tong et al. (2024): undisturbed cores for Ks and bulk density; retention taken to be on the same cores
TG_50_15,TG_50,silt loam,0.16257819626535633,1.6045240593661307,0.09526032693160952,0.5243212511303985,17.220000000000002,77.32000000000001,5.460000000000001,18.804698639999998,300.0,37.003611,111.928611,Tong_YellowRiver,,,,1.220691675,0.0008033632480975299,11,0.09783793150788818,0.5252324019273147,0.15158610106420925,1.528992306440977,0.4139755752760809,0.0005792363391889761,undisturbed,Tong et al. (2024): undisturbed cores for Ks and bulk density; retention taken to be on the same cores
TG_50_20,TG_50,silt loam,0.145160806131725,1.55697109778444,0.09179012112570281,0.524693849966363,23.844768953790762,69.58391678335667,6.571314262852571,3.9355254600000005,400.0,37.003611,111.928611,Tong_YellowRiver,,,,1.272076981,0.0018380146405819588,11,0.08415027297420398,0.5229402646218504,0.16790369915972067,1.741312320724681,0.28885986328485974,0.0013878206553431512,undisturbed,Tong et al. (2024): undisturbed cores for Ks and bulk density; retention taken to be on the same cores
TG_50_25,TG_50,silt loam,0.061367393330851436,1.573805577041338,0.07794427791244507,0.49642849500033387,16.74167416741674,77.11771177117713,6.140614061406141,10.7678073,500.0,37.003611,111.928611,Tong_YellowRiver,,,,1.164191088,0.007621438051480254,11,0.10878736360284635,0.5035359114866685,0.0238469284015044,1.0893715333142369,0.9799999999999999,0.006419736454930812,undisturbed,Tong et al. (2024): undisturbed cores for Ks and bulk density; retention taken to be on the same cores
TG_51_0,TG_51,sandy loam,0.41764380166264314,1.2911810488749422,0.06750302605802756,0.49870396903065795,54.48,41.17,4.35,38.6437143,5.0,36.275278,111.613611,Tong_YellowRiver,,,,1.113270807,0.0066297847191316315,11,1.0166029757377912e-38,0.49084141570243217,0.7440077363428537,4.421577279827905,0.04296300460960907,0.002389028155943796,undisturbed,Tong et al. (2024): undisturbed cores for Ks and bulk density; retention taken to be on the same cores
TG_51_1,TG_51,silt loam,0.11019042419719892,1.2205985012480958,0.016872804137568777,0.4298213583333304,43.49565043495651,50.56494350564944,5.939406059394061,5.1130329,20.0,36.275278,111.613611,Tong_YellowRiver,,,,1.389030869,0.0009498763225306854,11,8.230228056774972e-12,0.42905113119374194,0.12285240409453678,1.3110600332056699,0.15328038653261017,0.0007587522104348345,undisturbed,Tong et al. (2024): undisturbed cores for Ks and bulk density; retention taken to be on the same cores
TG_51_2,TG_51,silt loam,0.16639684985634998,1.3263932421129907,0.06137002976480159,0.4035804172915717,34.126587341265875,59.72402759724027,6.149385061493851,2.18348502,40.0,36.275278,111.613611,Tong_YellowRiver,,,,1.554812424,0.0015631784677121853,11,0.035768128323670594,0.40174160980765455,0.21723229161278146,1.609597795875485,0.1635545227216114,0.0010180297393923114,undisturbed,Tong et al. (2024): undisturbed cores for Ks and bulk density; retention taken to be on the same cores
TG_51_5,TG_51,silt loam,0.08650254328047072,1.1981773155131261,0.01157967996680722,0.37576641835275737,8.21,76.5,15.29,2.27399856,100.0,36.275278,111.613611,Tong_YellowRiver,,,,1.644329814,0.0004886801988624777,11,3.1993781804307826e-08,0.37540862630785726,0.09283017506306504,1.2491362436103968,0.14847880116299542,0.00040577582532945136,undisturbed,Tong et al. (2024): undisturbed cores for Ks and bulk density; retention taken to be on the same cores
TG_51_15,TG_51,silt loam,0.1262226700972357,1.6178223890935226,0.08397694572532872,0.4439233086776348,16.33,73.61,10.06,2.98881072,300.0,36.275278,111.613611,Tong_YellowRiver,,,,1.604105117,0.0004035842620742792,11,0.08266748741693287,0.44355859590834223,0.13090927809740577,1.6606860664084937,0.36275064763316767,0.00031896720997231316,undisturbed,Tong et al. (2024): undisturbed cores for Ks and bulk density; retention taken to be on the same cores
TG_51_20,TG_51,silt loam,0.11278047110233412,1.6162476915396884,0.08252024239791132,0.4550275840186605,17.96,70.46000000000001,11.580000000000002,1.27354536,400.0,36.275278,111.613611,Tong_YellowRiver,,,,1.541326688,0.0011187210123799923,11,0.08622604080936586,0.4560771626989628,0.10136794561252338,1.5094135341667658,0.4390823610646969,0.0008940848621630818,undisturbed,Tong et al. (2024): undisturbed cores for Ks and bulk density; retention taken to be on the same cores
TG_52_0,TG_52,sandy loam,0.11573838749923794,1.1555456258317047,0.01586197523366796,0.3382856480361242,60.097980403919216,37.33253349330135,2.569486102779444,1.48863672,5.0,35.639744,111.212828,Tong_YellowRiver,,,,1.700365374,0.0003971313577589001,11,0.0005013307937258009,0.33794049742445764,0.12577823660179985,1.2155183647834251,0.11736309569592823,0.0003105893614047234,undisturbed,Tong et al. (2024): undisturbed cores for Ks and bulk density; retention taken to be on the same cores
TG_52_1,TG_52,sandy loam,0.151233784566373,1.1920861660306163,0.031811018943279985,0.37596461274803583,46.3046304630463,49.35493549354935,4.34043404340434,2.65922622,20.0,35.639744,111.212828,Tong_YellowRiver,,,,1.702225476,0.0012752680519116627,11,7.100944364568421e-10,0.37478984665865905,0.18494422575302977,1.379468249129278,0.11568974315525545,0.0009410441715052753,undisturbed,Tong et al. (2024): undisturbed cores for Ks and bulk density; retention taken to be on the same cores
TG_52_2,TG_52,sandy loam,0.17775866212742344,1.2480878105021902,0.060477328104170495,0.3522321028632044,47.82521747825217,48.1951804819518,3.97960203979602,3.1228996799999997,40.0,35.639744,111.212828,Tong_YellowRiver,,,,1.664790931,0.0015255738751527982,11,0.008002163977246358,0.3503744657887908,0.26164002107965356,1.6684063170140382,0.10272465198986307,0.0009291863242333593,undisturbed,Tong et al. (2024): undisturbed cores for Ks and bulk density; retention taken to be on the same cores
TG_52_5,TG_52,silt loam,0.3095769274447629,1.3927033508043594,0.09339182943783243,0.477015084809503,44.73552644735526,50.26497350264973,4.999500049995,4.549834799999999,100.0,35.639744,111.212828,Tong_YellowRiver,,,,1.369034777,0.0036372904183028026,11,0.06189085845624873,0.4725617227805513,0.46962951078895293,2.163245181937855,0.1345154736654548,0.0017814471159122473,undisturbed,Tong et al. (2024): undisturbed cores for Ks and bulk density; retention taken to be on the same cores
TG_52_10,TG_52,silt loam,0.15203782957338127,1.5460794052824913,0.10958238011003894,0.5015910567710378,30.416958304169583,63.503649635036496,6.0793920607939205,12.885241619999999,200.0,35.639744,111.212828,Tong_YellowRiver,,,,1.338110588,0.0018233305847098096,11,0.10167170232751783,0.4998087886254791,0.17879899657405635,1.7546021749465281,0.2778386388810505,0.0013543616596146826,undisturbed,Tong et al. (2024): undisturbed cores for Ks and bulk density; retention taken to be on the same cores
TG_52_15,TG_52,silt loam,0.17064932149803314,1.5236093903111183,0.11707327859751256,0.5548280499885749,25.214957008598283,65.90681863627275,8.878224355128976,4.36044846,300.0,35.639744,111.212828,Tong_YellowRiver,,,,1.274634621,0.0022936985303466054,11,0.10622136887694719,0.5524392455045306,0.2064965303365037,1.7763318915738153,0.258098263348855,0.0016279034001019904,undisturbed,Tong et al. (2024): undisturbed cores for Ks and bulk density; retention taken to be on the same cores
TG_52_20,TG_52,silt loam,0.10806007728169559,1.6142493142573189,0.12505189169004782,0.5042069971320073,22.21,66.86,10.93,2.8259085,400.0,35.639744,111.212828,Tong_YellowRiver,,,,1.383218052,0.0012513938940864448,11,0.12077382841200815,0.5032432229031409,0.11937997448742738,1.735435664388143,0.3295295254423608,0.001030941808995434,undisturbed,Tong et al. (2024): undisturbed cores for Ks and bulk density; retention taken to be on the same cores
TG_52_25,TG_52,sandy loam,0.11073683480098753,1.5428598109850422,0.1744993821171044,0.4355336878404634,73.23732373237324,22.962296229622964,3.8003800380038006,10.2363768,500.0,35.639744,111.212828,Tong_YellowRiver,,,,1.421117622,0.002048470597424153,11,0.18364451977996743,0.4378472146252424,0.07643356637361355,1.2672245853994843,0.5459223093528034,0.0015719049129798012,undisturbed,Tong et al. (2024): undisturbed cores for Ks and bulk density; retention taken to be on the same cores
TG_53_0,TG_53,silt loam,0.20953576518933423,1.416206551679791,0.09326188316892048,0.4612805584676346,25.79257925792579,67.02670267026701,7.18071807180718,2.6250621,5.0,35.097925,110.956878,Tong_YellowRiver,,,,1.36322196,0.0026709838802361505,11,0.07126889983419855,0.458206013548634,0.28720201961774117,1.8638562713722164,0.17742576040451263,0.00167177256941687,undisturbed,Tong et al. (2024): undisturbed cores for Ks and bulk density; retention taken to be on the same cores
TG_53_1,TG_53,silt loam,0.17591537727323842,1.3767215796849683,0.08007629957106152,0.4183880003131208,18.28,73.76,7.96,1.5868875,20.0,35.097925,110.956878,Tong_YellowRiver,,,,1.489243843,0.0019651732792850727,11,0.05818380101411356,0.4161591181209605,0.2338451235920928,1.7213576924144747,0.17608879239630534,0.0012938084231068825,undisturbed,Tong et al. (2024): undisturbed cores for Ks and bulk density; retention taken to be on the same cores
TG_53_2,TG_53,silt loam,0.18282205042490704,1.3331090246028126,0.08888893436644392,0.4123731387396884,24.427557244275572,68.12318768123187,7.449255074492551,1.6384246199999999,40.0,35.097925,110.956878,Tong_YellowRiver,,,,1.566438059,0.0006036681538209481,11,0.08024331210818189,0.411595352589601,0.2053490902327235,1.439696464317447,0.21209843207779222,0.0003734223738876819,undisturbed,Tong et al. (2024): undisturbed cores for Ks and bulk density; retention taken to be on the same cores
TG_53_5,TG_53,silt loam,0.23196895307457466,1.406603396518148,0.10754383928221994,0.47225702843200673,20.01200120012001,73.75737573757375,6.23062306230623,4.53725718,100.0,35.097925,110.956878,Tong_YellowRiver,,,,1.379265336,0.003030387581534536,11,0.08161508665806218,0.4687178821486508,0.33257651587959425,1.965468955103343,0.1588624257582965,0.0018011644655901648,undisturbed,Tong et al. (2024): undisturbed cores for Ks and bulk density; retention taken to be on the same cores
TG_53_10,TG_53,silt loam,0.3344832618661856,1.3035355482246767,0.09689219804945304,0.4485382372604951,17.04170417041704,75.31753175317532,7.640764076407641,4.294462739999999,200.0,35.097925,110.956878,Tong_YellowRiver,,,,1.496451737,0.003346876978836157,11,0.041469676626361515,0.44433209800539397,0.5548703895487281,2.317870198832831,0.08704965418807228,0.0014343912886836628,undisturbed,Tong et al. (2024): undisturbed cores for Ks and bulk density; retention taken to be on the same cores
TG_53_15,TG_53,silt loam,0.12664491247354664,1.4333306196586129,0.10289010436544742,0.48656869709507333,15.62156215621562,77.23772377237724,7.14071407140714,1.79120892,300.0,35.097925,110.956878,Tong_YellowRiver,,,,1.479013284,0.0016268216406460335,11,0.08925445709927624,0.48498101381856445,0.15249218014545873,1.633908825591357,0.23067782845876897,0.0012192464015077368,undisturbed,Tong et al. (2024): undisturbed cores for Ks and bulk density; retention taken to be on the same cores
TG_53_20,TG_53,silt loam,0.18100512095843363,1.1871364464675287,0.039113484097779705,0.42488039127081245,29.73,63.69,6.58,0.57527688,400.0,35.097925,110.956878,Tong_YellowRiver,,,,1.570158263,0.0014927946783213485,11,8.960086427474066e-11,0.42340297905558494,0.2253365557926601,1.4019882478481587,0.10918437072561377,0.0010424523717548172,undisturbed,Tong et al. (2024): undisturbed cores for Ks and bulk density; retention taken to be on the same cores
TG_53_25,TG_53,silt loam,0.03188206493312739,1.1304792275748898,1.5062786349883974e-18,0.35650861133938144,26.86,66.21,6.93,3.6646401,500.0,35.097925,110.956878,Tong_YellowRiver,,,,1.77662954,0.00292702990658358,11,2.9463050973847014e-10,0.35731491818449235,0.027020880651793002,1.01,0.13642902171856308,0.0026874062811751832,undisturbed,Tong et al. (2024): undisturbed cores for Ks and bulk density; retention taken to be on the same cores
TG_54_0,TG_54,sandy loam,0.2162656093219929,1.1090706005006843,0.09466975384573234,0.3506576345257238,61.98619861986199,33.87338733873387,4.14041404140414,1.5194694000000002,5.0,34.728539,111.579264,Tong_YellowRiver,,,,1.543651815,0.0008571634534823102,11,7.05644349919884e-09,0.3497590863410654,0.2985779452821408,1.4222537745269481,0.04805005403723439,0.0005494930705627363,undisturbed,Tong et al. (2024): undisturbed cores for Ks and bulk density; retention taken to be on the same cores
TG_54_1,TG_54,sandy loam,0.16537965214765263,1.1051402525220244,0.07894661422311688,0.38278877512391946,57.2957295729573,37.603760376037606,5.1005100510051005,1.9376700600000003,20.0,34.728539,111.579264,Tong_YellowRiver,,,,1.628286438,0.0007035893355007075,11,7.409725668349985e-06,0.382095757198283,0.20887806921679725,1.2921077314570657,0.05778534002873626,0.0004948827599776558,undisturbed,Tong et al. (2024): undisturbed cores for Ks and bulk density; retention taken to be on the same cores
TG_54_2,TG_54,sandy loam,1.1221565153899313,1.119153245492041,1.6687271061881024e-11,0.42411998310066024,52.365236523652364,41.54415441544154,6.09060906090609,14.30636964,40.0,34.728539,111.579264,Tong_YellowRiver,,,,1.401586555,0.0011186462132181632,11,5.771659846534694e-11,0.42468682900779714,1.0367986900768154,1.010000000000001,0.12000127970707654,0.0005660558919855057,undisturbed,Tong et al. (2024): undisturbed cores for Ks and bulk density; retention taken to be on the same cores
TG_54_5,TG_54,sandy loam,1.3783187536561423,1.1259871478607644,0.047270927465414926,0.43224243406356583,44.54,49.24,6.22,24.79555992,100.0,34.728539,111.579264,Tong_YellowRiver,,,,1.312069166,0.0008111987243142213,11,3.4225428201367625e-15,0.43179598069966824,1.8044928150280133,1.5146057796285297,0.0670739965955,0.0001781587680396912,undisturbed,Tong et al. (2024): undisturbed cores for Ks and bulk density; retention taken to be on the same cores
TG_54_10,TG_54,sandy loam,0.6186306243618584,1.207221004855606,0.09998090480915806,0.46957044684252897,50.81,42.84,6.35,10.08694074,200.0,34.728539,111.579264,Tong_YellowRiver,,,,1.285795231,0.004079757796663165,11,1.178635029976715e-18,0.4650454293745391,1.1072538202256306,4.219592127612595,0.029360957630111276,0.0005143079829325112,undisturbed,Tong et al. (2024): undisturbed cores for Ks and bulk density; retention taken to be on the same cores
TG_54_20,TG_54,sandy loam,0.5552478821526216,1.3626025132222919,0.19840594103436376,0.43944545204471486,45.95,47.97,6.08,3.57771096,400.0,34.728539,111.579264,Tong_YellowRiver,,,,1.32625244,0.005289549343044865,11,0.16505293438515609,0.43358368909765393,1.0110484160003614,10.999988050983868,0.021020531572606308,0.00037763307320367266,undisturbed,Tong et al. (2024): undisturbed cores for Ks and bulk density; retention taken to be on the same cores
TG_55_1,TG_55,loam,0.19596632678877943,1.1549373103411673,0.07542752856967257,0.368148457101739,45.23,46.54,8.23,1.54675116,20.0,40.005556,112.5175,Tong_YellowRiver,,,,1.668278622,0.0014251790450165338,11,3.4196936967601683e-16,0.3666873095401787,0.2781285979342315,1.5285982898827322,0.06797577042160152,0.0009261217097741595,undisturbed,Tong et al. (2024): undisturbed cores for Ks and bulk density; retention taken to be on the same cores
TG_55_2,TG_55,loam,0.15180160131686937,1.1449201048266329,0.13460952064254386,0.37140868638144275,41.89,49.58,8.53,3.3902517,40.0,40.005556,112.5175,Tong_YellowRiver,,,,1.687344663,0.0012559162160278024,11,0.17775792273192936,0.3718918804828203,0.10505132306100802,1.0100000000565306,0.21138576048983188,0.0010008497031082132,undisturbed,Tong et al. (2024): undisturbed cores for Ks and bulk density; retention taken to be on the same cores
TG_55_5,TG_55,sandy loam,0.5752185500100181,1.2024982677040534,0.15771884414594667,0.5032265901460508,51.264873512648734,42.995700429957004,5.73942605739426,7.34090976,100.0,40.005556,112.5175,Tong_YellowRiver,,,,1.442741303,0.004580400767821872,11,0.036435489962328246,0.4983299496966785,1.0655171714164429,5.522808159579661,0.020000000000000004,0.0005911110392256945,undisturbed,Tong et al. (2024): undisturbed cores for Ks and bulk density; retention taken to be on the same cores
TG_55_10,TG_55,silt loam,0.1570503179495382,1.337224615844487,0.2170888503127428,0.5320975617553719,35.64643535646436,54.41455854414559,9.939006099390062,0.9893768999999999,200.0,40.005556,112.5175,Tong_YellowRiver,,,,1.682229384,0.0015075804414204034,11,0.1939120342705667,0.5303842103188142,0.20543912216756408,1.6246925128195895,0.16720860960277972,0.0010111734783078618,undisturbed,Tong et al. (2024): undisturbed cores for Ks and bulk density; retention taken to be on the same cores
TG_55_20,TG_55,loam,0.06172442597627224,1.0740676666743911,0.03291880774702011,0.44744265633507957,43.45565443455654,48.52514748525147,8.01919808019198,9.07705902,400.0,40.005556,112.5175,Tong_YellowRiver,,,,1.442276278,0.00013017959890801386,11,8.092467166201216e-07,0.4473556665134414,0.06476918521625746,1.09698202690914,0.06105291554145135,0.00011070388972653066,undisturbed,Tong et al. (2024): undisturbed cores for Ks and bulk density; retention taken to be on the same cores
TG_55_25,TG_55,silt loam,0.04255158088537248,1.085880172041195,0.06082290303183347,0.4380547632089689,25.07749225077492,64.55354464553544,10.36896310368963,0.3278484,500.0,40.005556,112.5175,Tong_YellowRiver,,,,1.517610392,0.000271973703541733,11,0.0015157488604658849,0.4379175625919511,0.046644741117047035,1.1271263137000809,0.06273545771187021,0.00024284852000608037,undisturbed,Tong et al. (2024): undisturbed cores for Ks and bulk density; retention taken to be on the same cores
TG_56_0,TG_56,sandy loam,0.4630042062577906,1.3633156584794779,0.09912890669679439,0.4395021432361955,58.98589858985899,35.84358435843585,5.170517051705171,4.73197392,5.0,39.955556,113.193611,Tong_YellowRiver,,,,1.402516606,0.0066590094377951235,11,0.04497321971437147,0.4309288415672796,0.8610765718404035,10.999998253523422,0.0202608697202488,0.0008091282404225668,undisturbed,Tong et al. (2024): undisturbed cores for Ks and bulk density; retention taken to be on the same cores
TG_56_1,TG_56,sandy loam,0.1519121735073386,1.2609936107456918,0.050424107181445445,0.3804770523329635,50.15498450154984,43.485651434856514,6.35936406359364,3.08476146,20.0,39.955556,113.193611,Tong_YellowRiver,,,,1.545511916,0.0006692483898464314,11,0.031058288617201075,0.37963055227411385,0.1788726231612721,1.3932045733413452,0.16246629171063007,0.00042810452808190536,undisturbed,Tong et al. (2024): undisturbed cores for Ks and bulk density; retention taken to be on the same cores
TG_56_2,TG_56,sandy loam,0.6160131102587518,1.271912873597509,0.07782966197089881,0.4217188023170546,43.29,49.84,6.87,4.188308220000001,40.0,39.955556,113.193611,Tong_YellowRiver,,,,1.557835089,0.00541632942578646,11,0.005815755703438443,0.41578381560036115,1.134662151244643,8.27013654898155,0.02000003995973086,0.00014067308566772943,undisturbed,Tong et al. (2024): undisturbed cores for Ks and bulk density; retention taken to be on the same cores
TG_56_5,TG_56,silt loam,0.2259376535488668,1.631415061206919,0.0916573995586246,0.44144328173791036,27.07,66.05,6.88,5.78517966,100.0,39.955556,113.193611,Tong_YellowRiver,,,,1.525515824,0.0026135293433367846,11,0.08423886412958569,0.438644823412626,0.28470271648960904,2.024605031492868,0.26667057553048384,0.0017387838401946407,undisturbed,Tong et al. (2024): undisturbed cores for Ks and bulk density; retention taken to be on the same cores
TG_56_10,TG_56,silt loam,0.1931523755815272,1.4866375441399753,0.05352554397574229,0.3658860227764272,37.89,53.17,8.94,2.89249776,200.0,39.955556,113.193611,Tong_YellowRiver,,,,1.821737004,0.0020015886810694694,11,0.042342090176691556,0.36368662646548183,0.24708157390236837,1.8304119716282794,0.22368725487128882,0.0013385004759351282,undisturbed,Tong et al. (2024): undisturbed cores for Ks and bulk density; retention taken to be on the same cores
TG_56_15,TG_56,sandy loam,0.20170430647781246,1.6973851702556044,0.06390453415773234,0.41677636191557815,47.71,45.79,6.5,3.08063046,300.0,39.955556,113.193611,Tong_YellowRiver,,,,1.703155527,0.0021644786745125626,11,0.059016258397306,0.4146079142021524,0.2405934022279004,1.988177126204107,0.310964061789273,0.0015443868566169014,undisturbed,Tong et al. (2024): undisturbed cores for Ks and bulk density; retention taken to be on the same cores
TG_56_20,TG_56,silt loam,0.031092502432264534,1.6123931373118814,0.11645014993211428,0.40588607864931947,36.04360436043604,56.71567156715672,7.240724072407241,30.932388120000002,400.0,39.955556,113.193611,Tong_YellowRiver,,,,1.507379834,0.0012045366520283044,11,0.11000103988510322,0.40551538397455894,0.034651902620888186,1.710873099671875,0.32477093507231025,0.0011335189691337203,undisturbed,Tong et al. (2024): undisturbed cores for Ks and bulk density; retention taken to be on the same cores
TG_56_25,TG_56,silt loam,0.05508335873449326,1.4066236565729149,0.057805935797875636,0.3768484807004472,38.30616938306169,54.35456454354564,7.33926607339266,0.351282,500.0,39.955556,113.193611,Tong_YellowRiver,,,,1.790347789,0.0007656372450809201,11,0.04757789642883713,0.37636000957829546,0.06188171297809699,1.4966478671394223,0.24538990643497982,0.0006629703673508277,undisturbed,Tong et al. (2024): undisturbed cores for Ks and bulk density; retention taken to be on the same cores
TG_57_0,TG_57,sandy loam,0.3399686685820945,1.689801814179983,0.05632439079375986,0.4948502383376526,69.57000000000001,28.290000000000003,2.14,30.840076679999996,5.0,39.441161,112.391489,Tong_YellowRiver,,,,1.064675653,0.00617649370356159,11,0.04216017098942579,0.4882894320079369,0.5057410385112934,2.783889167329855,0.18906384761460635,0.00333910360641644,undisturbed,Tong et al. (2024): undisturbed cores for Ks and bulk density; retention taken to be on the same cores
TG_57_1,TG_57,sandy loam,0.20999532499820356,1.6903824862005625,0.08697586760200075,0.4320378586194102,60.92781443711258,35.9628074385123,3.1093781243751253,25.3096473,20.0,39.441161,112.391489,Tong_YellowRiver,,,,1.349038685,0.0022633344181578886,11,0.08175514714045465,0.42972941265776987,0.2539862311775108,2.0104487557277584,0.3016470860164212,0.0015863074380330308,undisturbed,Tong et al. (2024): undisturbed cores for Ks and bulk density; retention taken to be on the same cores
TG_57_2,TG_57,sandy loam,0.2587327678065134,1.6566582535752454,0.07726243501930663,0.4505925252286494,53.49534953495349,43.21432143214321,3.29032903290329,9.73719102,40.0,39.441161,112.391489,Tong_YellowRiver,,,,1.442276278,0.0005739718965671248,11,0.07585641619603004,0.4498847037944008,0.2729645334476943,1.7306142251158394,0.3665806892570362,0.000350678891658267,undisturbed,Tong et al. (2024): undisturbed cores for Ks and bulk density; retention taken to be on the same cores
TG_57_5,TG_57,sandy loam,0.2646614225533314,1.732973612560982,0.0797689971125408,0.4727674337327098,56.47564756475648,40.324032403240324,3.2003200320032006,11.8942479,100.0,39.441161,112.391489,Tong_YellowRiver,,,,1.44762407,0.0035264414659127966,11,0.07287880019368387,0.4690452216058529,0.33917299537753237,2.231855059816036,0.27732769856566447,0.0022717350779432426,undisturbed,Tong et al. (2024): undisturbed cores for Ks and bulk density; retention taken to be on the same cores
TG_57_10,TG_57,sandy loam,0.29540210051954996,1.82197820566061,0.05600358894813199,0.45351540985466443,60.7960796079608,35.88358835883589,3.3203320332033206,7.537370880000001,200.0,39.441161,112.391489,Tong_YellowRiver,,,,1.543186789,0.004177416059815623,11,0.04972139431765424,0.4492747895197242,0.3860111146793279,2.4383879050062527,0.2797339095537443,0.002647416818736423,undisturbed,Tong et al. (2024): undisturbed cores for Ks and bulk density; retention taken to be on the same cores
TG_57_15,TG_57,sandy loam,0.2580981883537152,1.7274947696324126,0.08401695219588262,0.48677841120406673,55.239999999999995,41.99999999999999,2.76,7.74096144,300.0,39.441161,112.391489,Tong_YellowRiver,,,,1.315091831,0.0035205951029965224,11,0.07699885198860547,0.4830690743461327,0.32906117176528854,2.2070789493748606,0.2793369726619935,0.0022904630569147216,undisturbed,Tong et al. (2024): undisturbed cores for Ks and bulk density; retention taken to be on the same cores
TG_57_20,TG_57,sandy loam,0.27352388125056054,1.7236940148381579,0.08584636826156992,0.507924864755291,53.83538353835384,43.314331433143316,2.8502850285028503,15.568996919999998,400.0,39.441161,112.391489,Tong_YellowRiver,,,,1.23231731,0.002306875761996854,11,0.08126674608807759,0.5052793089600651,0.32266294452521743,2.0115587409007416,0.32232246335932574,0.0014290483248917305,undisturbed,Tong et al. (2024): undisturbed cores for Ks and bulk density; retention taken to be on the same cores
TG_57_25,TG_57,sandy loam,0.21651843507235777,1.7992475778830883,0.08415765696332042,0.5127068841405644,52.37,44.31,3.32,7.35712584,500.0,39.441161,112.391489,Tong_YellowRiver,,,,1.379265336,0.0025670870626236823,11,0.07997741959292907,0.5101697508854875,0.25370073666771503,2.0846125189978544,0.34353084810488665,0.0018391989637768407,undisturbed,Tong et al. (2024): undisturbed cores for Ks and bulk density; retention taken to be on the same cores
TG_58_0,TG_58,silt loam,0.245204612334385,1.5934136615784293,0.06583802519642756,0.49374986250347935,42.498499699939984,52.97059411882376,4.530906181236247,26.27011758,5.0,38.381944,112.511111,Tong_YellowRiver,,,,1.19790543,0.0037438192703364514,11,0.05361787719326425,0.4896419678132169,0.3243640263374618,2.0942506949662416,0.23442290179621042,0.00236641172437756,undisturbed,Tong et al. (2024): undisturbed cores for Ks and bulk density; retention taken to be on the same cores
TG_58_1,TG_58,silt loam,0.20440647723914335,1.3956097737917037,0.06699571773499957,0.43259682995800186,33.046695330466946,60.78392160783921,6.16938306169383,5.886425640000001,20.0,38.381944,112.511111,Tong_YellowRiver,,,,1.353921452,0.0008310624968075394,11,0.07398449535180562,0.433737435028311,0.17886236573582975,1.2883726356915273,0.33518019291953965,0.0004971882258091615,undisturbed,Tong et al. (2024): undisturbed cores for Ks and bulk density; retention taken to be on the same cores
TG_58_2,TG_58,silt loam,0.17954055970419658,1.4850701972735352,0.0791098668972457,0.44542841932789945,22.737726227377266,69.90300969903011,7.359264073592642,3.82116906,40.0,38.381944,112.511111,Tong_YellowRiver,,,,1.442043765,0.00013513747172315142,11,0.07984755218405644,0.4455954844613375,0.17656555423813713,1.4683798731840458,0.3340240394111711,8.990571934669018e-05,undisturbed,Tong et al. (2024): undisturbed cores for Ks and bulk density; retention taken to be on the same cores
TG_58_5,TG_58,silt loam,0.1587104477201278,1.5400283222377835,0.08998514051589404,0.4427388651281869,37.027405481096224,58.09161832366474,4.8809761952390485,2.57030094,100.0,38.381944,112.511111,Tong_YellowRiver,,,,1.487848767,0.0015305335648219467,11,0.08321913612713788,0.44118728296914406,0.18533070284154843,1.7378521117813688,0.2789870682042133,0.0011168039355780367,undisturbed,Tong et al. (2024): undisturbed cores for Ks and bulk density; retention taken to be on the same cores
TG_58_10,TG_58,silt loam,0.3263472329516467,1.322824403830008,0.08815772838030042,0.47743185147616013,22.69,68.54,8.77,1.43739846,200.0,38.381944,112.511111,Tong_YellowRiver,,,,1.656652987,0.00018411431377705618,11,0.08591199690882642,0.4771851418112805,0.3367269301472659,1.350855603636598,0.23403510301291405,8.433602327704217e-05,undisturbed,Tong et al. (2024): undisturbed cores for Ks and bulk density; retention taken to be on the same cores
TG_58_15,TG_58,silt loam,0.1634711388288306,1.5860575382427258,0.09130492922065829,0.44733535999791085,26.44471105778844,65.37692461507697,8.178364327134572,3.2044692,300.0,38.381944,112.511111,Tong_YellowRiver,,,,1.490871432,0.0016093335029370597,11,0.0855716252782096,0.4457389995845201,0.18982406453945425,1.7878887702608306,0.2957207031088395,0.00118436243215688,undisturbed,Tong et al. (2024): undisturbed cores for Ks and bulk density; retention taken to be on the same cores
TG_58_20,TG_58,silt loam,0.21398140400377616,1.422004111954715,0.11242129067758307,0.4103400701899454,26.75,65.89,7.36,1.1898117,400.0,38.381944,112.511111,Tong_YellowRiver,,,,1.69571512,0.0022277461178619134,11,0.09480293361311985,0.4077748989148621,0.2945700949643919,1.885981338213074,0.1774393113267372,0.0013856767071886251,undisturbed,Tong et al. (2024): undisturbed cores for Ks and bulk density; retention taken to be on the same cores
TG_58_25,TG_58,silt loam,0.13419140009026403,1.18073219205895,0.016434603740304764,0.37242587497115137,9.560956095609562,75.13751375137514,15.301530153015303,1.3874528400000001,500.0,38.381944,112.511111,Tong_YellowRiver,,,,1.723616644,0.0005972276834333929,11,4.2780956855413134e-06,0.37187494042114894,0.1482649909366336,1.2599224688487531,0.13072917629230787,0.0004518516725845212,undisturbed,Tong et al. (2024): undisturbed cores for Ks and bulk density; retention taken to be on the same cores
TG_59_0,TG_59,silt loam,0.2617549260803538,1.1617168815479142,0.09845802010489758,0.48306062606397376,41.46,52.51,6.03,2.3618631,5.0,37.658989,112.679514,Tong_YellowRiver,,,,1.374150056,0.002363993503221693,11,3.6627988961166757e-17,0.48054448865855875,0.38858834922261265,1.688387192051588,0.06321475080060283,0.0014043968649506992,undisturbed,Tong et al. (2024): undisturbed cores for Ks and bulk density; retention taken to be on the same cores
TG_59_1,TG_59,sandy loam,0.14557013018932194,1.154670633664753,0.06114713344900563,0.422346834775435,44.31,49.62,6.07,15.50564076,20.0,37.658989,112.679514,Tong_YellowRiver,,,,1.606197731,0.0013269798108308819,11,2.54691131459174e-09,0.421136338799138,0.18679472872693384,1.3757460626019435,0.08518254084468617,0.0009747148391159165,undisturbed,Tong et al. (2024): undisturbed cores for Ks and bulk density; retention taken to be on the same cores
TG_59_2,TG_59,loam,0.2762452951008329,1.1282886494142743,0.1094913199893763,0.40680884763534386,48.31516848315169,44.61553844615539,7.069293070692932,2.61190182,40.0,37.658989,112.679514,Tong_YellowRiver,,,,1.638516996,0.0013894840097717245,11,1.4094406155202267e-13,0.40527190274103625,0.40924553794577617,1.6044010917906775,0.04853682304659387,0.0007847982322719708,undisturbed,Tong et al. (2024): undisturbed cores for Ks and bulk density; retention taken to be on the same cores
TG_59_5,TG_59,sandy loam,0.018219810820317203,1.1018499414307827,0.05061260484459526,0.3756673543008119,47.63523647635237,45.4054594540546,6.959304069593041,0.35333808,100.0,37.658989,112.679514,Tong_YellowRiver,,,,1.653397809,0.0002288253299790495,11,1.858574718687996e-05,0.37560603376326346,0.019736066358710367,1.1284211349730813,0.07448685796425779,0.00021688809877081159,undisturbed,Tong et al. (2024): undisturbed cores for Ks and bulk density; retention taken to be on the same cores
TG_59_10,TG_59,sandy loam,0.09563227504287987,1.1373458346526775,0.04472974104409466,0.3935356942536545,51.91480851914808,41.54584541545845,6.5393460653934605,0.74156874,200.0,37.658989,112.679514,Tong_YellowRiver,,,,1.637586946,0.0007416198174443578,11,4.002665186209684e-06,0.39296446600123114,0.11232556864693341,1.2495496291937964,0.08998638617981866,0.000598798940364266,undisturbed,Tong et al. (2024): undisturbed cores for Ks and bulk density; retention taken to be on the same cores
TG_59_15,TG_59,silt loam,0.2024408259610542,1.1708289874068643,0.0641949925431649,0.40078042195018054,21.76,68.19,10.05,0.37923270000000003,300.0,37.658989,112.679514,Tong_YellowRiver,,,,1.647817504,0.001822758809675536,11,2.967217145646595e-17,0.3989675065119139,0.28061342045206433,1.5389295180444684,0.07972292086975342,0.0012189080622242157,undisturbed,Tong et al. (2024): undisturbed cores for Ks and bulk density; retention taken to be on the same cores
TG_59_20,TG_59,silt loam,0.017347712512415722,1.212337535744219,1.678121459357647e-06,0.3390660493210298,16.76,70.13,13.11,1.3389396,400.0,37.658989,112.679514,Tong_YellowRiver,,,,1.756865961,0.0004565454208445805,11,0.04480517234269573,0.3394207906105151,0.01378305575806701,1.1296618338821505,0.24891028145783306,0.0003933333754380038,undisturbed,Tong et al. (2024): undisturbed cores for Ks and bulk density; retention taken to be on the same cores
TG_59_25,TG_59,sand,0.4526767273642308,1.2846860266710445,0.060601534277739406,0.3608202883511876,88.42,9.47,2.11,3.9181329,500.0,37.658989,112.679514,Tong_YellowRiver,,,,1.733382178,0.00532277468297379,11,9.922088245405378e-12,0.35450782372802375,0.8373050794477309,8.645380803645807,0.020000000000000333,0.0010646718197331046,undisturbed,Tong et al. (2024): undisturbed cores for Ks and bulk density; retention taken to be on the same cores
TG_60_0,TG_60,silt loam,0.3812808960581059,1.321680225129692,0.03547193422063607,0.36765659166455683,44.33,50.28,5.39,11.95418778,5.0,36.605833,112.769167,Tong_YellowRiver,,,,1.447159044,0.004665853294497021,11,5.790028208568065e-21,0.3626209896689563,0.6259088496650242,2.783625296017385,0.082168269200619,0.0021485294026596722,undisturbed,Tong et al. (2024): undisturbed cores for Ks and bulk density; retention taken to be on the same cores
TG_60_1,TG_60,silt loam,0.2877288349712662,1.1941713893905603,0.08316590052172641,0.3933679480034936,34.73652634736526,58.30416958304169,6.95930406959304,3.39710538,20.0,36.605833,112.769167,Tong_YellowRiver,,,,1.59922235,0.0024756505381877047,11,2.269234753892636e-14,0.3905996862201124,0.4639858832248083,1.9852893304937416,0.06106471913375387,0.0012888848754607578,undisturbed,Tong et al. (2024): undisturbed cores for Ks and bulk density; retention taken to be on the same cores
TG_60_2,TG_60,sandy loam,0.5826045051789318,1.2090577595382932,0.054444850897651276,0.43599385553283015,47.63,47.09,5.28,5.65481532,40.0,36.605833,112.769167,Tong_YellowRiver,,,,1.500404453,0.0024006519324700952,11,9.893062706539256e-19,0.4334718699550765,0.8730851655214864,1.9142689734647913,0.07987282199608477,0.0007104387041724186,undisturbed,Tong et al. (2024): undisturbed cores for Ks and bulk density; retention taken to be on the same cores
TG_60_5,TG_60,silt loam,0.3664608163306387,1.3231941902428448,0.0921062876022981,0.4626233067505293,35.28647135286471,57.564243575642436,7.149285071492851,3.44388984,100.0,36.605833,112.769167,Tong_YellowRiver,,,,1.422280185,0.005059675090834614,11,0.017132589516763212,0.4562727990171607,0.6880352419230429,3.811422494090479,0.05039735781976849,0.0018716098432009036,undisturbed,Tong et al. (2024): undisturbed cores for Ks and bulk density; retention taken to be on the same cores
TG_60_10,TG_60,silt loam,0.16059989272714295,1.175018012197948,0.03878247513520016,0.419812859074228,26.09,63.75,10.16,1.46876418,200.0,36.605833,112.769167,Tong_YellowRiver,,,,1.585271588,0.0012533840332388296,11,4.598723230621291e-09,0.4186141689898007,0.1957763880614473,1.354461719906302,0.10667760163494534,0.0009050301947572399,undisturbed,Tong et al. (2024): undisturbed cores for Ks and bulk density; retention taken to be on the same cores
TG_60_15,TG_60,silt loam,0.17395792079529782,1.1591897837565452,0.047150840865894536,0.40847677791534664,24.410000000000004,65.1,10.490000000000002,0.7861028999999999,300.0,36.605833,112.769167,Tong_YellowRiver,,,,1.586666664,0.0012023036085757083,11,1.0294498966418965e-12,0.4072917817304172,0.21691586577002808,1.3609089286891334,0.09314602355574153,0.0008442742694724107,undisturbed,Tong et al. (2024): undisturbed cores for Ks and bulk density; retention taken to be on the same cores
TG_60_20,TG_60,silt loam,0.11707045667503961,1.1488864158794088,0.049409340426373786,0.39033844889405583,29.005801160232046,61.502300460092016,9.491898379675934,2.5127688,400.0,36.605833,112.769167,Tong_YellowRiver,,,,1.66641852,0.0009970455543889607,11,1.8457792737009154e-07,0.38950613398500944,0.1434558402560453,1.3092290976638499,0.08992327945528804,0.0007745947271929166,undisturbed,Tong et al. (2024): undisturbed cores for Ks and bulk density; retention taken to be on the same cores
TG_60_25,TG_60,silt loam,0.060145393343185166,1.1962515303910288,0.0985490947087624,0.4047184123366076,21.902190219021904,63.45634563456346,14.641464146414641,1.04698476,500.0,36.605833,112.769167,Tong_YellowRiver,,,,1.614800701,0.0009701013353251261,11,0.00030462995894782767,0.40393957329871105,0.0845243755545885,1.4118398998054027,0.08662478830818325,0.0007761824188506462,undisturbed,Tong et al. (2024): undisturbed cores for Ks and bulk density; retention taken to be on the same cores
TG_61_0,TG_61,sandy loam,0.35192366184078255,1.2114186816122063,0.08305183464982765,0.42490606814176496,50.01,43.87,6.12,8.18176248,5.0,36.154444,112.864167,Tong_YellowRiver,,,,1.329740131,0.003676692419804131,11,2.0079075169685846e-18,0.4208962434657271,0.5970093623378143,2.5115789323560236,0.05257441222062768,0.0017553335904953369,undisturbed,Tong et al. (2024): undisturbed cores for Ks and bulk density; retention taken to be on the same cores
TG_61_1,TG_61,sandy loam,0.2347676112593886,1.1643198601621458,0.040343199336593825,0.3962107682503817,46.559999999999995,46.769999999999996,6.669999999999999,2.97883602,20.0,36.154444,112.864167,Tong_YellowRiver,,,,1.524818286,0.001161307444880863,11,3.769191110718573e-08,0.3949544605185894,0.29193781691579024,1.377460734985192,0.09680619039822011,0.0007347636105901002,undisturbed,Tong et al. (2024): undisturbed cores for Ks and bulk density; retention taken to be on the same cores
TG_61_2,TG_61,loam,0.3214286418916997,1.1605437196769315,0.059515152368831294,0.39716590892815007,47.77522247775222,44.58554144585541,7.63923607639236,1.24132284,40.0,36.154444,112.864167,Tong_YellowRiver,,,,1.569460724,0.0015471830029165777,11,3.754952271385356e-19,0.3954327918208131,0.44135452409961157,1.5398700253019462,0.07660482805753124,0.000837233483524364,undisturbed,Tong et al. (2024): undisturbed cores for Ks and bulk density; retention taken to be on the same cores
TG_61_5,TG_61,sandy loam,0.3385479420314994,1.208366138180045,0.07684791416134584,0.4534633070598455,60.54816444933479,34.440332099629885,5.01150345103531,3.9022722599999997,100.0,36.154444,112.864167,Tong_YellowRiver,,,,1.392286047,0.003436866937672242,11,2.2437641324885478e-15,0.4496942956862711,0.5391533246748286,2.106223958592583,0.0658982206190535,0.001739974141953202,undisturbed,Tong et al. (2024): undisturbed cores for Ks and bulk density; retention taken to be on the same cores
TG_61_10,TG_61,silt loam,0.24751245477131265,1.179771354239665,0.061726631452420855,0.41698465797384965,34.33656634336567,57.714228577142286,7.94920507949205,1.3097593200000002,200.0,36.154444,112.864167,Tong_YellowRiver,,,,1.650607657,0.0020329726552070016,11,1.7377780399530905e-14,0.41483403416255,0.3464943015927039,1.5940627639835203,0.08194242103736142,0.001253210203885824,undisturbed,Tong et al. (2024): undisturbed cores for Ks and bulk density; retention taken to be on the same cores
TG_61_15,TG_61,sandy loam,0.055840660883064525,1.0686477028741486,0.0016742240383901723,0.3778693650694121,44.099999999999994,49.199999999999996,6.699999999999999,3.0380607,300.0,36.154444,112.864167,Tong_YellowRiver,,,,1.685252049,7.180397946785076e-05,11,0.04152240067443268,0.37798195718372907,0.05177335465400398,1.036074611620031,0.07694420855158458,4.676022824409101e-05,undisturbed,Tong et al. (2024): undisturbed cores for Ks and bulk density; retention taken to be on the same cores
TG_61_20,TG_61,silt loam,0.5470499931026829,1.2300079082409066,0.16568262533884726,0.4478135457448338,37.83,54.2,7.97,3.29476998,400.0,36.154444,112.864167,Tong_YellowRiver,,,,1.382753026,0.004375858959650706,11,0.08233647319077002,0.44310695617649165,1.0157794822850383,6.491054016133165,0.020000000000000136,0.0005949233566995286,undisturbed,Tong et al. (2024): undisturbed cores for Ks and bulk density; retention taken to be on the same cores
TG_62_0,TG_62,silt loam,0.3382379068454774,1.2189275063063096,0.05795506738875451,0.3920305892934042,25.959999999999997,65.18,8.86,5.4906538199999995,5.0,35.522661,112.388297,Tong_YellowRiver,,,,1.382520514,0.002834366563428425,11,1.4851190902428888e-17,0.3888657626005207,0.5227334077420663,1.9887791767959238,0.07629637639410757,0.0014155888137926222,undisturbed,Tong et al. (2024): undisturbed cores for Ks and bulk density; retention taken to be on the same cores
TG_62_1,TG_62,silt loam,0.30995470639807265,1.1956899324352122,0.07169345166560968,0.3957625294293347,22.14,67.66,10.2,4.0481349,20.0,35.522661,112.388297,Tong_YellowRiver,,,,1.579458771,0.002734876988953829,11,5.509049062882685e-20,0.3928052709115446,0.48692547660172114,1.9830337569790362,0.06519195323275463,0.0014748477121146071,undisturbed,Tong et al. (2024): undisturbed cores for Ks and bulk density; retention taken to be on the same cores
TG_62_2,TG_62,silt loam,0.2614180486458059,1.2453670827653103,0.04564896485543404,0.43158015151281554,23.92239223922392,67.75677567756775,8.32083208320832,3.6764089799999997,40.0,35.522661,112.388297,Tong_YellowRiver,,,,1.435533409,0.003151572128027093,11,7.713492525625243e-17,0.4282854646626259,0.37530588608126614,1.7871856004911457,0.10323956852713323,0.001907956934252606,undisturbed,Tong et al. (2024): undisturbed cores for Ks and bulk density; retention taken to be on the same cores
TG_62_5,TG_62,silt loam,0.19361718120137747,1.3052120002823606,0.091233930068421,0.49021018780535025,20.37,68.91,10.72,2.06027904,100.0,35.522661,112.388297,Tong_YellowRiver,,,,1.394146149,0.002371808989383373,11,0.04620629155134451,0.48735057503524104,0.2755763003196622,1.7293534994353603,0.1314639044579633,0.0014425344956241148,undisturbed,Tong et al. (2024): undisturbed cores for Ks and bulk density; retention taken to be on the same cores
TG_62_10,TG_62,silt loam,0.28957554153228393,1.3400384197580524,0.06437463270073154,0.48369545156032134,13.76,76.44,9.8,4.08479022,200.0,35.522661,112.388297,Tong_YellowRiver,,,,1.296258302,0.002611790113361898,11,0.03214741280235341,0.48033116168853845,0.4041950002503136,1.80297741762433,0.14747944072272334,0.0012925271154528772,undisturbed,Tong et al. (2024): undisturbed cores for Ks and bulk density; retention taken to be on the same cores
TG_62_15,TG_62,silt loam,0.05944319962761438,1.4896420561603865,0.2934902759279214,0.5085347200568165,9.840984098409841,79.69796979697969,10.46104610461046,2.85573288,300.0,35.522661,112.388297,Tong_YellowRiver,,,,1.685252049,0.0011437239252857678,11,0.28466221838866357,0.507907091147962,0.07163631978480549,1.6701297653937148,0.25087986370027743,0.0010078099472490911,undisturbed,Tong et al. (2024): undisturbed cores for Ks and bulk density; retention taken to be on the same cores
TG_63_0,TG_63,silt loam,0.26076914856084515,1.318091392162321,0.08071308423745048,0.4179841542927975,28.4,65.6,6.0,4.9872010200000005,5.0,34.762336,112.763917,Tong_YellowRiver,,,,1.363454472,0.003048745285380093,11,0.032325526494922305,0.4142925309754243,0.41683895471816823,2.113237727111449,0.10268713155440093,0.0016117195880198272,undisturbed,Tong et al. (2024): undisturbed cores for Ks and bulk density; retention taken to be on the same cores
TG_63_1,TG_63,silt loam,0.1058120268093219,1.2244734455518156,0.05660559068949368,0.3678889153307388,27.76,65.03,7.21,0.99678468,20.0,34.762336,112.763917,Tong_YellowRiver,,,,1.592711994,0.0010048929178830958,11,0.002215048162057428,0.36680199213472986,0.14262796372322892,1.4570872089260667,0.11146588428689758,0.0007159245437078428,undisturbed,Tong et al. (2024): undisturbed cores for Ks and bulk density; retention taken to be on the same cores
TG_63_2,TG_63,silt loam,0.22997965903441622,1.2550444338601308,0.05039172115234948,0.3985743650458426,23.19,69.01,7.8,3.16021098,40.0,34.762336,112.763917,Tong_YellowRiver,,,,1.591549431,0.002286294704288055,11,1.880131760418971e-12,0.3959024114065351,0.3366215218728767,1.7480414375721058,0.10502774559419141,0.0012822952208008688,undisturbed,Tong et al. (2024): undisturbed cores for Ks and bulk density; retention taken to be on the same cores
TG_63_5,TG_63,silt loam,0.10272817060356731,1.4985953940876473,0.11618469724590526,0.46591593943622156,23.53,69.09,7.38,1.24551138,100.0,34.762336,112.763917,Tong_YellowRiver,,,,1.578063694,0.0008228289694052285,11,0.11119800563493452,0.46520885180753385,0.11256094467569733,1.592214221432616,0.2927827336287617,0.0006598045317955937,undisturbed,Tong et al. (2024): undisturbed cores for Ks and bulk density; retention taken to be on the same cores
TG_63_10,TG_63,silt loam,0.2045817289219767,1.3477381308880767,0.0756569978441821,0.4496233034588019,26.522652265226522,65.36653665366536,8.11081108110811,2.40588654,200.0,34.762336,112.763917,Tong_YellowRiver,,,,1.560160216,0.0014311630973989481,11,0.05743755244919065,0.44781213731663916,0.25363965159184065,1.5809484762292663,0.18733735997742748,0.0008577305675571344,undisturbed,Tong et al. (2024): undisturbed cores for Ks and bulk density; retention taken to be on the same cores
TG_63_15,TG_63,silt loam,0.22392555018589227,1.2506485677230539,0.12108405970668804,0.4518486204715977,24.917508249175082,68.03319668033197,7.04929507049295,1.48531236,300.0,34.762336,112.763917,Tong_YellowRiver,,,,1.526445875,0.0021633887770962446,11,0.053311133836333346,0.44914024997134405,0.3512564668661472,1.8443591465883609,0.08909896431461779,0.0011860226797445607,undisturbed,Tong et al. (2024): undisturbed cores for Ks and bulk density; retention taken to be on the same cores
TG_63_20,TG_63,silt loam,0.11027013031727509,1.2181999828801058,0.08229996448851987,0.40590935563109387,35.57355735573557,57.34573457345735,7.080708070807081,1.87499886,400.0,34.762336,112.763917,Tong_YellowRiver,,,,1.644097301,0.0010653310363377697,11,0.020771636675715258,0.40473482580631703,0.15057509064746624,1.4639903568865975,0.10576890133816895,0.0007478510843474531,undisturbed,Tong et al. (2024): undisturbed cores for Ks and bulk density; retention taken to be on the same cores
TG_63_25,TG_63,silt loam,0.020448644571323213,2.1811315050247426,0.19240166981148263,0.37956929560744607,18.89188918891889,73.15731573157316,7.95079507950795,1.09561542,500.0,34.762336,112.763917,Tong_YellowRiver,,,,1.74221766,0.001299997365404956,11,0.191100987669508,0.37940852480704573,0.021918289513813454,2.290922683096114,0.481542462377805,0.0012713085687438542,undisturbed,Tong et al. (2024): undisturbed cores for Ks and bulk density; retention taken to be on the same cores
TG_64_0,TG_64,sandy loam,0.38001240135973774,1.623182525771372,0.06151934889385891,0.35570819531481096,65.07698460307938,31.253749250149966,3.6692661467706453,15.95744766,5.0,40.280833,113.900833,Tong_YellowRiver,,,,1.520633057,0.005039700677567272,11,0.04609604837770435,0.3499017909443752,0.6361343537828897,3.757153084252027,0.11639066827200395,0.0022136574585420767,undisturbed,Tong et al. (2024): undisturbed cores for Ks and bulk density; retention taken to be on the same cores
TG_64_1,TG_64,sandy loam,0.30881456920533634,1.6454096954567596,0.06420140299150667,0.3431813622201612,67.76677667766776,29.01290129012901,3.22032203220322,6.92690346,20.0,40.280833,113.900833,Tong_YellowRiver,,,,1.648515042,0.0034283916035414614,11,0.055227796834963504,0.3394950050160732,0.4424510057513296,2.485424340466042,0.20358601927435865,0.001958691101652905,undisturbed,Tong et al. (2024): undisturbed cores for Ks and bulk density; retention taken to be on the same cores
TG_64_2,TG_64,sandy loam,0.3664303426136894,1.6191122085996064,0.06756495283938663,0.36195161161434947,58.75587558755875,36.623662366236616,4.62046204620462,9.488335860000001,40.0,40.280833,113.900833,Tong_YellowRiver,,,,1.705015628,0.004758530723869708,11,0.0531262737952615,0.3566452193494119,0.5957899680324292,3.310135969098673,0.13415964308831468,0.0022411887748956163,undisturbed,Tong et al. (2024): undisturbed cores for Ks and bulk density; retention taken to be on the same cores
TG_64_5,TG_64,sand,0.19179362137979492,1.5843724662411058,0.06660448230383245,0.4752632449222001,86.35136486351364,11.808819118088191,1.83981601839816,7.0909482,100.0,40.280833,113.900833,Tong_YellowRiver,,,,1.41925752,0.002223143823886535,11,0.058817332224223674,0.4729078224222796,0.23005222626510652,1.8479034775087482,0.279401839286614,0.0015468472513700212,undisturbed,Tong et al. (2024): undisturbed cores for Ks and bulk density; retention taken to be on the same cores
TG_64_10,TG_64,sandy loam,0.26423327481482983,1.6307254202287234,0.0715453729993895,0.43540799814613196,61.6938306169383,33.76662333766624,4.53954604539546,3.42945564,200.0,40.280833,113.900833,Tong_YellowRiver,,,,1.583178974,0.0018425001377898324,11,0.06649850854572309,0.4332228982256909,0.31300486873220124,1.8986845766658738,0.29727422151748933,0.0011165147253841372,undisturbed,Tong et al. (2024): undisturbed cores for Ks and bulk density; retention taken to be on the same cores
TG_64_15,TG_64,silt loam,0.3346558474901524,1.1768199404471216,1.361073684420121e-29,0.3703081363647263,27.62,61.84,10.54,2.26438698,300.0,40.280833,113.900833,Tong_YellowRiver,,,,1.697342709,0.014058030016779039,11,2.2108677392201494e-34,0.37348433194267994,0.30384072210799606,1.01,0.18113776535100845,0.013222528226971028,undisturbed,Tong et al. (2024): undisturbed cores for Ks and bulk density; retention taken to be on the same cores
TG_64_20,TG_64,sand,0.3746363706394422,1.6404012163308352,0.06326416411080292,0.3482132904332661,91.05,7.01,1.94,4.76508492,400.0,40.280833,113.900833,Tong_YellowRiver,,,,1.812436496,0.004661434764670351,11,0.0500581810626218,0.3429526935329377,0.6093198380525915,3.4195140294625275,0.13430811232683895,0.0021432076598611478,undisturbed,Tong et al. (2024): undisturbed cores for Ks and bulk density; retention taken to be on the same cores
TG_64_25,TG_64,silt loam,0.02281461982075776,3.1943757916351254,0.12666338899906074,0.42979287182762427,41.2882576515303,52.380476095219045,6.33126625325065,0.95310036,500.0,40.280833,113.900833,Tong_YellowRiver,,,,1.502264554,0.005587075614688194,11,0.1275525957945647,0.43040969488696124,0.020258159766748676,2.8544503706183693,0.8852243891116471,0.005487652651818052,undisturbed,Tong et al. (2024): undisturbed cores for Ks and bulk density; retention taken to be on the same cores
TG_65_0,TG_65,silt loam,0.2600570620500854,1.4943442822662591,0.07385087026159302,0.42369670265754505,19.26,71.52,9.22,3.50864898,5.0,39.530833,113.828333,Tong_YellowRiver,,,,1.173724109,0.0033835582755549916,11,0.05667785230516221,0.41983753469069185,0.36922555303631377,2.127659810785201,0.18228742607624937,0.001983956622138573,undisturbed,Tong et al. (2024): undisturbed cores for Ks and bulk density; retention taken to be on the same cores
TG_65_1,TG_65,silt loam,0.17764110796385799,1.672317792092466,0.07925092666088904,0.4223049135470275,28.767123287671236,62.07379262073793,9.159084091590842,8.899309619999999,20.0,39.530833,113.828333,Tong_YellowRiver,,,,1.504822194,0.0017631498704061327,11,0.07485415602388343,0.4206045413420063,0.20651038607721847,1.9005540650448594,0.3190402155687528,0.0013042472787323952,undisturbed,Tong et al. (2024): undisturbed cores for Ks and bulk density; retention taken to be on the same cores
TG_65_2,TG_65,silt loam,0.2613803842318219,1.6354685996460998,0.06704831097882366,0.4580422707886416,31.513151315131516,61.74617461746175,6.740674067406741,5.08745196,40.0,39.530833,113.828333,Tong_YellowRiver,,,,1.496451737,0.0017570445082540082,11,0.06232451906090139,0.4559488103944598,0.30399349692709327,1.8688491151116486,0.30804563699011733,0.0010708032083905032,undisturbed,Tong et al. (2024): undisturbed cores for Ks and bulk density; retention taken to be on the same cores
TG_65_5,TG_65,silt loam,0.2162229598081863,1.6400571255177319,0.06720977691081971,0.43431405743634083,31.89,61.83,6.28,10.457052959999999,100.0,39.530833,113.828333,Tong_YellowRiver,,,,1.539001561,0.0023885241922441203,11,0.06062453763021546,0.43176864202979376,0.26453599456432886,1.9683086322661403,0.28371886657048745,0.0016206263332116217,undisturbed,Tong et al. (2024): undisturbed cores for Ks and bulk density; retention taken to be on the same cores
TG_65_10,TG_65,silt loam,0.21353267408654308,1.6586088766755838,0.09346743557354609,0.47632970650503037,28.272827282728276,66.64666466646665,5.080508050805081,5.30740062,200.0,39.530833,113.828333,Tong_YellowRiver,,,,1.453436887,0.0026631559050792294,11,0.08659287970479136,0.47356409596171495,0.262986242856368,2.00758413510905,0.2847390074335807,0.001834146903628382,undisturbed,Tong et al. (2024): undisturbed cores for Ks and bulk density; retention taken to be on the same cores
TG_65_15,TG_65,silt loam,0.19144626322711808,1.196179473727062,0.032532759926286826,0.3909491675257956,27.5,66.63,5.87,6.80037144,300.0,39.530833,113.828333,Tong_YellowRiver,,,,1.697342709,0.0014083738933918415,11,5.97953660046326e-10,0.3895274053311417,0.23719886999004194,1.4117456659281518,0.11508209033914643,0.0009673739000122876,undisturbed,Tong et al. (2024): undisturbed cores for Ks and bulk density; retention taken to be on the same cores
TG_65_20,TG_65,silt loam,0.07137359021636162,1.166585090750812,7.914607113238146e-11,0.42592458512866344,17.131713171317134,77.0977097709771,5.770577057705771,0.51154104,400.0,39.530833,113.828333,Tong_YellowRiver,,,,1.656652987,0.0009662126383980757,11,0.05641278679417754,0.4273587258059325,0.051459629471172205,1.0100000000009939,0.22232688088957622,0.000635209441486636,undisturbed,Tong et al. (2024): undisturbed cores for Ks and bulk density; retention taken to be on the same cores
TG_65_25,TG_65,silt loam,0.07336052690793433,1.4628066784513045,0.11050870982872268,0.4296616181694043,14.977004599080182,75.63487302539492,9.388122375524894,1.4489922,500.0,39.530833,113.828333,Tong_YellowRiver,,,,1.626891361,0.001153707545758414,11,0.10090367685081346,0.4288664976053902,0.08473031084268544,1.5985106406734708,0.2578983628081613,0.000978160013327034,undisturbed,Tong et al. (2024): undisturbed cores for Ks and bulk density; retention taken to be on the same cores
TG_66_0,TG_66,sandy loam,0.33832937587950535,1.3518658986683265,0.07406302053999428,0.42588617748173274,51.86518651865186,44.13441344134413,4.000400040004,21.64838436,5.0,37.709167,113.681667,Tong_YellowRiver,,,,1.25301094,0.004543869880618932,11,0.020756871809478137,0.42046249783077705,0.597351826976808,2.9470874134001197,0.07656627185143847,0.0019785141298155435,undisturbed,Tong et al. (2024): undisturbed cores for Ks and bulk density; retention taken to be on the same cores
TG_66_1,TG_66,silt loam,0.1207287660423563,1.2789473297616158,0.06971570261867564,0.3808637280162268,37.82,56.74,5.44,4.8014445,20.0,37.709167,113.681667,Tong_YellowRiver,,,,1.535048845,0.001197446504288013,11,0.03602865400073509,0.379568182046492,0.15858299809638798,1.5215608357051726,0.14259856570233603,0.0008474734176888379,undisturbed,Tong et al. (2024): undisturbed cores for Ks and bulk density; retention taken to be on the same cores
TG_66_2,TG_66,silt loam,0.19270846589282717,1.2658969194878407,0.054722257450177635,0.3874404911152998,27.15728427157284,66.05339466053394,6.78932106789321,2.9825423399999997,40.0,37.709167,113.681667,Tong_YellowRiver,,,,1.626658849,0.0020520926297590537,11,1.3516817025321493e-09,0.3849908670895789,0.28769735692354237,1.7488350139627313,0.1056846607517419,0.0012260422585979322,undisturbed,Tong et al. (2024): undisturbed cores for Ks and bulk density; retention taken to be on the same cores
TG_66_5,TG_66,silt loam,0.12422199522177851,1.566926568156068,0.08729345563294005,0.4874314799851836,29.907009299070097,64.54354564543546,5.549445055494451,9.75770466,100.0,37.709167,113.681667,Tong_YellowRiver,,,,1.392751072,0.0007029131938847371,11,0.08442213234913913,0.48678363302236044,0.1321011788294227,1.6365297730620092,0.33182613162782637,0.0005499820053305835,undisturbed,Tong et al. (2024): undisturbed cores for Ks and bulk density; retention taken to be on the same cores
TG_66_10,TG_66,silt loam,0.1139180926682723,1.5481372021631163,0.10182218683852537,0.5182134517696162,25.027497250274973,68.88311168883111,6.08939106089391,6.5175912,200.0,37.709167,113.681667,Tong_YellowRiver,,,,1.305326297,0.001625458792757462,11,0.109052154446078,0.5198952492293871,0.0967578796127583,1.4042211931957944,0.4359081737098774,0.0012618022771291007,undisturbed,Tong et al. (2024): undisturbed cores for Ks and bulk density; retention taken to be on the same cores
TG_66_15,TG_66,silt loam,0.1435681184820914,1.1787571960482883,4.0583448184995566e-10,0.44332287693098377,26.06,67.19,6.75,96.75427758000001,300.0,37.709167,113.681667,Tong_YellowRiver,,,,1.578993745,0.000220839642425663,11,0.008307816684992487,0.44371009916758186,0.13647921832037696,1.1414444523183915,0.16331187310247094,0.0001194739923101869,undisturbed,Tong et al. (2024): undisturbed cores for Ks and bulk density; retention taken to be on the same cores
TG_66_20,TG_66,silt loam,0.11718218327448923,1.2136488594194554,0.030701770137020537,0.44297211256937546,23.73762623737626,68.28317168283172,7.97920207979202,2.38432848,400.0,37.709167,113.681667,Tong_YellowRiver,,,,1.592014456,0.0012192693527568609,11,5.103369810384428e-07,0.4418983678644477,0.13871550998629167,1.3530800284186486,0.135024762613419,0.000924891772805639,undisturbed,Tong et al. (2024): undisturbed cores for Ks and bulk density; retention taken to be on the same cores
TG_66_25,TG_66,silt loam,0.1375763027909904,1.3141584629490242,0.10601806066892472,0.4348315533184173,25.452545254525454,67.3067306730673,7.240724072407241,8.22125346,500.0,37.709167,113.681667,Tong_YellowRiver,,,,1.413444703,0.0015374368113572519,11,0.07597168234357983,0.43315341569015003,0.18257719907471656,1.5985417863235414,0.15437010700169188,0.0010678124354421812,undisturbed,Tong et al. (2024): undisturbed cores for Ks and bulk density; retention taken to be on the same cores
TG_67_0,TG_67,silt loam,0.21947682652773726,1.6888971830330537,0.06698177402634248,0.4456115203459757,41.154115411541156,54.04540454045405,4.8004800480048,10.70670294,5.0,38.298889,111.691389,Tong_YellowRiver,,,,1.420885109,0.0026657091644713958,11,0.06082641872233664,0.44285362799592004,0.26926164841314987,2.0426873037759385,0.2934507054513516,0.0018347113770663542,undisturbed,Tong et al. (2024): undisturbed cores for Ks and bulk density; retention taken to be on the same cores
TG_67_1,TG_67,silt loam,0.1954581049340765,1.6610872313274636,0.07555623058009846,0.4470636217656777,31.543154315431543,61.93619361936194,6.520652065206521,4.0996497000000005,20.0,38.298889,111.691389,Tong_YellowRiver,,,,1.415304804,0.0021816406105064595,11,0.06993196031118999,0.4448567308750098,0.23304904323540487,1.9383377845565246,0.3025267906872426,0.0015545294107698906,undisturbed,Tong et al. (2024): undisturbed cores for Ks and bulk density; retention taken to be on the same cores
TG_67_2,TG_67,silt loam,0.21241564327463747,1.63495760753811,0.0749839881016975,0.4383415154200566,31.576842315768427,62.23377662233777,6.189381061893811,6.8534151,40.0,38.298889,111.691389,Tong_YellowRiver,,,,1.463434933,0.0025191154798629082,11,0.06787256733228589,0.4356976790030297,0.2629937640802043,1.9857095839563048,0.2765773467490598,0.0017230655773279365,undisturbed,Tong et al. (2024): undisturbed cores for Ks and bulk density; retention taken to be on the same cores
TG_67_5,TG_67,silt loam,0.1653728302649067,1.665119778347191,0.06960016301827873,0.4691548528139847,29.645929185837165,61.592318463692735,8.761752350470093,7.337620019999999,100.0,38.298889,111.691389,Tong_YellowRiver,,,,1.482500975,0.0015808925567697282,11,0.0655292048523249,0.46764562116958713,0.18608892718691442,1.83331046328655,0.3346012682959471,0.0011894340168704472,undisturbed,Tong et al. (2024): undisturbed cores for Ks and bulk density; retention taken to be on the same cores
TG_67_10,TG_67,silt loam,0.12725319363572202,1.8487961122904562,0.06304267854254746,0.48290452140030765,31.833183318331834,61.53615361536154,6.630663066306631,2.2823469,200.0,38.298889,111.691389,Tong_YellowRiver,,,,1.463434933,0.00298487035834188,11,0.06730670501828158,0.48560382224158744,0.10383593908891493,1.6111471819089305,0.6060987729124424,0.002441445689099065,undisturbed,Tong et al. (2024): undisturbed cores for Ks and bulk density; retention taken to be on the same cores
TG_67_15,TG_67,silt loam,0.07675369850489974,1.8362870818478894,0.08162480419134474,0.47810802132049174,16.536692661467704,71.31573685262947,12.147570485902818,4.73943696,300.0,38.298889,111.691389,Tong_YellowRiver,,,,1.406469322,0.0016719358079871017,11,0.07898565729927437,0.4773530493943962,0.08322041299050033,1.9514324551364373,0.40284687077690057,0.0015166049346169268,undisturbed,Tong et al. (2024): undisturbed cores for Ks and bulk density; retention taken to be on the same cores
TG_67_20,TG_67,silt loam,0.03870983973635605,1.637044405733592,0.05023264222465357,0.4518155651970989,19.89,69.06,11.05,1.2064007399999999,400.0,38.298889,111.691389,Tong_YellowRiver,,,,1.505519732,0.004391242574430448,11,0.0682265803679507,0.45408336433204144,0.026314722255407694,1.371477348063154,0.6251232052276979,0.004024333272971369,undisturbed,Tong et al. (2024): undisturbed cores for Ks and bulk density; retention taken to be on the same cores
TG_67_25,TG_67,silt loam,0.06793360340569621,1.642341719663939,0.11300745630709108,0.4542507999407284,14.21857814218578,74.78252174782523,10.998900109989,1.5902886,500.0,38.298889,111.691389,Tong_YellowRiver,,,,1.507612346,0.0011012034567926465,11,0.10928597668226961,0.453666455902336,0.07396838664484867,1.737986312429017,0.34628826031036514,0.0009804267603272098,undisturbed,Tong et al. (2024): undisturbed cores for Ks and bulk density; retention taken to be on the same cores
TG_68_0,TG_68,sandy loam,0.30229958203796176,1.4567262370018246,0.07268407285228856,0.3557740676778788,67.06670667066706,29.46294629462946,3.47034703470347,1.55723106,5.0,34.82986389,97.328725,Tong_YellowRiver,,,,1.363454472,0.003376011093786501,11,0.05226037193748739,0.35190283932587574,0.4705657504641833,2.4223216695372134,0.1379966478182641,0.001767238473911346,undisturbed,Tong et al. (2024): undisturbed cores for Ks and bulk density; retention taken to be on the same cores
TG_68_1,TG_68,sandy loam,0.41580691367603606,1.5810097049638046,0.07849953072565354,0.45856448426014984,66.97,28.55,4.48,17.24052432,20.0,34.82986389,97.328725,Tong_YellowRiver,,,,1.301606094,0.0074692193863139765,11,0.05204004750539652,0.4482521075226862,0.7409899712020416,7.634121094589612,0.05053630268956289,0.0022827074570694033,undisturbed,Tong et al. (2024): undisturbed cores for Ks and bulk density; retention taken to be on the same cores
TG_68_2,TG_68,sandy loam,0.42617618540694735,1.548407979998177,0.06786880417782305,0.37270991145774646,56.43999999999999,36.019999999999996,7.539999999999999,37.637193360000005,40.0,34.82986389,97.328725,Tong_YellowRiver,,,,1.565042983,0.00616605090416007,11,0.044289904699682005,0.36393175971389646,0.7629259643298274,10.91489737401954,0.03310274320963315,0.0015888511139076917,undisturbed,Tong et al. (2024): undisturbed cores for Ks and bulk density; retention taken to be on the same cores
TG_68_5,TG_68,sandy loam,0.07424318347911338,2.126791039889504,0.12782421207006417,0.45311881919622365,43.970000000000006,49.82000000000001,6.210000000000001,17.8303035,100.0,34.82986389,97.328725,Tong_YellowRiver,,,,1.40205158,0.0012588368582138777,11,0.12691916824746546,0.4527202935921139,0.07819990890739167,2.218458470713289,0.4864474196676434,0.0011805169343721534,undisturbed,Tong et al. (2024): undisturbed cores for Ks and bulk density; retention taken to be on the same cores
TG_68_10,TG_68,silt loam,0.24191585308720803,1.283047798936839,0.0616726155394464,0.460004069403828,32.69326932693269,58.65586558655865,8.65086508650865,26.245402199999997,200.0,34.82986389,97.328725,Tong_YellowRiver,,,,1.328345055,0.0031858244455844026,11,8.863944407791626e-12,0.45622783524399446,0.3755410794719843,1.941878362796886,0.1004264788467949,0.001733693647348181,undisturbed,Tong et al. (2024): undisturbed cores for Ks and bulk density; retention taken to be on the same cores
TG_68_15,TG_68,loamy sand,0.3754657413263781,1.6089147882861732,0.08668216139528215,0.43926954946620617,75.17,20.5,4.33,12.46293312,300.0,34.82986389,97.328725,Tong_YellowRiver,,,,1.49156897,0.00592414828026901,11,0.06774034044822722,0.4325034477430587,0.6257614698150724,3.6024877898925096,0.1190312452883268,0.002646515386701773,undisturbed,Tong et al. (2024): undisturbed cores for Ks and bulk density; retention taken to be on the same cores
TG_68_20,TG_68,silt loam,0.07330557331757528,1.8851908336235295,0.12784809997672378,0.4688264244279023,26.06739326067393,59.66403359664033,14.26857314268573,1.49449938,400.0,34.82986389,97.328725,Tong_YellowRiver,,,,1.427627977,0.0022684782812414767,11,0.12477091239771922,0.46794547508538625,0.08204987910073219,2.058144779972724,0.393779206643831,0.0020852259197282194,undisturbed,Tong et al. (2024): undisturbed cores for Ks and bulk density; retention taken to be on the same cores
TG_68_25,TG_68,silt loam,0.38497877790714286,1.2008397083797102,0.05239171809352262,0.33799142484097755,30.88,50.06,19.06,1.45810164,500.0,34.82986389,97.328725,Tong_YellowRiver,,,,1.727801873,0.002217897908581143,11,1.741054763600822e-17,0.3354965271221797,0.5912528678859399,1.9607739435223723,0.07091539071758532,0.0010309218918353518,undisturbed,Tong et al. (2024): undisturbed cores for Ks and bulk density; retention taken to be on the same cores
TG_69_0,TG_69,sandy loam,0.27574663519732856,1.2450167897889666,0.04950870571994012,0.4648655609802752,59.64,37.66,2.7,7.507316520000001,5.0,35.06834167,97.71014167,Tong_YellowRiver,,,,1.064908166,0.0034982269835032906,11,9.137169192737044e-19,0.46118685463925807,0.3990800811820302,1.8208733045956924,0.10081283929185511,0.0020761600037408007,undisturbed,Tong et al. (2024): undisturbed cores for Ks and bulk density; retention taken to be on the same cores
TG_69_1,TG_69,sandy loam,0.10369009182918047,1.1644844947680995,0.03481326442616709,0.35297342855285263,56.49564956495649,39.41394139413941,4.09040904090409,3.16628544,20.0,35.06834167,97.71014167,Tong_YellowRiver,,,,1.62503126,0.0009015037127111023,11,2.054699979911764e-06,0.3522685615256618,0.12369932826528908,1.3007504802908532,0.1044904575112687,0.0007217377292537824,undisturbed,Tong et al. (2024): undisturbed cores for Ks and bulk density; retention taken to be on the same cores
TG_69_2,TG_69,silt loam,0.16400002254732912,1.1641479732155764,0.02851691464729418,0.35444825545839403,38.37383738373837,52.10521052105211,9.520952095209521,3.03390618,40.0,35.06834167,97.71014167,Tong_YellowRiver,,,,1.702225476,0.0008131936966911702,11,6.114811277479816e-09,0.3536482083856745,0.19302292355512043,1.3031595709828974,0.10720602497646062,0.0005816372820278605,undisturbed,Tong et al. (2024): undisturbed cores for Ks and bulk density; retention taken to be on the same cores
TG_69_5,TG_69,silt loam,0.1556782460560534,1.375310182477352,0.1395448244019876,0.3654819756292496,14.101410141014101,69.11691169116912,16.781678167816782,4.6786438200000005,100.0,35.06834167,97.71014167,Tong_YellowRiver,,,,1.840105507,0.016325514599254617,11,0.022020670246425587,0.3642399193275332,0.4235979086877283,7.02151134669613,0.020000000000000028,0.014527212269554632,undisturbed,Tong et al. (2024): undisturbed cores for Ks and bulk density; retention taken to be on the same cores
TG_69_10,TG_69,silt loam,0.06350726681464285,1.2188035548889626,0.013354668611199157,0.352985210558898,25.68,60.29,14.03,4.62177042,200.0,35.06834167,97.71014167,Tong_YellowRiver,,,,1.623636184,0.000651932876899822,11,0.00027817165216049354,0.3526089446836154,0.06926439543584664,1.2797588181717008,0.1574719452457239,0.0005699798787750717,undisturbed,Tong et al. (2024): undisturbed cores for Ks and bulk density; retention taken to be on the same cores
TG_70_0,TG_70,sandy loam,0.30391478060724425,1.539878299247649,0.0838584274030342,0.3926968358779651,62.72372762723728,32.506749325067496,4.76952304769523,10.51084056,5.0,34.63972778,98.24977778,Tong_YellowRiver,,,,1.196277841,0.003702170300396256,11,0.06904693554821384,0.3885537520257464,0.45160165646775213,2.416251404171604,0.17055828503856774,0.0020233021113083573,undisturbed,Tong et al. (2024): undisturbed cores for Ks and bulk density; retention taken to be on the same cores
TG_70_1,TG_70,loamy sand,0.463323115972093,1.7708779039195028,0.051219013462041635,0.3866849603488913,79.93200679932008,17.128287171282874,2.9397060293970605,20.87017584,20.0,34.63972778,98.24977778,Tong_YellowRiver,,,,1.540861662,0.007897384416276331,11,0.04025411130074396,0.37563708321290046,0.773550526436405,10.999999999215525,0.048992923418996664,0.0015722636578355145,undisturbed,Tong et al. (2024): undisturbed cores for Ks and bulk density; retention taken to be on the same cores
TG_70_2,TG_70,sand,0.36341743622455785,1.4576790060468368,0.08356975665944814,0.4597776774412688,89.37106289371063,9.14908509149085,1.4798520147985201,5.11048104,40.0,34.63972778,98.24977778,Tong_YellowRiver,,,,1.362059396,0.005787259806028064,11,0.048069233383997,0.4529777923633682,0.6320241347400394,3.411170864500164,0.09037597452506235,0.002467039743806249,undisturbed,Tong et al. (2024): undisturbed cores for Ks and bulk density; retention taken to be on the same cores
TG_70_5,TG_70,loamy sand,0.056613132643666686,4.738963611304279,0.04531991094086541,0.3514112406044399,84.83151684831516,11.998800119988001,3.16968303169683,18.7457955,100.0,34.63972778,98.24977778,Tong_YellowRiver,,,,1.500636965,0.0005948243124771331,11,0.045315772200067765,0.35138487846505323,0.05697050847029596,4.771156818064153,0.7731936628148094,0.0005902174420175405,undisturbed,Tong et al. (2024): undisturbed cores for Ks and bulk density; retention taken to be on the same cores
TG_70_10,TG_70,sandy loam,0.23925442899253124,1.4921462890893524,0.059243149066444026,0.2722832198153645,64.32,29.71,5.97,10.82577648,200.0,34.63972778,98.24977778,Tong_YellowRiver,,,,1.708038294,0.0018579847817832421,11,0.04954926223581963,0.2701759281268028,0.3300024389274791,2.0295744609391404,0.1939424989203487,0.0011358995718949037,undisturbed,Tong et al. (2024): undisturbed cores for Ks and bulk density; retention taken to be on the same cores
TG_71_0,TG_71,sandy loam,0.2071672377323431,1.4059812628817707,0.11550950846078094,0.48028321182036876,47.26945389077815,48.389677935587116,4.3408681736347265,8.843226479999998,5.0,35.6172,99.96670556,Tong_YellowRiver,,,,1.136289564,0.002635302593352747,11,0.09228477557321968,0.47724759594567934,0.28550901155597136,1.856251043327906,0.17268291051172463,0.0016498190142583504,undisturbed,Tong et al. (2024): undisturbed cores for Ks and bulk density; retention taken to be on the same cores
TG_71_1,TG_71,sandy loam,0.1654072478104466,1.4248477388845955,0.13539881987138605,0.5024403207451433,44.914491449144926,49.26492649264927,5.820582058205821,12.56737128,20.0,35.6172,99.96670556,Tong_YellowRiver,,,,1.12559398,0.0036325552888243065,11,0.1047151022526563,0.4989658789274977,0.2436318502991692,2.009584349937377,0.1568118937996609,0.002565899949284824,undisturbed,Tong et al. (2024): undisturbed cores for Ks and bulk density; retention taken to be on the same cores
TG_71_2,TG_71,silt loam,0.10932154272360889,1.1932771034981509,0.02572311779843633,0.4393041114338334,36.533653365336534,55.99559955995599,7.47074707470747,2.59531206,40.0,35.6172,99.96670556,Tong_YellowRiver,,,,1.440183663,0.0010324909482617322,11,3.7673576482601113e-07,0.4384685525706352,0.12498583048665046,1.3007822034310106,0.1310126249518146,0.000821938780019334,undisturbed,Tong et al. (2024): undisturbed cores for Ks and bulk density; retention taken to be on the same cores
TG_71_5,TG_71,silt loam,0.09905801549915817,1.293108474563579,0.13051489179985365,0.5020385933462788,35.57,55.97,8.46,3.9886324799999997,100.0,35.6172,99.96670556,Tong_YellowRiver,,,,1.309976551,0.0014542707321237589,11,0.09165952963993028,0.5006275220001607,0.12906973154644383,1.5193660434339415,0.15073447837966691,0.0010950982525613957,undisturbed,Tong et al. (2024): undisturbed cores for Ks and bulk density; retention taken to be on the same cores
TG_71_10,TG_71,silt loam,0.0842747062427636,1.2018130564277982,0.02193823653619515,0.4014921293218736,17.441744174417444,71.34713471347133,11.21112111211121,1.58323116,200.0,35.6172,99.96670556,Tong_YellowRiver,,,,1.507379834,0.0009281772671108502,11,9.369748760610296e-05,0.40084955531501,0.09527923509359272,1.294450811674792,0.13864303321220683,0.0007768318633635927,undisturbed,Tong et al. (2024): undisturbed cores for Ks and bulk density; retention taken to be on the same cores
TG_71_15,TG_71,silt loam,0.12152718231743026,1.3213120694839717,0.06100482201900744,0.4308532289383581,26.83,64.53,8.64,3.45568044,300.0,35.6172,99.96670556,Tong_YellowRiver,,,,1.499474402,0.0014851234368798121,11,0.03268956734368958,0.4292963109208929,0.15501930691265495,1.5497693116795102,0.16849920179278555,0.0010718357251307653,undisturbed,Tong et al. (2024): undisturbed cores for Ks and bulk density; retention taken to be on the same cores
TG_71_20,TG_71,silt loam,0.08300969728179745,1.1625468099315852,3.060814019727531e-08,0.35835946218373566,26.847315268473157,61.58384161583842,11.568843115688432,6.68467488,400.0,35.6172,99.96670556,Tong_YellowRiver,,,,1.708270806,6.614628878799155e-05,11,0.004540023396106816,0.3584605008914766,0.08102519509629098,1.1475240513801817,0.14516526838731902,4.313587227126538e-05,undisturbed,Tong et al. (2024): undisturbed cores for Ks and bulk density; retention taken to be on the same cores
TG_72_0,TG_72,sandy loam,0.4362508246958484,1.2612884802526656,0.06883648664170568,0.4454417833530704,58.064193580641934,40.065993400659934,1.86981301869813,1.7185666800000001,5.0,34.56388611,99.94973333,Tong_YellowRiver,,,,0.974693238,0.003540579661506831,11,3.694536031519094e-19,0.44106631185978673,0.736376544362174,2.4920215423354946,0.06847995053512514,0.0010727328017225597,undisturbed,Tong et al. (2024): undisturbed cores for Ks and bulk density; retention taken to be on the same cores
TG_72_1,TG_72,sandy loam,0.18163543061383217,1.2310206545003815,0.036795954098436855,0.4761618578028952,58.48,38.59,2.93,11.34261954,20.0,34.56388611,99.94973333,Tong_YellowRiver,,,,1.147682687,0.00231723191527746,11,6.556183242514054e-17,0.47393471722717834,0.23106367357680804,1.497290374885132,0.1268135523608816,0.001635042417397705,undisturbed,Tong et al. (2024): undisturbed cores for Ks and bulk density; retention taken to be on the same cores
TG_72_2,TG_72,silt loam,0.2486243645012386,1.2164563370016561,0.033836959885479426,0.4765161182819898,33.99339933993399,58.41584158415841,7.59075907590759,1.67651616,40.0,34.56388611,99.94973333,Tong_YellowRiver,,,,1.300676043,0.0019032361319459624,11,3.447463799994405e-18,0.47445276429368594,0.31033393870718584,1.4628418367521432,0.1239476650740404,0.0011882741495349396,undisturbed,Tong et al. (2024): undisturbed cores for Ks and bulk density; retention taken to be on the same cores
TG_72_5,TG_72,silt loam,0.06622860835372893,2.2412083323484744,0.0992395371345223,0.47782451978048934,38.71,55.74,5.55,9.311471280000001,100.0,34.56388611,99.94973333,Tong_YellowRiver,,,,1.475758106,0.0023527645081613544,11,0.09793389948600333,0.47725810784322426,0.07085890314865412,2.37225587246181,0.4930211113532312,0.0022419002130791977,undisturbed,Tong et al. (2024): undisturbed cores for Ks and bulk density; retention taken to be on the same cores
TG_72_10,TG_72,silt loam,0.22803587801453548,1.355980738221314,0.05217066222075502,0.35589653855559716,22.85228522852285,62.45624562456245,14.69146914691469,2.5004644199999997,200.0,34.56388611,99.94973333,Tong_YellowRiver,,,,1.696645171,0.0024045740504245005,11,0.02293711193419791,0.3530343426780656,0.3358607650840286,1.9286477853564172,0.13683882765473412,0.0014008110842037424,undisturbed,Tong et al. (2024): undisturbed cores for Ks and bulk density; retention taken to be on the same cores
TG_72_15,TG_72,silt loam,0.048172186813901154,1.4856085610366279,0.0664193295951471,0.3763336910768702,23.87,64.38,11.75,4.81765104,300.0,34.56388611,99.94973333,Tong_YellowRiver,,,,1.581551385,0.0005604838804655896,11,0.061653967577407855,0.37603524195228294,0.05166100895073222,1.542731607211305,0.2967221977803454,0.0005008266454795517,undisturbed,Tong et al. (2024): undisturbed cores for Ks and bulk density; retention taken to be on the same cores
TG_73_0,TG_73,loamy sand,0.16796401941651998,1.2133760398985727,0.02530141951698723,0.4767866960511776,72.8972897289729,26.29262926292629,0.81008100810081,1.48599324,5.0,33.75748333,99.67800556,Tong_YellowRiver,,,,0.984923797,0.0013706730399946937,11,1.1454629280726488e-11,0.47544508954722625,0.1958178497604636,1.358049891788894,0.1383042506854793,0.000984619170853091,undisturbed,Tong et al. (2024): undisturbed cores for Ks and bulk density; retention taken to be on the same cores
TG_73_1,TG_73,sandy loam,0.30649632236981333,1.4901862736526714,0.08308414304075099,0.41060941474431994,70.16596680663868,27.9744051189762,1.8596280743851228,13.64316,20.0,33.75748333,99.67800556,Tong_YellowRiver,,,,1.348806172,0.004009546501600138,11,0.06275889076540078,0.40606519024539967,0.47138661126003695,2.4555840710475163,0.14807872986630197,0.002119222984243675,undisturbed,Tong et al. (2024): undisturbed cores for Ks and bulk density; retention taken to be on the same cores
TG_73_2,TG_73,sandy loam,0.37637844862656594,1.6741015509982824,0.07017558980389062,0.43328425974140705,66.06,28.24,5.7,29.66368758,40.0,33.75748333,99.67800556,Tong_YellowRiver,,,,1.4097245,0.006068756732709919,11,0.05467347828382761,0.4264810447623443,0.6107474208605567,3.5203748119825566,0.13734946678813884,0.002816632975661756,undisturbed,Tong et al. (2024): undisturbed cores for Ks and bulk density; retention taken to be on the same cores
TG_73_5,TG_73,loamy sand,0.06874050149393923,3.269245217112664,0.06265582541001144,0.35982249062461563,83.0983098309831,13.831383138313832,3.0703070307030704,16.140256559999997,100.0,33.75748333,99.67800556,Tong_YellowRiver,,,,1.580853847,0.0002910462801387262,11,0.06261683155602024,0.3597991780363974,0.06911714568199238,3.2853434042949696,0.6857721383829302,0.00028690697925658394,undisturbed,Tong et al. (2024): undisturbed cores for Ks and bulk density; retention taken to be on the same cores
TG_73_10,TG_73,sandy loam,0.09855348649382203,1.4507138998093538,0.0663879604127332,0.30641604302015996,57.14571457145715,36.14361436143614,6.710671067106711,13.94310096,200.0,33.75748333,99.67800556,Tong_YellowRiver,,,,1.681299333,0.0012904936797594592,11,0.055820763431549424,0.3053832914067309,0.12217654714161827,1.681815503917771,0.22651738339286648,0.0010400809023828552,undisturbed,Tong et al. (2024): undisturbed cores for Ks and bulk density; retention taken to be on the same cores
TG_74_0,TG_74,sandy loam,0.11852950851453782,1.1899799917073215,0.032153172805698085,0.47367535617992484,53.27467253274672,42.695730426957304,4.02959704029597,6.8662201199999995,5.0,37.08635278,101.0234972,Tong_YellowRiver,,,,1.086531847,0.0012338189569750199,11,1.295632363002972e-06,0.47263942526171454,0.13815400119879986,1.3167928895492853,0.12480176722952564,0.0009643348375869176,undisturbed,Tong et al. (2024): undisturbed cores for Ks and bulk density; retention taken to be on the same cores
TG_74_1,TG_74,sandy loam,0.22025249217327963,1.3804376082901897,0.12979913660293085,0.5353751686879673,56.31436856314369,40.475952404759525,3.2096790320967905,3.63436032,20.0,37.08635278,101.0234972,Tong_YellowRiver,,,,1.031426337,0.003154930019402158,11,0.0972931239585258,0.5316759516711472,0.3159424420802538,1.9074713155278102,0.15198087728857115,0.0018960206573133411,undisturbed,Tong et al. (2024): undisturbed cores for Ks and bulk density; retention taken to be on the same cores
TG_74_2,TG_74,sandy loam,0.31893570138623617,1.213105809412451,0.0777612246132328,0.49830914040131163,52.86,41.2,5.94,15.793429860000002,40.0,37.08635278,101.0234972,Tong_YellowRiver,,,,1.183954668,0.0037296794665177585,11,1.4206667655391494e-19,0.4942656331443968,0.496257521425746,2.00509383380088,0.07272071285512931,0.001987056253124656,undisturbed,Tong et al. (2024): undisturbed cores for Ks and bulk density; retention taken to be on the same cores
TG_74_5,TG_74,silt loam,0.108355739292515,1.6160208052013618,0.12019709695821185,0.37487281448511983,41.32413241324133,51.71517151715172,6.960696069606961,4.39392714,100.0,37.08635278,101.0234972,Tong_YellowRiver,,,,1.545046891,0.0010436974031335952,11,0.11665689427884969,0.374086376733433,0.12229944514063915,1.7672174858407703,0.3194543800472927,0.0008619100508540753,undisturbed,Tong et al. (2024): undisturbed cores for Ks and bulk density; retention taken to be on the same cores
TG_74_10,TG_74,silt loam,0.019008103968008595,1.1840751060171615,0.1119651534599963,0.3285002834912276,32.13999999999999,57.37999999999999,10.479999999999999,1.3009122,200.0,37.08635278,101.0234972,Tong_YellowRiver,,,,1.745240326,0.0014134344663319562,11,2.160260907000941e-05,0.3282112881415519,0.026631471449974808,1.344578783333875,0.0732885377987292,0.001349831056317425,undisturbed,Tong et al. (2024): undisturbed cores for Ks and bulk density; retention taken to be on the same cores
TG_75_0,TG_75,sandy loam,0.15959936437923283,1.5927355970197503,0.104556975413243,0.5317897755672113,54.89,43.39,1.72,,5.0,36.14561944,100.9659472,Tong_YellowRiver,,,,0.985621335,0.0020224336771438936,11,0.09752489287395222,0.5298316205727874,0.1860588048199971,1.8016694389527776,0.29588064174568435,0.0015054074945250438,undisturbed,Tong et al. (2024): undisturbed cores for Ks and bulk density; retention taken to be on the same cores
TG_75_1,TG_75,silt loam,0.17703033878148436,1.5745067196111289,0.12705433788507584,0.5652303904477707,32.12,60.65,7.23,7.38090822,20.0,36.14561944,100.9659472,Tong_YellowRiver,,,,1.04374951,0.002478877004205658,11,0.1178568602559298,0.5627107164811406,0.21371704741700176,1.8422901360528745,0.27389412217167597,0.0017748120876497782,undisturbed,Tong et al. (2024): undisturbed cores for Ks and bulk density; retention taken to be on the same cores
TG_75_2,TG_75,silt loam,0.12854263376783995,1.5221352839077893,0.08310966939234139,0.4877239701977478,27.437256274372565,66.1033896610339,6.4593540645935414,6.50256624,40.0,36.14561944,100.9659472,Tong_YellowRiver,,,,1.350898787,0.0015831024409800113,11,0.09080154402905743,0.48951429156742093,0.10785738751130114,1.3710731995811334,0.42801164180913415,0.001177605960542141,undisturbed,Tong et al. (2024): undisturbed cores for Ks and bulk density; retention taken to be on the same cores
TG_75_5,TG_75,silt loam,0.2800395708093716,1.241747172933097,0.05099067482265057,0.5358307741015648,24.38,68.58,7.04,1.3141251600000001,100.0,36.14561944,100.9659472,Tong_YellowRiver,,,,1.297188353,0.007303852913421155,11,0.11176668112932873,0.5380516096964085,0.1585132884655452,1.01,0.3612449777986192,0.005673925109019194,undisturbed,Tong et al. (2024): undisturbed cores for Ks and bulk density; retention taken to be on the same cores
TG_75_10,TG_75,silt loam,0.05274646866980556,1.1341867863459478,5.402904310746247e-09,0.4032302942451746,19.84396879375875,72.2744548909782,7.881576315263052,4.47637644,200.0,36.14561944,100.9659472,Tong_YellowRiver,,,,1.658048063,0.0005721083898162024,11,0.06917223945343486,0.40404624225765395,0.039156871828494165,1.010002287379218,0.1861020742581568,0.0003977835347570914,undisturbed,Tong et al. (2024): undisturbed cores for Ks and bulk density; retention taken to be on the same cores
TG_76_0,TG_76,sandy loam,0.11209762818405082,1.2919423238165366,0.0755358087889123,0.35918557981318894,48.52,45.8,5.68,,5.0,35.246425,100.7238306,Tong_YellowRiver,,,,1.314626805,0.001056793900043599,11,0.048576322281594586,0.35808607714208307,0.14444610328957644,1.5137594186513224,0.15323754107795043,0.000768641531493486,undisturbed,Tong et al. (2024): undisturbed cores for Ks and bulk density; retention taken to be on the same cores
TG_76_1,TG_76,silt loam,0.21839665450191434,1.4640618811307495,0.12824062615470402,0.49884804440815955,42.910000000000004,52.260000000000005,4.830000000000001,4.99902306,20.0,35.246425,100.7238306,Tong_YellowRiver,,,,1.226039467,0.0028637882795235978,11,0.11057829821254384,0.49560031069509364,0.2958125866527334,1.9248181465337473,0.19460423510426286,0.0018022664742595358,undisturbed,Tong et al. (2024): undisturbed cores for Ks and bulk density; retention taken to be on the same cores
TG_76_2,TG_76,sandy loam,0.3304646785628515,1.3675928526599002,0.12981072405047236,0.48196679221963645,45.769999999999996,49.809999999999995,4.419999999999999,4.8226341,40.0,35.246425,100.7238306,Tong_YellowRiver,,,,1.374847595,0.0045039865400037255,11,0.08265385789301014,0.47664544829815925,0.5708917020386558,2.805886174246217,0.08623502008884497,0.0020441497527701018,undisturbed,Tong et al. (2024): undisturbed cores for Ks and bulk density; retention taken to be on the same cores
TG_76_5,TG_76,silt loam,0.26958170800247266,1.287652724459896,0.07732276368893959,0.4319013745250805,38.01,56.43,5.56,4.44236802,100.0,35.246425,100.7238306,Tong_YellowRiver,,,,1.514587727,0.002585379330209601,11,0.02547895357810514,0.4286178347759093,0.41580196552791276,1.9305720657001775,0.1038104265869684,0.001300500095618196,undisturbed,Tong et al. (2024): undisturbed cores for Ks and bulk density; retention taken to be on the same cores
TG_77_0,TG_77,sandy loam,0.28823878060857233,1.2148350033561723,0.04227664182962423,0.2875980627061741,64.65353464653535,33.756624337566244,1.5898410158984102,,5.0,34.35748056,100.5518083,Tong_YellowRiver,,,,1.40112153,0.0020884808336773864,11,2.1899634021142624e-18,0.2853821455187486,0.4375278822733738,1.8987109347258013,0.0791134705964853,0.0011924263418093585,undisturbed,Tong et al. (2024): undisturbed cores for Ks and bulk density; retention taken to be on the same cores
TG_77_1,TG_77,sandy loam,0.30673872911702765,1.287643973272563,0.037378848328818035,0.35153656405491324,60.113988601139894,37.886211378862114,1.9998000199980004,2.41844574,20.0,34.35748056,100.5518083,Tong_YellowRiver,,,,1.200230557,0.003323972653337015,11,2.6585536607579944e-23,0.3479396772489909,0.47363549640675967,2.124114663941146,0.09783689581724436,0.0017689095115545413,undisturbed,Tong et al. (2024): undisturbed cores for Ks and bulk density; retention taken to be on the same cores
TG_77_2,TG_77,silt loam,0.09541797243145243,1.432497334455153,0.09342447455679491,0.33674792450199476,41.66,51.86,6.48,0.66179778,40.0,34.35748056,100.5518083,Tong_YellowRiver,,,,1.617125828,0.0010506166223452017,11,0.08372962090991722,0.33588066564888835,0.11490965999131848,1.61900224986324,0.2307272629414066,0.0008438618849374588,undisturbed,Tong et al. (2024): undisturbed cores for Ks and bulk density; retention taken to be on the same cores
TG_77_5,TG_77,silt loam,0.1415991515751956,1.29838129058383,0.010077788958989557,0.2925816303621401,36.81631836816319,54.18458154184582,8.999100089991002,1.2387746400000001,100.0,34.35748056,100.5518083,Tong_YellowRiver,,,,1.848243452,0.0009582235199081377,11,2.820772161735319e-12,0.29168728266736804,0.16316336471581389,1.4386912876743496,0.18653467780224545,0.0007081456823616889,undisturbed,Tong et al. (2024): undisturbed cores for Ks and bulk density; retention taken to be on the same cores
TG_78_0,TG_78,loamy sand,0.04634145921654834,1.1511178605510726,0.008798786591719938,0.3931464428333654,76.22762276227623,22.96229622962296,0.81008100810081,,5.0,33.434925,101.2016083,Tong_YellowRiver,,,,0.998642046,0.00016697836849760458,11,0.000760514472157272,0.39306170309412886,0.04768915533100522,1.1664707575032986,0.12502618782000025,0.00014997948858475323,undisturbed,Tong et al. (2024): undisturbed cores for Ks and bulk density; retention taken to be on the same cores
TG_78_1,TG_78,sandy loam,0.023050345509272246,1.2295678645085766,0.019534913845549548,0.4184111595098313,57.06,40.56,2.38,1.07797596,20.0,33.434925,101.2016083,Tong_YellowRiver,,,,1.318579521,0.0007170295773226035,11,8.221411167290391e-05,0.418217533583349,0.024875843266992815,1.2678035273328934,0.16507631255819313,0.0006796475811597411,undisturbed,Tong et al. (2024): undisturbed cores for Ks and bulk density; retention taken to be on the same cores
TG_78_2,TG_78,silt loam,0.06220111483484028,1.1834725231809096,1.0481108050250886e-09,0.44611850423808513,36.976302369763026,55.2044795520448,7.819218078192182,0.31503149999999996,40.0,33.434925,101.2016083,Tong_YellowRiver,,,,1.386705742,0.0008814869637643984,11,0.051110563391388364,0.4474122724463545,0.04672399250508212,1.0450973404244672,0.2283642927238555,0.0006118597619412242,undisturbed,Tong et al. (2024): undisturbed cores for Ks and bulk density; retention taken to be on the same cores
TG_78_5,TG_78,silt loam,0.07953429663762424,1.2054061566938161,0.0363492868835713,0.40260739762871656,28.17,62.62,9.21,0.81937956,100.0,33.434925,101.2016083,Tong_YellowRiver,,,,1.690599841,5.187917150347487e-05,11,0.03294849751503876,0.4025499721217911,0.0809449510830295,1.214830394459402,0.1659379766216242,3.845525038365856e-05,undisturbed,Tong et al. (2024): undisturbed cores for Ks and bulk density; retention taken to be on the same cores
TG_78_10,TG_78,silt loam,0.01857378347142277,1.183987137432923,2.8806644223803476e-08,0.3005684182753427,19.07,61.03,19.9,1.5066657,200.0,33.434925,101.2016083,Tong_YellowRiver,,,,1.837547867,0.0004238822515670999,11,0.053733440436370246,0.3009355128274189,0.013828339438979988,1.0855812367208015,0.24579956371368383,0.000357991680623715,undisturbed,Tong et al. (2024): undisturbed cores for Ks and bulk density; retention taken to be on the same cores
TG_78_15,TG_78,silt loam,0.030850628397383846,1.6576200551221492,0.08901626034975012,0.37051756993695817,28.14,58.54,13.32,2.0122803,300.0,33.434925,101.2016083,Tong_YellowRiver,,,,1.679439231,0.0010272991408106118,11,0.08456567067995269,0.370218504037753,0.03363035319140208,1.7395483832978988,0.35023246652441287,0.0009708176647523622,undisturbed,Tong et al. (2024): undisturbed cores for Ks and bulk density; retention taken to be on the same cores
TG_79_0,TG_79,sandy loam,0.10174877785032753,1.1857551672509423,5.136835644244854e-09,0.5518016017661954,58.5,36.09,5.41,,5.0,34.71747778,101.7021306,Tong_YellowRiver,,,,0.713813989,0.0009692422851568922,11,0.040791331361972924,0.5534350398652338,0.08249735766161508,1.0627749728469014,0.2081199646799457,0.0005867581858115293,undisturbed,Tong et al. (2024): undisturbed cores for Ks and bulk density; retention taken to be on the same cores
TG_79_1,TG_79,sandy loam,0.20549246146214573,1.2277131768398588,0.034176185043346886,0.3768883815380893,46.77064587082583,46.89062187562487,6.338732253549289,2.87695716,20.0,34.71747778,101.7021306,Tong_YellowRiver,,,,1.360199295,0.0020668396149456127,11,2.4242991670628355e-19,0.3748358515731638,0.2717332367706659,1.5617183835083042,0.11598610410287462,0.0013969745707906158,undisturbed,Tong et al. (2024): undisturbed cores for Ks and bulk density; retention taken to be on the same cores
TG_79_2,TG_79,loam,0.09229680678701242,1.6666839246735368,0.11810832746212228,0.4044312805644474,44.08,48.34,7.58,6.905792880000001,40.0,34.71747778,101.7021306,Tong_YellowRiver,,,,1.327880029,0.00032438213243885205,11,0.11902550717662169,0.4046688641400964,0.08925064335214151,1.6299013129049884,0.4189250321140193,0.0002754267234556579,undisturbed,Tong et al. (2024): undisturbed cores for Ks and bulk density; retention taken to be on the same cores
TG_79_5,TG_79,silt loam,0.2502185443508414,1.1999244941385796,0.044130322055945234,0.42547405272094835,23.34233423342334,64.15641564156417,12.5012501250125,18.54630714,100.0,34.71747778,101.7021306,Tong_YellowRiver,,,,1.531793667,0.001973490163824973,11,2.933836817527328e-11,0.4233588352871324,0.33145930873503404,1.5310927821652043,0.10255158421309905,0.0012208124735033586,undisturbed,Tong et al. (2024): undisturbed cores for Ks and bulk density; retention taken to be on the same cores
TG_79_10,TG_79,silt loam,0.037883103575979134,1.252433374031607,0.010521113993165203,0.3127523132297507,27.635527105421087,56.43128625725146,15.933186637327466,0.79308144,200.0,34.71747778,101.7021306,Tong_YellowRiver,,,,1.693157481,0.0006142533903926715,11,4.860953397407369e-06,0.3125151444994914,0.04092432316252746,1.3011330894627386,0.1796907405323488,0.0005663987691871705,undisturbed,Tong et al. (2024): undisturbed cores for Ks and bulk density; retention taken to be on the same cores
TG_79_15,TG_79,silty clay loam,0.07424552556711313,1.1786160970831772,1.122592878337252e-07,0.2981543338940986,17.648235176482352,54.41455854414559,27.937206279372067,1.12196604,300.0,34.71747778,101.7021306,Tong_YellowRiver,,,,1.846150837,0.0006672799284845952,11,0.03649875356254884,0.2992145919892277,0.05367045364294959,1.0199231473208206,0.23321621538096282,0.0004379981026364194,undisturbed,Tong et al. (2024): undisturbed cores for Ks and bulk density; retention taken to be on the same cores
TG_80_0,TG_80,sandy loam,0.057187909297719136,1.1844913924042724,1.5564869593897835e-08,0.43218181997406313,61.51,36.64,1.85,,5.0,33.77298333,101.7358639,Tong_YellowRiver,,,,1.23231731,0.0006157677790770363,11,0.037938985360606685,0.4330315076262074,0.04682717030263183,1.083904459120307,0.20632438771203,0.00044038277649202076,undisturbed,Tong et al. (2024): undisturbed cores for Ks and bulk density; retention taken to be on the same cores
TG_80_1,TG_80,sandy loam,0.2295253136263513,1.2036608101255821,0.04855806284958273,0.48661262218002366,51.73034606921384,43.36867373474695,4.9009801960392085,1.498983,20.0,33.77298333,101.7358639,Tong_YellowRiver,,,,1.124198904,0.002264962784446831,11,7.788633386125802e-19,0.48424092701875543,0.3015257113528388,1.5180287182741807,0.10616213582247573,0.0014556362635049843,undisturbed,Tong et al. (2024): undisturbed cores for Ks and bulk density; retention taken to be on the same cores
TG_80_2,TG_80,sandy loam,0.09402809759268198,1.486563905227039,0.11484022753983981,0.46711996783237286,58.985898589858984,37.36373637363736,3.65036503650365,3.9378195600000003,40.0,33.77298333,101.7358639,Tong_YellowRiver,,,,1.231619771,0.001842415249569011,11,0.10246567803735164,0.4657322080286439,0.1139073029418865,1.696542988157617,0.24740453334209286,0.0015147121605669524,undisturbed,Tong et al. (2024): undisturbed cores for Ks and bulk density; retention taken to be on the same cores
TG_80_5,TG_80,silt loam,0.07162763975298797,1.5896374222415086,0.09492766823216017,0.47023035640416844,32.690000000000005,61.01000000000001,6.300000000000001,1.8295413600000001,100.0,33.77298333,101.7358639,Tong_YellowRiver,,,,1.400656504,0.0017040042394924522,11,0.08769992781555726,0.4692640694961884,0.08161152886762045,1.7346373436901983,0.30737164675156997,0.0014965436743037774,undisturbed,Tong et al. (2024): undisturbed cores for Ks and bulk density; retention taken to be on the same cores
TG_80_10,TG_80,silt loam,0.019392088906888642,1.656178592424033,0.07648925566598966,0.3173231701013389,17.62,70.53,11.85,4.4385351,200.0,33.77298333,101.7358639,Tong_YellowRiver,,,,1.771049235,0.0011038159452404417,11,0.06997607288503348,0.31708904329665805,0.021660990777988432,1.7498631718054958,0.3358829904869317,0.0010606044482626045,undisturbed,Tong et al. (2024): undisturbed cores for Ks and bulk density; retention taken to be on the same cores
TG_80_15,TG_80,silt loam,0.07355385555498552,1.2092897338064437,0.07904350317367752,0.27988161920141286,34.97349734973497,54.93549354935493,10.09100910091009,2.24404122,300.0,33.77298333,101.7358639,Tong_YellowRiver,,,,1.924042592,0.0003474066898377985,11,0.05371726141615732,0.2795382705395855,0.08933279327429822,1.327319398744104,0.12567558390585365,0.000265707029492825,undisturbed,Tong et al. (2024): undisturbed cores for Ks and bulk density; retention taken to be on the same cores
TG_80_20,TG_80,loam,0.06957556084132113,1.6545573877465278,0.20447650103396908,0.37216995656626556,39.17608239176082,49.565043495650436,11.25887411258874,0.7544065200000001,400.0,33.77298333,101.7358639,Tong_YellowRiver,,,,1.536908946,0.0013626398514510027,11,0.20014583819447246,0.3715328677665769,0.08410673773409763,1.8972282285674242,0.2974521558434145,0.0012225968376735773,undisturbed,Tong et al. (2024): undisturbed cores for Ks and bulk density; retention taken to be on the same cores
TG_81_0,TG_81,silt loam,0.17768274612339124,1.497504741951097,0.10321774116409518,0.4733433666799039,38.86388638863886,54.07540754075407,7.06070607060706,,5.0,36.3125,102.9525,Tong_YellowRiver,,,,1.358804218,0.0021767057460504156,11,0.0915360699232431,0.47102854130949745,0.2218808052950719,1.7963374877561606,0.2369182081499877,0.0015096458375260919,undisturbed,Tong et al. (2024): undisturbed cores for Ks and bulk density; retention taken to be on the same cores
TG_81_1,TG_81,silt loam,0.06490547255963286,1.7063716089059504,0.10575355227750753,0.3866052377545414,24.652465246524653,69.2069206920692,6.140614061406141,4.59202182,20.0,36.3125,102.9525,Tong_YellowRiver,,,,1.647119966,0.0009240156026698572,11,0.10333609509893898,0.3861679168250388,0.07004022272627257,1.7971878651406006,0.3706999984867976,0.0008353319322051222,undisturbed,Tong et al. (2024): undisturbed cores for Ks and bulk density; retention taken to be on the same cores
TG_81_2,TG_81,silt loam,0.09007938777763372,1.4960455152650898,0.05816440838738077,0.46770734632847133,17.880000000000003,74.63000000000001,7.490000000000001,0.71860932,40.0,36.3125,102.9525,Tong_YellowRiver,,,,1.517610392,0.001054268818371583,11,0.051423730220807776,0.46687879460995774,0.0994208769278036,1.594442548008681,0.2888149647457728,0.0008683619892488149,undisturbed,Tong et al. (2024): undisturbed cores for Ks and bulk density; retention taken to be on the same cores
TG_81_5,TG_81,silt loam,0.06478971082877936,1.9243941757022047,0.07152009289071184,0.502446227130163,19.638036196380362,71.73282671732827,8.629137086291372,1.93585764,100.0,36.3125,102.9525,Tong_YellowRiver,,,,1.403911682,0.0023725688695247185,11,0.06860895845090727,0.50162578110071,0.07067393451852286,2.056556234954517,0.4193865163573376,0.0022079530280179963,undisturbed,Tong et al. (2024): undisturbed cores for Ks and bulk density; retention taken to be on the same cores
TG_81_10,TG_81,silt loam,0.07084678373691065,2.00466948976001,0.0676883665342002,0.449885384582822,19.191919191919194,73.0973097309731,7.710771077107712,4.27990248,200.0,36.3125,102.9525,Tong_YellowRiver,,,,1.303233683,0.0008426060036220074,11,0.066869526969991,0.44957977532865245,0.07330641973233691,2.0579522267390136,0.47505624403168695,0.0007831464723921384,undisturbed,Tong et al. (2024): undisturbed cores for Ks and bulk density; retention taken to be on the same cores
TG_81_15,TG_81,silt loam,0.05420154826575724,2.229029331686605,0.08689987831390164,0.44985592978639005,14.24,75.59,10.17,3.2002172399999997,300.0,36.3125,102.9525,Tong_YellowRiver,,,,1.370662366,0.0032858138364863015,11,0.08496379299186456,0.44915510562626965,0.05947396253010967,2.4126762297970012,0.46909207798808333,0.0031492629593931855,undisturbed,Tong et al. (2024): undisturbed cores for Ks and bulk density; retention taken to be on the same cores
TG_81_20,TG_81,silt loam,0.06471504778234621,2.0146080722917743,0.08604539148818102,0.47547024402876253,21.412141214121412,70.1070107010701,8.480848084808482,14.23770072,400.0,36.3125,102.9525,Tong_YellowRiver,,,,1.461807344,0.0014301138101723274,11,0.0846813905807869,0.47500705751128214,0.06824877648205263,2.0992062439400954,0.46291263574858676,0.0013398577143119293,undisturbed,Tong et al. (2024): undisturbed cores for Ks and bulk density; retention taken to be on the same cores
TG_81_25,TG_81,silt loam,0.08842843049169723,1.5982232767311837,0.048167926102736174,0.4701646477418959,22.12,68.92,8.96,1.0098230400000001,500.0,36.3125,102.9525,Tong_YellowRiver,,,,1.38996092,0.0016307833177938832,11,0.04188789680952221,0.469075809383082,0.0991635244817499,1.7311611643443825,0.3173941896705289,0.0013901554861941211,undisturbed,Tong et al. (2024): undisturbed cores for Ks and bulk density; retention taken to be on the same cores
TG_82_0,TG_82,silt loam,0.061405990792615044,1.2243232222518525,7.314919305476854e-09,0.3799660536362806,36.35636436356364,55.274472552744726,8.36916308369163,,5.0,34.51603889,102.6609556,Tong_YellowRiver,,,,1.438788587,0.0004114717078372465,11,0.015489405960549672,0.38050155321231616,0.05490498828453806,1.1578047352200846,0.2137316590502397,0.0003003020716406095,undisturbed,Tong et al. (2024): undisturbed cores for Ks and bulk density; retention taken to be on the same cores
TG_82_1,TG_82,silt loam,0.1226494610156373,1.2300157447694642,0.015352231079688255,0.40402360980126,36.34,55.56,8.1,4.30148496,20.0,34.51603889,102.6609556,Tong_YellowRiver,,,,1.426930439,0.000972425368664506,11,1.7161452519167407e-11,0.40319463856000787,0.13752772123132084,1.330094866141534,0.1573595491957502,0.000760663533161989,undisturbed,Tong et al. (2024): undisturbed cores for Ks and bulk density; retention taken to be on the same cores
TG_82_2,TG_82,silt loam,0.1709696563377876,1.2956484681189628,0.03764410513751638,0.4367373638064511,30.373037303730374,59.07590759075908,10.551055105510551,0.7666288200000001,40.0,34.51603889,102.6609556,Tong_YellowRiver,,,,1.474828056,0.002186956985657731,11,1.8725028350443867e-09,0.434333148878349,0.23048297662961317,1.6275875580443335,0.1419476216305943,0.0014152152359014844,undisturbed,Tong et al. (2024): undisturbed cores for Ks and bulk density; retention taken to be on the same cores
TG_82_5,TG_82,silt loam,0.23561954660808188,1.3812373711135904,0.047242448509380426,0.4685386735784758,34.48034410323097,58.627588276482946,6.8920676202860855,1.48732818,100.0,34.51603889,102.6609556,Tong_YellowRiver,,,,1.50365963,0.003297376194842399,11,0.0141662215487614,0.46459691324726543,0.3386689060662298,1.9243054156122614,0.15119388497602093,0.0019116134777011657,undisturbed,Tong et al. (2024): undisturbed cores for Ks and bulk density; retention taken to be on the same cores
TG_82_10,TG_82,silt loam,0.1386767837675732,1.68541546997235,0.056563202624652975,0.420259941944331,33.3,58.93000000000001,7.770000000000001,2.03075916,200.0,34.51603889,102.6609556,Tong_YellowRiver,,,,1.501334503,0.0012947474737477563,11,0.053402780755801384,0.4191630280697531,0.1532437642491002,1.8236854231113448,0.3505332900231426,0.001029670441831859,undisturbed,Tong et al. (2024): undisturbed cores for Ks and bulk density; retention taken to be on the same cores
TG_82_15,TG_82,silt loam,0.056214849505450526,2.5204303235861287,0.08834276623894496,0.4656647985874447,31.506849315068493,62.343765623437655,6.149385061493851,2.4231493200000003,300.0,34.51603889,102.6609556,Tong_YellowRiver,,,,1.496684249,0.003595212936163509,11,0.08713072278370768,0.46506877059262797,0.06053986209666065,2.699635095191968,0.523559189461424,0.0034810224333860834,undisturbed,Tong et al. (2024): undisturbed cores for Ks and bulk density; retention taken to be on the same cores
TG_83_0,TG_83,sandy loam,0.19149069960493825,1.4022600327316037,0.09249684966763773,0.4708846657611772,60.18398160183981,37.61623837616238,2.1997800219978005,14.124549720000001,5.0,33.49413333,102.6765611,Tong_YellowRiver,,,,1.079788978,0.0024168178768057018,11,0.07031750136839364,0.4681237496384163,0.2561867221271259,1.7821533657867983,0.18194982378630478,0.0015590359016594863,undisturbed,Tong et al. (2024): undisturbed cores for Ks and bulk density; retention taken to be on the same cores
TG_83_1,TG_83,sandy loam,0.12334161535798994,1.2969352849392237,0.04092179209605417,0.43169650716909036,59.2059205920592,38.28382838283828,2.5102510251025096,3.3455722199999998,20.0,33.49413333,102.6765611,Tong_YellowRiver,,,,1.289747946,0.00145941155566783,11,0.006770571509049334,0.43011466842759327,0.15815183447325776,1.5216107412063193,0.1567430412639492,0.001034482863818642,undisturbed,Tong et al. (2024): undisturbed cores for Ks and bulk density; retention taken to be on the same cores
TG_83_2,TG_83,sandy loam,0.24781289078960098,1.2602968489793893,0.04174083179429194,0.5168172355754235,59.83401659834016,37.136286371362864,3.0296970302969704,6.5583948,40.0,33.49413333,102.6765611,Tong_YellowRiver,,,,1.170933957,0.003515763099098858,11,2.1587923927783414e-16,0.5131764527385174,0.33752434353935884,1.6914276768869838,0.1220796027669782,0.0022164105676281843,undisturbed,Tong et al. (2024): undisturbed cores for Ks and bulk density; retention taken to be on the same cores
TG_83_5,TG_83,silt loam,0.08846937946377721,1.1699400448817103,7.309232052295335e-08,0.38953903903061654,41.03410341034104,52.045204520452046,6.920692069206921,1.1003169,100.0,33.49413333,102.6765611,Tong_YellowRiver,,,,1.6715338,0.0005883376445350823,11,0.0331869640433105,0.3905048097981299,0.07194747634745481,1.0563520535629911,0.19395127080844196,0.00036860732209396984,undisturbed,Tong et al. (2024): undisturbed cores for Ks and bulk density; retention taken to be on the same cores
TG_83_10,TG_83,sandy loam,0.22734600667935603,1.7230283695328341,0.04255040972477333,0.41770131377729686,53.08,43.16,3.76,8.07630318,200.0,33.49413333,102.6765611,Tong_YellowRiver,,,,1.378102772,0.0026823945331254976,11,0.03704976991029304,0.4149318351767451,0.27802670088344333,2.0845917608196354,0.30234263643331405,0.001840371844175565,undisturbed,Tong et al. (2024): undisturbed cores for Ks and bulk density; retention taken to be on the same cores
TG_84_0,TG_84,silt loam,0.45541747342853117,1.3014236201325828,0.07037253481056319,0.4949251038741283,40.44,53.24,6.32,5.90623104,5.0,34.49063056,104.066325,Tong_YellowRiver,,,,1.207670963,0.007314786643817098,11,3.71359335324405e-27,0.48519043978093745,0.822405355484783,9.56287981371065,0.020000000000000018,0.0016411518985184877,undisturbed,Tong et al. (2024): undisturbed cores for Ks and bulk density; retention taken to be on the same cores
TG_84_1,TG_84,silt loam,0.0379309630905535,1.2517547345832702,0.014446816944085493,0.36704560818769505,34.166583341665834,58.15418458154185,7.679232076792322,0.8156949,20.0,34.49063056,104.066325,Tong_YellowRiver,,,,1.474130517,0.0008313660106999862,11,5.977644825943174e-07,0.3667273314948779,0.04147745390559494,1.3085008347116212,0.17594814359991565,0.0007667016784639707,undisturbed,Tong et al. (2024): undisturbed cores for Ks and bulk density; retention taken to be on the same cores
TG_84_2,TG_84,silt loam,0.29344686376266366,1.264790473524049,0.04483955184133324,0.4601955027122597,31.5968403159684,57.62423757624237,10.77892210778922,11.25966828,40.0,34.49063056,104.066325,Tong_YellowRiver,,,,1.292073073,0.003834475823922744,11,3.6331369863400245e-23,0.4561379214479393,0.42939017459519685,1.906979274880305,0.10452090843594508,0.0022073398672381875,undisturbed,Tong et al. (2024): undisturbed cores for Ks and bulk density; retention taken to be on the same cores
TG_84_5,TG_84,silt loam,0.16526256757305577,1.2633373683836358,0.021615620137770696,0.45617506932235985,34.69,58.13,7.18,3.1470064200000003,100.0,34.49063056,104.066325,Tong_YellowRiver,,,,1.444136379,0.0019240742749212798,11,3.179688652985639e-13,0.45437342820685944,0.1978008617387512,1.4552993758237829,0.1580698827426578,0.0014079403577126964,undisturbed,Tong et al. (2024): undisturbed cores for Ks and bulk density; retention taken to be on the same cores
TG_84_10,TG_84,silt loam,0.20764881673159968,1.4731792242939388,0.09384408899874401,0.4535318962460838,30.21,63.14,6.65,8.079501,200.0,34.49063056,104.066325,Tong_YellowRiver,,,,1.308813988,0.0026008838585452184,11,0.07842875262474408,0.45061973067332906,0.27510978253342505,1.8860837099192724,0.20578687465616008,0.0016802276349129983,undisturbed,Tong et al. (2024): undisturbed cores for Ks and bulk density; retention taken to be on the same cores
TG_84_15,TG_84,silt loam,0.05312589839256043,2.042093760883688,0.12006313545289515,0.45773164582030695,19.80396079215843,73.40468093618723,6.791358271654331,1.55093556,300.0,34.49063056,104.066325,Tong_YellowRiver,,,,1.402981631,0.002628761410974454,11,0.11762405783474812,0.45705659450099906,0.05866114034511574,2.2087365691542153,0.43405815353502303,0.002496218968070047,undisturbed,Tong et al. (2024): undisturbed cores for Ks and bulk density; retention taken to be on the same cores
TG_84_20,TG_84,silt loam,0.06121209138531369,2.09573653033582,0.10807210710976538,0.5180224736999451,19.921992199219922,73.04730473047304,7.03070307030703,1.7067363599999998,400.0,34.49063056,104.066325,Tong_YellowRiver,,,,1.368337239,0.0025927604993665567,11,0.10605662397733165,0.5173225637626273,0.06621402712679454,2.2329669768823246,0.4593310121712997,0.0024552142030121724,undisturbed,Tong et al. (2024): undisturbed cores for Ks and bulk density; retention taken to be on the same cores
TG_84_25,TG_84,silt loam,0.22274439979930358,1.2802306363700637,0.034673065894483435,0.5343468594228923,21.59,70.81,7.6,0.37014798000000004,500.0,34.49063056,104.066325,Tong_YellowRiver,,,,1.326752996,0.0035362034781079585,11,9.004982223781321e-15,0.530798048759008,0.2930659277984952,1.6469688550706825,0.13947275534362769,0.002348841421973684,undisturbed,Tong et al. (2024): undisturbed cores for Ks and bulk density; retention taken to be on the same cores
TG_85_0,TG_85,silt loam,0.05795778266280818,1.1430246891266844,4.4121024368237917e-07,0.3389808499380401,34.836516348365166,57.684231576842315,7.47925207479252,15.114209579999999,5.0,34.08968611,110.1688194,Tong_YellowRiver,,,,1.542721764,0.0006888801874664082,11,0.049300054925521586,0.3398100292728544,0.043381878786966144,1.01,0.1905707917364001,0.00048103382009821944,undisturbed,Tong et al. (2024): undisturbed cores for Ks and bulk density; retention taken to be on the same cores
TG_85_1,TG_85,silt loam,0.009246140566555318,1.1831759339862697,0.026681608997576836,0.3845872003625405,42.56425642564256,51.39513951395139,6.04060406040604,0.28133964,20.0,34.08968611,110.1688194,Tong_YellowRiver,,,,1.535281358,0.0003308515665594044,11,6.633925283625926e-05,0.3845427490702904,0.009783561984212973,1.199914159638825,0.1367171060021535,0.00032274065935284594,undisturbed,Tong et al. (2024): undisturbed cores for Ks and bulk density; retention taken to be on the same cores
TG_85_2,TG_85,silt loam,0.013025327468912204,1.0913008226636896,3.2769764388691494e-08,0.392526459916469,29.16291629162916,62.57625762576257,8.26082608260826,1.9606236000000001,40.0,34.08968611,110.1688194,Tong_YellowRiver,,,,1.642702225,0.0010151831024954707,11,0.001053203971458644,0.39282988030394556,0.01113387103147841,1.01,0.09595909075586932,0.0009358730540289255,undisturbed,Tong et al. (2024): undisturbed cores for Ks and bulk density; retention taken to be on the same cores
TG_85_5,TG_85,silt loam,0.012896360514829477,1.1372625542994368,0.0002504002362504554,0.4119949083324617,31.45685431456854,60.96390360963903,7.57924207579242,0.5243812800000001,100.0,34.08968611,110.1688194,Tong_YellowRiver,,,,1.541326688,0.0015093527871958394,11,0.09317646642906922,0.4125880161610085,0.00880687562091156,1.01,0.2149593389782548,0.0013588897072971365,undisturbed,Tong et al. (2024): undisturbed cores for Ks and bulk density; retention taken to be on the same cores
TG_85_10,TG_85,silt loam,0.059350295843134095,1.0901255518523187,7.261321610463732e-07,0.37071387582720067,25.22,64.43,10.35,3.41047308,200.0,34.08968611,110.1688194,Tong_YellowRiver,,,,1.477153183,0.0013332079135051835,11,0.0001461103810258249,0.3712182154113715,0.054258936941057836,1.0100000004206686,0.09177274006273888,0.001172879968617104,undisturbed,Tong et al. (2024): undisturbed cores for Ks and bulk density; retention taken to be on the same cores
TG_86_0,TG_86,silt loam,0.09968343475507699,1.1758654792287744,0.020100315291900747,0.4454022745631071,39.62603739626038,54.01459854014598,6.35936406359364,1.53049254,5.0,34.06268056,111.1028222,Tong_YellowRiver,,,,1.402516606,0.0006492008152164216,11,1.6742576433530967e-06,0.44488441605162515,0.10921836453042753,1.2422227342490604,0.12927649109516545,0.0005234060537146749,undisturbed,Tong et al. (2024): undisturbed cores for Ks and bulk density; retention taken to be on the same cores
TG_86_1,TG_86,silt loam,0.0142237147941196,1.2163505804850134,0.030497797966817092,0.34495303750820355,27.442744274427444,64.49644964496449,8.060806080608062,0.4789554,20.0,34.06268056,111.1028222,Tong_YellowRiver,,,,1.517842905,0.0007085512801030317,11,4.434612330768508e-05,0.3448243918260222,0.015797015562600485,1.2586418246881788,0.14655411017888945,0.000684084004644249,undisturbed,Tong et al. (2024): undisturbed cores for Ks and bulk density; retention taken to be on the same cores
TG_86_2,TG_86,silt loam,0.03702396786470021,1.1899589834801052,4.3985896974154043e-07,0.3445654408449802,25.11,65.82,9.07,1.18862388,40.0,34.06268056,111.1028222,Tong_YellowRiver,,,,1.570855801,0.0005836253597332141,11,0.04321461831681172,0.34524379570840613,0.02833122379096946,1.0753307785816126,0.23292572171227297,0.0004536038982726652,undisturbed,Tong et al. (2024): undisturbed cores for Ks and bulk density; retention taken to be on the same cores
TG_86_5,TG_86,silt loam,0.0450717885201547,1.1711946713219084,0.01437264992447631,0.38433527010179197,33.95660433956605,56.22437756224378,9.819018098190181,1.72464126,100.0,34.06268056,111.1028222,Tong_YellowRiver,,,,1.577366156,0.00035343574799834743,11,0.0006303487141813318,0.3841639890434562,0.04766576301112838,1.2024670982272727,0.13328989295137467,0.00031840038137492994,undisturbed,Tong et al. (2024): undisturbed cores for Ks and bulk density; retention taken to be on the same cores
TG_86_10,TG_86,silt loam,0.2583855357772699,1.213177929486561,0.05355017534874878,0.40598891032806694,30.606939306069393,58.56414358564143,10.82891710828917,3.1343043,200.0,34.06268056,111.1028222,Tong_YellowRiver,,,,1.37275498,0.0026460708332278955,11,1.236622386545446e-19,0.4032249772395273,0.37457610630027016,1.7455216497489208,0.08882322310270968,0.001608208191513548,undisturbed,Tong et al. (2024): undisturbed cores for Ks and bulk density; retention taken to be on the same cores
TG_86_15,TG_86,silt loam,0.0694293706426257,1.7266127421139426,0.187911577558865,0.4655130494388246,32.42324232423242,59.28592859285928,8.290829082908289,2.8023577800000004,300.0,34.06268056,111.1028222,Tong_YellowRiver,,,,1.354386477,0.0021727900540419844,11,0.18277307608696994,0.46457106174991253,0.08163856423203371,1.9461437067494227,0.32917441621541704,0.001970078443934433,undisturbed,Tong et al. (2024): undisturbed cores for Ks and bulk density; retention taken to be on the same cores
TG_86_20,TG_86,silt loam,0.08225624024767353,1.699499796421104,0.15929305374421207,0.5326514748995749,28.460000000000004,64.08000000000001,7.460000000000001,1.5022239,400.0,34.06268056,111.1028222,Tong_YellowRiver,,,,1.219761624,0.0013125343115662942,11,0.15595268429420506,0.531904392942002,0.08965245046022288,1.807425883838347,0.3629994018280848,0.0011542722044102275,undisturbed,Tong et al. (2024): undisturbed cores for Ks and bulk density; retention taken to be on the same cores
TG_87_0,TG_87,sandy loam,0.3213914515799889,1.2029091495877222,0.05246389787662108,0.4143720617633308,46.233870161048316,49.06471941582475,4.701410423126938,23.0287425,5.0,35.02841389,113.9965278,Tong_YellowRiver,,,,1.166748728,0.00236708864804131,11,1.1642413409200657e-16,0.41174830364014114,0.45878709189997513,1.7113765016061224,0.08773092739968634,0.001277203905388247,undisturbed,Tong et al. (2024): undisturbed cores for Ks and bulk density; retention taken to be on the same cores
TG_87_1,TG_87,silt loam,0.03683000664777706,1.6365835678822238,0.09129829458236315,0.32523676750997205,32.45,61.64,5.91,0.6392762999999999,20.0,35.02841389,113.9965278,Tong_YellowRiver,,,,1.713153573,0.0008944715796959306,11,0.08737979304117129,0.32493462313423344,0.04050414032993673,1.7290936881283303,0.33931595050493135,0.0008361914071091756,undisturbed,Tong et al. (2024): undisturbed cores for Ks and bulk density; retention taken to be on the same cores
TG_87_2,TG_87,silt loam,0.051929500700139866,1.4331799987143965,0.10636190972817215,0.368891290234143,25.604879024195164,66.86662667466507,7.528494301139772,3.80944344,40.0,35.02841389,113.9965278,Tong_YellowRiver,,,,1.698970298,0.0013459875050882328,11,0.0906156364899163,0.36816372051837953,0.06414062557074683,1.6161070559508999,0.22188136138963233,0.0011889727075081753,undisturbed,Tong et al. (2024): undisturbed cores for Ks and bulk density; retention taken to be on the same cores
TG_87_5,TG_87,silt,0.1511829263695715,1.3735966878220711,0.006582940806968706,0.47078855413211557,9.742922876863059,84.67540262078624,5.5816745023507055,1.36842756,100.0,35.02841389,113.9965278,Tong_YellowRiver,,,,1.517610392,0.0014146196818755129,11,1.3350160331131618e-13,0.46951835624105664,0.16581156339072126,1.478390148620614,0.238129468089359,0.0010831059986549064,undisturbed,Tong et al. (2024): undisturbed cores for Ks and bulk density; retention taken to be on the same cores
TG_87_10,TG_87,silt loam,0.08806904909977446,1.9881485673249362,0.06312894091240817,0.4394944788378481,20.932093209320932,73.73737373737374,5.330533053305331,5.17357422,200.0,35.02841389,113.9965278,Tong_YellowRiver,,,,1.483896051,0.0006276523884534937,11,0.06249492523922308,0.43920602210252374,0.09068212203519278,2.0343658947571894,0.4748362425397759,0.0005698640049597118,undisturbed,Tong et al. (2024): undisturbed cores for Ks and bulk density; retention taken to be on the same cores
TG_87_15,TG_87,silt loam,0.06409941402330262,2.687752559806687,0.05513225517550397,0.45566920600263267,47.989999999999995,50.029999999999994,1.9799999999999998,3.2996376,300.0,35.02841389,113.9965278,Tong_YellowRiver,,,,1.395308712,0.0011376019787957075,11,0.054833916481151886,0.4554979662035533,0.06545408259711806,2.738197555371573,0.6029482754551745,0.0011060337363068857,undisturbed,Tong et al. (2024): undisturbed cores for Ks and bulk density; retention taken to be on the same cores
TG_87_20,TG_87,sand,0.08972958677811867,2.9843242370667307,0.06166206707457925,0.43390623062017714,90.03099690030996,9.499050094990501,0.46995300469953,4.07048712,400.0,35.02841389,113.9965278,Tong_YellowRiver,,,,1.526445875,7.032698992150374e-05,11,0.06167962180039926,0.4339249258985819,0.08953073237711326,2.9776853985574068,0.6680091077254732,6.687467226559655e-05,undisturbed,Tong et al. (2024): undisturbed cores for Ks and bulk density; retention taken to be on the same cores
TG_87_25,TG_87,sand,0.5447946335901787,1.597660333659983,0.04421665703533721,0.37857200867175855,91.55,7.82,0.63,,500.0,35.02841389,113.9965278,Tong_YellowRiver,,,,,0.010031951539880547,11,0.024401117359164583,0.3686002632744707,0.9567392289963046,10.999999999999789,0.03681746824087644,0.001317206096866721,undisturbed,Tong et al. (2024): undisturbed cores for Ks and bulk density; retention taken to be on the same cores
TG_88_0,TG_88,silt loam,0.19657354942782831,1.2330836371863287,0.034082701928933035,0.4409599488518461,32.22,63.03,4.75,7.252055459999999,5.0,35.27828889,114.7359361,Tong_YellowRiver,,,,1.406236809,0.0022127892408377457,11,9.730787289951307e-20,0.43877278900175604,0.25188367600220674,1.5164903070598799,0.12595653726859743,0.0015214899327233575,undisturbed,Tong et al. (2024): undisturbed cores for Ks and bulk density; retention taken to be on the same cores
TG_88_1,TG_88,silt loam,0.10035872778885827,1.192236344700579,0.00857965194714083,0.4126173350627355,29.924015196960603,63.897220555888815,6.1787642471505695,0.48268458000000003,20.0,35.27828889,114.7359361,Tong_YellowRiver,,,,1.551324734,0.0003530356970691252,11,7.067662585366377e-09,0.41233044199136204,0.10534568246523676,1.2274805048981294,0.14977517375677732,0.00028474670856040013,undisturbed,Tong et al. (2024): undisturbed cores for Ks and bulk density; retention taken to be on the same cores
TG_88_2,TG_88,silt,0.04030750355864358,1.6261277296329566,0.09201038941020494,0.45263936644827907,11.96,81.01,7.03,1.03686336,40.0,35.27828889,114.7359361,Tong_YellowRiver,,,,1.458087141,0.00035625822176373176,11,0.09356730314795071,0.4527864735132334,0.03919464098034582,1.6013917142858336,0.4000633445331812,0.00032916280768709573,undisturbed,Tong et al. (2024): undisturbed cores for Ks and bulk density; retention taken to be on the same cores
TG_88_5,TG_88,silt loam,0.042281253673214496,1.145346804305407,3.355227364231733e-10,0.47219115965545283,19.23,70.08,10.69,0.54729246,100.0,35.27828889,114.7359361,Tong_YellowRiver,,,,1.415304804,0.00450944576672208,11,3.7077281094755136e-08,0.4736402067714047,0.03573455145525481,1.01,0.15195570003294212,0.004074543847913349,undisturbed,Tong et al. (2024): undisturbed cores for Ks and bulk density; retention taken to be on the same cores
TG_88_10,TG_88,sandy loam,0.22893627211101814,1.799256524612202,0.04359417732378876,0.4239800621146708,67.38999999999999,30.819999999999997,1.7899999999999998,7.7583435000000005,200.0,35.27828889,114.7359361,Tong_YellowRiver,,,,1.313464242,0.0009212010811425063,11,0.042118728055130235,0.42297134625107846,0.24551603375366754,1.9112095358426795,0.3988413822198663,0.0006343345904938426,undisturbed,Tong et al. (2024): undisturbed cores for Ks and bulk density; retention taken to be on the same cores
TG_88_15,TG_88,sandy loam,0.025639298094885753,3.892324202492244,0.05684748097773814,0.429714850310849,59.97199439887978,37.64752950590118,2.380476095219044,6.75686814,300.0,35.27828889,114.7359361,Tong_YellowRiver,,,,1.465295035,0.0032783104842296893,11,0.05719867064425427,0.42988098529037344,0.02492503694387591,3.778483621830487,0.8028253928218195,0.0032505962473867653,undisturbed,Tong et al. (2024): undisturbed cores for Ks and bulk density; retention taken to be on the same cores
TG_88_20,TG_88,sandy loam,0.06695306515235233,3.128155082370613,0.07090098995621813,0.43673196171763223,66.95330466953304,30.096990300969903,2.94970502949705,4.14116688,400.0,35.27828889,114.7359361,Tong_YellowRiver,,,,1.523888235,0.0008481484383693118,11,0.07079558693119986,0.43665339958242616,0.0678272244330457,3.1654705042094546,0.661564124566129,0.0008342033614668115,undisturbed,Tong et al. (2024): undisturbed cores for Ks and bulk density; retention taken to be on the same cores
TG_88_25,TG_88,silt loam,0.03209601707153782,1.131334489832897,5.3694323020225305e-08,0.47822950684242715,27.16,61.9,10.94,0.32706354000000004,500.0,35.27828889,114.7359361,Tong_YellowRiver,,,,1.335087923,0.0004272129657539474,11,0.08066779448775875,0.4787381778843054,0.025552177631848413,1.0470769663109556,0.1706230407578778,0.00032870931819968334,undisturbed,Tong et al. (2024): undisturbed cores for Ks and bulk density; retention taken to be on the same cores
TG_89_0,TG_89,silt loam,0.07187385747890127,1.1057315719307899,1.1252832558045424e-08,0.384920457314625,30.75,55.55,13.7,5.604506880000001,5.0,35.86874722,115.5979778,Tong_YellowRiver,,,,1.422280185,0.00013168232810103182,11,0.025710547180939354,0.38513033924137746,0.06642315887775842,1.0663701581580058,0.11041900838715361,8.445857695017655e-05,undisturbed,Tong et al. (2024): undisturbed cores for Ks and bulk density; retention taken to be on the same cores
TG_89_1,TG_89,silt loam,0.09314260895321741,1.1056130018797607,1.1987987529857854e-09,0.41636350609948913,30.27,59.0,10.73,0.7836615,20.0,35.86874722,115.5979778,Tong_YellowRiver,,,,1.522958184,0.001775030591280055,11,1.021923208629208e-06,0.41724134835052934,0.08494304896385965,1.0100000000000524,0.10752712773129479,0.0014846243001836897,undisturbed,Tong et al. (2024): undisturbed cores for Ks and bulk density; retention taken to be on the same cores
TG_89_2,TG_89,silt loam,0.28164698468091753,1.1285820981790189,0.1547161889184741,0.4881218749921195,33.11331133113311,55.54555455545554,11.34113411341134,2.18595366,40.0,35.86874722,115.5979778,Tong_YellowRiver,,,,1.355549041,0.0018908660198322118,11,1.0102775034212004e-08,0.4860665218799517,0.4430584380204663,1.7662432221451885,0.04008689464792721,0.0010608264930279054,undisturbed,Tong et al. (2024): undisturbed cores for Ks and bulk density; retention taken to be on the same cores
TG_89_10,TG_89,silt loam,0.023407121205346746,1.1582507238019044,0.027826301333349086,0.43687586725582794,19.32,70.12,10.56,0.53926092,200.0,35.86874722,115.5979778,Tong_YellowRiver,,,,1.338808126,0.0004198619425840232,11,0.001816188211306496,0.4367509649303803,0.024991058804144504,1.1864496782534841,0.12078095709142772,0.0003960330471177452,undisturbed,Tong et al. (2024): undisturbed cores for Ks and bulk density; retention taken to be on the same cores
TG_89_15,TG_89,silt loam,0.024967355318139234,2.9396044778774253,0.09790238633453939,0.4093871507683834,22.55,73.06,4.39,1.15599534,300.0,35.86874722,115.5979778,Tong_YellowRiver,,,,1.528073464,0.004346130527578104,11,0.09893967966020857,0.40982917406956215,0.022918755818599736,2.7290854296009375,0.78506266061421,0.004274950262149631,undisturbed,Tong et al. (2024): undisturbed cores for Ks and bulk density; retention taken to be on the same cores
TG_89_20,TG_89,silt loam,0.09508485092682448,1.1249181911192376,7.138945152379144e-10,0.5092853448553544,18.06,67.25,14.69,2.3428476,400.0,35.86874722,115.5979778,Tong_YellowRiver,,,,1.356246579,0.0008603084835972603,11,0.053628804526372066,0.5104340713889698,0.0773878327292766,1.01,0.1516039729032802,0.0005327779744900506,undisturbed,Tong et al. (2024): undisturbed cores for Ks and bulk density; retention taken to be on the same cores
TG_89_25,TG_89,silt loam,0.028488837618650325,3.1565927628623,0.0889046518905134,0.44608046364169596,19.17191719171917,76.1876187618762,4.64046404640464,0.9887504999999999,500.0,35.86874722,115.5979778,Tong_YellowRiver,,,,1.448786633,0.013060797960084422,11,0.09055484214102238,0.44707034040745447,0.023923985376271276,2.743684309875965,0.979999999999985,0.012906917180725041,undisturbed,Tong et al. (2024): undisturbed cores for Ks and bulk density; retention taken to be on the same cores
TG_90_0,TG_90,sandy loam,0.24582386078687815,1.4226184424989194,0.06641413546085953,0.33037654455240345,49.58991798359672,47.09941988397679,3.310662132426485,16.637848079999998,5.0,36.081125,116.9641389,Tong_YellowRiver,,,,1.601314964,0.0022373168062013943,11,0.04936610743753404,0.3277405942230718,0.3508693447120196,1.9941984047531185,0.16412494636010877,0.0012989531019124213,undisturbed,Tong et al. (2024): undisturbed cores for Ks and bulk density; retention taken to be on the same cores
TG_90_1,TG_90,silt loam,0.26490913936869076,1.303657319087136,0.09714985007084295,0.42758160734881956,40.12401240124012,54.54545454545455,5.330533053305331,1.10021868,20.0,36.081125,116.9641389,Tong_YellowRiver,,,,1.522725672,0.002861679931552389,11,0.04616591532224213,0.4240670989057408,0.42453055810866647,2.087246994617083,0.09833013094730661,0.0014802363187366664,undisturbed,Tong et al. (2024): undisturbed cores for Ks and bulk density; retention taken to be on the same cores
TG_90_2,TG_90,silt loam,0.0994269399036031,1.5075030305876327,0.12641017867510235,0.4483155680851235,22.524504900980197,71.83436687337468,5.641128225645129,5.99155176,40.0,36.081125,116.9641389,Tong_YellowRiver,,,,1.522958184,0.0012161881358027798,11,0.11928479723275635,0.44734342562305185,0.11413589164780583,1.6565653033501362,0.2763794054241982,0.0009900021254341288,undisturbed,Tong et al. (2024): undisturbed cores for Ks and bulk density; retention taken to be on the same cores
TG_90_5,TG_90,silt loam,0.08314326063239207,1.4689003674144063,0.08759365401075016,0.467580464660963,20.087991200879912,73.78262173782622,6.12938706129387,32.9872353,100.0,36.081125,116.9641389,Tong_YellowRiver,,,,1.548534581,0.0010877250174271377,11,0.07925618271046961,0.4667520977220942,0.09333914195332586,1.5793809249533735,0.2713951878644235,0.0009027226764207345,undisturbed,Tong et al. (2024): undisturbed cores for Ks and bulk density; retention taken to be on the same cores
TG_90_10,TG_90,loam,0.0518608809783301,1.2684369959456792,0.32761842788792583,0.4055407066783746,45.169999999999995,45.06999999999999,9.759999999999998,3.1306914,200.0,36.081125,116.9641389,Tong_YellowRiver,,,,1.527608438,0.003847544343430969,11,0.1913593795656129,0.4051830013566293,0.1341770195813673,2.7842430528785114,0.020000000000001558,0.003634451861149358,undisturbed,Tong et al. (2024): undisturbed cores for Ks and bulk density; retention taken to be on the same cores
TG_90_15,TG_90,silt loam,0.25004567213438017,1.122818719692402,0.0796963639789458,0.3953496608983859,40.190000000000005,54.10000000000001,5.710000000000001,2.06975334,300.0,36.081125,116.9641389,Tong_YellowRiver,,,,1.649677606,0.0010508265948637181,11,6.010241903780144e-11,0.3942045862760448,0.33481780641116327,1.4131448214501705,0.06055216564731679,0.0006392091793070413,undisturbed,Tong et al. (2024): undisturbed cores for Ks and bulk density; retention taken to be on the same cores
TG_90_20,TG_90,loam,0.009816082163349539,1.0691117030369601,3.8112179232140147e-07,0.40887253091826825,43.03,48.04,8.93,2.4197915400000003,400.0,36.081125,116.9641389,Tong_YellowRiver,,,,1.640609611,0.00035465513169680564,11,0.11452929274999203,0.40900796788039867,0.007990103677219376,1.01,0.1063617213083332,0.0003201316596429551,undisturbed,Tong et al. (2024): undisturbed cores for Ks and bulk density; retention taken to be on the same cores
TG_91_1,TG_91,silt loam,0.22862191118785666,1.3787056566424571,0.06283889867456302,0.397297449159631,40.54810962192438,55.41108221644328,4.040808161632326,1.2676247999999999,20.0,36.82237778,116.9986,Tong_YellowRiver,,,,1.592944507,0.001242806013874517,11,0.050609357398112315,0.395700615681982,0.27746732810620656,1.59888505850296,0.20645521473238465,0.0007167383234740795,undisturbed,Tong et al. (2024): undisturbed cores for Ks and bulk density; retention taken to be on the same cores
TG_91_2,TG_91,sandy loam,0.08096881845716984,1.7330599765321533,0.0950665699845442,0.4046417166979428,51.57515751575158,44.1944194419442,4.230423042304231,6.6981543,40.0,36.82237778,116.9986,Tong_YellowRiver,,,,1.576668618,0.0014339786602642931,11,0.09184942920551277,0.4038878851491786,0.08988950969342972,1.871365776178358,0.3621565087010935,0.001273718752812834,undisturbed,Tong et al. (2024): undisturbed cores for Ks and bulk density; retention taken to be on the same cores
TG_91_5,TG_91,sandy loam,0.3298256619686881,1.6931952227335483,0.05496618109830839,0.48707157535908946,67.23,31.16,1.61,16.298930820000002,100.0,36.82237778,116.9986,Tong_YellowRiver,,,,1.4243728,0.005741279792398926,11,0.042082871678087976,0.48098273178033746,0.47918171432595724,2.6581369578981677,0.2022909381523175,0.0031951867834203486,undisturbed,Tong et al. (2024): undisturbed cores for Ks and bulk density; retention taken to be on the same cores
TG_91_10,TG_91,silt loam,0.04489451775599947,1.1931472686455342,0.006537396916285158,0.3635283765290699,19.181918191819182,70.36703670367037,10.451045104510452,2.6134532999999998,200.0,36.82237778,116.9986,Tong_YellowRiver,,,,1.618288391,0.00021875543267314257,11,0.0009163716099318309,0.3634262977663636,0.046234477654288626,1.2105677382680926,0.1546936111384423,0.00019895450543948897,undisturbed,Tong et al. (2024): undisturbed cores for Ks and bulk density; retention taken to be on the same cores
TG_91_15,TG_91,silt loam,0.04493677867873241,1.4371686659226146,0.051469087803684685,0.5029399501529381,26.28262826282628,69.59695969596959,4.12041204120412,,300.0,36.82237778,116.9986,Tong_YellowRiver,,,,,0.001715930110102735,11,0.030744922570031242,0.502064282315011,0.052782056977725374,1.5656298091632372,0.24132773744849403,0.0015347248180652127,undisturbed,Tong et al. (2024): undisturbed cores for Ks and bulk density; retention taken to be on the same cores
TG_91_20,TG_91,silt loam,0.05428046809841558,1.9995456818229747,0.09437333041728244,0.48118665182744924,18.868113188681132,74.62253774622538,6.50934906509349,1.0031121,400.0,36.82237778,116.9986,Tong_YellowRiver,,,,1.465527548,0.0007916433099488987,11,0.09520776916608754,0.4814486750731938,0.05255274171159159,1.9541357320569026,0.5250675079017945,0.0007441441202344256,undisturbed,Tong et al. (2024): undisturbed cores for Ks and bulk density; retention taken to be on the same cores
TG_92_0,TG_92,silt loam,0.14705745799953363,1.6141224669315068,0.06984476919361307,0.484366050349011,25.2,69.2,5.6,8.057238719999999,5.0,37.30976111,117.8712667,Tong_YellowRiver,,,,1.234874949,0.0015890606267981355,11,0.06473944277689381,0.4828913314412571,0.16592286718522758,1.773734534571659,0.31844893200267926,0.0012173323218264234,undisturbed,Tong et al. (2024): undisturbed cores for Ks and bulk density; retention taken to be on the same cores
TG_92_1,TG_92,silt loam,0.105921000770124,1.561809907220806,0.09313961165355346,0.4491474592502018,14.91,78.48,6.61,1.16057622,20.0,37.30976111,117.8712667,Tong_YellowRiver,,,,1.423907774,0.0011806798530391682,11,0.08798396157432181,0.44820285868956944,0.11825315674171341,1.6880633757462031,0.30727839206744156,0.0009625028736922721,undisturbed,Tong et al. (2024): undisturbed cores for Ks and bulk density; retention taken to be on the same cores
TG_92_2,TG_92,silt loam,0.1491898964709547,1.286640692980885,0.021099591138138016,0.46009028445391725,18.06180618061806,75.16751675167517,6.770677067706771,1.42993458,40.0,37.30976111,117.8712667,Tong_YellowRiver,,,,1.413909728,0.0018491511129836657,11,9.607961734511244e-13,0.4583574268006658,0.178302985112282,1.4699283007381707,0.17023330010591475,0.0013501688547231012,undisturbed,Tong et al. (2024): undisturbed cores for Ks and bulk density; retention taken to be on the same cores
TG_92_5,TG_92,silt loam,0.1421457386558944,1.4361864854999733,0.07089576605772153,0.44103626177722444,11.660000000000002,78.10000000000001,10.240000000000002,4.20963126,100.0,37.30976111,117.8712667,Tong_YellowRiver,,,,1.579458771,0.0015835250968944047,11,0.05829503861918305,0.43939930378621744,0.1714355052925698,1.64551442248944,0.23090309219614588,0.001147894890518669,undisturbed,Tong et al. (2024): undisturbed cores for Ks and bulk density; retention taken to be on the same cores
TG_92_10,TG_92,silt loam,0.046874297500585076,1.528355264984337,0.13043942337537898,0.4227725104969859,19.34193419341934,75.38753875387539,5.270527052705271,2.44544826,200.0,37.30976111,117.8712667,Tong_YellowRiver,,,,1.446694019,0.00214794579771666,11,0.11566405379740499,0.42187046217011304,0.05847861500961764,1.7483697572429024,0.24927705836952407,0.001956194823657319,undisturbed,Tong et al. (2024): undisturbed cores for Ks and bulk density; retention taken to be on the same cores
TG_93_0,TG_93,silt loam,0.18461317572906888,1.1936830324686836,0.046650766620963874,0.42426874266367093,37.18628137186282,54.24457554244576,8.569143085691431,1.9207810799999998,5.0,37.687364,118.705833,Tong_YellowRiver,,,,1.359269244,0.0018777944202465508,11,5.45796048903591e-10,0.42244246092256627,0.24118227773242884,1.4783861949911414,0.10258129478561097,0.0013061385992126865,undisturbed,Tong et al. (2024): undisturbed cores for Ks and bulk density; retention taken to be on the same cores
TG_93_1,TG_93,silt loam,0.23823102370392785,1.1440728018309678,0.0914048584441957,0.49108933632793167,38.07,54.68,7.25,0.4750371,20.0,37.687364,118.705833,Tong_YellowRiver,,,,1.27114693,0.0017387495326329756,11,1.1704925464775611e-11,0.4892372340924365,0.3278722259076532,1.490998912247864,0.06764958846720194,0.0010815873759626353,undisturbed,Tong et al. (2024): undisturbed cores for Ks and bulk density; retention taken to be on the same cores
TG_93_2,TG_93,silt loam,0.18812652566102347,1.0857430262455237,0.06641749355170126,0.5100689112990149,29.77,61.76,8.47,26.145538379999998,40.0,37.687364,118.705833,Tong_YellowRiver,,,,1.393913636,0.0004320009696181999,11,0.0007582944066193247,0.5096131489089374,0.21329936147437265,1.1730731360887048,0.06006225380174389,0.00029288076206296474,undisturbed,Tong et al. (2024): undisturbed cores for Ks and bulk density; retention taken to be on the same cores
TG_93_5,TG_93,silt,0.07254622708568494,7.014557324838155,0.14893335999600846,0.4490048532744358,11.26,81.52,7.22,2.44263342,100.0,37.687364,118.705833,Tong_YellowRiver,,,,1.522028134,0.0003320237840816585,11,0.14891047632287116,0.4489925916916462,0.07670232044043941,7.687736960681439,0.7010252581493942,0.0003294102842599129,undisturbed,Tong et al. (2024): undisturbed cores for Ks and bulk density; retention taken to be on the same cores
TG_93_20,TG_93,silt,0.06939632186554726,1.7695852680349229,0.07383700977359069,0.4825133073808127,13.57864213578642,81.42185781421858,4.999500049995,1.51855224,400.0,37.687364,118.705833,Tong_YellowRiver,,,,1.469015238,0.001399041672491123,11,0.07100879020822072,0.48187072510958534,0.07456218822070557,1.8623559202662987,0.3911568440583013,0.0012686398953393398,undisturbed,Tong et al. (2024): undisturbed cores for Ks and bulk density; retention taken to be on the same cores
TG_93_25,TG_93,sandy loam,0.07646297197842548,2.059102868389324,0.05932824076972052,0.4147896066378359,62.343765623437655,35.57644235576442,2.07979202079792,3.39801738,500.0,37.687364,118.705833,Tong_YellowRiver,,,,1.581783898,0.00042327278148014436,11,0.058970391609986864,0.4146319097809054,0.07786686569077221,2.0885684425230435,0.4997258422769562,0.0003927653287710931,undisturbed,Tong et al. (2024): undisturbed cores for Ks and bulk density; retention taken to be on the same cores
TG_94_0,TG_94,silty clay loam,0.17443322742654063,1.1301778831981002,0.00037897930957074734,0.3721066816278626,1.8733675583175722,65.87308735376826,32.253545087914176,0.06,5.0,34.29894,108.06869,Tong_YellowRiver,,,,1.657,7.175803136638317e-06,11,1.3706454697473657e-07,0.3720990819592538,0.17472980894755757,1.1313240121344925,0.11485960944851746,5.008457680540598e-06,undisturbed,Tong et al. (2024): undisturbed cores for Ks and bulk density; retention taken to be on the same cores
TG_95_0,TG_95,silty clay loam,4.616576427341125,1.1584333374427926,7.407891255236078e-10,0.5366181952773451,2.03003003003003,64.74774774774775,33.22222222222222,11.52,5.0,34.29942,108.06694,Tong_YellowRiver,,,,1.215,0.00383209752682283,11,1.976080104535714e-16,0.5365462296628868,4.270957021378388,1.0100000000000573,0.1589121749743167,0.003300283553266837,undisturbed,Tong et al. (2024): undisturbed cores for Ks and bulk density; retention taken to be on the same cores
TG_96_0,TG_96,silty clay loam,0.30441601561919085,1.1934013747866317,0.039331094720577775,0.44212970980866806,2.337441138162509,70.61516882075945,27.04739004107805,0.7799999999999999,5.0,34.29094,108.07464,Tong_YellowRiver,,,,1.542,0.00168788638986628,11,3.8083064529696373e-19,0.4402424019937684,0.3896886756471662,1.4732359980715257,0.10678358202057983,0.0009548530256585011,undisturbed,Tong et al. (2024): undisturbed cores for Ks and bulk density; retention taken to be on the same cores
TG_97_0,TG_97,silt loam,0.5486728320036633,1.1402501148852209,0.03470568227087248,0.503605366171371,1.790017900179002,73.06573065730657,25.144251442514424,0.42,5.0,34.79928,108.95147,Tong_YellowRiver,,,,1.44,0.001536004080534922,11,0.08295086198335301,0.5042379790678921,0.4207334630850404,1.0100000000018492,0.17333051962412563,0.000949180230919153,undisturbed,Tong et al. (2024): undisturbed cores for Ks and bulk density; retention taken to be on the same cores
TG_98_0,TG_98,silt loam,1.8733836106046833,1.206252342324727,3.0704973849115077e-10,0.5528679398643969,1.965,73.579,24.456,9.48,5.0,34.84408,108.96686,Tong_YellowRiver,,,,1.178,0.004378814715003619,11,5.125160325945464e-13,0.5534278077503008,1.6147349121211467,1.01,0.21050415717164633,0.003048496959254097,undisturbed,Tong et al. (2024): undisturbed cores for Ks and bulk density; retention taken to be on the same cores
TG_99_0,TG_99,silt loam,0.9283844522241265,1.1555104790424764,7.278443917542915e-22,0.4726916248042847,3.716652808527264,70.39600885585197,25.88733833562076,2.34,5.0,35.14117,109.04519,Tong_YellowRiver,,,,1.357,0.007531138965301638,11,5.55626054311172e-23,0.473448202816218,0.8076821474900124,1.01,0.15889401212982787,0.006446771292885035,undisturbed,Tong et al. (2024): undisturbed cores for Ks and bulk density; retention taken to be on the same cores
TG_100_0,TG_100,silty clay loam,0.3231444563936104,1.1426207398106552,0.008111143099652314,0.41000530542470826,2.096505489652958,68.85449910680235,29.04899540354469,0.18,5.0,35.41714,109.13514,Tong_YellowRiver,,,,1.552,0.0001962256388819899,11,5.498716190494524e-09,0.40978442259508047,0.33690126291738426,1.1748303528703157,0.11683042059178622,0.00011127692118458534,undisturbed,Tong et al. (2024): undisturbed cores for Ks and bulk density; retention taken to be on the same cores
TG_102_0,TG_102,silt loam,0.8178053738319807,1.15858824844361,2.4827826085779126e-21,0.49275200098059496,4.9509514123388,73.5859076744256,21.463140913235602,3.1799999999999997,5.0,35.50981,109.17447,Tong_YellowRiver,,,,1.339,0.002818320628414129,11,1.399417749667465e-17,0.49417037313175105,0.7267472062773183,1.0100000000000013,0.16145427066942195,0.0016941244338184315,undisturbed,Tong et al. (2024): undisturbed cores for Ks and bulk density; retention taken to be on the same cores
TG_103_0,TG_103,silt loam,0.5161644579076755,1.1951386603655088,6.110549803913611e-25,0.4484251737150558,1.038010380103801,74.73774737747378,24.224242242422427,0.6599999999999999,5.0,35.59819,109.32011,Tong_YellowRiver,,,,1.399,0.007707712690064884,11,1.3480146474843647e-21,0.4509428450222481,0.43801773427655066,1.01,0.2019449178893955,0.006134916313797804,undisturbed,Tong et al. (2024): undisturbed cores for Ks and bulk density; retention taken to be on the same cores
TG_104_0,TG_104,silt loam,0.2583602763595589,1.406486945720171,0.07262475179260522,0.48522414482659626,1.939,74.333,23.728,1.98,5.0,35.67275,109.38867,Tong_YellowRiver,,,,1.346,0.0018396749426593906,11,0.05793511931003804,0.48286154356296246,0.3202588085478309,1.6755704520681407,0.20928829572835592,0.0010106283470171621,undisturbed,Tong et al. (2024): undisturbed cores for Ks and bulk density; retention taken to be on the same cores
TG_105_0,TG_105,silt loam,0.38436887104486234,1.3645807738862539,0.0712992616237414,0.4849732976317781,2.036020360203602,75.51175511755117,22.452224522245228,1.14,5.0,35.69453,109.39231,Tong_YellowRiver,,,,1.337,0.0018162611428556748,11,0.08581182703226713,0.4873044863817271,0.28561829709636616,1.1552462383235427,0.37560176795869094,0.0007941663446950634,undisturbed,Tong et al. (2024): undisturbed cores for Ks and bulk density; retention taken to be on the same cores
TG_106_0,TG_106,silt loam,0.23333070829992922,1.5126096118555725,0.09635927204107134,0.516166007621014,3.220479769422455,77.55071404981837,19.228806180759182,1.74,5.0,36.06753,109.47372,Tong_YellowRiver,,,,1.34,0.003232083401030046,11,0.10948894949186126,0.5207423940855215,0.15646030829090946,1.2102809621939015,0.5373634483012267,0.0018949186307887723,undisturbed,Tong et al. (2024): undisturbed cores for Ks and bulk density; retention taken to be on the same cores
TG_107_0,TG_107,silt loam,1.5882000956232225,1.2474003689499586,0.01405172220648212,0.6171787216187984,5.022931645671027,74.54787606897519,20.42919228535379,15.72,5.0,36.06672,109.47136,Tong_YellowRiver,,,,1.027,0.006995265637995328,11,0.04447541314060134,0.6169134298839792,1.0739363243222806,1.01,0.29844439081763874,0.005484628555060669,undisturbed,Tong et al. (2024): undisturbed cores for Ks and bulk density; retention taken to be on the same cores
TG_108_0,TG_108,silt loam,0.3121341666138799,1.3743464137321832,0.06912516830535473,0.4865147544537458,2.0290202902029018,76.30276302763029,21.66821668216682,0.72,5.0,36.06669,109.47658,Tong_YellowRiver,,,,1.313,0.0010849289978062298,11,0.07809307173160797,0.4879919817870434,0.26533752657527504,1.2458636974729762,0.3322399744218548,0.0005253076064141983,undisturbed,Tong et al. (2024): undisturbed cores for Ks and bulk density; retention taken to be on the same cores
TG_109_0,TG_109,silt loam,0.6681263548693883,1.265805037510264,0.0365135837533367,0.5568511061822422,9.34927224528585,78.55849547341569,12.092232281298454,6.119999999999999,5.0,36.09556,109.74022,Tong_YellowRiver,,,,1.17,0.008010061298455778,11,0.08051697505456827,0.5577185946410753,0.38153234260804364,1.01,0.367114680572755,0.005873135607481738,undisturbed,Tong et al. (2024): undisturbed cores for Ks and bulk density; retention taken to be on the same cores
TG_110_0,TG_110,silt loam,1.9709969768125948,1.1704608868239275,1.18611279629948e-26,0.5417816322061402,2.501,71.445,26.053999999999995,2.52,5.0,36.03536,110.15367,Tong_YellowRiver,,,,1.256,0.010448267032284426,11,4.737126617831845e-28,0.5413827891871708,1.6951402216167388,1.01,0.1737705958132817,0.009366075833796998,undisturbed,Tong et al. (2024): undisturbed cores for Ks and bulk density; retention taken to be on the same cores
TG_111_0,TG_111,silt loam,1.3582875314907976,1.2619019155671019,0.025796040111633514,0.5651583045072858,2.9790000000000005,74.817,22.204,17.4,5.0,36.03814,110.11825,Tong_YellowRiver,,,,1.151,0.006412125899490626,11,0.05458913603957189,0.5650799205759488,0.8807295340570065,1.01,0.32339793669428285,0.004791974449785927,undisturbed,Tong et al. (2024): undisturbed cores for Ks and bulk density; retention taken to be on the same cores
TG_112_0,TG_112,silt loam,0.2960565729412592,1.459321196676508,0.07215666138045859,0.46040068945705065,3.756102016583277,81.03478022591416,15.209117757502565,1.02,5.0,36.0385,110.11742,Tong_YellowRiver,,,,1.356,0.002352085730082941,11,0.08385216212631967,0.4636562454299487,0.21105030381839754,1.2035132148989203,0.46552612618978306,0.001213349564574841,undisturbed,Tong et al. (2024): undisturbed cores for Ks and bulk density; retention taken to be on the same cores
TG_113_0,TG_113,silt loam,1.8984296512215713,1.1818066815906394,8.290846051013329e-13,0.5362601143687069,1.77108249783704,73.45106621202098,24.777851290141992,6.54,5.0,35.57272,109.76744,Tong_YellowRiver,,,,1.226,0.0012246962600611772,11,0.00987463441068148,0.5367165956680165,1.6098690889824159,1.0100000000000002,0.19213153885282597,0.0004377159078192358,undisturbed,Tong et al. (2024): undisturbed cores for Ks and bulk density; retention taken to be on the same cores
TG_114_0,TG_114,silt loam,0.7727109836897363,1.1793764991441353,1.7887629424023196e-12,0.5027716253762754,4.887684275798611,71.59602344328205,23.51629228091933,1.74,5.0,35.59947,109.734,Tong_YellowRiver,,,,1.407,0.0021255207808552187,11,0.009878657592804697,0.5044154233625218,0.64881940635462,1.0100000000000002,0.19110380546138112,0.0010214565654339714,undisturbed,Tong et al. (2024): undisturbed cores for Ks and bulk density; retention taken to be on the same cores
TG_115_0,TG_115,silt loam,1.3224003220569591,1.1380521529910939,4.004027879441041e-18,0.4619970767567456,4.296957030429696,69.64430355696443,26.058739412605878,6.0600000000000005,5.0,35.57169,109.80044,Tong_YellowRiver,,,,1.392,0.00548982235295046,11,1.4395669769504692e-18,0.46230292546599344,1.1805862319066645,1.01,0.13990186760684276,0.004710442155687107,undisturbed,Tong et al. (2024): undisturbed cores for Ks and bulk density; retention taken to be on the same cores
TG_117_0,TG_117,silty clay loam,1.3591039369056443,1.2148380841229267,0.015623674665638389,0.5317112776416656,0.8280618740664254,71.76970656935771,27.402231556575877,4.74,5.0,34.91314,109.60181,Tong_YellowRiver,,,,1.281,0.004121537721992842,11,0.045233555343671794,0.5318242502832748,0.9633670501900383,1.0100000000000011,0.25685767111458424,0.0030087184409000847,undisturbed,Tong et al. (2024): undisturbed cores for Ks and bulk density; retention taken to be on the same cores
TG_118_0,TG_118,silty clay loam,1.099107464749353,1.11854314639789,1.0077508011582621e-22,0.44623420253439855,4.4941681029299785,68.02777666439536,27.47805523267466,1.44,5.0,34.03617,108.52342,Tong_YellowRiver,,,,1.489,0.007936420773654269,11,2.6293555763583862e-30,0.4462805949937214,0.9774971071419943,1.01,0.12021646158411049,0.0073151068827490276,undisturbed,Tong et al. (2024): undisturbed cores for Ks and bulk density; retention taken to be on the same cores
TG_119_0,TG_119,silt loam,0.4911615883678698,1.1533538191692998,9.67227385737394e-25,0.41484161324208674,5.254947450525495,69.90830091699083,24.836751632483672,1.6199999999999999,5.0,34.02542,108.57822,Tong_YellowRiver,,,,1.595,0.00883066727490586,11,1.141509165428127e-34,0.416351977351832,0.43034671741355945,1.01,0.15728794295605453,0.007843354443357788,undisturbed,Tong et al. (2024): undisturbed cores for Ks and bulk density; retention taken to be on the same cores
TG_120_0,TG_120,silt loam,3.7008339184082764,1.1710448341372777,2.473892250973882e-10,0.44161835960152396,15.446085271706938,63.733924968126004,20.81998976016705,4.92,5.0,34.05081,108.80775,Tong_YellowRiver,,,,1.532,0.0025345912926456027,11,8.966513730541947e-16,0.4416402142107431,3.3787811036454247,1.0100000000026927,0.17206577306396545,0.001961831690149175,undisturbed,Tong et al. (2024): undisturbed cores for Ks and bulk density; retention taken to be on the same cores
TG_121_0,TG_121,silt loam,4.567194341864024,1.1126436958352528,7.246222595155493e-11,0.47567393008709347,2.5382346130224223,72.11767904068627,25.34408634629132,13.2,5.0,34.03844,108.98408,Tong_YellowRiver,,,,1.421,0.002842167975822517,11,1.7000447853939853e-12,0.4756304287644985,4.326885431255063,1.0100000000006149,0.11249046876314343,0.0025565909065499047,undisturbed,Tong et al. (2024): undisturbed cores for Ks and bulk density; retention taken to be on the same cores
TG_122_0,TG_122,silty clay loam,3.7402975457301646,1.1703751211781603,9.143731457107705e-13,0.5204130824749458,1.1556395208618055,71.47077739368116,27.37358308545703,6.72,5.0,34.37283,109.23317,Tong_YellowRiver,,,,1.268,0.004335406077122922,11,1.1121573979017349e-17,0.5203418171419448,3.4009830910276273,1.01,0.17151127576649752,0.0036653312211670144,undisturbed,Tong et al. (2024): undisturbed cores for Ks and bulk density; retention taken to be on the same cores
TG_123_0,TG_123,silty clay loam,0.6455970692791559,1.1546663946965443,1.1079050329382114e-22,0.41290627851925776,4.480537101621155,68.40809270631276,27.111370192066097,0.3,5.0,34.39258,109.20044,Tong_YellowRiver,,,,1.506,0.0028114324870175448,11,1.224729385225617e-13,0.4143002638583647,0.5752709271762476,1.01,0.15760046254599713,0.0018689629612205208,undisturbed,Tong et al. (2024): undisturbed cores for Ks and bulk density; retention taken to be on the same cores
TG_124_0,TG_124,silt loam,0.42842347012832543,1.2618468856294776,0.05780459023614654,0.4810535734386023,2.91983986032931,71.99562525711649,25.08453488255421,2.6999999999999997,5.0,34.46847,109.65297,Tong_YellowRiver,,,,1.376,0.004490282062660115,11,1.042668063976544e-22,0.4759517723053818,0.6874346122658648,2.4094071233709267,0.0765140767044287,0.0017933668835647732,undisturbed,Tong et al. (2024): undisturbed cores for Ks and bulk density; retention taken to be on the same cores
TG_125_0,TG_125,silty clay loam,0.6826126329574299,1.1905394734084125,6.073527115750212e-13,0.48215503728149856,0.877008770087701,71.82571825718257,27.297272972729733,0.5399999999999999,5.0,34.46967,109.65306,Tong_YellowRiver,,,,1.354,0.0026278216934318213,11,1.3058747835541986e-09,0.4843568974897558,0.5894443463609033,1.0100000000000002,0.19567039097557767,0.0011678697401655185,undisturbed,Tong et al. (2024): undisturbed cores for Ks and bulk density; retention taken to be on the same cores
TG_126_0,TG_126,silt loam,0.5142545756506871,1.3714453837308689,0.061207488573213634,0.516602899596307,2.672015365839018,75.18156899621856,22.146415637942415,3.1799999999999997,5.0,34.56517,110.24258,Tong_YellowRiver,,,,1.327,0.0027476330074600696,11,0.0801764420769341,0.5196161992255043,0.3341013895235619,1.0900411733795756,0.4309258259351453,0.001061019273074245,undisturbed,Tong et al. (2024): undisturbed cores for Ks and bulk density; retention taken to be on the same cores
TG_127_0,TG_127,silt loam,0.2930758816041848,1.4337151581193517,0.07408629100751685,0.4943925374344644,2.3642933645636273,75.44217891354614,22.193527721890238,2.82,5.0,34.56939,110.24375,Tong_YellowRiver,,,,1.384,0.0028130121918680073,11,0.08991444452329309,0.4983166333249446,0.19635736918978594,1.1539467482242616,0.475109835649011,0.0014440741269620004,undisturbed,Tong et al. (2024): undisturbed cores for Ks and bulk density; retention taken to be on the same cores
TG_128_0,TG_128,silt loam,0.8205992145925686,1.347625842550024,0.05419346683954352,0.5541140702127738,2.882210528421937,76.47611997038757,20.6416695011905,12.54,5.0,34.56467,110.25078,Tong_YellowRiver,,,,1.21,0.004727556775462348,11,0.07919601690171321,0.5562228143617135,0.4589004284343827,1.0100000063248908,0.46088028314626617,0.0020780405567611235,undisturbed,Tong et al. (2024): undisturbed cores for Ks and bulk density; retention taken to be on the same cores
TG_129_0,TG_129,silt loam,0.2864317664235425,1.4595294668974783,0.07877867095030723,0.47567084064701043,5.566944330556694,80.5231947680523,13.909860901390985,0.84,5.0,34.57911,110.72333,Tong_YellowRiver,,,,1.459,0.002981055404527709,11,0.0934137498615957,0.4798514559164545,0.18574978407363626,1.1554510165451752,0.5115309786401879,0.0015618329235158163,undisturbed,Tong et al. (2024): undisturbed cores for Ks and bulk density; retention taken to be on the same cores
TG_130_0,TG_130,silty clay loam,4.51444601029047,1.1498674228624355,4.995395417996019e-24,0.5614898341568063,2.552969607027184,67.13227110010328,30.31475929286953,7.38,5.0,34.37042,111.07869,Tong_YellowRiver,,,,1.225,0.010134643021417639,11,5.704607861360252e-19,0.5610200509337913,4.109442786522443,1.010000000000001,0.15070378276375457,0.009603148651746427,undisturbed,Tong et al. (2024): undisturbed cores for Ks and bulk density; retention taken to be on the same cores
TG_131_0,TG_131,silty clay loam,3.3850594221949106,1.1365032543079367,3.999735324912972e-12,0.5236924069393223,1.4619853801461984,70.48629513704863,28.05171948280517,6.0,5.0,34.37069,111.07475,Tong_YellowRiver,,,,1.281,0.006813008816529809,11,5.690936550735006e-20,0.5234447729040799,3.0965883239262237,1.01,0.137209603600605,0.006283792218310635,undisturbed,Tong et al. (2024): undisturbed cores for Ks and bulk density; retention taken to be on the same cores
TG_132_0,TG_132,silt loam,0.2988137300307546,1.0831838487295957,7.911592129820585e-18,0.4160024820373056,5.588255938712686,70.32298174015061,24.088762321136706,0.3,5.0,34.34478,111.30706,Tong_YellowRiver,,,,1.655,0.002127586601255165,11,1.4351762050557867e-10,0.4166352790177573,0.2833141331832569,1.01,0.08363301034604476,0.0018424210777280708,undisturbed,Tong et al. (2024): undisturbed cores for Ks and bulk density; retention taken to be on the same cores
TG_133_0,TG_133,silt loam,0.6822351815798592,1.2529829640590706,0.0994880424534557,0.5038675728603567,1.608,75.652,22.74,2.28,5.0,34.47058,111.84722,Tong_YellowRiver,,,,1.378,0.002958758920132172,11,0.04551007574393975,0.5009296067583499,1.0878522113034859,2.2852619556363853,0.07902966150217795,0.0005065318917027817,undisturbed,Tong et al. (2024): undisturbed cores for Ks and bulk density; retention taken to be on the same cores
TG_134_0,TG_134,silty clay loam,1.0261358521638417,1.1264905233798015,1.1211139253571361e-17,0.4961424214992267,1.0400104001040011,71.67571675716758,27.28427284272843,0.48,5.0,34.48483,111.89875,Tong_YellowRiver,,,,1.41,0.0037630461327221028,11,5.981987184544775e-16,0.4968271440180014,0.933536871932086,1.01,0.12785932025674188,0.003000286180280822,undisturbed,Tong et al. (2024): undisturbed cores for Ks and bulk density; retention taken to be on the same cores
TG_135_0,TG_135,silt loam,3.1905937923998997,1.1494871154684012,9.534817643636631e-05,0.5555145223437893,2.328,73.082,24.59,4.62,5.0,34.54136,112.27861,Tong_YellowRiver,,,,1.248,0.0001228330535763949,11,0.005380938183965471,0.5555397684979267,3.0512298699315745,1.098699472189815,0.1393036461951689,1.8132753288366477e-05,undisturbed,Tong et al. (2024): undisturbed cores for Ks and bulk density; retention taken to be on the same cores
TG_136_0,TG_136,silt loam,0.29812733068343944,1.4910059117396162,0.18097104608479564,0.5241254816146056,2.5700000000000003,70.81200000000001,26.618000000000002,3.0599999999999996,5.0,34.52792,112.34161,Tong_YellowRiver,,,,1.342,0.002659913395697151,11,0.16782180678053135,0.5208819059931088,0.4022941327543691,1.9946752511888086,0.20146524710052702,0.0014118955674274638,undisturbed,Tong et al. (2024): undisturbed cores for Ks and bulk density; retention taken to be on the same cores
TG_137_0,TG_137,silt loam,0.5291428331165644,1.3434648920725885,0.10426781309947786,0.5299483496213776,4.770097122338138,73.73495904057933,21.494943837082527,3.96,5.0,34.77044,112.42247,Tong_YellowRiver,,,,1.341,0.0015344470846451878,11,0.08984057071356151,0.5282411335409228,0.6539924128988693,1.6118878536468975,0.18670299519615033,0.0004843154783235554,undisturbed,Tong et al. (2024): undisturbed cores for Ks and bulk density; retention taken to be on the same cores
TG_138_0,TG_138,silt loam,0.32123004048603143,1.3953248394039868,0.10981164987809867,0.49260273724005527,4.674215295976954,73.19102966771361,22.13475503630944,1.02,5.0,34.76336,112.75775,Tong_YellowRiver,,,,1.411,0.0027143557032588235,11,0.08749951314289899,0.4891658224035769,0.4469022693312804,1.9101500583655864,0.16470043762075015,0.0012908207290699334,undisturbed,Tong et al. (2024): undisturbed cores for Ks and bulk density; retention taken to be on the same cores
TG_139_0,TG_139,silt loam,2.1713026538692906,1.176661808035608,3.3441064538506764e-12,0.5620239073675244,3.625,75.816,20.559,8.040000000000001,5.0,34.77703,112.73289,Tong_YellowRiver,,,,1.078,0.007227873891978868,11,1.1191799408958354e-19,0.5621664152825219,1.91199681275951,1.01,0.17927977842222254,0.006315252028042835,undisturbed,Tong et al. (2024): undisturbed cores for Ks and bulk density; retention taken to be on the same cores
TG_140_0,TG_140,silt loam,1.941054112541469,1.2329516746517923,0.09675598764035233,0.540379468757684,2.6150627615062763,71.31175571290635,26.073181525587383,8.76,5.0,34.74597,111.64219,Tong_YellowRiver,,,,1.278,0.0016225053071554983,11,0.0713613927156995,0.5398544266208498,2.6945116289152,2.5233116503965696,0.07754782543438708,6.189017689236255e-05,undisturbed,Tong et al. (2024): undisturbed cores for Ks and bulk density; retention taken to be on the same cores
TG_141_0,TG_141,silt loam,1.8667676267887297,1.2081246435221944,0.10115187131188862,0.548124639129327,2.4979451093602774,74.85716004089734,22.644894849742386,7.98,5.0,34.72978,111.57331,Tong_YellowRiver,,,,1.308,0.001481421432713907,11,0.07034098090690352,0.5475963475865631,2.5871635860282978,2.2124172786945957,0.07818384544972717,8.209810390445794e-05,undisturbed,Tong et al. (2024): undisturbed cores for Ks and bulk density; retention taken to be on the same cores
TG_142_0,TG_142,silty clay loam,1.0828224604293353,1.1820280759113067,5.25388935941884e-24,0.5123712941909425,2.681728382554075,69.85056481434577,27.467706803100146,3.36,5.0,34.84253,111.18561,Tong_YellowRiver,,,,1.293,0.004946031702454729,11,7.250740810186537e-12,0.513511567682452,0.9347293989744134,1.01,0.18626217543022994,0.003516049274459324,undisturbed,Tong et al. (2024): undisturbed cores for Ks and bulk density; retention taken to be on the same cores
TG_143_0,TG_143,silty clay loam,0.7563335238895669,1.1714195455646308,2.6977500219547583e-10,0.4593324539428481,2.157,64.233,33.61,0.84,5.0,35.09744,110.96331,Tong_YellowRiver,,,,1.442,0.001633411810991107,11,0.011011858933098155,0.4607168605349348,0.6359883298533099,1.0100000000011256,0.18368950688336605,0.0007121349567379509,undisturbed,Tong et al. (2024): undisturbed cores for Ks and bulk density; retention taken to be on the same cores
TG_144_0,TG_144,silt loam,0.6511544671133562,1.2216230478711838,0.036039076427478466,0.46929498190392277,1.8639955079613366,73.06982713672643,25.06617735531224,0.5399999999999999,5.0,35.09875,110.95125,Tong_YellowRiver,,,,1.399,0.0001619941309782932,11,0.03980159580983653,0.46945359502417394,0.627149711810219,1.192704086510193,0.190431736495898,4.87271546899145e-05,undisturbed,Tong et al. (2024): undisturbed cores for Ks and bulk density; retention taken to be on the same cores
TG_145_0,TG_145,silt loam,0.9729385956077492,1.2462203152081275,0.03725250743177537,0.5002275197303188,4.389,73.175,22.436,4.2,5.0,34.91078,110.42672,Tong_YellowRiver,,,,1.312,0.00042380265144263343,11,0.0442368168952936,0.5005173676891929,0.887764568587292,1.170835392587593,0.2213453062209511,0.00010500865336782041,undisturbed,Tong et al. (2024): undisturbed cores for Ks and bulk density; retention taken to be on the same cores
TG_146_0,TG_146,silty clay loam,1.6023392874795974,1.1805606017090786,0.0014228783561120863,0.5222608485738031,1.1420000000000001,70.97200000000001,27.886000000000003,4.26,5.0,34.9615,110.42772,Tong_YellowRiver,,,,1.3,6.31537687282878e-05,11,1.34422964058955e-16,0.5222346777368299,1.6234663697455778,1.1942201764532043,0.15009724690414317,1.801095891041436e-05,undisturbed,Tong et al. (2024): undisturbed cores for Ks and bulk density; retention taken to be on the same cores
TG_147_0,TG_147,silty clay loam,0.6983800743292793,1.1727157416153777,1.3441011240979346e-10,0.4564776176366854,2.8910289102891027,69.76369763697636,27.345273452734524,0.36,5.0,35.09036,110.66433,Tong_YellowRiver,,,,1.424,0.0015060558559017688,11,0.024408759920538266,0.45762710954745034,0.5515447367232881,1.01,0.19734753520196913,0.0007021566447930184,undisturbed,Tong et al. (2024): undisturbed cores for Ks and bulk density; retention taken to be on the same cores
TG_148_0,TG_148,silt loam,0.5682730422118725,1.302998213043058,0.08753474066732497,0.5124243604624299,3.238,71.148,25.614,1.98,5.0,35.10886,110.71886,Tong_YellowRiver,,,,1.377,0.0020457462896969563,11,0.06184376066538749,0.5102103636292996,0.7675249537953888,1.7295441825663742,0.14384719157985212,0.0005677647227760353,undisturbed,Tong et al. (2024): undisturbed cores for Ks and bulk density; retention taken to be on the same cores
TG_149_0,TG_149,silt loam,0.6303242806128208,1.3293825107398773,0.05764800751960411,0.5140309038835046,6.4540645406454065,77.46277462774628,16.083160831608314,3.48,5.0,35.33478,110.71572,Tong_YellowRiver,,,,1.265,0.002893173418919416,11,0.08236007826374599,0.5167746525819404,0.37087692247667137,1.017739196241703,0.42819334948120613,0.0010269925383930543,undisturbed,Tong et al. (2024): undisturbed cores for Ks and bulk density; retention taken to be on the same cores
TG_150_0,TG_150,silt loam,0.6275965841743805,1.2442706996238917,0.025469794128607885,0.503380235523173,2.5563080010032606,71.69500877853022,25.748683220466514,0.72,5.0,35.22272,110.14742,Tong_YellowRiver,,,,1.362,0.0016717591416849503,11,0.05455473996632196,0.5050218517430362,0.43826557506396296,1.0312862094191506,0.29279512182130557,0.0005643253513006928,undisturbed,Tong et al. (2024): undisturbed cores for Ks and bulk density; retention taken to be on the same cores
TG_151_0,TG_151,silt loam,0.592569337862462,1.3277472811624889,0.039346611014905324,0.5200051752901944,1.191,73.525,25.284000000000002,4.08,5.0,35.22675,110.20431,Tong_YellowRiver,,,,1.223,0.009389756073915897,11,0.07609500575793314,0.5217383488894516,0.29673071157256126,1.01,0.4806381626129882,0.006579263054246614,undisturbed,Tong et al. (2024): undisturbed cores for Ks and bulk density; retention taken to be on the same cores
TG_152_0,TG_152,silt loam,0.3375656970379791,1.3761918100340993,0.07159036095058068,0.5332672933761939,2.5679910014863614,73.19929297392841,24.232716024585226,2.4,5.0,35.92461,110.20331,Tong_YellowRiver,,,,1.288,0.0028270766348287182,11,0.09279324953971037,0.5370777288988515,0.22241438396465,1.1061478913162837,0.43381347375914214,0.0013310969043737937,undisturbed,Tong et al. (2024): undisturbed cores for Ks and bulk density; retention taken to be on the same cores
TG_153_0,TG_153,silty clay loam,1.0071587082676554,1.2172604108090777,0.040732683199646125,0.4816045815778427,1.8574639746317183,67.1426564444266,30.999879580941673,6.66,5.0,34.93083,109.92853,Tong_YellowRiver,,,,1.309,0.0022870101638728783,11,1.7225136598514262e-10,0.48001248184246875,1.4508396499498935,1.9598142950225315,0.08768027575437773,0.00043604864660602623,undisturbed,Tong et al. (2024): undisturbed cores for Ks and bulk density; retention taken to be on the same cores
TG_154_0,TG_154,silty clay loam,0.7070209939712052,1.203770536850103,5.840258066418988e-23,0.4818840633211567,1.349,66.705,31.946000000000005,1.2,5.0,34.9305,109.92769,Tong_YellowRiver,,,,1.1,0.011659319963958463,11,3.252958717149725e-24,0.4839599522472329,0.5861335529568736,1.01,0.21164919901601426,0.009998948729902004,undisturbed,Tong et al. (2024): undisturbed cores for Ks and bulk density; retention taken to be on the same cores
TG_155_0,TG_155,silt loam,0.4465835180744794,1.361295060202977,0.04934066464501701,0.5360950057114114,3.2684318534461183,73.69137594474198,23.040192201811898,2.88,5.0,34.88886,109.92153,Tong_YellowRiver,,,,1.202,0.007809912737003809,11,0.08335352934362429,0.5403334143430657,0.22182791923447057,1.01,0.5318694103301306,0.004696692801180748,undisturbed,Tong et al. (2024): undisturbed cores for Ks and bulk density; retention taken to be on the same cores
TG_156_0,TG_156,silt loam,0.266350171977534,1.5681098957606971,0.07396971303763673,0.5053372232693389,3.107095636844425,79.71673544613165,17.17616891702392,2.88,5.0,35.59383,110.63881,Tong_YellowRiver,,,,1.258,0.004762566587577159,11,0.08809579737956463,0.5121266210848836,0.15128276496225337,1.1635587121229574,0.6764289992675504,0.002674915663448929,undisturbed,Tong et al. (2024): undisturbed cores for Ks and bulk density; retention taken to be on the same cores
TG_157_0,TG_157,sandy loam,0.6163334151101775,1.7778509494640966,0.2155083148585249,0.6218841736259604,50.37,47.679,1.9509999999999998,5.64,5.0,35.59328,110.63853,Tong_YellowRiver,,,,1.283,0.011513848006062154,11,0.20707308921742032,0.6092203534285621,1.0241735637367924,10.707317338505083,0.052502246442707165,0.00024800726958779616,undisturbed,Tong et al. (2024): undisturbed cores for Ks and bulk density; retention taken to be on the same cores
TG_158_0,TG_158,silty clay loam,3.5293548413262705,1.1976154693886736,0.0319115110063802,0.5400463866744285,4.539987973541792,67.3892563640008,28.070755662457408,12.239999999999998,5.0,35.62864,110.98797,Tong_YellowRiver,,,,1.142,0.0005685519333040916,11,0.019439882339123842,0.5399562374087017,4.142106513992539,1.6185340206765606,0.11330105959203388,4.074106866191581e-05,undisturbed,Tong et al. (2024): undisturbed cores for Ks and bulk density; retention taken to be on the same cores
TG_159_0,TG_159,silt loam,2.6701075746278744,1.1525196845239352,0.021984664304310564,0.49864269616927454,1.8721529759223106,71.41012163988587,26.717725384191823,5.159999999999999,5.0,35.63992,111.20672,Tong_YellowRiver,,,,1.289,0.0037811405372974046,11,0.04475074310187677,0.4984673704999967,2.1722531731055126,1.01,0.1701399108769693,0.0033969720957461643,undisturbed,Tong et al. (2024): undisturbed cores for Ks and bulk density; retention taken to be on the same cores
TG_160_0,TG_160,silty clay loam,0.6392239874089061,1.136905555376105,1.286265852519958e-22,0.5324508488370278,3.5333533353335334,68.77287728772878,27.69376937693769,2.6399999999999997,5.0,35.64028,111.21444,Tong_YellowRiver,,,,1.381,0.002717041456346411,11,4.568936550474813e-14,0.5339385021382655,0.5797591733207534,1.01,0.1388761618599182,0.0017420551282915713,undisturbed,Tong et al. (2024): undisturbed cores for Ks and bulk density; retention taken to be on the same cores
TG_161_0,TG_161,silt loam,1.1858848989209505,1.2029331471864846,1.8067081280155408e-11,0.46752369942342076,2.6185973443800714,71.68472768388717,25.696674971732754,2.1,5.0,35.64022,111.211,Tong_YellowRiver,,,,1.372,0.0034428571626281402,11,2.1729398796672137e-18,0.4686801648127153,1.0108054795395873,1.0100000000000007,0.2082069526359117,0.0019700212378548844,undisturbed,Tong et al. (2024): undisturbed cores for Ks and bulk density; retention taken to be on the same cores
TG_162_0,TG_162,silty clay loam,1.560769200873548,1.20211245224852,0.00822553418682212,0.4875999436098635,2.2753254046248568,68.91057138845991,28.814103206915224,4.26,5.0,35.22908,111.74458,Tong_YellowRiver,,,,1.309,0.00045271628942010846,11,1.44946130818728e-17,0.48740915467676593,1.7097369339562885,1.314511659651936,0.14636479276448555,0.00011514950307752243,undisturbed,Tong et al. (2024): undisturbed cores for Ks and bulk density; retention taken to be on the same cores
TG_163_0,TG_163,silty clay loam,0.7916511536164983,1.1600634738942754,6.9154258890373234e-18,0.41049733210228834,1.548968527775822,70.4780680137999,27.972963458424278,0.6,5.0,35.22342,111.74236,Tong_YellowRiver,,,,1.546,0.003364809673796707,11,2.500509921132298e-20,0.4116852385233408,0.6994561959699559,1.01,0.16321896770159022,0.0023778890989792937,undisturbed,Tong et al. (2024): undisturbed cores for Ks and bulk density; retention taken to be on the same cores
TG_164_0,TG_164,silt loam,4.239985296515576,1.1855471934379418,2.2164227256727337e-11,0.5354483851234637,4.140305918154882,70.17197885801234,25.68771522383279,3.54,5.0,35.152,111.93644,Tong_YellowRiver,,,,1.19,0.0060976696008397105,11,4.400134271222496e-22,0.5352408810931706,3.82351497202522,1.01,0.18705696553829876,0.00539343833783921,undisturbed,Tong et al. (2024): undisturbed cores for Ks and bulk density; retention taken to be on the same cores
TG_165_0,TG_165,silt loam,1.2514753475314315,1.1531159198641974,2.3455219760573398e-07,0.42627753441645394,2.91480718045188,73.00426264283857,24.080930176709558,1.7999999999999998,5.0,35.14878,112.24231,Tong_YellowRiver,,,,1.424,0.00011878474927492366,11,0.0012144692148716334,0.4263805748494575,1.226007672197718,1.1271667657557185,0.13703747728427623,1.7468140544234697e-05,undisturbed,Tong et al. (2024): undisturbed cores for Ks and bulk density; retention taken to be on the same cores
TG_166_0,TG_166,silt loam,0.15333208839227028,1.1695745899736218,1.033458777808439e-22,0.3648875355930482,5.42242858584839,67.92469970727768,26.652871706873924,1.14,5.0,35.14219,112.55061,Tong_YellowRiver,,,,1.605,0.0033356494533006453,11,2.6989124353718263e-15,0.3669529079653305,0.13367330407726752,1.01,0.17504873679520627,0.002608685790461891,undisturbed,Tong et al. (2024): undisturbed cores for Ks and bulk density; retention taken to be on the same cores
TG_167_0,TG_167,silty clay loam,4.039717960532899,1.2386265579850848,0.07875707222011266,0.540921233689205,8.711745518870336,62.889191096023474,28.399063385106185,6.359999999999999,5.0,35.48742,112.88433,Tong_YellowRiver,,,,1.15,0.000422785415614817,11,0.0727376451001786,0.5408728057915767,4.580676556972148,1.6117138607941046,0.1406273940170745,2.898684296252964e-05,undisturbed,Tong et al. (2024): undisturbed cores for Ks and bulk density; retention taken to be on the same cores
TG_168_0,TG_168,silty clay loam,3.0854711514492617,1.1808121937969993,1.2530737859488666e-10,0.46769664450116494,10.258866714399526,62.115910168107064,27.62522311749342,4.4399999999999995,5.0,35.47681,112.85269,Tong_YellowRiver,,,,1.209,0.004715779004117653,11,8.431234517146099e-11,0.46762314766423946,2.753346004365942,1.0100000000357878,0.18277627456446013,0.003961242136923771,undisturbed,Tong et al. (2024): undisturbed cores for Ks and bulk density; retention taken to be on the same cores
TG_169_0,TG_169,silty clay loam,5.179894982944092,1.243193307219488,0.08254437057578692,0.5182829595499681,4.734329680953915,62.139461811150504,33.12620850789559,6.18,5.0,35.50136,112.41017,Tong_YellowRiver,,,,1.232,0.00029413644552231773,11,0.07860904723767652,0.5182599269305601,5.738222898874248,1.6047082426341919,0.14576617755070603,1.7846309105479848e-05,undisturbed,Tong et al. (2024): undisturbed cores for Ks and bulk density; retention taken to be on the same cores
TG_170_0,TG_170,silty clay loam,1.2528843833289278,1.2071714601815227,1.2683229910870583e-12,0.45865662213785446,6.353050392524874,66.57988738875098,27.067062218724143,3.0599999999999996,5.0,35.52092,112.38053,Tong_YellowRiver,,,,1.326,0.0017769463314414053,11,0.0014813043154010197,0.45981297459717513,1.0641269521107943,1.01,0.21385701558286088,0.00048736652513411526,undisturbed,Tong et al. (2024): undisturbed cores for Ks and bulk density; retention taken to be on the same cores
TG_171_0,TG_171,silt loam,4.029005466544163,1.1846995507946805,0.07360413165528679,0.5371727578309881,10.526739934119734,64.9253054769268,24.54795458895347,6.54,5.0,35.73442,112.04133,Tong_YellowRiver,,,,1.22,0.0004960603681919219,11,0.061249766364499886,0.5371039993215676,4.74886590216078,1.6867366782681508,0.10137839472016442,2.9558069658405557e-05,undisturbed,Tong et al. (2024): undisturbed cores for Ks and bulk density; retention taken to be on the same cores
TG_172_0,TG_172,silty clay loam,2.2080225215144127,1.2233757622592447,0.15093383734601085,0.5992052512255568,1.9801781558462404,67.40731080972635,30.61251103442741,4.86,5.0,35.74794,111.98636,Tong_YellowRiver,,,,1.168,0.0013438041603938077,11,0.12812469680386757,0.5988308904983339,2.9701028308747235,2.3286843228985963,0.08225163063628335,5.5825785741585005e-05,undisturbed,Tong et al. (2024): undisturbed cores for Ks and bulk density; retention taken to be on the same cores
TG_173_0,TG_173,silt loam,2.9564267808498763,1.136796694926355,4.506103520714911e-10,0.5768818254035626,1.974,72.083,25.943,3.3,5.0,35.75842,111.83258,Tong_YellowRiver,,,,1.188,0.005771728075251072,11,2.112094656075705e-14,0.5767722634304813,2.7078021299805513,1.0100000006097738,0.13753363947935462,0.005136034769275415,undisturbed,Tong et al. (2024): undisturbed cores for Ks and bulk density; retention taken to be on the same cores
TG_174_0,TG_174,silt loam,0.40910164101438423,1.457272750575867,0.13063200940642203,0.5483989066592007,4.61504504685274,76.94985653229529,18.43509842085198,2.82,5.0,35.75831,111.83933,Tong_YellowRiver,,,,1.234,0.00012759279112560786,11,0.1299957854073595,0.5482409089361201,0.4153744280888414,1.4737936935421625,0.3074692807007639,5.380970031059172e-05,undisturbed,Tong et al. (2024): undisturbed cores for Ks and bulk density; retention taken to be on the same cores
TG_175_0,TG_175,silty clay loam,0.5490538474730257,1.241089918092755,0.08246205653312294,0.5393437022761092,2.8074598791371517,65.2289190378997,31.96362108296314,1.38,5.0,35.75008,111.46722,Tong_YellowRiver,,,,1.32,0.0036688847946274618,11,0.12002462071093092,0.5409911379776372,0.34868712309643807,1.01,0.31659545769197095,0.002158549624135247,undisturbed,Tong et al. (2024): undisturbed cores for Ks and bulk density; retention taken to be on the same cores
TG_176_0,TG_176,silty clay loam,0.5706081570562601,1.116812823736943,1.296028687035784e-100,0.49130354921476116,1.235,69.976,28.789,1.38,5.0,35.74992,111.46761,Tong_YellowRiver,,,,1.417,0.015426250545789548,11,3.859678240056934e-67,0.49116787351424096,0.48364792803607576,1.01,0.12003479759070629,0.014680934918374008,undisturbed,Tong et al. (2024): undisturbed cores for Ks and bulk density; retention taken to be on the same cores
TG_177_0,TG_177,silt loam,3.666830524503885,1.1359888976490464,2.506194307328645e-11,0.6121952098536627,9.341474663618683,68.80125929936433,21.857266037016988,8.34,5.0,36.06828,111.03633,Tong_YellowRiver,,,,1.136,0.0006117406611039915,11,0.0008268201398267887,0.6123579526720754,3.4297546463088477,1.010000000000314,0.13646924147990117,0.00010188257478246183,undisturbed,Tong et al. (2024): undisturbed cores for Ks and bulk density; retention taken to be on the same cores
TG_178_0,TG_178,silt loam,0.7934238187606151,1.3394054390294345,0.12301906765032933,0.5720460701492858,2.388125431634155,73.77265766532213,23.839216903043713,3.7199999999999998,5.0,35.93914,110.80031,Tong_YellowRiver,,,,1.131,0.001902976985001607,11,0.1380879450623233,0.5735236034125322,0.5626620998767213,1.0969942608998933,0.36896703003425896,0.0005811074619500132,undisturbed,Tong et al. (2024): undisturbed cores for Ks and bulk density; retention taken to be on the same cores
TG_179_0,TG_179,silt loam,0.5161740475683777,1.3078509802041494,0.11397434943010741,0.5502611984656524,4.018,79.815,16.167,19.98,5.0,36.02658,110.82208,Tong_YellowRiver,,,,1.283,0.0025484321666408216,11,0.14061846092884456,0.5530673180435369,0.31361516169790643,1.0216054372825711,0.3981776561554688,0.000976491444577956,undisturbed,Tong et al. (2024): undisturbed cores for Ks and bulk density; retention taken to be on the same cores
TG_180_0,TG_180,silt loam,0.9788632438968141,1.2586659013638162,0.06856847680553996,0.5761408518225021,3.0934337114196757,75.7000270300033,21.20653925857702,3.3,5.0,36.04031,110.81414,Tong_YellowRiver,,,,1.12,0.006536136099723124,11,0.10295541611762866,0.5763902371984214,0.6033344499665207,1.01,0.3344613064679903,0.004770502156734438,undisturbed,Tong et al. (2024): undisturbed cores for Ks and bulk density; retention taken to be on the same cores
TG_181_0,TG_181,silt loam,0.3785435524840179,1.4751905222357178,0.13284638032696036,0.5743219925197615,4.684794683693792,76.23775257958947,19.07745273671674,3.9000000000000004,5.0,36.46208,110.75506,Tong_YellowRiver,,,,1.208,0.003308336905239209,11,0.14678924939493024,0.5785869300177545,0.24704483588902304,1.1657122859494558,0.5177005188578443,0.0015267271611896856,undisturbed,Tong et al. (2024): undisturbed cores for Ks and bulk density; retention taken to be on the same cores
TG_182_0,TG_182,silt loam,0.6716090220301529,1.3089056786812845,0.09394391679825917,0.574936211235057,3.055198973042362,78.15250320924262,18.792297817715017,4.319999999999999,5.0,36.46167,110.75917,Tong_YellowRiver,,,,1.137,0.009223269228895992,11,0.1313006589649095,0.5758579674692083,0.3477013102491159,1.01,0.444120198247216,0.006682507503694049,undisturbed,Tong et al. (2024): undisturbed cores for Ks and bulk density; retention taken to be on the same cores
TG_183_0,TG_183,silt loam,0.494976235107622,1.380197633736974,0.09276956666033429,0.5633720745361463,4.431741963901374,76.08641246133364,19.481845574765,696.9,5.0,36.47419,110.80731,Tong_YellowRiver,,,,1.081,0.010754854684431976,11,0.1265383704570422,0.5666754632086984,0.22240741013139334,1.01,0.5916999995357898,0.007291836023368149,undisturbed,Tong et al. (2024): undisturbed cores for Ks and bulk density; retention taken to be on the same cores
TG_184_0,TG_184,silt loam,1.5841696045346245,1.2334656371863688,0.06863180279151325,0.5838884849636732,2.8882528372130265,72.27837713416464,24.833370028622326,6.359999999999999,5.0,36.46761,110.98789,Tong_YellowRiver,,,,1.098,0.0045476377047839476,11,0.09400653042828103,0.5838806227275669,1.1129206131881895,1.01,0.27683022575064736,0.0033838635959290634,undisturbed,Tong et al. (2024): undisturbed cores for Ks and bulk density; retention taken to be on the same cores
TG_185_0,TG_185,silt loam,0.44968790271664566,1.36281218853228,0.0953745810433994,0.5688781875732033,4.13013013013013,79.86186186186185,16.00800800800801,1.14,5.0,36.46453,110.98656,Tong_YellowRiver,,,,1.128,0.008669284718457316,11,0.12961230976759971,0.5727886591570602,0.2176808739945054,1.01,0.5436078006287107,0.005540632782101768,undisturbed,Tong et al. (2024): undisturbed cores for Ks and bulk density; retention taken to be on the same cores
TG_186_0,TG_186,silt loam,0.4012758325342515,1.1292964045617695,2.9182932010870816e-21,0.4600196952347174,3.7721378475200567,69.78051364851909,26.447348503960843,0.48,5.0,36.2685,111.599,Tong_YellowRiver,,,,1.465,0.002918693192710267,11,4.055134844691406e-11,0.4615097172661304,0.3666593122817346,1.01,0.1312228051158955,0.0021695840310965537,undisturbed,Tong et al. (2024): undisturbed cores for Ks and bulk density; retention taken to be on the same cores
TG_187_0,TG_187,silt loam,0.4922021062913785,1.1555048981114318,1.6252305083340684e-09,0.5391623322636975,7.790922090779092,68.81531184688153,23.39376606233937,0.18,5.0,36.27531,111.614,Tong_YellowRiver,,,,1.289,0.0010678214277933722,11,0.0222266193157134,0.5408496207726423,0.412692345672821,1.0127136765082736,0.1707536123408476,0.00029044620062291653,undisturbed,Tong et al. (2024): undisturbed cores for Ks and bulk density; retention taken to be on the same cores
TG_188_0,TG_188,silt loam,0.6231439948883143,1.3625963252876332,0.1159487257936099,0.5518961623546198,4.327,76.543,19.13,3.7199999999999998,5.0,36.55322,111.80719,Tong_YellowRiver,,,,1.275,0.001112312785599807,11,0.12412733185957817,0.5529694578300384,0.5226454745646547,1.219015637344592,0.3274819232054922,0.0003665075455230453,undisturbed,Tong et al. (2024): undisturbed cores for Ks and bulk density; retention taken to be on the same cores
TG_189_0,TG_189,silt loam,1.6726929603593863,1.2136376855089437,0.03687630113457281,0.5811548073212789,3.6227607797637504,72.95632082737376,23.4209183928625,4.140000000000001,5.0,36.58236,111.74714,Tong_YellowRiver,,,,1.091,0.005430580474774459,11,0.06602966101916662,0.5809470338822019,1.1970480421080532,1.0100000000000005,0.25271490443117406,0.004384838607016315,undisturbed,Tong et al. (2024): undisturbed cores for Ks and bulk density; retention taken to be on the same cores
TG_190_0,TG_190,silt loam,0.6505922854913251,1.3363537290802967,0.07807993934672883,0.5437127212047468,3.477129416474827,78.09828845961364,18.42458212391152,3.0,5.0,36.89406,111.84717,Tong_YellowRiver,,,,1.165,0.010378922541063807,11,0.11330192220812363,0.5446948047703795,0.3121281762408608,1.01,0.5023522367163822,0.007523703380251348,undisturbed,Tong et al. (2024): undisturbed cores for Ks and bulk density; retention taken to be on the same cores
TG_191_0,TG_191,silty clay loam,12.984285797572289,1.1218880898514336,1.1009729136054707e-12,0.5836879113194983,2.9951884522854852,66.40437048917401,30.600441058540497,21.9,5.0,37.01572,111.93119,Tong_YellowRiver,,,,1.022,0.002610596724672509,11,3.7366599214856084e-19,0.5836469267541451,12.589051858863996,1.0100000002721552,0.12120027655571493,0.0024403271831636114,undisturbed,Tong et al. (2024): undisturbed cores for Ks and bulk density; retention taken to be on the same cores
TG_192_0,TG_192,silt loam,0.2954973330869976,1.4542218118449695,0.13623250828707395,0.5285371633769858,3.147968520314797,74.20025799742002,22.65177348226518,2.1,5.0,37.00247,111.92694,Tong_YellowRiver,,,,1.381,0.0003413843633838246,11,0.13810406669970002,0.5289960356248982,0.2828936982182314,1.4112422716991924,0.33067421661481644,0.00017612037077490987,undisturbed,Tong et al. (2024): undisturbed cores for Ks and bulk density; retention taken to be on the same cores
TG_193_0,TG_193,silt loam,0.5684306018455048,1.3024758991347267,0.11111047923321184,0.5043691658442858,7.176176176176177,67.27227227227228,25.551551551551555,0.72,5.0,37.17558,112.17711,Tong_YellowRiver,,,,1.386,0.0019527749713489698,11,0.08645167763095603,0.5022538151885433,0.7740251070695292,1.7477877436596234,0.14124621559484077,0.0005380515937138241,undisturbed,Tong et al. (2024): undisturbed cores for Ks and bulk density; retention taken to be on the same cores
TG_194_0,TG_194,silt loam,4.908635789153453,1.157465464731886,0.008391690906455994,0.5713205814421938,10.862433915512174,63.882507548930114,25.25505853555772,112.02,5.0,37.17597,112.17694,Tong_YellowRiver,,,,1.135,0.001794326336817172,11,0.021123361656541356,0.5712955380061604,4.295102261759616,1.01,0.16595637120245,0.0015073761043152523,undisturbed,Tong et al. (2024): undisturbed cores for Ks and bulk density; retention taken to be on the same cores
TG_195_0,TG_195,silt loam,0.7320448116892512,1.3681977760672759,0.07713707371453175,0.539709556853725,5.649,80.822,13.529000000000002,5.76,5.0,37.24053,111.73764,Tong_YellowRiver,,,,1.039,0.010695525751902515,11,0.10737006217725491,0.5405632558777999,0.3372772302838278,1.01,0.5523710634232036,0.007538087191858517,undisturbed,Tong et al. (2024): undisturbed cores for Ks and bulk density; retention taken to be on the same cores
TG_196_0,TG_196,silt,0.3552561800330579,1.531355018551734,0.1068311856294385,0.5447246852026518,4.868,83.789,11.343,2.04,5.0,37.42669,110.24058,Tong_YellowRiver,,,,1.161,0.006079374621341431,11,0.1254278733144254,0.5528387064732903,0.1566123812056009,1.0469550146757494,0.7921391955323138,0.0029846069687824222,undisturbed,Tong et al. (2024): undisturbed cores for Ks and bulk density; retention taken to be on the same cores
TG_197_0,TG_197,silty clay loam,7.247707380157485,1.1363234598617358,3.6938372478482436e-09,0.603758368517301,1.7261138812932282,63.60684413704359,34.66704198166318,4.140000000000001,5.0,34.53328,108.45522,Tong_YellowRiver,,,,1.139,0.0035834479142479673,11,5.168871302366536e-12,0.6036837746549918,6.886931350972213,1.0100000042635566,0.13602777372488878,0.0032453892056092154,undisturbed,Tong et al. (2024): undisturbed cores for Ks and bulk density; retention taken to be on the same cores
TG_198_0,TG_198,silty clay loam,4.736412626909876,1.1189214564483998,2.686651544637666e-13,0.5757608518358402,1.9172532739706796,70.93235465174578,27.150392074283538,5.1000000000000005,5.0,34.60592,108.62511,Tong_YellowRiver,,,,1.192,0.004075822967497321,11,1.205660714111748e-09,0.5756757189890094,4.470633405574776,1.0100000002848901,0.11882896333039444,0.003708560190560129,undisturbed,Tong et al. (2024): undisturbed cores for Ks and bulk density; retention taken to be on the same cores
TG_199_0,TG_199,silty clay loam,5.521068312273308,1.146857009758962,3.633632731298729e-08,0.6011498223978474,2.3070062034615115,61.85923453894952,35.833759257588966,10.200000000000001,5.0,34.81653,108.559,Tong_YellowRiver,,,,1.109,0.00013434551071447146,11,0.0007308079763643791,0.6011731610513895,5.405693776471126,1.095435553163813,0.1347958321678655,9.859946978633884e-06,undisturbed,Tong et al. (2024): undisturbed cores for Ks and bulk density; retention taken to be on the same cores
TG_200_0,TG_200,silty clay loam,1.0525980695577262,1.2420290056017518,0.05989442053335613,0.601765807386348,3.3313623107066617,66.34562382866135,30.323013860631995,2.76,5.0,34.84233,108.48022,Tong_YellowRiver,,,,1.116,0.004587414838455762,11,0.09297245821747233,0.6023245665423939,0.6989372289863479,1.010000000000001,0.29977576316053267,0.002996302343514928,undisturbed,Tong et al. (2024): undisturbed cores for Ks and bulk density; retention taken to be on the same cores
TG_201_0,TG_201,sand,0.689576076221089,1.8361480914663875,0.07799256984356798,0.4095740066857173,88.02388023880239,11.312113121131212,0.6640066400664008,9.12,5.0,34.857,108.42531,Tong_YellowRiver,,,,1.58,0.008632352997956894,11,0.07362185293346736,0.4014283310791712,1.1327356420057602,10.999925086185938,0.05601263544843797,6.557412947828052e-05,undisturbed,Tong et al. (2024): undisturbed cores for Ks and bulk density; retention taken to be on the same cores
TG_202_0,TG_202,silt loam,2.9399230702567634,1.1760811540356666,1.2356520427432216e-10,0.6037104855684252,3.386294334777724,70.79421441181191,25.819491253410366,8.459999999999999,5.0,35.13953,108.32081,Tong_YellowRiver,,,,1.068,0.005808094198116823,11,0.010026406435880646,0.6036917946492762,2.5258101942750546,1.01,0.18470687427025728,0.005243716297829945,undisturbed,Tong et al. (2024): undisturbed cores for Ks and bulk density; retention taken to be on the same cores
TG_203_0,TG_203,silty clay loam,1.1127916631182477,1.1854263937689093,0.05045622194073492,0.524781044499447,2.0214260982912076,70.43015132691093,27.548422574797854,1.6199999999999999,5.0,35.17631,108.32331,Tong_YellowRiver,,,,1.3,0.0019866724823180567,11,2.0132190468194615e-13,0.5234956629974559,1.5780426566213959,1.8467397959459757,0.07918968945758192,0.00037775431857053535,undisturbed,Tong et al. (2024): undisturbed cores for Ks and bulk density; retention taken to be on the same cores
TG_204_0,TG_204,silty clay loam,3.3784823464405513,1.1709248276759083,0.01953128489624741,0.6020717614734123,2.4893843955645893,69.05677084381477,28.45384476062063,6.42,5.0,35.24519,108.25661,Tong_YellowRiver,,,,1.078,0.001768235622035552,11,0.0363212327992394,0.6020788584413319,2.846571249009381,1.010000000001605,0.18387424235410413,0.00131175342778381,undisturbed,Tong et al. (2024): undisturbed cores for Ks and bulk density; retention taken to be on the same cores
TG_205_0,TG_205,silt loam,2.575073905326801,1.1598817527114367,4.405360697613107e-13,0.572426736877087,1.3819234364164465,74.16556950321109,24.45250706037247,2.82,5.0,35.49817,108.29961,Tong_YellowRiver,,,,1.161,0.0027467732756932444,11,1.897888008112351e-12,0.572702526996807,2.3426200853289583,1.01,0.1610850033580847,0.002077441509180179,undisturbed,Tong et al. (2024): undisturbed cores for Ks and bulk density; retention taken to be on the same cores
TG_206_0,TG_206,silt loam,0.3974125947672436,1.350892095844196,0.1067171007633054,0.5689236114042726,2.5636380106893744,72.5116002858552,24.924761703455427,2.82,5.0,35.42272,108.02681,Tong_YellowRiver,,,,1.202,0.0032480389834204887,11,0.13338921480353547,0.5730376020335854,0.23406178918353698,1.0414684884704315,0.4546952179771353,0.0014184069604931053,undisturbed,Tong et al. (2024): undisturbed cores for Ks and bulk density; retention taken to be on the same cores
TG_207_0,TG_207,silt loam,0.5040019966296001,1.1657885012522207,0.010699615578118729,0.4875743866842918,1.2358590175473882,73.49087435265726,25.273266629795362,0.7799999999999999,5.0,35.43561,107.95386,Tong_YellowRiver,,,,1.433,0.00036888450631586135,11,2.0283751141916686e-10,0.48719747979619377,0.5364340009284604,1.2190805789519112,0.12956884436752641,0.00017204435063313412,undisturbed,Tong et al. (2024): undisturbed cores for Ks and bulk density; retention taken to be on the same cores
TG_208_0,TG_208,silt loam,0.48271568090610917,1.2571112362248935,0.07686780424237487,0.5316214471471514,4.6145070253392575,73.48284696369241,21.902646010968333,1.38,5.0,35.88253,107.97592,Tong_YellowRiver,,,,1.325,0.0010506865689946991,11,0.09488189536520383,0.5328428998537066,0.3911032002201261,1.1176250887816752,0.2627104214649769,0.0003909844979247452,undisturbed,Tong et al. (2024): undisturbed cores for Ks and bulk density; retention taken to be on the same cores
TG_209_0,TG_209,silt loam,0.24415743983583918,1.5170893113400923,0.10647107603414532,0.4864542321302536,2.4704940988197643,77.7635527105421,19.76595319063813,1.8599999999999999,5.0,35.98097,108.10244,Tong_YellowRiver,,,,1.092,0.002202104998750974,11,0.11533793616504025,0.48951731598022996,0.1833870511918895,1.2783507509888068,0.4806617075393896,0.0012742001753073616,undisturbed,Tong et al. (2024): undisturbed cores for Ks and bulk density; retention taken to be on the same cores
TG_210_0,TG_210,silt loam,1.1408208544523233,1.2256691531485582,0.04540506320243995,0.5345701004633546,2.256906132766265,72.07354504784641,25.669548819387327,1.5599999999999998,5.0,36.10928,108.44442,Tong_YellowRiver,,,,1.119,0.003737840074997429,11,0.07498366118864662,0.5349364974916136,0.7855661922144245,1.01,0.2746919175068906,0.002501805234007746,undisturbed,Tong et al. (2024): undisturbed cores for Ks and bulk density; retention taken to be on the same cores
TG_211_0,TG_211,silty clay loam,1.7574944196765647,1.207261280395905,0.08043877057911263,0.5527951795611675,2.2562045625470044,70.59914765605416,27.14464778139885,6.6,5.0,36.02292,108.90125,Tong_YellowRiver,,,,1.279,0.001861891546389293,11,0.04157912590459734,0.5520776957400921,2.5295914502186756,2.5967733355398512,0.0644708034406798,7.204702085657136e-05,undisturbed,Tong et al. (2024): undisturbed cores for Ks and bulk density; retention taken to be on the same cores
TG_212_0,TG_212,silt loam,1.1055010184934102,1.3688512610398345,0.13783159657463748,0.6692415120913269,9.34898569465772,68.03321748969529,22.617796815646972,8.52,5.0,36.09139,109.14897,Tong_YellowRiver,,,,1.046,0.004928682443971181,11,0.10871266484560861,0.6664733936400336,1.7280254950997018,3.98712480508376,0.0723950518584759,0.0001221415425804368,undisturbed,Tong et al. (2024): undisturbed cores for Ks and bulk density; retention taken to be on the same cores
TG_213_0,TG_213,silt loam,0.34068135813574424,1.533114348971881,0.12989972744346684,0.5509583087123546,2.895,84.65,12.455,1.2,5.0,36.36231,109.34811,Tong_YellowRiver,,,,1.341,0.0007768543039731581,11,0.1269991047369177,0.5499626509441299,0.3681095470946511,1.631526534911004,0.31150493215780667,0.0003809732631358923,undisturbed,Tong et al. (2024): undisturbed cores for Ks and bulk density; retention taken to be on the same cores
TG_214_0,TG_214,silt loam,0.21760810104195805,1.620905826281661,0.14676249669547395,0.5695605981605918,6.319732387877331,81.47947839673095,12.200789215391703,1.92,5.0,36.41775,109.42164,Tong_YellowRiver,,,,1.259,0.00131266506347089,11,0.15042431449543592,0.5712427293400475,0.1926921990211431,1.4900846770501355,0.44991045002649593,0.0008447201665780916,undisturbed,Tong et al. (2024): undisturbed cores for Ks and bulk density; retention taken to be on the same cores
TG_215_0,TG_215,silt,0.43998669997721723,1.5825713943726696,0.12132097492451988,0.6055277161020026,5.910023519991993,82.10979332432566,11.98018315568233,5.34,5.0,36.59681,109.98467,Tong_YellowRiver,,,,1.162,0.001254123964683504,11,0.11768489015594559,0.6040380146570815,0.48859487837925064,1.7317614844826021,0.31590804362653013,0.0005139966883658898,undisturbed,Tong et al. (2024): undisturbed cores for Ks and bulk density; retention taken to be on the same cores
TG_216_0,TG_216,silt loam,0.3158740699225615,1.5676833468108624,0.12056823900510538,0.5626621838124801,4.649,82.065,13.286,2.6399999999999997,5.0,36.59672,109.98533,Tong_YellowRiver,,,,1.158,0.0035935918319456397,11,0.13116277115197578,0.5675601185291835,0.2124093283113858,1.2453273874340212,0.5733735256064544,0.0018687478730936781,undisturbed,Tong et al. (2024): undisturbed cores for Ks and bulk density; retention taken to be on the same cores
TG_217_0,TG_217,silt loam,0.37793400930543586,1.4851122325219837,0.1036298855513223,0.5674136219601773,4.390704400747183,82.66917066704158,12.94012493221122,3.0,5.0,36.59311,109.98253,Tong_YellowRiver,,,,1.251,0.008171267915663466,11,0.12796666282735772,0.5753879512581739,0.15531795356653694,1.0100000002542475,0.7794347181968326,0.004223245586002249,undisturbed,Tong et al. (2024): undisturbed cores for Ks and bulk density; retention taken to be on the same cores
TG_218_0,TG_218,silt loam,0.1755706929312884,1.70416226314539,0.13688458736192188,0.5421752473729158,4.257,83.534,12.208999999999996,1.5599999999999998,5.0,36.88661,110.16128,Tong_YellowRiver,,,,1.337,0.002052136107320672,11,0.14127387211737505,0.5445835518014179,0.14677731265470734,1.5098560368086253,0.5236952515716443,0.0014752383535955368,undisturbed,Tong et al. (2024): undisturbed cores for Ks and bulk density; retention taken to be on the same cores
TG_219_0,TG_219,silt loam,0.28235085923106157,1.6198196417655795,0.12848772780182827,0.5803618617732129,3.04749684223189,77.94975640074583,19.002746757022273,2.34,5.0,36.88697,110.161,Tong_YellowRiver,,,,1.232,0.0002837941722446001,11,0.1292535362944883,0.580729661331162,0.27559956947895253,1.5903759955955528,0.3956644907372196,0.000161535782318138,undisturbed,Tong et al. (2024): undisturbed cores for Ks and bulk density; retention taken to be on the same cores
TG_220_0,TG_220,silt loam,0.34043618479620624,1.54135096270613,0.106510675533778,0.5567150844776629,3.414,82.20099999999998,14.385,2.5799999999999996,5.0,36.83347,110.394,Tong_YellowRiver,,,,1.178,0.002710344372021007,11,0.11545761155399556,0.5603166141181103,0.2536009881457974,1.2873950950699222,0.4986865162802268,0.0013428274957492427,undisturbed,Tong et al. (2024): undisturbed cores for Ks and bulk density; retention taken to be on the same cores
TG_221_0,TG_221,silty clay loam,0.917662963511121,1.3137478170996733,0.09990705855545091,0.6840779784511569,5.084,65.173,29.743,,5.0,36.84506,110.78869,Tong_YellowRiver,,,,1.046,0.010076022337317673,11,0.13685013113269376,0.6844295888972819,0.4996694158241605,1.0100000000000002,0.42812786074909986,0.007215072244081455,undisturbed,Tong et al. (2024): undisturbed cores for Ks and bulk density; retention taken to be on the same cores
TG_222_0,TG_222,silt loam,0.343195499478029,1.4364576819152144,0.106803716781578,0.5209861297759527,5.080423301672724,78.88411413883811,16.035462559489147,0.6599999999999999,5.0,36.81986,110.99989,Tong_YellowRiver,,,,1.337,0.002077290737043128,11,0.11808852106138044,0.5237532051097133,0.25707332138793026,1.2135361527573636,0.42553818055194165,0.0009866042509825714,undisturbed,Tong et al. (2024): undisturbed cores for Ks and bulk density; retention taken to be on the same cores
TG_223_0,TG_223,silt loam,0.5074500376831373,1.513463294755916,0.1044146468485223,0.5773945801659284,5.631899752784922,82.25456146847759,12.113538778737501,3.96,5.0,36.81969,111.0005,Tong_YellowRiver,,,,1.134,0.001231148439586059,11,0.10874653843783155,0.5787489405495277,0.44500735397895425,1.3828170581774435,0.39955850712494284,0.0004683770534256612,undisturbed,Tong et al. (2024): undisturbed cores for Ks and bulk density; retention taken to be on the same cores
TG_224_0,TG_224,silt loam,0.3087938963694173,1.45139168268719,0.13620032909595803,0.5500538460116949,3.6146506371146803,79.84337180692525,16.541977555960074,1.38,5.0,36.12347,111.18428,Tong_YellowRiver,,,,1.246,0.0010790744740698278,11,0.14199073742815582,0.5515119942584287,0.26925276234478374,1.3286485804606594,0.36910073996812043,0.0005427170396082237,undisturbed,Tong et al. (2024): undisturbed cores for Ks and bulk density; retention taken to be on the same cores
TG_225_0,TG_225,silt loam,0.32890564175663495,1.530294878443053,0.1316849101239147,0.580995536712501,4.997296593708072,80.39629933716483,14.6064040691271,2.5799999999999996,5.0,37.39947,111.17361,Tong_YellowRiver,,,,1.243,0.00046263161643213165,11,0.12993484784989173,0.5803964881114724,0.34368654886692085,1.5834582441833183,0.3259482004820174,0.00023188907193903027,undisturbed,Tong et al. (2024): undisturbed cores for Ks and bulk density; retention taken to be on the same cores
TG_226_0,TG_226,silt loam,0.5306907120391038,1.3482155982463577,0.11964645415801224,0.5251143449706475,3.221704960704811,74.78400160184212,21.994293437453074,1.7999999999999998,5.0,37.40672,111.17478,Tong_YellowRiver,,,,1.318,0.0007142931661080047,11,0.1257038533554963,0.525892259991065,0.4708311453656083,1.2487018108075283,0.2987532057065936,0.00025381909933718194,undisturbed,Tong et al. (2024): undisturbed cores for Ks and bulk density; retention taken to be on the same cores
TG_227_0,TG_227,silt loam,0.4307039412912399,1.4027909087640564,0.11863201796922926,0.5389174665159571,4.671,78.738,16.591,1.6199999999999999,5.0,37.98522,111.287,Tong_YellowRiver,,,,1.297,0.0007586160227906813,11,0.11352948242423262,0.5379932744368064,0.47431813384033084,1.5115586691704297,0.25123624369231384,0.00029840024818830236,undisturbed,Tong et al. (2024): undisturbed cores for Ks and bulk density; retention taken to be on the same cores
TG_228_0,TG_228,silt loam,0.3874671134457364,1.529417686669727,0.13333216205679033,0.589425399620347,5.645064326079116,82.25722415935233,12.097711514568555,2.1599999999999997,5.0,37.98547,111.28711,Tong_YellowRiver,,,,1.218,0.0018550152679695936,11,0.1263645388473972,0.5871268818893312,0.4577139403414424,1.7722612724331102,0.2695159940013902,0.000821829678016731,undisturbed,Tong et al. (2024): undisturbed cores for Ks and bulk density; retention taken to be on the same cores
TG_229_0,TG_229,silt loam,0.33876069407106324,1.7159769653452956,0.12113672134989993,0.5400451753594794,10.961000000000002,79.699,9.34,2.6399999999999997,5.0,38.14575,111.08058,Tong_YellowRiver,,,,1.313,0.0013289719980967955,11,0.1185454673974928,0.5384194701241969,0.37658375041708336,1.8859136508170284,0.3547148125487072,0.0007104760547450646,undisturbed,Tong et al. (2024): undisturbed cores for Ks and bulk density; retention taken to be on the same cores
TG_230_0,TG_230,silt,0.20294038062392594,1.8071805373473828,0.11739498928014035,0.5349389780121082,6.588,83.52000000000001,9.892000000000001,2.04,5.0,38.49436,110.94167,Tong_YellowRiver,,,,1.284,0.003942204083249725,11,0.12322141584926019,0.5399475709548586,0.1444400373510609,1.4540942576615736,0.6909509267548903,0.0027337678901921637,undisturbed,Tong et al. (2024): undisturbed cores for Ks and bulk density; retention taken to be on the same cores
TG_231_0,TG_231,silt,0.3548477554902327,1.7455575740554696,0.10543574978653714,0.5705477148827047,11.65,80.758,7.592,6.9,5.0,38.50414,110.92061,Tong_YellowRiver,,,,1.214,0.0020650853338684445,11,0.10886664799197042,0.5731905460594571,0.29966635212468823,1.547120881970466,0.5349527754225677,0.0010734204128797773,undisturbed,Tong et al. (2024): undisturbed cores for Ks and bulk density; retention taken to be on the same cores
TG_232_0,TG_232,silt,0.3767342233411298,1.612134196171741,0.10922566348151709,0.5241689297730971,5.935523955546202,82.41088697150987,11.65358907294391,1.98,5.0,38.50133,110.91836,Tong_YellowRiver,,,,1.305,0.002771589853221748,11,0.1014969028785345,0.5208091371344501,0.47678160149696674,2.036766825219252,0.2588016787707033,0.001296727852757252,undisturbed,Tong et al. (2024): undisturbed cores for Ks and bulk density; retention taken to be on the same cores
TG_233_0,TG_233,silt,0.3427694879826599,1.7804461750643756,0.11988648936275866,0.5866480481507127,10.193,80.414,9.393,4.92,5.0,39.07569,110.84169,Tong_YellowRiver,,,,1.221,0.0046665908715820496,11,0.11194158908295361,0.5815089326526368,0.45396683708671065,2.4312354413538646,0.2652582257747341,0.00259291650264858,undisturbed,Tong et al. (2024): undisturbed cores for Ks and bulk density; retention taken to be on the same cores
TG_234_0,TG_234,silt,0.15039149954351536,1.877329285391097,0.128226019861366,0.5356030160510182,5.965,82.208,11.827,1.68,5.0,38.98628,111.96589,Tong_YellowRiver,,,,1.323,0.001499207014338869,11,0.13017209988596687,0.5369658546769099,0.13632790625972202,1.74503407799472,0.5384193215925238,0.00120186964218723,undisturbed,Tong et al. (2024): undisturbed cores for Ks and bulk density; retention taken to be on the same cores
TG_235_0,TG_235,silt loam,0.5708321917380018,1.7834382210271036,0.12532590455007764,0.5779993813523654,15.421,79.34,5.239,6.6,5.0,39.15325,111.64544,Tong_YellowRiver,,,,1.234,0.01469525358190261,11,0.1165060094451198,0.5625995083336026,0.9413977760076812,10.999999999999003,0.051637783768121455,0.001532847286946855,undisturbed,Tong et al. (2024): undisturbed cores for Ks and bulk density; retention taken to be on the same cores
TG_236_0,TG_236,silt loam,0.467884769892351,1.6796246913135364,0.12552139501026227,0.5614873765710212,11.077889221107787,75.02524974750251,13.896861031389687,4.8,5.0,38.96764,111.30683,Tong_YellowRiver,,,,1.263,0.003579170230900301,11,0.11774041773803637,0.557323108609508,0.6179069687035139,2.289381076845854,0.24912109683687284,0.0013137078596204101,undisturbed,Tong et al. (2024): undisturbed cores for Ks and bulk density; retention taken to be on the same cores
TG_237_0,TG_237,silt loam,0.2960491390384836,1.7089768815955237,0.1054208522938722,0.5137621115031842,15.915159151591517,75.84575845758458,8.23908239082391,3.5999999999999996,5.0,39.20308,111.64108,Tong_YellowRiver,,,,1.16,0.008495093037510476,11,0.11624380517166912,0.5242067674520213,0.13363818664138907,1.1418314069714994,0.9799999999999999,0.004930536012909532,undisturbed,Tong et al. (2024): undisturbed cores for Ks and bulk density; retention taken to be on the same cores
TG_238_0,TG_238,silt loam,0.2646455997418357,1.8813438966010891,0.10967305259758234,0.4981380610447081,23.568235682356825,70.85670856708568,5.575055750557506,4.140000000000001,5.0,39.24192,111.62072,Tong_YellowRiver,,,,1.352,0.0045228638715479165,11,0.11442216179223492,0.5041843252135457,0.17358474708005867,1.441638808006304,0.8008136882518709,0.0028378800449935467,undisturbed,Tong et al. (2024): undisturbed cores for Ks and bulk density; retention taken to be on the same cores
TG_239_0,TG_239,silt loam,0.37788694396321765,1.6867197482855014,0.12845010427677725,0.5123503673672789,17.293511431287207,74.75611586372506,7.950372704987744,3.48,5.0,39.50461,111.75578,Tong_YellowRiver,,,,1.386,0.003629090032818295,11,0.12036871793568213,0.5081018800593561,0.508875013414024,2.3474998596297514,0.24076129318303421,0.0017448347576774006,undisturbed,Tong et al. (2024): undisturbed cores for Ks and bulk density; retention taken to be on the same cores
TG_240_0,TG_240,silt loam,0.4991248234222328,1.778064096414807,0.13069943260470074,0.5402727186925937,23.98021377983297,68.45891135491281,7.560874865254229,4.38,5.0,39.48094,112.31236,Tong_YellowRiver,,,,1.278,0.006812238683551776,11,0.1204396027668757,0.5317432476283996,0.7744083596069998,3.897215697986182,0.1488733260538831,0.0016634356435214737,undisturbed,Tong et al. (2024): undisturbed cores for Ks and bulk density; retention taken to be on the same cores
TG_241_0,TG_241,silt loam,0.7687460830619693,1.4200747237789013,0.13353360188707494,0.559726995509288,7.914079140791408,76.66176661766619,15.424154241542414,5.82,5.0,39.43914,112.39058,Tong_YellowRiver,,,,1.243,0.0068407129693966815,11,0.10216651851401776,0.553910829173924,1.3181197883351081,6.501605164621452,0.04624330876806757,0.00011373742534678953,undisturbed,Tong et al. (2024): undisturbed cores for Ks and bulk density; retention taken to be on the same cores
TG_242_0,TG_242,silt loam,0.3987399627752651,1.6327705980245961,0.1373998278099389,0.5858735040046323,14.667,77.494,7.839000000000001,3.5999999999999996,5.0,39.43994,112.38461,Tong_YellowRiver,,,,1.187,0.0022084797929021135,11,0.13182329551145508,0.5831996902513353,0.4763297581647007,1.9304271648297553,0.2933675999046254,0.0009949215089720875,undisturbed,Tong et al. (2024): undisturbed cores for Ks and bulk density; retention taken to be on the same cores
TG_243_0,TG_243,silt loam,0.5577935820216309,1.4077860117292469,0.11326475089207182,0.5382803946387879,9.323,75.748,14.929,3.0,5.0,39.57625,112.73297,Tong_YellowRiver,,,,1.195,0.005300880145238966,11,0.1356617252035267,0.5422588298685882,0.27079743268653045,1.0100000000002836,0.5890195041451339,0.002370296015115817,undisturbed,Tong et al. (2024): undisturbed cores for Ks and bulk density; retention taken to be on the same cores
TG_244_0,TG_244,silt,0.627884357639591,1.5838429192939678,0.13898987337527044,0.5554194552725114,11.264000000000001,80.38900000000001,8.347000000000001,4.08,5.0,39.59614,112.68019,Tong_YellowRiver,,,,1.273,0.010138415269694376,11,0.11567288856737759,0.5450488841310844,1.101372532367872,10.88712770802711,0.036934825738556325,0.00014070432038716034,undisturbed,Tong et al. (2024): undisturbed cores for Ks and bulk density; retention taken to be on the same cores
TG_245_0,TG_245,silt loam,0.22814238538926399,1.853755981454729,0.12392600516522481,0.5396520306522534,14.208849344715643,79.61905334455533,6.17209731072903,4.4399999999999995,5.0,39.64069,112.63058,Tong_YellowRiver,,,,1.317,8.00757686903607e-07,11,0.12392491070208676,0.5396511411641627,0.2281550827119288,1.8538413875680777,0.46051597770502534,5.570201379638139e-07,undisturbed,Tong et al. (2024): undisturbed cores for Ks and bulk density; retention taken to be on the same cores
TG_246_0,TG_246,silt loam,0.21403514821155115,1.8713941567424754,0.13111988176014897,0.472144148875895,30.487487747794603,62.453241583485024,7.0592706687203695,4.26,5.0,39.892,112.48694,Tong_YellowRiver,,,,1.43,0.0022935527240353962,11,0.13402392377562547,0.4749044143736627,0.17216029852968248,1.6052021408739534,0.6277454595165625,0.0016078769364896719,undisturbed,Tong et al. (2024): undisturbed cores for Ks and bulk density; retention taken to be on the same cores
TG_247_0,TG_247,silt loam,0.71191528373953,1.3869545343176752,0.14826378750039215,0.45202493027119967,18.731541272463335,66.74675877258848,14.521699954948192,1.3199999999999998,5.0,40.00544,112.51756,Tong_YellowRiver,,,,1.458,0.0036655190249571834,11,0.12559323441596112,0.4486150844179706,1.1663144096753577,3.276467326108248,0.08675892474433856,0.00037751205533162924,undisturbed,Tong et al. (2024): undisturbed cores for Ks and bulk density; retention taken to be on the same cores
TG_248_0,TG_248,silt loam,0.6178200448100934,1.7346447579882982,0.12897736197854973,0.5793807443703494,19.70319703197032,71.60171601716017,8.69508695086951,6.239999999999999,5.0,40.03714,112.80553,Tong_YellowRiver,,,,1.289,0.01239544988149765,11,0.11719374096142342,0.565828320680714,1.0354099625460376,10.580113420298884,0.0498826738589454,0.0002618588610960443,undisturbed,Tong et al. (2024): undisturbed cores for Ks and bulk density; retention taken to be on the same cores
TG_249_0,TG_249,silt loam,0.3209240580451888,1.7509903204463528,0.1284667006949018,0.47414386415140947,20.086218105802217,69.7646505766211,10.14913131757669,3.36,5.0,40.03872,112.80253,Tong_YellowRiver,,,,1.508,0.0011143478770889576,11,0.12649312532700124,0.4727970504428894,0.3557264942294691,1.9206172121520804,0.36562173956021093,0.0006279413143057663,undisturbed,Tong et al. (2024): undisturbed cores for Ks and bulk density; retention taken to be on the same cores
TG_250_0,TG_250,silt loam,0.8877002083638087,1.3094105349795475,0.09447779664085082,0.5193936916765627,8.497824020809364,74.06232804762142,17.439847931569204,2.34,5.0,40.15464,113.58064,Tong_YellowRiver,,,,1.306,0.002234968570013526,11,0.11512452059929963,0.520925232998927,0.5470578634450726,1.0100000467812242,0.39033495540385105,0.0006795129933043723,undisturbed,Tong et al. (2024): undisturbed cores for Ks and bulk density; retention taken to be on the same cores
TG_251_0,TG_251,silt loam,0.3944091545475831,1.5189225671646513,0.14080449599243447,0.5347536320562075,4.4292776654724495,78.68322558693433,16.887496747593218,1.68,5.0,40.32767,113.67981,Tong_YellowRiver,,,,1.327,0.00412845123820167,11,0.12357791347114527,0.5297573443622879,0.5790742551417261,2.3817577154670246,0.16951541573236806,0.0017198896681064712,undisturbed,Tong et al. (2024): undisturbed cores for Ks and bulk density; retention taken to be on the same cores
TG_252_0,TG_252,silt loam,0.3657281024708864,1.5277634469741894,0.13005518152062545,0.4496810888265965,21.27757536933979,66.15686431516995,12.565560315490252,2.5799999999999996,5.0,40.28,113.90147,Tong_YellowRiver,,,,1.46,0.0018875016912408983,11,0.13654080022405177,0.4521337454078598,0.27188276988218696,1.275526865171382,0.49040559863242406,0.0008959801376810213,undisturbed,Tong et al. (2024): undisturbed cores for Ks and bulk density; retention taken to be on the same cores
TG_253_0,TG_253,silt loam,0.8290354021546806,1.538076773277303,0.15093851426580354,0.5721503278904532,7.167981080458157,68.79678528123777,24.035233638304053,2.82,5.0,40.24086,113.87731,Tong_YellowRiver,,,,1.177,0.006676540675734203,11,0.1329321470623524,0.5672543529539847,1.3679114619080264,6.064159858580754,0.06617278962066583,0.00010355012052368373,undisturbed,Tong et al. (2024): undisturbed cores for Ks and bulk density; retention taken to be on the same cores
TG_254_0,TG_254,silt loam,0.539976475581653,1.6382368679625614,0.11308172486997511,0.46199965157940803,27.23470303066953,61.9840957881051,10.781201181225368,4.08,5.0,40.02822,113.85614,Tong_YellowRiver,,,,1.448,0.0020910589757378085,11,0.10818147587475725,0.4597500899332928,0.6754360219336766,2.0643866273213787,0.27025464864780774,0.0006509468837653219,undisturbed,Tong et al. (2024): undisturbed cores for Ks and bulk density; retention taken to be on the same cores
TG_255_0,TG_255,silt loam,0.3242936330311398,1.1445263165013542,1.961079796240718e-20,0.4116501527630164,19.02396979149565,62.48563454276802,18.490395665736333,0.12,5.0,39.95833,113.19178,Tong_YellowRiver,,,,1.615,0.002297556396195631,11,1.9918234055336962e-08,0.4133605878918717,0.292499694074613,1.0100000000020812,0.14732611502726298,0.0015350466486555203,undisturbed,Tong et al. (2024): undisturbed cores for Ks and bulk density; retention taken to be on the same cores
TG_256_0,TG_256,silt loam,0.6284741151917642,1.4964816529120704,0.12982606512409836,0.5192371701853157,12.087,70.735,17.178,2.5799999999999996,5.0,39.88694,113.15675,Tong_YellowRiver,,,,1.306,0.009001876285998215,11,0.10151575407709736,0.509966060749995,1.1119759772578341,10.999999804302117,0.03085341374925779,0.00016027098332942118,undisturbed,Tong et al. (2024): undisturbed cores for Ks and bulk density; retention taken to be on the same cores
TG_257_0,TG_257,silt loam,0.38626192901855594,1.5953760759768953,0.11243897001951624,0.5387882914752277,31.552785071455776,59.52676835501393,8.920446573530297,4.140000000000001,5.0,39.56611,113.25933,Tong_YellowRiver,,,,1.303,0.0020825817487866195,11,0.1179145677098243,0.54142263118374,0.3097005918241064,1.379791710356691,0.4905743702498296,0.0009771143061232694,undisturbed,Tong et al. (2024): undisturbed cores for Ks and bulk density; retention taken to be on the same cores
TG_258_0,TG_258,silt loam,0.28415296095905224,1.5931385766016188,0.11853927621331983,0.4488726968478463,12.610873891261088,74.40325596744032,12.985870141298587,1.02,5.0,39.55261,113.29778,Tong_YellowRiver,,,,1.493,0.00033367548018078036,11,0.1195301426339195,0.44930972395982294,0.2728460634995492,1.5459911320074662,0.3934384223832869,0.0001869458771795887,undisturbed,Tong et al. (2024): undisturbed cores for Ks and bulk density; retention taken to be on the same cores
TG_259_0,TG_259,silt loam,0.431850859956996,1.6034304723761843,0.11286964611799462,0.5355766932692113,25.183164928948113,66.96690954470432,7.849925526347572,4.74,5.0,39.56506,113.37897,Tong_YellowRiver,,,,1.268,0.0009740056783844258,11,0.11025190061261989,0.5344131240782984,0.47317593270579167,1.7336500867609623,0.329428081281412,0.00040972540083062607,undisturbed,Tong et al. (2024): undisturbed cores for Ks and bulk density; retention taken to be on the same cores
TG_260_0,TG_260,silt loam,0.6244777514208399,1.6954909135349254,0.1333935399489874,0.5577372978923422,14.889,78.055,7.056,1.38,5.0,39.63464,113.75025,Tong_YellowRiver,,,,1.302,0.011371848086264482,11,0.11962435790403521,0.5455599658202333,1.0590759946626565,10.99993183319545,0.04499422570243135,0.00019344581974014888,undisturbed,Tong et al. (2024): undisturbed cores for Ks and bulk density; retention taken to be on the same cores
TG_261_0,TG_261,silt,0.2629739661377178,1.70443810764667,0.1272055608531617,0.5550801461461329,11.114027295485746,80.71448760397318,8.171485100541066,2.46,5.0,39.52442,113.83464,Tong_YellowRiver,,,,1.267,0.002885292172004669,11,0.13280915574085167,0.5589556124295381,0.20167126851676428,1.4318649415547724,0.5795091640143338,0.0017320523100445469,undisturbed,Tong et al. (2024): undisturbed cores for Ks and bulk density; retention taken to be on the same cores
TG_262_0,TG_262,silt loam,0.3301934024074998,1.5612557963519769,0.11440773536280198,0.542119432497372,10.14161580324123,76.99169147198252,12.866692724776252,2.52,5.0,39.40283,114.1575,Tong_YellowRiver,,,,1.215,0.007359837351028794,11,0.13361277201249072,0.5520785080124554,0.12049519805983458,1.0100000009096186,0.9611076384901148,0.0037704130514552756,undisturbed,Tong et al. (2024): undisturbed cores for Ks and bulk density; retention taken to be on the same cores
TG_263_0,TG_263,silt,0.4275243496424505,1.612530182169225,0.12873066266266253,0.5686066779909854,9.041000000000002,80.57300000000001,10.386000000000001,3.9000000000000004,5.0,39.40336,114.15631,Tong_YellowRiver,,,,1.278,0.0013292343117305664,11,0.1252411366706722,0.567015540593949,0.48054043573768856,1.78713120769562,0.3192551194282988,0.000563111773078188,undisturbed,Tong et al. (2024): undisturbed cores for Ks and bulk density; retention taken to be on the same cores
TG_264_0,TG_264,silt loam,0.5406426626089426,1.5138981260391693,0.11228131648479378,0.5557548239995989,8.044080440804409,74.87474874748747,17.081170811708116,2.5799999999999996,5.0,39.57622,113.60544,Tong_YellowRiver,,,,1.183,0.0038768849374549996,11,0.12474649333303522,0.5597798197878135,0.32418081395135057,1.1470991213258053,0.586916895449666,0.0015264253154427916,undisturbed,Tong et al. (2024): undisturbed cores for Ks and bulk density; retention taken to be on the same cores
TG_265_0,TG_265,silt loam,0.22520065433864708,1.5324755514156432,0.14198203129198161,0.5075196915715098,2.197,73.438,24.365,0.96,5.0,39.26411,113.52169,Tong_YellowRiver,,,,1.439,0.0015540734811649605,11,0.1353919227769101,0.50566475079632,0.26476193890964445,1.7522876864304848,0.272834778254236,0.0009774138556313688,undisturbed,Tong et al. (2024): undisturbed cores for Ks and bulk density; retention taken to be on the same cores
TG_266_0,TG_266,silt loam,0.4032217611530019,1.587034656517913,0.13319410919646807,0.5658234524778505,6.584106914212548,74.07170294494239,19.344190140845075,2.4,5.0,39.20228,113.25917,Tong_YellowRiver,,,,1.235,0.004101142569715217,11,0.12045011690094294,0.5609032103423018,0.5610438883631071,2.3009107341021826,0.2064034543467212,0.0017404588436723072,undisturbed,Tong et al. (2024): undisturbed cores for Ks and bulk density; retention taken to be on the same cores
TG_267_0,TG_267,silt loam,0.8875261914025429,1.3094427312131143,0.112110581235619,0.5370132853495012,28.610596887977184,60.85455546104968,10.534847650973132,6.54,5.0,39.04869,112.92169,Tong_YellowRiver,,,,1.309,0.0022372165261711086,11,0.13275986647626986,0.5385451595950342,0.5468906408955814,1.0100000470198012,0.39040073270106557,0.0006804299538649523,undisturbed,Tong et al. (2024): undisturbed cores for Ks and bulk density; retention taken to be on the same cores
TG_268_0,TG_268,silt loam,0.34677756445923125,1.451835084421897,0.13336183878593916,0.5650062714277632,9.183,74.881,15.936,2.46,5.0,38.97878,112.80336,Tong_YellowRiver,,,,1.236,0.002432893913885936,11,0.11948878338193826,0.5619281709031799,0.4439066419788072,1.8178602909869364,0.211755769090239,0.0011280897875088453,undisturbed,Tong et al. (2024): undisturbed cores for Ks and bulk density; retention taken to be on the same cores
TG_269_0,TG_269,silt loam,0.21675444085568885,1.732862038442862,0.12610279802195318,0.554875845504098,10.01663760097821,78.43225690059535,11.551105498426443,3.7199999999999998,5.0,38.99017,112.51553,Tong_YellowRiver,,,,1.235,0.004364002211642952,11,0.13393260663643664,0.5607612640444782,0.14427744089696098,1.3554187668634938,0.6959714783050234,0.002858550848688937,undisturbed,Tong et al. (2024): undisturbed cores for Ks and bulk density; retention taken to be on the same cores
TG_270_0,TG_270,silt loam,0.44273055278152934,1.514055381227012,0.10296217278328933,0.4982594566077212,12.621291239021266,78.44167016785707,8.93703859312166,5.58,5.0,38.05178,112.02317,Tong_YellowRiver,,,,1.157,0.007537041777246956,11,0.12169906496373896,0.504833893580692,0.1714354303791662,1.0100000001213316,0.845992596608826,0.003772625378203912,undisturbed,Tong et al. (2024): undisturbed cores for Ks and bulk density; retention taken to be on the same cores
TG_271_0,TG_271,silt loam,0.45503456133153725,1.4990708995533066,0.12124125042679174,0.5269910870835035,8.137,78.024,13.839,2.34,5.0,39.89356,111.77294,Tong_YellowRiver,,,,1.338,0.00027083608303572786,11,0.1201616780494652,0.52667210529569,0.469529833329389,1.5359054912159424,0.31903495644393853,0.00010697499306680453,undisturbed,Tong et al. (2024): undisturbed cores for Ks and bulk density; retention taken to be on the same cores
TG_272_0,TG_272,silt loam,0.447119556157894,1.62429710696231,0.13116778308044758,0.5111203660360822,13.312999999999997,74.64999999999999,12.036999999999999,2.04,5.0,38.83169,111.733,Tong_YellowRiver,,,,1.35,0.005928340649641854,11,0.11455113899288086,0.5037516381332893,0.7214868253268655,3.5587057770990014,0.12748726269660754,0.0018997036406897777,undisturbed,Tong et al. (2024): undisturbed cores for Ks and bulk density; retention taken to be on the same cores
TG_273_0,TG_273,silt loam,0.48787214766491077,1.7132443140121358,0.12041935764240459,0.5070945056843108,24.162,68.575,7.263,3.36,5.0,38.77122,111.6385,Tong_YellowRiver,,,,1.394,0.0054029797627179405,11,0.10952492761109174,0.500608071304642,0.7390404077184975,3.1988510491670867,0.1696325636154496,0.0015586773340138266,undisturbed,Tong et al. (2024): undisturbed cores for Ks and bulk density; retention taken to be on the same cores
TG_274_0,TG_274,silt loam,0.5368594215211225,1.598617907254316,0.12416368620762873,0.5457571276686831,8.515914840851591,79.75320246797533,11.730882691173086,2.88,5.0,38.66622,111.33306,Tong_YellowRiver,,,,1.3,0.0064032368812112885,11,0.10681606092616475,0.5383365920212778,0.8548366110641881,3.4802530435803907,0.12751541210925244,0.001299944286992339,undisturbed,Tong et al. (2024): undisturbed cores for Ks and bulk density; retention taken to be on the same cores
TG_275_0,TG_275,sand,1.3030984920550974,1.7774800895951697,0.08052257798421018,0.3583911938071381,92.99590433331647,6.344743894422813,0.6593517722607068,18.54,5.0,38.83756,110.07994,Tong_YellowRiver,,,,1.659,0.0019786715871382386,11,0.07854676845300679,0.3578315917556542,1.787792979430591,4.560049057165338,0.1453529695848056,2.386478782102371e-05,undisturbed,Tong et al. (2024): undisturbed cores for Ks and bulk density; retention taken to be on the same cores
TG_276_0,TG_276,sand,0.6690409695493221,2.248274205095182,0.041670778854334733,0.40174668353126003,88.58403184828055,10.741792866145197,0.6741752855742492,17.4,5.0,38.70697,110.07486,Tong_YellowRiver,,,,1.621,0.009877309706640434,11,0.04077414139096504,0.39266742079529826,1.0817410966318988,10.720380550997263,0.08097460204863341,8.191050191394588e-05,undisturbed,Tong et al. (2024): undisturbed cores for Ks and bulk density; retention taken to be on the same cores
TG_277_0,TG_277,sand,0.6067318986551674,1.7679927417321863,0.0511674800314527,0.34470409135245134,86.24829022313864,13.29747055100749,0.4542392258538677,11.22,5.0,38.85572,110.05075,Tong_YellowRiver,,,,1.717,0.00040090184654131237,11,0.050553151996811325,0.3443232028741797,0.6397912584091734,1.8534073981617516,0.40137743599161313,0.00012137644330135264,undisturbed,Tong et al. (2024): undisturbed cores for Ks and bulk density; retention taken to be on the same cores
TG_278_0,TG_278,silt loam,4.314811091093878,1.0994114166799287,1.0912751725806298e-18,0.462078916112392,1.6326612781462952,71.86024741562402,26.50709130622968,4.26,5.0,34.38039,107.82886,Tong_YellowRiver,,,,1.392,0.015261110943019025,11,7.757569733092298e-23,0.4612345419048212,3.8944516161019225,1.01,0.09989707691107007,0.015026389251815543,undisturbed,Tong et al. (2024): undisturbed cores for Ks and bulk density; retention taken to be on the same cores
TG_279_0,TG_279,silty clay loam,2.553876309275607,1.1352422497606258,1.3770351027085096e-13,0.49224255774894315,1.7491369390103568,68.65562615700205,29.59523690398759,3.5999999999999996,5.0,34.4115,107.73761,Tong_YellowRiver,,,,1.367,0.007188327537659687,11,2.633818801311564e-24,0.4919867396264433,2.3048359192729313,1.01,0.1363565043932776,0.006599670343470025,undisturbed,Tong et al. (2024): undisturbed cores for Ks and bulk density; retention taken to be on the same cores
TG_280_0,TG_280,silty clay loam,4.651897502546754,1.1101713889717608,4.911384887033602e-24,0.4656086039547818,1.713,70.68,27.607,6.18,5.0,34.46439,107.50972,Tong_YellowRiver,,,,1.422,0.008226972600824113,11,1.8304607345183563e-17,0.465269946837817,4.328009590788409,1.01,0.11029636776658952,0.007957463589418432,undisturbed,Tong et al. (2024): undisturbed cores for Ks and bulk density; retention taken to be on the same cores
TG_281_0,TG_281,silty clay loam,6.8196739646965305,1.1475253983100564,7.64206696987002e-14,0.5347014748423211,1.249,66.477,32.274,6.96,5.0,34.50428,107.39944,Tong_YellowRiver,,,,1.246,0.0012053233114611356,11,5.365858271968122e-20,0.5347153621741658,6.472649624090261,1.0100000000017484,0.14725177736668857,0.0008578284022064541,undisturbed,Tong et al. (2024): undisturbed cores for Ks and bulk density; retention taken to be on the same cores
TG_282_0,TG_282,silty clay loam,4.216981681611232,1.1230918948144502,9.485633178448192e-10,0.5289385782565075,1.5741885782634255,71.33314411985323,27.092667301883353,16.380000000000003,5.0,34.59236,107.23783,Tong_YellowRiver,,,,1.28,0.0038874947787988496,11,1.1096399368617406e-20,0.528862554309578,3.956960364799696,1.0100000000000082,0.12313979448215995,0.003500029411020989,undisturbed,Tong et al. (2024): undisturbed cores for Ks and bulk density; retention taken to be on the same cores
TG_283_0,TG_283,silty clay loam,1.8257969716014102,1.1359281252062825,1.2219344635898486e-10,0.5357170914145226,2.186491883865021,66.43453325823134,31.37897485790363,2.76,5.0,34.63253,107.22778,Tong_YellowRiver,,,,1.316,0.0016929220715938876,11,1.1099224562564904e-09,0.536142524746835,1.6747441956628046,1.0100000001299336,0.13685305973707315,0.000949295727255562,undisturbed,Tong et al. (2024): undisturbed cores for Ks and bulk density; retention taken to be on the same cores
TG_284_0,TG_284,silt loam,1.2540180974931132,1.1296505596714428,3.299127123932161e-24,0.5223496045088647,1.873720032196603,72.07759788888097,26.04868207892243,1.98,5.0,34.75194,107.04269,Tong_YellowRiver,,,,1.323,0.011049614690421731,11,1.7963159743486718e-34,0.5220690447034187,1.0920313935713326,1.01,0.13193183953251836,0.010226439369731753,undisturbed,Tong et al. (2024): undisturbed cores for Ks and bulk density; retention taken to be on the same cores
TG_285_0,TG_285,silt loam,2.7093720704258777,1.1240403590953518,5.945929613742047e-12,0.5462285168497322,1.9447796153027181,72.26509029333928,25.790130091357998,4.98,5.0,34.85511,106.75331,Tong_YellowRiver,,,,1.269,0.008125868099137835,11,4.751556352685476e-23,0.5459112227599554,2.4663519818889355,1.01,0.12481384947888727,0.0075772563571722155,undisturbed,Tong et al. (2024): undisturbed cores for Ks and bulk density; retention taken to be on the same cores
TG_286_0,TG_286,silty clay loam,0.08324948130793215,1.2311514671168,0.03898362543413605,0.41705654502811246,2.245846097664888,69.92148668113855,27.832667221196562,,5.0,34.84114,106.48544,Tong_YellowRiver,,,,1.569,0.002049639025484237,11,0.10066895187851865,0.41903660786997055,0.04741665373443489,1.0100007309797485,0.367276891854524,0.0015100246794951205,undisturbed,Tong et al. (2024): undisturbed cores for Ks and bulk density; retention taken to be on the same cores
TG_287_0,TG_287,silty clay loam,2.352330062445407,1.1496097062332087,9.938191489146783e-19,0.5219008643058756,1.760793275116298,66.4571941565331,31.78201256835061,4.08,5.0,34.71219,106.27667,Tong_YellowRiver,,,,1.3,0.010144563849495638,11,1.8574824488909388e-22,0.5213843076920891,2.068459292007205,1.01,0.15162884839390267,0.00937052278921237,undisturbed,Tong et al. (2024): undisturbed cores for Ks and bulk density; retention taken to be on the same cores
TG_288_0,TG_288,silt loam,4.582380349603989,1.1617906671862834,7.01317696851133e-13,0.5884334769274113,2.0255949617488547,71.92931107567469,26.04509396257645,9.0,5.0,34.73022,106.19142,Tong_YellowRiver,,,,1.116,0.00600028123154139,11,9.44554896344801e-20,0.5882465603559439,4.208656969762732,1.01,0.16249023361429055,0.005393449115110657,undisturbed,Tong et al. (2024): undisturbed cores for Ks and bulk density; retention taken to be on the same cores
TG_289_0,TG_289,silty clay loam,0.37800236025733064,1.1802756481624939,0.018083587884109135,0.4669242275778008,2.08312225171736,64.93039372631664,32.986484021966,1.5,5.0,34.72422,106.03603,Tong_YellowRiver,,,,1.403,0.0007232527860507376,11,2.2713084231232623e-08,0.4661201600048113,0.4224642179495493,1.282578303608657,0.1286758745889275,0.0003785317477714348,undisturbed,Tong et al. (2024): undisturbed cores for Ks and bulk density; retention taken to be on the same cores
TG_290_0,TG_290,silt loam,1.2136149213733922,1.2734689205160303,0.03762668720231509,0.5805977661914118,3.4621909475100128,71.6389443780805,24.898864674409495,4.62,5.0,34.58703,105.90014,Tong_YellowRiver,,,,1.139,0.004063290940608401,11,0.06396439907972089,0.5812391587204412,0.7957204164554627,1.01000000000013,0.33431305230231073,0.002288334025039587,undisturbed,Tong et al. (2024): undisturbed cores for Ks and bulk density; retention taken to be on the same cores
TG_291_0,TG_291,silty clay loam,0.5037557815896938,1.2097043980768705,0.025159678850576486,0.47953255682041307,1.2730000000000001,70.34700000000001,28.380000000000003,0.84,5.0,34.553,105.56556,Tong_YellowRiver,,,,1.398,0.001388552348211439,11,8.205341198646993e-11,0.4780850613190629,0.6103153718768508,1.4249400725272556,0.1283829132616443,0.0006072466264139934,undisturbed,Tong et al. (2024): undisturbed cores for Ks and bulk density; retention taken to be on the same cores
TG_292_0,TG_292,silty clay loam,0.6986870654029477,1.168624548835038,2.550133038105283e-18,0.5085176865722841,2.8202126914573262,70.04812069189751,27.131666616645155,2.1,5.0,34.55683,105.5645,Tong_YellowRiver,,,,1.287,0.00382722221360874,11,2.422671442139491e-10,0.5103584010016682,0.6137953705570487,1.0100000000000053,0.17236262291706983,0.0024890237312950696,undisturbed,Tong et al. (2024): undisturbed cores for Ks and bulk density; retention taken to be on the same cores
TG_293_0,TG_293,silty clay loam,2.4497235584923622,1.173532616419502,1.5629780339726106e-13,0.5487816954666124,1.4870000000000003,69.95100000000001,28.56200000000001,3.1799999999999997,5.0,34.649,105.38528,Tong_YellowRiver,,,,1.245,0.00863390402456369,11,3.81539574826787e-20,0.5484823535100343,2.143637188314367,1.0100000000000002,0.1761705168800104,0.007647176490968203,undisturbed,Tong et al. (2024): undisturbed cores for Ks and bulk density; retention taken to be on the same cores
TG_294_0,TG_294,silt loam,0.4895408432035311,1.4224638022494447,0.1251888441510241,0.5748763958192186,2.46522945058026,73.37311878560915,24.161651763810593,2.5799999999999996,5.0,34.75011,105.15503,Tong_YellowRiver,,,,1.293,0.004083038589643036,11,0.09993189235178444,0.5700779913135353,0.7263698455180041,2.2603172690177873,0.14501949531820088,0.0012376212966861506,undisturbed,Tong et al. (2024): undisturbed cores for Ks and bulk density; retention taken to be on the same cores
TG_295_0,TG_295,silt loam,0.2979514945971499,1.4172034788871295,0.1322307656891445,0.5775820522863245,3.1806475533865775,72.61977533044062,24.1995771161728,2.5799999999999996,5.0,34.74917,105.15603,Tong_YellowRiver,,,,1.285,0.0034243828637430095,11,0.1528165141264879,0.582368906250128,0.18261187922245445,1.1025368673092486,0.5023255370691857,0.0017355128242839473,undisturbed,Tong et al. (2024): undisturbed cores for Ks and bulk density; retention taken to be on the same cores
TG_296_0,TG_296,silt loam,0.8127357906494316,1.2095098145799208,0.06699226024340682,0.5563173448037945,2.616,72.887,24.497,1.92,5.0,34.75225,104.79469,Tong_YellowRiver,,,,1.268,0.003275165351653758,11,7.422912021897732e-21,0.5535066920555841,1.2549989924564973,2.2079545644352043,0.06948106216245101,0.0006556285667497074,undisturbed,Tong et al. (2024): undisturbed cores for Ks and bulk density; retention taken to be on the same cores
TG_297_0,TG_297,silt loam,0.5413593847967108,1.4021103260623422,0.12529236236154143,0.6063545724738697,3.222385625819103,71.31866702682153,25.458947347359366,3.42,5.0,34.76658,104.80111,Tong_YellowRiver,,,,1.187,0.0051085773520129765,11,0.09127054017440184,0.6005399102827946,0.8523748730826441,2.591711020378956,0.115499453335802,0.001205606930159915,undisturbed,Tong et al. (2024): undisturbed cores for Ks and bulk density; retention taken to be on the same cores
TG_298_0,TG_298,silty clay loam,0.8733097409804179,1.1975360248720837,0.014698719327920353,0.49199556839157477,1.9689803101968983,69.95130048699514,28.079719202807976,1.68,5.0,35.09136,104.33086,Tong_YellowRiver,,,,1.292,0.0007457556185519718,11,1.7859687957081844e-15,0.4914395591790643,0.9888430739721993,1.3298704044748397,0.13725398900843472,0.00025065409440618713,undisturbed,Tong et al. (2024): undisturbed cores for Ks and bulk density; retention taken to be on the same cores
TG_299_0,TG_299,silt loam,0.6071450815167259,1.453685465107389,0.12586127271284198,0.6080756937836375,4.683636800432429,75.17141970550846,20.14494349405912,4.2,5.0,35.09633,104.33053,Tong_YellowRiver,,,,1.066,0.010622629918502892,11,0.08366871782735577,0.5965897752014616,1.0847837156886564,10.234425196030843,0.029818732662194786,0.0002141297382954311,undisturbed,Tong et al. (2024): undisturbed cores for Ks and bulk density; retention taken to be on the same cores
TG_300_0,TG_300,silt loam,3.842887013095049,1.1518434101765054,7.498185397255873e-15,0.550081202305937,3.3660294264838355,71.81963767390651,24.814332899609653,4.4399999999999995,5.0,35.09839,104.02342,Tong_YellowRiver,,,,1.265,0.012820642788433805,11,2.9309967958213883e-19,0.5493453023066155,3.4279407780546554,1.01,0.15326171367578184,0.01221921935043979,undisturbed,Tong et al. (2024): undisturbed cores for Ks and bulk density; retention taken to be on the same cores
TG_301_0,TG_301,silt loam,0.5588875294955321,1.2567860689978265,0.049180520003234654,0.509300773950634,3.487732423809,72.38019984196681,24.13206773422419,2.28,5.0,35.22269,103.88486,Tong_YellowRiver,,,,1.305,0.0017794478281249989,11,0.01588031388726027,0.5073447554015583,0.7422298729694716,1.611625351485968,0.13064379436946752,0.0005078610436629114,undisturbed,Tong et al. (2024): undisturbed cores for Ks and bulk density; retention taken to be on the same cores
TG_302_0,TG_302,silt loam,0.11549075310436753,1.2967031787722276,0.05850277048184399,0.41463955299799427,4.335294944666492,72.07314868746109,23.59155636787242,,5.0,35.54939,103.91506,Tong_YellowRiver,,,,1.584,0.00024592697897217073,11,0.05298572710665219,0.41435351886586796,0.121628145291469,1.3344630704659641,0.21296048982003785,0.00017429115559815058,undisturbed,Tong et al. (2024): undisturbed cores for Ks and bulk density; retention taken to be on the same cores
TG_303_0,TG_303,silt loam,0.3093963009324911,1.5077869300641558,0.06286054349388069,0.5320378858156207,3.7747815946150545,78.4816989586104,17.74351944677456,2.4,5.0,35.67858,103.73411,Tong_YellowRiver,,,,1.296,0.007266932943099926,11,0.08684205536257371,0.5416971579652589,0.12454527702341217,1.0100000000191538,0.827238081187622,0.003770975326714379,undisturbed,Tong et al. (2024): undisturbed cores for Ks and bulk density; retention taken to be on the same cores
TG_304_0,TG_304,silt loam,0.17244382604042202,1.6188453118569581,0.08468203192502104,0.49717367329390805,3.4251921229586935,73.41098302913865,23.163824847902657,1.6199999999999999,5.0,36.15525,103.37769,Tong_YellowRiver,,,,1.341,0.0012522379736499463,11,0.08839787061488683,0.498653697673593,0.15368560790850608,1.4972356323816904,0.44531209467682625,0.000884734681323499,undisturbed,Tong et al. (2024): undisturbed cores for Ks and bulk density; retention taken to be on the same cores
TG_305_0,TG_305,silt loam,0.43731600897360656,1.354883827735838,0.05940891468557701,0.463153149480693,2.0003431466548247,72.26870401582511,25.73095283752006,2.6399999999999997,5.0,36.15019,103.37853,Tong_YellowRiver,,,,1.348,0.0003559409896490609,11,0.06249822432750895,0.46358527368044666,0.4133873481731468,1.3054123517257985,0.2812426153724305,0.00014037370509465322,undisturbed,Tong et al. (2024): undisturbed cores for Ks and bulk density; retention taken to be on the same cores
TG_306_0,TG_306,silt loam,0.5166469618425656,1.3183084884882907,0.14535021009307422,0.567121984075046,6.139152790889189,79.48962580593327,14.371221403177536,1.2,5.0,36.50375,101.98369,Tong_YellowRiver,,,,1.141,0.0051185806892779856,11,0.0845401154100649,0.5609064001189928,0.9016065222594835,3.3234343138946127,0.06325676278066768,0.0010240441285058724,undisturbed,Tong et al. (2024): undisturbed cores for Ks and bulk density; retention taken to be on the same cores
TG_307_0,TG_307,silt loam,0.31498710017350495,1.4248305203719918,0.1312942676665099,0.5426075082119761,5.571493280990488,70.4293119935578,23.99919472545171,1.68,5.0,36.75789,101.72625,Tong_YellowRiver,,,,1.355,0.0002338973272487991,11,0.12979321392777673,0.5422968471023372,0.32434780477879505,1.4551471304962698,0.28661967321368204,0.00011479175485073276,undisturbed,Tong et al. (2024): undisturbed cores for Ks and bulk density; retention taken to be on the same cores
TG_308_0,TG_308,silt loam,0.23999120686820374,1.507875670124446,0.12746672020961863,0.5298651631709004,8.171729740119165,72.83542229370883,18.99284796617199,1.5599999999999998,5.0,36.75786,101.72536,Tong_YellowRiver,,,,1.382,5.395008113119577e-05,11,0.12770985575508614,0.529935811443572,0.23857686515683457,1.5014998884042103,0.33952127194624243,3.190471036771356e-05,undisturbed,Tong et al. (2024): undisturbed cores for Ks and bulk density; retention taken to be on the same cores
TG_309_0,TG_309,silt loam,0.20485511790436672,1.126740369554106,1.3239703906613392e-21,0.47842275732705053,10.48414524357307,67.08112433730119,22.43473041912574,0.3,5.0,37.40583,101.55014,Tong_YellowRiver,,,,1.417,0.003410733805990056,11,9.362504764482602e-11,0.4800691389145241,0.1867831295480371,1.01,0.1289820995341128,0.002765572254225759,undisturbed,Tong et al. (2024): undisturbed cores for Ks and bulk density; retention taken to be on the same cores
TG_310_0,TG_310,silt loam,0.36427074524187897,1.21313135733657,0.044492483785065186,0.47208393089448303,3.0279999999999996,70.90899999999999,26.062999999999995,1.26,5.0,37.35061,101.788,Tong_YellowRiver,,,,1.399,0.001520501792260334,11,1.7593521482820799e-09,0.47017973862588314,0.4793513837864745,1.5095226804939124,0.11236592515040623,0.000619771670942654,undisturbed,Tong et al. (2024): undisturbed cores for Ks and bulk density; retention taken to be on the same cores
TG_311_0,TG_311,silt loam,0.32942515184811416,1.3383819844168592,0.11258564275128381,0.5446408301385083,6.072457389773546,80.6643594462671,13.26318316395935,1.14,5.0,37.02917,101.79011,Tong_YellowRiver,,,,1.082,0.0012010958132294518,11,0.09900791480495544,0.5430552849144379,0.3885681912186883,1.5177443965247779,0.1992122674644461,0.0005470693092513095,undisturbed,Tong et al. (2024): undisturbed cores for Ks and bulk density; retention taken to be on the same cores
TG_312_0,TG_312,silt loam,0.574772985302084,1.429376341675743,0.06674547919753347,0.526859407677652,8.671381838917178,74.66211822610819,16.66649993497464,2.94,5.0,36.6675,101.25447,Tong_YellowRiver,,,,1.225,0.004756305895927123,11,0.08848212391002,0.5315671926781144,0.2759169269753126,1.0100005786261237,0.6180050075725869,0.0018503217637881788,undisturbed,Tong et al. (2024): undisturbed cores for Ks and bulk density; retention taken to be on the same cores
TG_313_0,TG_313,silt loam,0.3229859412491898,1.4929181422730493,0.08324808065514816,0.5007782592775182,8.125326580650349,74.37798946903011,17.496683950319547,1.44,5.0,36.52839,101.66533,Tong_YellowRiver,,,,1.349,0.001434026814721836,11,0.08938027818326874,0.502697590673695,0.27224855794542413,1.336803681237806,0.408124011124787,0.0007161954490763442,undisturbed,Tong et al. (2024): undisturbed cores for Ks and bulk density; retention taken to be on the same cores
TG_314_0,TG_314,silt loam,0.4343599512457134,1.2859954042458837,0.061107604332118044,0.48584242606865696,8.402265143088279,72.67064415006574,18.927090706845988,1.02,5.0,36.5225,101.66408,Tong_YellowRiver,,,,1.336,0.0025347829253014064,11,0.019695468516728074,0.4827032410641109,0.629297256975108,1.8372508939177576,0.11855195484235133,0.000871175861658778,undisturbed,Tong et al. (2024): undisturbed cores for Ks and bulk density; retention taken to be on the same cores
TG_315_0,TG_315,silt loam,0.5337138018776935,1.3150155706865996,0.08401945088438709,0.5236121000609121,8.682,77.843,13.475,1.3199999999999998,5.0,36.1885,102.11978,Tong_YellowRiver,,,,1.338,0.0037468198750926825,11,0.03896369379577733,0.5193044911650668,0.8392568996537098,2.2838587256433387,0.10056759866013887,0.0009378093192119895,undisturbed,Tong et al. (2024): undisturbed cores for Ks and bulk density; retention taken to be on the same cores
TG_316_0,TG_316,silt loam,0.3286192632291691,1.5700179522989446,0.10182488723563447,0.5490340211349689,2.032,72.266,25.702,3.84,5.0,36.07414,102.29494,Tong_YellowRiver,,,,1.264,0.002975337606392011,11,0.09182316442292113,0.5453955213191549,0.4176483954938257,1.9774322158585425,0.24695608926808812,0.0015286904571896974,undisturbed,Tong et al. (2024): undisturbed cores for Ks and bulk density; retention taken to be on the same cores
TG_317_0,TG_317,silt loam,0.4558503821735553,1.2944553045144664,0.07208014986618394,0.5310112538321723,4.501649766618381,77.30564944471271,18.192700788668922,1.0799999999999998,5.0,35.74642,102.29778,Tong_YellowRiver,,,,1.299,0.003455890594901871,11,0.01951901734125985,0.5267789666748506,0.7038330806154857,2.0787345668198323,0.1028091457130475,0.0010884844549065812,undisturbed,Tong et al. (2024): undisturbed cores for Ks and bulk density; retention taken to be on the same cores
TG_318_0,TG_318,silt loam,0.5995066483607894,1.340788748184498,0.0877409650546023,0.5958008538484986,4.147958520414795,73.02626973730263,22.825771742282576,2.1599999999999997,5.0,35.74806,102.32086,Tong_YellowRiver,,,,1.17,0.0008405628343963646,11,0.08015151547311614,0.5949457161136418,0.6661085664487149,1.4560900449309806,0.2199169043323483,0.00025340561215405694,undisturbed,Tong et al. (2024): undisturbed cores for Ks and bulk density; retention taken to be on the same cores
TG_319_0,TG_319,silt loam,0.2671187349826283,1.1397555859626123,3.4567176256882644e-10,0.46939612088643573,4.629,68.731,26.64,0.24,5.0,35.69622,102.59333,Tong_YellowRiver,,,,1.453,0.0006967254753067937,11,0.02790080663498385,0.4706959580401935,0.22599400441313736,1.0203527740576037,0.15588406466706317,0.00026196065678486173,undisturbed,Tong et al. (2024): undisturbed cores for Ks and bulk density; retention taken to be on the same cores
TG_320_0,TG_320,silt loam,0.54719672817036,1.148402509412251,5.03952414438006e-24,0.510921383339043,2.2301543411593183,71.52682117540596,26.243024483434716,2.2199999999999998,5.0,35.51531,102.91689,Tong_YellowRiver,,,,1.332,0.011029744242649794,11,3.6403136274992727e-31,0.5124346197888313,0.47879537691126184,1.01,0.1520718287622497,0.009874941950203914,undisturbed,Tong et al. (2024): undisturbed cores for Ks and bulk density; retention taken to be on the same cores
TG_321_0,TG_321,silt loam,0.48976255042836014,1.4451120508005493,0.12011687996704677,0.5659940544118695,3.463,78.492,18.045,2.04,5.0,35.65444,103.27644,Tong_YellowRiver,,,,1.281,0.0073334789988917,11,0.08028172800253061,0.5567131432052452,0.8532426883462801,4.413014426050019,0.06863008691331866,0.001466546072452522,undisturbed,Tong et al. (2024): undisturbed cores for Ks and bulk density; retention taken to be on the same cores
TG_322_0,TG_322,silt loam,0.7163877947113023,1.3219378117016873,0.039430245942368644,0.5519794187320786,3.674616831405819,77.64916563287846,18.67621753571572,3.2399999999999998,5.0,35.66986,103.40178,Tong_YellowRiver,,,,1.17,0.006307445607908767,11,0.07108265680707468,0.5539846811697878,0.39823528885387777,1.010000000113952,0.4365566998094894,0.0036491838139022063,undisturbed,Tong et al. (2024): undisturbed cores for Ks and bulk density; retention taken to be on the same cores
TG_323_0,TG_323,silt loam,0.290400770612966,1.471865212230977,0.07571568562916485,0.4799279341202879,3.577586641525415,77.51807447591582,18.90433888255876,0.7799999999999999,5.0,35.87597,103.3885,Tong_YellowRiver,,,,1.397,9.280564119469416e-05,11,0.07524198836378793,0.4798045021026479,0.29356608001553725,1.4834679200355692,0.31593038485859265,4.8792980237773414e-05,undisturbed,Tong et al. (2024): undisturbed cores for Ks and bulk density; retention taken to be on the same cores
TG_324_0,TG_324,silt loam,0.6349548777742118,1.2544064505494519,0.0627931023862887,0.5244403676985823,1.5750248926347974,73.01034930149758,25.41462580586762,1.74,5.0,35.89125,104.15447,Tong_YellowRiver,,,,1.289,0.004661136877592385,11,7.175596505048251e-19,0.5196107380995528,1.0391152520149096,2.763537414252866,0.06482814842737449,0.0010065801123274975,undisturbed,Tong et al. (2024): undisturbed cores for Ks and bulk density; retention taken to be on the same cores
TG_325_0,TG_325,silt loam,0.3054868318386572,1.5016909700632615,0.08435860854495782,0.5320622931554789,2.3137584564268843,75.98174612705657,21.704495416516547,2.52,5.0,35.77589,104.31008,Tong_YellowRiver,,,,1.308,0.0016094824336505944,11,0.09105780041334743,0.5342376769884682,0.2561687977641624,1.3404834947040345,0.4157850961585852,0.0008311874791718545,undisturbed,Tong et al. (2024): undisturbed cores for Ks and bulk density; retention taken to be on the same cores
TG_326_0,TG_326,silt loam,0.22815278126539665,1.477431964707016,0.08991510472306088,0.4993636615835572,1.201,73.473,25.326,1.2,5.0,35.54128,104.63589,Tong_YellowRiver,,,,1.343,0.0002739282028875937,11,0.08844908493994637,0.49900792458529375,0.2352131498165535,1.5101813940345834,0.30994208441461507,0.0001642137529409735,undisturbed,Tong et al. (2024): undisturbed cores for Ks and bulk density; retention taken to be on the same cores
TG_327_0,TG_327,silt loam,0.2732872090069477,1.4695319741502673,0.08619504844598327,0.5271463056120131,2.1655896116524516,76.73459878856633,21.09981159978121,2.1,5.0,35.45183,104.81114,Tong_YellowRiver,,,,1.347,0.0009554539782258524,11,0.09107338169732515,0.5284463375407212,0.24527381692515293,1.368466549579169,0.36676759757722005,0.0005166914853934695,undisturbed,Tong et al. (2024): undisturbed cores for Ks and bulk density; retention taken to be on the same cores
TG_328_0,TG_328,silt loam,0.7527613667395315,1.21606414692344,0.03448859567337312,0.46648849055822833,1.8728734763106538,72.54651531097056,25.58061121271879,1.02,5.0,35.35333,104.91347,Tong_YellowRiver,,,,1.376,0.0013621462248760456,11,8.276231639270943e-07,0.4652569406532906,0.9941069628796698,1.5631611184877636,0.11372884205741518,0.0003018532780427728,undisturbed,Tong et al. (2024): undisturbed cores for Ks and bulk density; retention taken to be on the same cores
TG_329_0,TG_329,silt,0.3181330117157431,1.559721841923512,0.030010406204784883,0.427230885971253,6.796067960679606,81.64381643816438,11.56011560115601,0.6599999999999999,5.0,37.12383,108.07133,Tong_YellowRiver,,,,1.286,0.0010114837944168397,11,0.03329240799935331,0.4285701958737082,0.2844296688533161,1.4429372247525143,0.414939815297261,0.0005231006645845536,undisturbed,Tong et al. (2024): undisturbed cores for Ks and bulk density; retention taken to be on the same cores
TG_331_0,TG_331,silt loam,0.48319940998422345,1.5718533103153756,0.046750902052076576,0.4519696899223363,9.117,78.719,12.163999999999998,2.1,5.0,37.36519,107.824,Tong_YellowRiver,,,,1.327,0.0048318465233314935,11,0.03137834916472247,0.4462408804946558,0.7278014014348589,2.729393844311418,0.16138089054267987,0.0014684659955243678,undisturbed,Tong et al. (2024): undisturbed cores for Ks and bulk density; retention taken to be on the same cores
TG_332_0,TG_332,silt loam,0.20414703257648753,1.6961066504333357,0.03930890703988527,0.3956705465268755,11.431,78.294,10.275,0.7799999999999999,5.0,37.49781,107.93539,Tong_YellowRiver,,,,1.498,0.004020928077375407,11,0.04742550441816232,0.4011792780182552,0.12645996763892778,1.2898430764559825,0.7232592279906779,0.002650413572434697,undisturbed,Tong et al. (2024): undisturbed cores for Ks and bulk density; retention taken to be on the same cores
TG_333_0,TG_333,silt loam,0.4000425253094469,1.6470896808358293,0.020068458003286126,0.4363850026751843,10.895,77.427,11.678000000000003,1.44,5.0,37.52125,108.30506,Tong_YellowRiver,,,,1.238,0.0020803223895716105,11,0.02459679629492543,0.4389720920725986,0.32255965814291504,1.4253435714004912,0.5151022446368032,0.0009718442594176591,undisturbed,Tong et al. (2024): undisturbed cores for Ks and bulk density; retention taken to be on the same cores
TG_334_0,TG_334,sandy loam,0.12367617587545887,2.3732957501582264,0.010239991010915033,0.3359613019403862,70.904,26.686,2.41,4.74,5.0,37.6935,108.83569,Tong_YellowRiver,,,,1.548,0.003817491129012951,11,0.011445681460483824,0.33822623403642177,0.10057942774899964,2.0181427752000687,0.8064754001621732,0.003410299258367252,undisturbed,Tong et al. (2024): undisturbed cores for Ks and bulk density; retention taken to be on the same cores
TG_335_0,TG_335,sandy loam,0.3231129345298004,2.0011445635855947,0.0003440071245565673,0.3051018400218872,61.53799999999999,34.921,3.5409999999999995,4.38,5.0,37.87769,108.73533,Tong_YellowRiver,,,,1.61,0.0022663416858845035,11,0.002219423635835149,0.30795998255941204,0.25370881572357046,1.6792504909802362,0.7034292165752976,0.0013559637916265076,undisturbed,Tong et al. (2024): undisturbed cores for Ks and bulk density; retention taken to be on the same cores
TG_336_0,TG_336,loamy sand,0.12417592027643128,2.2524881951893168,0.013410422577916562,0.34598052614771685,76.478,20.956,2.566,7.26,5.0,38.09536,108.62281,Tong_YellowRiver,,,,1.525,0.009225998522158423,11,0.01605103477536368,0.3511181991017728,0.08449252688807304,1.7058824214953878,0.9799999999999999,0.008118155261605465,undisturbed,Tong et al. (2024): undisturbed cores for Ks and bulk density; retention taken to be on the same cores
TG_337_0,TG_337,loam,0.7321586166493688,1.6100655844354865,0.0690869616605158,0.4175002604222883,51.15951159511595,38.21438214382144,10.62610626106261,4.74,5.0,38.47867,108.76433,Tong_YellowRiver,,,,1.482,0.007109381837652011,11,0.054164121240565445,0.4115113784910609,1.2469815284956847,9.227789831510275,0.04744813930069814,5.187758761025971e-05,undisturbed,Tong et al. (2024): undisturbed cores for Ks and bulk density; retention taken to be on the same cores
TG_338_0,TG_338,sand,0.37659492198303973,1.458720810716175,1.0791009588456136e-19,0.36132416990030636,89.78855958092531,8.33942647662737,1.8720139424473403,15.18,5.0,38.641,108.68064,Tong_YellowRiver,,,,1.498,0.005074105326069383,11,0.006968135430692811,0.3685247375581623,0.20882678960413745,1.0100000017613735,0.5838972601537399,0.0020193741064087715,undisturbed,Tong et al. (2024): undisturbed cores for Ks and bulk density; retention taken to be on the same cores
TG_339_0,TG_339,silt loam,0.5092336567511624,1.5510773654278651,0.018665519389850983,0.3298743364132928,23.426234262342625,58.30058300583006,18.27318273182732,2.34,5.0,38.74594,108.54519,Tong_YellowRiver,,,,1.666,0.001002503730796219,11,0.015471279137038966,0.32876297102296526,0.5839214542293792,1.7517354256111672,0.29033206801229533,0.0003513564927917785,undisturbed,Tong et al. (2024): undisturbed cores for Ks and bulk density; retention taken to be on the same cores
TG_340_0,TG_340,sand,0.7519231386256429,1.6573662995614677,2.4209908803610218e-22,0.32063922230984665,88.47455590491258,9.380569963751428,2.1448741313359903,5.1000000000000005,5.0,38.95722,108.2235,Tong_YellowRiver,,,,1.594,0.005627948249313187,11,0.004991618004540787,0.3246973272206207,0.2950002431029502,1.039549190551831,0.9799999999999999,0.002153696214242676,undisturbed,Tong et al. (2024): undisturbed cores for Ks and bulk density; retention taken to be on the same cores
TG_341_0,TG_341,silt loam,0.6158373065437232,1.5100897807100213,0.06211231905390943,0.4431013820605882,20.889343317394918,65.65222185466975,13.458434827935323,3.0,5.0,39.18508,107.92983,Tong_YellowRiver,,,,1.383,0.004048321112183578,11,0.0473400250397787,0.43897743563151387,0.919446498580339,2.60451423798448,0.1537738782600263,0.0007968594628367199,undisturbed,Tong et al. (2024): undisturbed cores for Ks and bulk density; retention taken to be on the same cores
TG_342_0,TG_342,silt loam,0.11790548347198593,2.110632758878824,0.013856707760336987,0.32195649002192445,4.756795780649949,73.42651733162207,21.816686887727986,5.58,5.0,39.31844,108.17158,Tong_YellowRiver,,,,1.596,0.00784820320891644,11,0.017339767481673887,0.3271505644833349,0.0749136783090531,1.5654006096368849,0.9799999999999999,0.006753451756695473,undisturbed,Tong et al. (2024): undisturbed cores for Ks and bulk density; retention taken to be on the same cores
TG_343_0,TG_343,silt loam,0.9443047640520699,1.6805157548400487,4.26159474253457e-12,0.2952370654335104,10.305,74.748,14.946999999999997,3.9000000000000004,5.0,39.502,108.47497,Tong_YellowRiver,,,,1.668,0.0008825787849583812,11,0.0006719663523422527,0.2957751421185673,0.8179133761766424,1.4832689071705207,0.4898641023846963,0.00018730153722195143,undisturbed,Tong et al. (2024): undisturbed cores for Ks and bulk density; retention taken to be on the same cores
TG_344_0,TG_344,silt loam,0.2748727557685492,1.8486805682745708,0.020503239351940556,0.37046366641787537,11.44617477320691,74.57116852201918,13.982656704773905,66.48,5.0,39.82833,108.69464,Tong_YellowRiver,,,,1.492,0.0046961094661246375,11,0.025551455093184655,0.3768668675775413,0.1646664631501761,1.3616418864821966,0.8574562901609477,0.002855367731571948,undisturbed,Tong et al. (2024): undisturbed cores for Ks and bulk density; retention taken to be on the same cores
TG_346_0,TG_346,sandy loam,0.5584043946107702,1.7449879388132057,0.013556417612416213,0.3221897605009091,57.901267484310274,35.11628860904877,6.982443906640962,4.0200000000000005,5.0,40.05469,107.82758,Tong_YellowRiver,,,,1.691,0.00406121022631852,11,0.006555961205378269,0.3177130625125214,0.8232458753644223,3.097079432930575,0.18713271362749062,0.0008719448972161563,undisturbed,Tong et al. (2024): undisturbed cores for Ks and bulk density; retention taken to be on the same cores
TG_347_0,TG_347,sandy loam,0.4198809274490517,1.7849012462665095,0.019423579108124596,0.3760194210490258,52.418,39.766,7.816,3.66,5.0,40.18031,107.46542,Tong_YellowRiver,,,,1.504,0.0015765168770939184,11,0.016908470289828042,0.3741608014748249,0.4854807394784734,2.0523815802179075,0.34819260343123337,0.000718654180393974,undisturbed,Tong et al. (2024): undisturbed cores for Ks and bulk density; retention taken to be on the same cores
TG_348_0,TG_348,silt loam,0.23217738761297535,1.213129835893549,1.868386455973636e-11,0.3842568210064669,14.921004658699614,62.45088110188374,22.62811423941665,0.18,5.0,40.36458,107.03153,Tong_YellowRiver,,,,1.507,0.0007600395335850088,11,0.013164330857274968,0.3856455491714446,0.19876256855280192,1.0904625585731673,0.21603600276269372,0.00032968163008147226,undisturbed,Tong et al. (2024): undisturbed cores for Ks and bulk density; retention taken to be on the same cores
TG_349_0,TG_349,silt loam,0.14243950105553715,1.2252071790820593,6.434755480894408e-13,0.40147166683974694,4.846718589750099,69.46455589516547,25.688725515084432,0.06,5.0,40.57683,107.09986,Tong_YellowRiver,,,,1.479,0.0017582594334791684,11,0.02866643117428942,0.4042764777185418,0.10139775465674254,1.0100000036296415,0.2781544433335813,0.000959053479685734,undisturbed,Tong et al. (2024): undisturbed cores for Ks and bulk density; retention taken to be on the same cores
TG_350_0,TG_350,silt loam,0.25279947380446993,1.2289789968452736,1.4816872722356108e-22,0.3893291102690729,14.441,68.781,16.778,0.18,5.0,40.71542,107.29172,Tong_YellowRiver,,,,1.533,0.0018707582964816991,11,0.017504290652696184,0.39230214268645386,0.18945149474382283,1.0100000001457456,0.26591417819863306,0.000808033349438419,undisturbed,Tong et al. (2024): undisturbed cores for Ks and bulk density; retention taken to be on the same cores
TG_351_0,TG_351,silt loam,0.3116435972106833,1.2342973836379996,4.2235814676669947e-10,0.40211269050955756,1.8869999999999998,71.811,26.302,0.18,5.0,40.84072,107.59797,Tong_YellowRiver,,,,1.373,0.0017777107688360645,11,0.017513094797665617,0.4051367647492224,0.231710218039482,1.0100000000038014,0.27216112482633226,0.0006587627345506646,undisturbed,Tong et al. (2024): undisturbed cores for Ks and bulk density; retention taken to be on the same cores
TG_352_0,TG_352,silt loam,0.06615372497812758,1.2156601561565765,5.487628979300957e-11,0.3574962397850542,6.06994315466203,71.82138971089215,22.108667134445835,0.06,5.0,40.94575,107.96008,Tong_YellowRiver,,,,1.622,0.0025298497939871957,11,0.02661402030036932,0.3596329615302592,0.04722034948401805,1.01,0.26690636189755745,0.001932663308605322,undisturbed,Tong et al. (2024): undisturbed cores for Ks and bulk density; retention taken to be on the same cores
TG_353_0,TG_353,silty clay loam,0.09628227517635309,1.2032909611507268,3.188255037964745e-10,0.34868550644578306,6.901930980690193,64.63735362646374,28.46071539284607,0.06,5.0,41.07922,108.33611,Tong_YellowRiver,,,,1.6,0.0014767860373759635,11,0.03068345543770922,0.35060405051704535,0.0690708051597567,1.0100000179927466,0.2559614115365434,0.0009448634641834131,undisturbed,Tong et al. (2024): undisturbed cores for Ks and bulk density; retention taken to be on the same cores
TG_354_0,TG_354,silty clay loam,0.08120481086854366,1.169861968355933,5.387019571635917e-12,0.4228137089403441,2.5212109041618556,67.26341683819469,30.21537225764346,0.24,5.0,40.85992,108.62233,Tong_YellowRiver,,,,1.539,0.0018054470242560353,11,0.03179491628585588,0.4245609721424377,0.06303334289386521,1.0100000000000444,0.2025150631388352,0.001296964342233163,undisturbed,Tong et al. (2024): undisturbed cores for Ks and bulk density; retention taken to be on the same cores
TG_355_0,TG_355,silt loam,0.34664938902787124,1.5170703089714577,0.04430379884116442,0.4637116701485286,33.18029295344492,58.5916936245454,8.228013422009685,3.3,5.0,40.66814,109.72717,Tong_YellowRiver,,,,1.294,0.0002733867173311191,11,0.04536582215598477,0.46406647724763306,0.3365458911096657,1.484725105657094,0.3545248354991119,0.00013195896793881935,undisturbed,Tong et al. (2024): undisturbed cores for Ks and bulk density; retention taken to be on the same cores
TG_356_0,TG_356,silt loam,0.6302343673727633,1.41684860800213,0.03314057531753886,0.4476733649227968,36.00000000000001,52.730000000000004,11.270000000000001,3.0599999999999996,5.0,40.61506,109.99025,Tong_YellowRiver,,,,1.366,0.0012536842835606222,11,0.03981247731561891,0.44885571821923465,0.5216832545955641,1.2539803032918955,0.36775050301146767,0.0004147746285051732,undisturbed,Tong et al. (2024): undisturbed cores for Ks and bulk density; retention taken to be on the same cores
TG_357_0,TG_357,silt loam,0.7686102049962609,1.2310902321495067,3.892306841447047e-12,0.37502477211898655,25.316545307443366,61.05177993527508,13.631674757281552,1.5599999999999998,5.0,40.56467,110.3715,Tong_YellowRiver,,,,1.451,0.002018814114472662,11,0.002998874117481435,0.37693967536196854,0.6234541190953689,1.01,0.24447570672760996,0.0006349782181768074,undisturbed,Tong et al. (2024): undisturbed cores for Ks and bulk density; retention taken to be on the same cores
TG_358_0,TG_358,silty clay loam,0.6439214640151432,1.321033716511492,0.011159063681526403,0.4194618532392944,7.087929120708793,64.39235607643924,28.519714802851976,2.4,5.0,40.62636,110.82414,Tong_YellowRiver,,,,1.433,0.0016440737715867606,11,3.4093050178110074e-10,0.41795305159113494,0.7826677186695855,1.5929716838084635,0.18044227473952373,0.0005851175837578344,undisturbed,Tong et al. (2024): undisturbed cores for Ks and bulk density; retention taken to be on the same cores
TG_359_0,TG_359,silty clay loam,0.4409648166966915,1.2074668073084536,2.0021049725790424e-06,0.34655488807790125,3.7472788943451634,67.09664354781553,29.156077557839318,0.12,5.0,40.66386,111.20531,Tong_YellowRiver,,,,1.558,4.1077147564071124e-05,11,0.00045546058148164233,0.34662062171838887,0.43775583668366175,1.199549113856167,0.17366344795934105,1.2255511213051907e-05,undisturbed,Tong et al. (2024): undisturbed cores for Ks and bulk density; retention taken to be on the same cores
TG_360_0,TG_360,silt loam,0.3572795347714,1.7157270516763732,0.02298254045067519,0.35084942992159135,39.099,53.472,7.428999999999999,1.68,5.0,40.36031,111.77639,Tong_YellowRiver,,,,1.589,0.002676245892935303,11,0.027634796019639613,0.3543368372014902,0.253382309394089,1.3823338383256862,0.635983143115725,0.0013706971384686464,undisturbed,Tong et al. (2024): undisturbed cores for Ks and bulk density; retention taken to be on the same cores
TG_361_0,TG_361,silt loam,0.24399852701985889,1.4299127093724402,0.05217691565722835,0.33056443556728504,15.431,70.824,13.745,0.12,5.0,40.31253,111.71608,Tong_YellowRiver,,,,1.599,0.0007586686001719268,11,0.057078602601198285,0.33161305652217704,0.21021227031932316,1.3038299264816633,0.3620836138533577,0.0004255799856611968,undisturbed,Tong et al. (2024): undisturbed cores for Ks and bulk density; retention taken to be on the same cores
TG_362_0,TG_362,silt loam,0.15140852540267208,3.046131547617929,0.1413058664906007,0.424022406199003,10.559,74.471,14.97,1.2,5.0,39.95847,111.66106,Tong_YellowRiver,,,,1.45,0.0026347141574702636,11,0.14161681196806067,0.42473411144059253,0.1377008888987616,2.802258459590515,0.814281574922633,0.0025106599974778817,undisturbed,Tong et al. (2024): undisturbed cores for Ks and bulk density; retention taken to be on the same cores
TG_363_0,TG_363,silt loam,0.5319351916824602,1.6870615007594414,0.036201816669086256,0.44402301575247094,22.125999999999998,66.078,11.796,1.92,5.0,39.97289,111.65097,Tong_YellowRiver,,,,1.366,0.006959326766966644,11,0.022087702497531864,0.4358238350717488,0.8493620562947964,3.9552952259490395,0.12749764398327165,0.0013099991340424064,undisturbed,Tong et al. (2024): undisturbed cores for Ks and bulk density; retention taken to be on the same cores
TG_364_0,TG_364,silt loam,0.35807203489717476,1.6751406180836885,0.04468941737348215,0.40699879847780224,10.773685476114139,70.10059313882654,19.125721385059315,1.5,5.0,40.02558,111.56875,Tong_YellowRiver,,,,1.463,0.002097706437765747,11,0.03997768340651807,0.4044700104207233,0.43440377977960715,2.018988893669239,0.2954036636996783,0.0010584244436365482,undisturbed,Tong et al. (2024): undisturbed cores for Ks and bulk density; retention taken to be on the same cores
TG_365_0,TG_365,loam,0.5328307346717949,1.6399502857057506,0.040665920525404214,0.3487822040771193,40.712,49.946,9.342,1.6199999999999999,5.0,39.99331,111.30339,Tong_YellowRiver,,,,1.672,0.002196625130191319,11,0.035491169292763615,0.3463838863149273,0.6903544603027011,2.1720248255024135,0.2517428659943665,0.0006744910541991368,undisturbed,Tong et al. (2024): undisturbed cores for Ks and bulk density; retention taken to be on the same cores
TG_366_0,TG_366,sandy loam,0.632576282275581,1.7514605167197903,0.02425423995799267,0.37950236361176143,44.435842265076715,48.58131070401577,6.982847030907519,2.5799999999999996,5.0,39.79172,111.05464,Tong_YellowRiver,,,,1.573,0.005060251161301064,11,0.01703747875400912,0.37441519548904606,0.9448610896525004,3.3771751312375753,0.17307833051336946,0.0007075376609373443,undisturbed,Tong et al. (2024): undisturbed cores for Ks and bulk density; retention taken to be on the same cores
TG_367_0,TG_367,silt loam,0.5053979152270963,1.6796624782448542,0.0382472258040574,0.3909827630468699,24.794449123651386,56.33497774034412,18.87057313600449,2.4,5.0,39.80847,110.43569,Tong_YellowRiver,,,,1.515,0.0030547933530531753,11,0.031724379628892366,0.3875214820623916,0.6781736977841715,2.359967927657055,0.23963641521138482,0.0009817845349916123,undisturbed,Tong et al. (2024): undisturbed cores for Ks and bulk density; retention taken to be on the same cores
TG_368_0,TG_368,silt loam,0.33902478038831874,1.6064011204843083,0.08849738530043123,0.4239602555302082,14.61,68.571,16.819,2.1,5.0,40.09411,110.03647,Tong_YellowRiver,,,,1.512,0.0019331733300140585,11,0.09347738844200316,0.4265148411821507,0.2622554708766549,1.3621652461378597,0.517752477302083,0.0009816927730232656,undisturbed,Tong et al. (2024): undisturbed cores for Ks and bulk density; retention taken to be on the same cores
TG_369_0,TG_369,loamy sand,0.5925520740201758,1.9228114808726793,0.005964279982234366,0.40904901567584584,78.25978259782597,20.286202862028624,1.4540145401454017,3.7199999999999998,5.0,40.28708,109.98175,Tong_YellowRiver,,,,1.559,0.01400792940396231,11,0.0028161908808633784,0.3950380438329335,0.9581729776906632,10.999999999999998,0.06134578061778072,0.0016144549445519475,undisturbed,Tong et al. (2024): undisturbed cores for Ks and bulk density; retention taken to be on the same cores
TG_370_0,TG_370,silt loam,0.7996922552415159,1.654425782370548,0.06180003901368056,0.41592219403150604,14.514422881321453,65.30880019528867,20.176776923389884,2.82,5.0,39.84325,109.80542,Tong_YellowRiver,,,,1.498,0.00644548645252135,11,0.050727721560225876,0.41110394627967456,1.3182686620251487,7.989337229367449,0.060762040606570276,4.805290927697801e-05,undisturbed,Tong et al. (2024): undisturbed cores for Ks and bulk density; retention taken to be on the same cores
TG_371_0,TG_371,sandy loam,0.6778054806715286,1.8254483021449759,0.009992570052490917,0.36306416817682396,55.387,36.525,8.088,4.92,5.0,39.86747,109.473,Tong_YellowRiver,,,,1.692,0.009498187923652287,11,0.005081112487382913,0.3538912184455323,1.1144955126234515,10.99998166185226,0.055219750553136215,0.00012342261401080613,undisturbed,Tong et al. (2024): undisturbed cores for Ks and bulk density; retention taken to be on the same cores
TG_372_0,TG_372,loam,0.32941698313263257,1.8544478456452675,0.024458609948392,0.32279769603900416,51.31617894726098,39.30266501995447,9.381156032784542,2.4,5.0,39.57622,109.78014,Tong_YellowRiver,,,,1.626,0.0009502401873377078,11,0.025680539836665864,0.3239949463563234,0.2958778134147567,1.7072514731866906,0.5369488498022867,0.0005391954202819985,undisturbed,Tong et al. (2024): undisturbed cores for Ks and bulk density; retention taken to be on the same cores
TG_373_0,TG_373,silt loam,0.558726255831193,1.7637496959866543,0.004717565901553905,0.2807350684674776,23.361,55.351000000000006,21.288,9.540000000000001,5.0,39.38994,109.71861,Tong_YellowRiver,,,,1.726,0.0004501300331809398,11,0.004009970509498858,0.28027412662560125,0.5942189656651367,1.863067735973666,0.39487913593107005,0.00015051822836674694,undisturbed,Tong et al. (2024): undisturbed cores for Ks and bulk density; retention taken to be on the same cores
TG_374_0,TG_374,silt loam,0.4790315703578492,1.8819875199678744,0.0024921389912919483,0.2503160026706075,26.35540169316708,53.22549349999489,20.419104806838025,5.52,5.0,39.21867,109.85139,Tong_YellowRiver,,,,1.817,0.0032692561187654076,11,7.29495775697778e-23,0.24637490304335075,0.6704428928947394,3.108826106944984,0.22880950195449923,0.0011320330177528141,undisturbed,Tong et al. (2024): undisturbed cores for Ks and bulk density; retention taken to be on the same cores
TG_375_0,TG_375,loam,0.12496885665219425,2.4636915791837897,9.901016707976072e-24,0.25194957420778147,42.611,37.724,19.665,30.48,5.0,39.01275,109.97028,Tong_YellowRiver,,,,1.69,0.018484794796349305,11,1.3684555315672042e-48,0.2606310934668692,0.09639267811764099,1.6791545716027718,0.9799999999999999,0.017277246464557233,undisturbed,Tong et al. (2024): undisturbed cores for Ks and bulk density; retention taken to be on the same cores
TG_376_0,TG_376,silt loam,0.5846906102502595,1.7302945475717268,0.047611696243886795,0.30701699346178896,7.739500716433573,70.3557950394543,21.904704244112125,4.98,5.0,38.80761,110.28642,Tong_YellowRiver,,,,1.81,0.0007301581577496438,11,0.04880444752337338,0.3077238849418146,0.5183990076431139,1.581475751996631,0.49527532217032827,0.0002551994839242288,undisturbed,Tong et al. (2024): undisturbed cores for Ks and bulk density; retention taken to be on the same cores
TG_377_0,TG_377,silt loam,0.37716870564165,1.8986093853638413,0.0018105958203531078,0.20857059330917085,4.2330727844888845,69.46604405644098,26.30088315907015,3.9000000000000004,5.0,38.61081,109.95761,Tong_YellowRiver,,,,1.475,0.0006475138027490732,11,0.0010221973799259905,0.20781220509755013,0.41469444607120204,2.0746706699848865,0.4060628911460135,0.0003447815542816954,undisturbed,Tong et al. (2024): undisturbed cores for Ks and bulk density; retention taken to be on the same cores
TG_378_0,TG_378,loam,0.6252374009505856,1.3312721956947124,0.027772545021204267,0.3974412351297014,45.15117807665082,45.943978157548784,8.904843765800383,2.28,5.0,38.39808,109.71547,Tong_YellowRiver,,,,1.523,0.002624178215224982,11,0.0018566368364514578,0.3947518375222633,0.919378765718198,2.0666104452336267,0.12520480352884403,0.0005840204907245776,undisturbed,Tong et al. (2024): undisturbed cores for Ks and bulk density; retention taken to be on the same cores
TG_379_0,TG_379,silt loam,0.17981686732788346,1.7148087047143439,0.06375284644894971,0.43893759741826627,14.181141811418113,68.34968349683497,17.469174691746918,0.84,5.0,38.16514,109.78144,Tong_YellowRiver,,,,1.463,0.0038277133786998978,11,0.07133218664691819,0.4438827968695231,0.11990182108793353,1.347835421169834,0.683568807893042,0.0026779596977541866,undisturbed,Tong et al. (2024): undisturbed cores for Ks and bulk density; retention taken to be on the same cores
TG_380_0,TG_380,silt loam,0.4843663133908066,1.5078576144872684,0.040289156508658344,0.47204305195010304,5.433496789848845,78.51473636317678,16.051766846974367,2.2199999999999998,5.0,37.71281,110.11269,Tong_YellowRiver,,,,1.277,0.0021654197056685796,11,0.03177249399898547,0.4695554376089455,0.5998543077424525,1.8458196293153653,0.24196928108991614,0.0007641466629441546,undisturbed,Tong et al. (2024): undisturbed cores for Ks and bulk density; retention taken to be on the same cores
TG_381_0,TG_381,silt,0.24099365015649477,1.789909584901086,0.024041249981714145,0.4282991866943998,8.477,80.432,11.091,3.48,5.0,37.65211,110.07586,Tong_YellowRiver,,,,1.264,0.000981784555586375,11,0.025603155103943353,0.42949604394640595,0.22264462043164485,1.6846095173277904,0.49389021278922823,0.0006447122670351569,undisturbed,Tong et al. (2024): undisturbed cores for Ks and bulk density; retention taken to be on the same cores
TG_382_0,TG_382,silt,0.37453595960786523,1.5741076725066732,0.017031444139583456,0.4260550098901192,6.670294565206437,82.83298565972328,10.496719775070293,1.38,5.0,37.37558,109.95367,Tong_YellowRiver,,,,1.346,0.0022813118305405784,11,0.02352247643633623,0.42898325750570976,0.288370598640597,1.333589582825216,0.5006589473535915,0.0010839973378324124,undisturbed,Tong et al. (2024): undisturbed cores for Ks and bulk density; retention taken to be on the same cores
TG_383_0,TG_383,silt loam,0.4551742422722661,1.6057787656682057,0.02224989325971261,0.44244650478707187,8.052080520805207,79.66379663796637,12.284122841228411,2.34,5.0,37.36742,109.73881,Tong_YellowRiver,,,,1.227,0.0018642471776502295,11,0.01723427686342284,0.4402650939141722,0.5396531793811242,1.8826132562933982,0.290179953344152,0.000731619627146513,undisturbed,Tong et al. (2024): undisturbed cores for Ks and bulk density; retention taken to be on the same cores
TG_384_0,TG_384,silt loam,0.3061679643434204,1.7203346777140687,0.021227759269608768,0.43024699355858403,8.989910100898992,79.99820001799982,11.01188988110119,2.4,5.0,37.36392,109.74125,Tong_YellowRiver,,,,1.294,0.0030740340867168167,11,0.02669972542245292,0.43437205136987894,0.22614842047213998,1.4145628632485376,0.6125482098152892,0.0017140056089164867,undisturbed,Tong et al. (2024): undisturbed cores for Ks and bulk density; retention taken to be on the same cores
TG_385_0,TG_385,silt loam,0.372773177750972,1.5014303400088198,0.025325048949965057,0.44860359361582,4.668046680466804,78.86178861788618,16.470164701647015,1.44,5.0,37.09814,109.56569,Tong_YellowRiver,,,,1.371,0.0014458389559542878,11,0.03104719060337875,0.450462052122854,0.31453496058102753,1.3435337667595633,0.41201141050711976,0.0006684020938144292,undisturbed,Tong et al. (2024): undisturbed cores for Ks and bulk density; retention taken to be on the same cores
TG_386_0,TG_386,silt loam,0.27216596012920646,1.716057388866202,0.038508035295813425,0.45312111869404553,6.409935900640994,79.86020139798602,13.729862701372985,2.46,5.0,37.04717,109.38275,Tong_YellowRiver,,,,1.317,0.0008537383317984094,11,0.04016557587935098,0.4542125189694011,0.2529707643329445,1.623781800255864,0.46194582822170827,0.0005132227140399113,undisturbed,Tong et al. (2024): undisturbed cores for Ks and bulk density; retention taken to be on the same cores
TG_387_0,TG_387,silt loam,0.3072406383133383,1.4942310092135596,0.053479182929432184,0.5008209536763865,4.128,78.457,17.415,1.74,5.0,36.74092,109.25289,Tong_YellowRiver,,,,1.315,0.0005553693377723433,11,0.050950707377120576,0.5000937020850227,0.32473801022254767,1.558912855448777,0.30624809479582177,0.00028575892551899244,undisturbed,Tong et al. (2024): undisturbed cores for Ks and bulk density; retention taken to be on the same cores
TG_388_0,TG_388,silt loam,0.2757363711916061,1.5096093989460404,0.023367111897483493,0.46188290094938556,4.301,82.241,13.458,1.02,5.0,36.88539,108.83353,Tong_YellowRiver,,,,1.33,0.005614141324700125,11,0.04381520935875992,0.4699683363616361,0.12977755338988572,1.057947148960414,0.7345096693104947,0.0030384299057854684,undisturbed,Tong et al. (2024): undisturbed cores for Ks and bulk density; retention taken to be on the same cores
TG_389_0,TG_389,silt loam,0.3223678566062924,1.5857293862198754,0.03880551791056943,0.4633457619633785,4.932,82.417,12.651,1.3199999999999998,5.0,36.84394,108.65917,Tong_YellowRiver,,,,1.346,0.0005102019450020176,11,0.03726011364131331,0.46269122525711087,0.337999386731641,1.646895947923972,0.34536497284554374,0.0002654514772918671,undisturbed,Tong et al. (2024): undisturbed cores for Ks and bulk density; retention taken to be on the same cores
TG_390_0,TG_390,silt loam,0.4101895320364642,1.569542612760444,0.03374847624676744,0.4978657652654768,4.083,82.632,13.285,2.04,5.0,36.83903,108.65894,Tong_YellowRiver,,,,1.337,0.0002158793982172503,11,0.03439648115804801,0.4981306067468828,0.4020475965617915,1.5458420067859755,0.37282985204187175,9.501157722740933e-05,undisturbed,Tong et al. (2024): undisturbed cores for Ks and bulk density; retention taken to be on the same cores
TG_391_0,TG_391,silt loam,0.3544188167113293,1.5114873742882255,0.041945011446847806,0.49242016143126843,8.431,76.053,15.515999999999998,1.8599999999999999,5.0,36.76003,108.33978,Tong_YellowRiver,,,,1.321,0.0010831490616647333,11,0.046147982434580646,0.49382900825141257,0.31606975068173193,1.397944613235354,0.39153740729309794,0.0005162245717251625,undisturbed,Tong et al. (2024): undisturbed cores for Ks and bulk density; retention taken to be on the same cores
TG_392_0,TG_392,silt loam,0.2656225915347744,1.488552011860198,0.04219227829084025,0.46627125179515905,5.053016749047316,78.79026796454094,16.156715286411746,1.92,5.0,36.70308,108.18833,Tong_YellowRiver,,,,1.28,0.0057477889249193895,11,0.0651363114030209,0.4746528895481118,0.11411767863424901,1.0187715942342674,0.7674378097831628,0.0031339556498024388,undisturbed,Tong et al. (2024): undisturbed cores for Ks and bulk density; retention taken to be on the same cores
TG_393_0,TG_393,silt loam,0.5032664633856032,1.4591356363512813,0.05241259042575696,0.5127755155242412,5.694767798063964,73.17015888575747,21.135073316178577,4.0200000000000005,5.0,36.59858,108.06133,Tong_YellowRiver,,,,1.304,0.006825489244791337,11,0.01796842775982231,0.5044419936509201,0.8467903983542393,3.602520805936025,0.08991748861650625,0.0014933520760894402,undisturbed,Tong et al. (2024): undisturbed cores for Ks and bulk density; retention taken to be on the same cores
TG_394_0,TG_394,silt loam,0.2246206663048609,1.5306294755287282,0.036911784670062606,0.4732353944101622,4.134,74.513,21.353,1.02,5.0,36.29011,107.89908,Tong_YellowRiver,,,,1.282,0.0009362820246579974,11,0.04070196499274942,0.4744711560385281,0.204313621445681,1.4355919929794183,0.39233926436417965,0.0005732580236203842,undisturbed,Tong et al. (2024): undisturbed cores for Ks and bulk density; retention taken to be on the same cores
TG_395_0,TG_395,silt loam,0.6138076886399785,1.3638279745695705,0.019716135047409614,0.5104187774913508,2.3897390641609344,72.47738622916624,25.132874706672823,1.38,5.0,35.90256,107.66431,Tong_YellowRiver,,,,1.217,0.0010267372947357141,11,0.011776503669788151,0.5093951515457096,0.6958457029253389,1.510700088926745,0.22388888501732376,0.0003007025929380408,undisturbed,Tong et al. (2024): undisturbed cores for Ks and bulk density; retention taken to be on the same cores
TG_396_0,TG_396,silty clay loam,0.35636606700833384,1.2405472073938666,2.631051905148267e-13,0.40825119230001844,1.457,69.69,28.853,0.42,5.0,35.61953,107.64006,Tong_YellowRiver,,,,1.433,0.0012227911996609223,11,0.011481143498814218,0.4103355118692137,0.2934367971155764,1.0749365690276689,0.24832420028003857,0.00042322753521082643,undisturbed,Tong et al. (2024): undisturbed cores for Ks and bulk density; retention taken to be on the same cores
TG_397_0,TG_397,silty clay loam,0.37738424946762433,1.2755799869949684,0.023317199697237504,0.4600265137886991,2.6210000000000004,65.65,31.729,0.84,5.0,35.24464,107.72203,Tong_YellowRiver,,,,1.394,0.002364841666954278,11,5.680510881791823e-12,0.4573838805099498,0.4819868883447922,1.6074915996206796,0.145562116517382,0.0011983130589600815,undisturbed,Tong et al. (2024): undisturbed cores for Ks and bulk density; retention taken to be on the same cores
TG_398_0,TG_398,silt loam,0.49635840662094427,1.196851158079036,9.602151979917575e-24,0.4297351768495046,3.4189658103418967,70.15329846701533,26.42773572264278,1.74,5.0,36.74092,108.22906,Tong_YellowRiver,,,,1.368,0.010895215663191645,11,1.1608284582426714e-28,0.432092558819737,0.41458453343666457,1.01,0.20472844807992258,0.009332300973413919,undisturbed,Tong et al. (2024): undisturbed cores for Ks and bulk density; retention taken to be on the same cores
TG_399_0,TG_399,silty clay loam,0.02249284509750701,1.23574295118574,5.621686054049697e-10,0.27985903185742206,3.089027246701767,66.78244679786191,30.128525955436327,,5.0,34.7685,108.07489,Tong_YellowRiver,,,,1.578,0.0008420519244474533,11,0.04951145520304928,0.28061885058091673,0.014265927691882197,1.0705537041688233,0.34788003045481297,0.0007083229688277865,undisturbed,Tong et al. (2024): undisturbed cores for Ks and bulk density; retention taken to be on the same cores
TG_400_0,TG_400,silt loam,0.8949473157861867,1.234890917064149,1.1253530799948977e-23,0.46512891209168755,0.808,72.61399999999999,26.577999999999992,2.5799999999999996,5.0,35.24056,107.92953,Tong_YellowRiver,,,,1.159,0.005578664696953162,11,2.152743909582562e-19,0.4670960235856458,0.7293219957987217,1.01,0.24445613843355204,0.0035640768035657263,undisturbed,Tong et al. (2024): undisturbed cores for Ks and bulk density; retention taken to be on the same cores
TG_401_0,TG_401,silty clay loam,0.4306335541177433,1.2545224883788886,0.011293922901626018,0.4876280132627189,1.165,70.563,28.272,11.16,5.0,35.37322,107.68444,Tong_YellowRiver,,,,1.345,0.001006699767406337,11,7.176951394617238e-12,0.48653249791707776,0.4813425476256154,1.3727155926777619,0.17249710206763796,0.0004908639473333034,undisturbed,Tong et al. (2024): undisturbed cores for Ks and bulk density; retention taken to be on the same cores
TG_402_0,TG_402,silty clay loam,0.3748295072540838,1.267730199423889,0.02141239253220504,0.5201811306417512,2.305374751930571,65.55510997316223,32.1395152749072,2.6999999999999997,5.0,35.37322,107.19383,Tong_YellowRiver,,,,1.268,0.002068917683886999,11,2.319731033908066e-11,0.5178645629176987,0.45584275109570394,1.5079474138047475,0.1558264592102583,0.0010644299466397039,undisturbed,Tong et al. (2024): undisturbed cores for Ks and bulk density; retention taken to be on the same cores
TG_404_0,TG_404,silty clay loam,0.14352270402867032,1.3647261500709793,0.11017259565817243,0.4892811142712875,8.283223697485774,62.10904394850478,29.60773235400944,0.24,5.0,35.66892,106.32006,Tong_YellowRiver,,,,1.455,0.00011128407167997854,11,0.10882494573305397,0.48914591446631966,0.14605916751269643,1.3793329079380925,0.26103756444597964,7.606834238867048e-05,undisturbed,Tong et al. (2024): undisturbed cores for Ks and bulk density; retention taken to be on the same cores
TG_405_0,TG_405,silty clay loam,1.1688741700502439,1.219743416245648,0.014591961090555711,0.4875607595035764,1.29343726426955,70.38873522755846,28.31782750817199,1.5,5.0,35.58028,106.03372,Tong_YellowRiver,,,,1.207,0.0009342015224938174,11,2.234680123600289e-22,0.4870279796821562,1.3691341467051816,1.4230829233621127,0.14114350862802372,0.00024887358411664095,undisturbed,Tong et al. (2024): undisturbed cores for Ks and bulk density; retention taken to be on the same cores
TG_406_0,TG_406,silty clay loam,0.3718521448010691,1.358315654754342,0.049257714012441174,0.4881226833297122,2.8318048977123853,69.85689811548927,27.311296986798347,1.3199999999999998,5.0,35.55575,105.93161,Tong_YellowRiver,,,,1.303,0.0005044614153893346,11,0.05373450784092999,0.4887760134411626,0.3458538969380637,1.2962718232090118,0.2890852182061009,0.00021955571204670412,undisturbed,Tong et al. (2024): undisturbed cores for Ks and bulk density; retention taken to be on the same cores
TG_407_0,TG_407,silty clay loam,0.473539904908187,1.2835663625334237,0.013192643164336052,0.4854615862828659,1.929,68.791,29.28,1.5599999999999998,5.0,35.56408,105.64836,Tong_YellowRiver,,,,1.242,2.965065690653309e-07,11,0.013188337356291107,0.48546123706364724,0.47356268849579247,1.283607140287254,0.22090684514991635,1.0768662777048086e-07,undisturbed,Tong et al. (2024): undisturbed cores for Ks and bulk density; retention taken to be on the same cores
TG_408_0,TG_408,silt loam,0.4070490456676619,1.2824168162150198,0.02451970228268091,0.4698205654530392,1.7908280150548193,73.149852724595,25.059319260350186,2.04,5.0,35.71408,105.37042,Tong_YellowRiver,,,,1.298,0.0026181393501923866,11,7.721701431586364e-13,0.46691591010770045,0.529786639327383,1.6600599888975973,0.14304050168465587,0.0012572928565939654,undisturbed,Tong et al. (2024): undisturbed cores for Ks and bulk density; retention taken to be on the same cores
TG_409_0,TG_409,silt loam,0.4091825771959173,1.3592975674224743,0.028815309770360144,0.43088789957101575,2.007,73.794,24.199,0.6599999999999999,5.0,35.78108,104.98972,Tong_YellowRiver,,,,1.312,0.0014434638518763662,11,0.01556187786089085,0.429087724958162,0.4997154316784475,1.60335336514052,0.19681784570580474,0.0005676949630779914,undisturbed,Tong et al. (2024): undisturbed cores for Ks and bulk density; retention taken to be on the same cores
TG_410_0,TG_410,silt loam,0.3570677599187381,1.528084578311744,0.05205152746094213,0.5050544782107431,2.5484708157345684,74.71375502518956,22.737774159075872,1.14,5.0,36.03858,104.97086,Tong_YellowRiver,,,,1.222,0.004385559517313947,11,0.03426675744065351,0.49977177697048664,0.5069944511111458,2.243516185251641,0.18696052332617175,0.0020553580225758606,undisturbed,Tong et al. (2024): undisturbed cores for Ks and bulk density; retention taken to be on the same cores
TG_411_0,TG_411,silt loam,0.17818469288866856,1.2828902567566551,0.0006308898486146461,0.3965893875136631,2.652114040903759,72.2660274391799,25.081858519916352,0.12,5.0,36.35711,104.79583,Tong_YellowRiver,,,,1.384,7.18860096214803e-05,11,4.1562463607486574e-08,0.3965140269845726,0.17953872501458978,1.2898537618057857,0.2181936807221267,5.115912317501776e-05,undisturbed,Tong et al. (2024): undisturbed cores for Ks and bulk density; retention taken to be on the same cores
TG_412_0,TG_412,silt loam,0.3245973594509515,1.4818999468984577,0.024535078937055692,0.4788663104765974,3.9787449392712553,78.33906882591093,17.682186234817813,3.5999999999999996,5.0,36.37356,105.75583,Tong_YellowRiver,,,,1.299,0.004959830701261365,11,0.044608915493846664,0.48567782533217924,0.16884306865619672,1.0755410614351548,0.6442452444118121,0.0024827227827036676,undisturbed,Tong et al. (2024): undisturbed cores for Ks and bulk density; retention taken to be on the same cores
TG_413_0,TG_413,silt loam,0.46179205394516026,1.4643727328683394,0.006542899984200299,0.49823280716549645,2.2410224102241028,74.50974509745097,23.249232492324925,6.0,5.0,36.64028,104.53822,Tong_YellowRiver,,,,1.147,0.002627256265481075,11,0.017971080802063676,0.501298251272975,0.3407730740940986,1.222025487779655,0.4495503395519222,0.0010777484790594628,undisturbed,Tong et al. (2024): undisturbed cores for Ks and bulk density; retention taken to be on the same cores
TG_414_0,TG_414,silt loam,0.29111738687777194,1.508094446724095,0.03966872029430758,0.5083433966380817,3.137358559620995,72.78041540009963,24.08222604027937,1.02,5.0,36.47994,104.09697,Tong_YellowRiver,,,,1.261,0.00023988403826299664,11,0.0406878507656112,0.5086620138196973,0.2844704819501623,1.483214311319292,0.3474922584900436,0.00012789935184301005,undisturbed,Tong et al. (2024): undisturbed cores for Ks and bulk density; retention taken to be on the same cores
TG_415_0,TG_415,silty clay loam,0.24698609104394345,1.2622808513149413,8.235077062688229e-14,0.42876058877170387,3.0791137323019124,65.64803780977965,31.27284845791844,0.24,5.0,36.50633,103.89025,Tong_YellowRiver,,,,1.379,0.0022783892786745817,11,0.020521216673118438,0.4327381413501225,0.1739123354312782,1.0100000200203105,0.31435041010915155,0.000970892298310366,undisturbed,Tong et al. (2024): undisturbed cores for Ks and bulk density; retention taken to be on the same cores
TG_416_0,TG_416,silt loam,0.31984030520651185,1.470233095633693,0.05480604053300832,0.5702953626286094,2.101,74.045,23.854,1.44,5.0,36.69292,103.84542,Tong_YellowRiver,,,,1.046,0.005855825409693308,11,0.07974668902648732,0.5783882062740263,0.15846355335014248,1.0519369672550407,0.6595197098472143,0.002941618232284497,undisturbed,Tong et al. (2024): undisturbed cores for Ks and bulk density; retention taken to be on the same cores
TG_417_0,TG_417,silty clay loam,0.0910056687865313,1.261255491791277,1.5849546554749267e-09,0.37424462649112583,3.7929999999999997,67.23599999999999,28.970999999999997,0.24,5.0,37.21264,104.11653,Tong_YellowRiver,,,,1.503,0.0013127078183013858,11,0.02638901362882104,0.37630810067162035,0.06632132587279321,1.0722648635601442,0.30454754673075435,0.0008611705972716796,undisturbed,Tong et al. (2024): undisturbed cores for Ks and bulk density; retention taken to be on the same cores
TG_418_0,TG_418,sandy loam,0.2255625856586949,2.002831917418946,0.004592745257881275,0.340955617684047,70.059,26.584,3.3570000000000007,4.26,5.0,37.18989,104.22358,Tong_YellowRiver,,,,1.647,0.0015848201258987576,11,0.003033484352245952,0.33947648769531075,0.2519125598856896,2.2252578249987107,0.41543077995145733,0.001178579391057129,undisturbed,Tong et al. (2024): undisturbed cores for Ks and bulk density; retention taken to be on the same cores
TG_419_0,TG_419,silt loam,0.19396364100819266,1.6880669604915468,0.04619318599121209,0.452939766096984,13.547,75.59,10.863,1.5599999999999998,5.0,37.19833,104.54903,Tong_YellowRiver,,,,1.387,0.0017981872892847276,11,0.050193149326460886,0.4551353141287195,0.16523728812793734,1.5122260759333357,0.5042338090879411,0.0012411353067739216,undisturbed,Tong et al. (2024): undisturbed cores for Ks and bulk density; retention taken to be on the same cores
TG_420_0,TG_420,silty clay loam,0.4316680327489118,1.320653429041005,0.033195602256981496,0.4404324216752559,1.869,67.711,30.42,0.6599999999999999,5.0,37.06881,104.64867,Tong_YellowRiver,,,,1.396,0.0024648752166003584,11,0.0028561602282330726,0.43739160807666694,0.6088369287790923,1.836585069485202,0.13739703368777353,0.0008730939687367456,undisturbed,Tong et al. (2024): undisturbed cores for Ks and bulk density; retention taken to be on the same cores
TG_421_0,TG_421,silt loam,0.5643605858743467,1.4104678318843382,0.03230185068851954,0.44969418759493374,5.173052770285573,70.03232514566905,24.79462208404538,2.52,5.0,36.88881,105.28778,Tong_YellowRiver,,,,1.249,0.0027975703053581677,11,0.04730477192031884,0.4525474647618627,0.3586656251974693,1.1041214737341365,0.4722196639970527,0.0010459651851337714,undisturbed,Tong et al. (2024): undisturbed cores for Ks and bulk density; retention taken to be on the same cores
TG_422_0,TG_422,silt loam,0.3186921014289995,1.619959040332088,0.04165367073772333,0.49050480448650485,5.109717551778807,73.62032576973957,21.269956678481623,1.98,5.0,36.78731,105.51169,Tong_YellowRiver,,,,1.299,2.7518504490212314e-05,11,0.0417262866936883,0.4905402562173458,0.31793612954778694,1.6169721381419362,0.3839707451648284,1.4609054525125328e-05,undisturbed,Tong et al. (2024): undisturbed cores for Ks and bulk density; retention taken to be on the same cores
TG_423_0,TG_423,silt loam,0.3336654293654196,1.5075844983974418,0.05662224543092254,0.5056229636379371,7.616872239987818,76.67225013958682,15.71087762042536,2.88,5.0,36.54875,105.66681,Tong_YellowRiver,,,,1.327,0.004088937569130358,11,0.07166020962971603,0.511155498933643,0.2021499455126235,1.1528275028241173,0.5840747650664144,0.0020318945287085407,undisturbed,Tong et al. (2024): undisturbed cores for Ks and bulk density; retention taken to be on the same cores
TG_424_0,TG_424,silt loam,0.43578109732583903,1.4357398252118356,0.04980480618190997,0.4917107471533423,3.6560753729602546,75.97943267446225,20.364491952577502,2.6399999999999997,5.0,36.36928,105.84461,Tong_YellowRiver,,,,1.181,0.0025914157531000156,11,0.06289255861203798,0.4948375207992572,0.3061353078013856,1.1745866404252863,0.4514636521453411,0.0010939328245509832,undisturbed,Tong et al. (2024): undisturbed cores for Ks and bulk density; retention taken to be on the same cores
TG_425_0,TG_425,silt loam,0.6300367016222025,1.423768457213777,0.051718419949554964,0.5428479321045784,2.712265332919043,71.73470717357095,25.553027493510008,1.68,5.0,36.14683,105.92756,Tong_YellowRiver,,,,1.172,0.005363489617076915,11,0.022484770089313554,0.5373719615030869,0.9860668472470225,2.719967944433022,0.11800620646031129,0.0009336181934371804,undisturbed,Tong et al. (2024): undisturbed cores for Ks and bulk density; retention taken to be on the same cores
TG_426_0,TG_426,silty clay loam,1.6102615097254862,1.227117167373339,9.695640297877348e-13,0.4850395954013853,1.0970000000000002,69.38900000000001,29.514000000000006,1.92,5.0,36.04583,106.21694,Tong_YellowRiver,,,,1.263,0.003092112338301163,11,9.183033295118863e-14,0.4858657423578273,1.3579271519220668,1.01,0.23320759191571383,0.001530617130918806,undisturbed,Tong et al. (2024): undisturbed cores for Ks and bulk density; retention taken to be on the same cores
TG_427_0,TG_427,silt loam,0.24062138309903708,1.629724740333996,0.04165195514250154,0.44974562554884934,3.1749682503174967,74.85125148748513,21.973780262197376,0.96,5.0,36.15039,106.21269,Tong_YellowRiver,,,,1.396,0.0009766895963447212,11,0.04424509825407908,0.45100876193816153,0.21936417001850686,1.52545836694413,0.43750657130814785,0.0006034707484731727,undisturbed,Tong et al. (2024): undisturbed cores for Ks and bulk density; retention taken to be on the same cores
TG_428_0,TG_428,silty clay loam,0.21028524921728162,1.2367099150356196,1.2098848848397847e-09,0.3763031147603927,1.3969999999999998,70.61,27.993,1.3199999999999998,5.0,36.48675,106.13986,Tong_YellowRiver,,,,1.477,0.0007903910137985825,11,0.011572892382783768,0.3777326949448228,0.18026790435791973,1.1132481881039147,0.2343375909535551,0.00036854608004785537,undisturbed,Tong et al. (2024): undisturbed cores for Ks and bulk density; retention taken to be on the same cores
TG_429_0,TG_429,silt loam,0.4885879760464988,1.6130594250312007,0.05821109795349764,0.5066800802090005,4.586000000000001,80.32000000000001,15.094000000000001,2.6399999999999997,5.0,36.66172,106.12614,Tong_YellowRiver,,,,1.261,0.007357892302296633,11,0.03810871428997754,0.4975848099717209,0.7958527950106838,3.8355819228010786,0.11570325122163536,0.0017929200090740364,undisturbed,Tong et al. (2024): undisturbed cores for Ks and bulk density; retention taken to be on the same cores
TG_430_0,TG_430,silty clay loam,0.4399533097560107,1.2030669715525797,0.010207904627064592,0.4351089584963336,4.334,66.331,29.335,1.0799999999999998,5.0,37.0265,105.83986,Tong_YellowRiver,,,,1.435,0.0005482968436942722,11,3.3692711150461976e-09,0.434519411233497,0.47830178654980227,1.2811691933453104,0.14930507926998252,0.00026841946876066705,undisturbed,Tong et al. (2024): undisturbed cores for Ks and bulk density; retention taken to be on the same cores
TG_431_0,TG_431,silt loam,0.3456077947148175,1.5997456111011363,0.029273329593077293,0.46203552122627795,6.633000000000001,69.12700000000001,24.240000000000002,2.52,5.0,37.29092,105.62744,Tong_YellowRiver,,,,1.323,0.0011329503603644167,11,0.03235528532683654,0.46350574029249947,0.30941234413468083,1.4789009504999524,0.4333147786552731,0.0005669506507813842,undisturbed,Tong et al. (2024): undisturbed cores for Ks and bulk density; retention taken to be on the same cores
TG_432_0,TG_432,silt loam,0.05919515985692381,1.2321356003576172,5.4499070339421375e-17,0.38215064562782974,6.198359737150425,67.97921654526004,25.822423717589526,0.18,5.0,37.49783,105.76503,Tong_YellowRiver,,,,1.571,0.006971893263907322,11,2.7285569743344602e-18,0.3851788286478545,0.04623691885926045,1.0100000000000022,0.2492496521759753,0.00608856266909493,undisturbed,Tong et al. (2024): undisturbed cores for Ks and bulk density; retention taken to be on the same cores
TG_433_0,TG_433,silt loam,0.35268746823818,1.6724613923978542,0.028371237792019135,0.48939118000772613,5.929059290592906,78.24378243782438,15.827158271582716,2.52,5.0,37.61314,105.98086,Tong_YellowRiver,,,,1.245,0.002910072629384999,11,0.021737311246502546,0.4858992075347788,0.4344183797768823,2.0516675005654275,0.28656148286335464,0.0014857282009647064,undisturbed,Tong et al. (2024): undisturbed cores for Ks and bulk density; retention taken to be on the same cores
TG_434_0,TG_434,silty clay loam,0.2703851171501686,1.1756701748002696,7.406942992061251e-33,0.4394425611259895,4.7381266019258845,61.4914887316321,33.77038466644201,2.2199999999999998,5.0,38.07828,106.21408,Tong_YellowRiver,,,,1.321,0.01583552546590868,11,9.907354444454261e-42,0.4423545582455829,0.23383671595291222,1.01,0.1820603461105429,0.014587421219761799,undisturbed,Tong et al. (2024): undisturbed cores for Ks and bulk density; retention taken to be on the same cores
TG_435_0,TG_435,silty clay loam,0.04391154526856207,1.5071687332995178,0.1390332232503134,0.43774751035822346,5.884058840588407,66.91366913669137,27.20227202272023,1.44,5.0,38.35653,106.27442,Tong_YellowRiver,,,,1.421,0.0022809372377071147,11,0.15578306326828414,0.43922562903523105,0.030492936270935852,1.286365600605955,0.5226509224978234,0.0020270444137239696,undisturbed,Tong et al. (2024): undisturbed cores for Ks and bulk density; retention taken to be on the same cores
TG_436_0,TG_436,silty clay loam,0.04611632045404008,1.2025085400376108,2.439169056531049e-10,0.3705248055255705,3.0389925504075723,69.56896638158356,27.392041068008865,,5.0,38.65894,106.37783,Tong_YellowRiver,,,,1.576,0.0015508652267688387,11,0.053615451856593534,0.3721074466161828,0.029896455635154577,1.0100004212434195,0.2906556044170028,0.0011701228116427983,undisturbed,Tong et al. (2024): undisturbed cores for Ks and bulk density; retention taken to be on the same cores
TG_437_0,TG_437,silt loam,0.07818007032333911,1.1950574516574217,9.657776383394455e-19,0.42955895646237485,2.6507109953935504,70.50470658922491,26.844582415381527,0.12,5.0,38.93408,106.555,Tong_YellowRiver,,,,1.499,0.00775230694645585,11,2.1387169361840573e-17,0.4323599449514295,0.06479405886569066,1.01,0.20513192908525826,0.006869384140356712,undisturbed,Tong et al. (2024): undisturbed cores for Ks and bulk density; retention taken to be on the same cores
TG_438_0,TG_438,silty clay loam,0.38258317643047324,1.2117732429982453,7.940458476137804e-26,0.4332007872191096,3.629553216421125,60.57467925926668,35.7957675243122,0.8999999999999999,5.0,39.14847,106.73831,Tong_YellowRiver,,,,1.277,0.009017572846198568,11,7.315182546302948e-20,0.4365865320090752,0.3211295712056355,1.01,0.22060959666718405,0.007313863722242648,undisturbed,Tong et al. (2024): undisturbed cores for Ks and bulk density; retention taken to be on the same cores
TG_439_0,TG_439,sandy loam,0.6558034472323371,1.7280192245437471,0.008484549168963143,0.35931392054703487,57.02757027570276,37.708377083770834,5.264052640526406,1.6199999999999999,5.0,39.36639,107.02803,Tong_YellowRiver,,,,1.605,0.009171041992368359,11,2.715509930894397e-18,0.3499884576653522,1.0945715674026915,10.327080388346058,0.051292310360035724,0.00016129281319826876,undisturbed,Tong et al. (2024): undisturbed cores for Ks and bulk density; retention taken to be on the same cores
TG_440_0,TG_440,sandy loam,0.6871897036721613,1.6264914992007609,0.013480633149592582,0.3729282862843672,57.838578385783855,35.825358253582536,6.336063360633606,1.8599999999999999,5.0,39.22408,107.24592,Tong_YellowRiver,,,,1.687,0.006617357480655233,11,7.143853047434319e-12,0.3669053344787729,1.1293965587092816,4.932027397116959,0.09324739188587396,0.0003536799367333442,undisturbed,Tong et al. (2024): undisturbed cores for Ks and bulk density; retention taken to be on the same cores
TG_441_0,TG_441,sandy loam,0.5111169386320787,1.6949976801589257,0.0157753309712811,0.2701694226627719,67.19016350450369,27.657578600175505,5.152257895320805,3.36,5.0,38.97461,107.33581,Tong_YellowRiver,,,,1.447,0.0013638109689309433,11,0.013067450652061066,0.2686599502076037,0.6195935179712898,2.0569804820179525,0.30025757844035705,0.0004691618661970588,undisturbed,Tong et al. (2024): undisturbed cores for Ks and bulk density; retention taken to be on the same cores
TG_442_0,TG_442,silt loam,0.6539866887442632,1.7160232506492723,0.034905722472192056,0.40999602933834417,33.02611828279796,57.85049534674272,9.123386370459322,3.0,5.0,38.72822,107.36736,Tong_YellowRiver,,,,1.58,0.009999803481812824,11,0.024981113906336776,0.3998694333143997,1.0960999842640375,10.999989869529616,0.0471214256792212,0.0001932525474693947,undisturbed,Tong et al. (2024): undisturbed cores for Ks and bulk density; retention taken to be on the same cores
TG_443_0,TG_443,sandy loam,0.6209580867222538,1.746575615216531,0.012667801519438917,0.3662798871795227,66.672,31.482,1.8460000000000003,4.2,5.0,38.45753,107.22914,Tong_YellowRiver,,,,1.611,0.008553755770006813,11,0.004180070567261977,0.35702076675884226,1.0176677897829567,6.939569020147602,0.07859903075479477,0.00038449685643019,undisturbed,Tong et al. (2024): undisturbed cores for Ks and bulk density; retention taken to be on the same cores
TG_444_0,TG_444,sandy loam,0.5787795370971227,1.8739879574920157,0.0027776747005057627,0.3107536051839012,51.09761466421196,42.77195229328424,6.130433042503801,3.3,5.0,38.14,107.42014,Tong_YellowRiver,,,,1.692,0.006547309867758729,11,1.1609707090996528e-15,0.30312762268934523,0.8841062474142916,4.903805910416277,0.13692658926601747,0.0009020713179234652,undisturbed,Tong et al. (2024): undisturbed cores for Ks and bulk density; retention taken to be on the same cores
TG_445_0,TG_445,silt loam,0.4149495899532023,1.7947744028434722,0.020699993126812814,0.3585974047333828,41.315,54.685,4.0,2.1599999999999997,5.0,37.89472,107.39103,Tong_YellowRiver,,,,1.585,0.0009614074017669207,11,0.01922586471462002,0.3574578073955316,0.45628953945360456,1.9573471078910751,0.3819508246901866,0.00044872616898277047,undisturbed,Tong et al. (2024): undisturbed cores for Ks and bulk density; retention taken to be on the same cores
TG_446_0,TG_446,sandy loam,0.651558530571709,1.8239954576163244,0.009553431406508677,0.36538611347879546,56.199,40.868,2.9329999999999994,1.92,5.0,37.77467,107.04031,Tong_YellowRiver,,,,1.571,0.010267008133236163,11,0.004525718154978327,0.35502848331027614,1.0707303944163797,10.999992192902043,0.05494856454797994,0.00032128679161417693,undisturbed,Tong et al. (2024): undisturbed cores for Ks and bulk density; retention taken to be on the same cores
TG_447_0,TG_447,loam,0.5248617438500329,1.6379000259098693,0.033662991589254176,0.3801060994711752,39.594,45.479,14.927,3.48,5.0,37.42689,106.66911,Tong_YellowRiver,,,,1.508,0.0037663633523886972,11,0.02453305694681099,0.375848519769807,0.7549306322928493,2.624634137543063,0.1935821870890074,0.0010382669613164582,undisturbed,Tong et al. (2024): undisturbed cores for Ks and bulk density; retention taken to be on the same cores
TG_448_0,TG_448,silt loam,0.3173610977948396,1.6698080972843297,0.044108767677854266,0.4518298329779693,6.69,78.806,14.503999999999998,1.98,5.0,37.18461,106.7745,Tong_YellowRiver,,,,1.401,0.0004967704737547831,11,0.04299288301917693,0.4512034548233683,0.33149001653874544,1.7308739099918053,0.3764932828584588,0.0002707221224563805,undisturbed,Tong et al. (2024): undisturbed cores for Ks and bulk density; retention taken to be on the same cores
TG_449_0,TG_449,silt loam,0.5018224369289895,1.5590629319803706,0.037033743729782895,0.4761709113387181,8.641086410864109,76.67976679766798,14.679146791467915,2.82,5.0,36.90808,107.05997,Tong_YellowRiver,,,,1.36,0.00623157907815329,11,0.01655432703853726,0.4687121528811256,0.7987311958785543,3.232405927959559,0.12804237341524125,0.0015659562903010088,undisturbed,Tong et al. (2024): undisturbed cores for Ks and bulk density; retention taken to be on the same cores
TG_450_0,TG_450,silt loam,0.3120532058175278,1.4762664465224078,0.047217613554381074,0.4627697137131119,3.2283190194109084,74.25441203599318,22.517268944595894,0.7799999999999999,5.0,36.52933,107.35628,Tong_YellowRiver,,,,1.283,0.0031401985303507055,11,0.06108066133419115,0.46708692553412856,0.2043286271340086,1.1700482006669142,0.5191776040832199,0.0015908741212421788,undisturbed,Tong et al. (2024): undisturbed cores for Ks and bulk density; retention taken to be on the same cores
TG_451_0,TG_451,silt loam,0.7942461556716263,1.2801523293976174,0.02305855619928967,0.4994974352688219,4.4129378856271515,70.68577256707766,24.90128954729518,3.54,5.0,35.82919,112.84708,Tong_YellowRiver,,,,1.274,0.004906536311207442,11,0.053913041029570834,0.5007170003986279,0.480037086197344,1.01,0.36554677763301413,0.0029633822172033483,undisturbed,Tong et al. (2024): undisturbed cores for Ks and bulk density; retention taken to be on the same cores
TG_452_0,TG_452,silt loam,1.0489457002925386,1.1892639242313168,4.952154868160907e-14,0.46856766928083976,8.473029877681972,65.04611991177059,26.48085021054742,1.44,5.0,35.93389,112.84725,Tong_YellowRiver,,,,1.36,0.0014335377895095486,11,0.005879370197433121,0.46979776697411324,0.8854057037538375,1.0100000000000489,0.19883882170407066,0.00031375975339594463,undisturbed,Tong et al. (2024): undisturbed cores for Ks and bulk density; retention taken to be on the same cores
TG_453_0,TG_453,silty clay loam,3.3995143323828003,1.1876482664215784,1.3518666364884968e-09,0.5161542084160593,3.6883722332184585,66.27817018155513,30.033457585226415,4.74,5.0,36.1545,112.86406,Tong_YellowRiver,,,,1.077,0.004031129903020707,11,1.080394928313387e-18,0.5161394636917699,3.049548305700907,1.0100000000007852,0.1894684808111884,0.003219832659915583,undisturbed,Tong et al. (2024): undisturbed cores for Ks and bulk density; retention taken to be on the same cores
TG_454_0,TG_454,silt loam,1.8775888180669464,1.1740937384528458,2.7252473901992687e-10,0.46069463833528496,3.4226160507501757,72.07028496626724,24.50709898298258,1.92,5.0,36.33622,112.90461,Tong_YellowRiver,,,,1.374,0.0045305722595992215,11,2.386566268351323e-19,0.4609188626475592,1.6497039966723224,1.0100000000000002,0.17683702657887426,0.0035717254771554597,undisturbed,Tong et al. (2024): undisturbed cores for Ks and bulk density; retention taken to be on the same cores
TG_455_0,TG_455,silt loam,0.5895263237558028,1.2588287174168422,0.05977762071986746,0.4374421395187471,4.947984787814153,70.82419461939352,24.22782059279232,1.68,5.0,36.60644,112.76831,Tong_YellowRiver,,,,1.488,0.004474500033591114,11,2.269546968193432e-21,0.43247512277776773,1.0060726027222393,3.3994035846573274,0.051181221013886405,0.0008824826584858106,undisturbed,Tong et al. (2024): undisturbed cores for Ks and bulk density; retention taken to be on the same cores
TG_456_0,TG_456,silt loam,2.0883486225771724,1.2409435835956137,0.058432063465634156,0.4907688496075411,1.9895812462432378,73.44920857543578,24.561210178320977,3.0599999999999996,5.0,36.8335,112.65247,Tong_YellowRiver,,,,1.283,0.0014474090539392452,11,0.037661569746434434,0.4903507675484869,2.8349714504286636,2.444105934177089,0.08435632826500249,5.6172570886383234e-05,undisturbed,Tong et al. (2024): undisturbed cores for Ks and bulk density; retention taken to be on the same cores
TG_457_0,TG_457,silt loam,0.4331870309919165,1.2367823149903734,0.022580215417972695,0.4138434315538798,9.75291674608509,67.37056469006751,22.876518563847394,0.7799999999999999,5.0,36.90686,112.61069,Tong_YellowRiver,,,,1.471,0.0016218147991584513,11,9.915031147527834e-09,0.412068196334487,0.5412293508868681,1.5104368230032916,0.13427111369499922,0.000761759538077204,undisturbed,Tong et al. (2024): undisturbed cores for Ks and bulk density; retention taken to be on the same cores
TG_458_0,TG_458,silt loam,0.5357427313636051,1.4139779253314837,0.07152589073351441,0.49401927789670513,3.8125424037750753,74.92936923435238,21.25808836187255,1.92,5.0,37.23178,112.47778,Tong_YellowRiver,,,,1.329,0.006589925352174732,11,0.031991306396425605,0.48613786671716713,0.927390753858058,4.149005957171602,0.0684659680793,0.001040211559995496,undisturbed,Tong et al. (2024): undisturbed cores for Ks and bulk density; retention taken to be on the same cores
TG_459_0,TG_459,silty clay loam,0.6920671573077917,1.2563911914641677,0.056566133054246105,0.45925725529227013,6.565,62.59,30.845,1.74,5.0,37.46175,112.60897,Tong_YellowRiver,,,,1.403,0.004221831358834075,11,3.902775328487023e-20,0.4550928271523709,1.1540116351466563,3.099098150791198,0.05756780630947511,0.0006727028813008448,undisturbed,Tong et al. (2024): undisturbed cores for Ks and bulk density; retention taken to be on the same cores
TG_460_0,TG_460,silt loam,0.17923042958092433,1.2448932194366844,0.05169737612828351,0.40611782394503315,2.6108483001924307,71.7386946760744,25.65045702373316,0.06,5.0,37.65136,112.67531,Tong_YellowRiver,,,,1.63,9.409891182756521e-05,11,0.05444773514343983,0.4062489472466126,0.17484734350271736,1.228160627650916,0.20346646834547855,5.512088767742546e-05,undisturbed,Tong et al. (2024): undisturbed cores for Ks and bulk density; retention taken to be on the same cores
TG_461_0,TG_461,silt loam,0.5158118510634442,1.4223567348592874,0.07120510426580283,0.5162730570978342,6.848,78.105,15.047,2.1,5.0,37.81522,112.36294,Tong_YellowRiver,,,,1.252,0.0035067833009602436,11,0.05010093651988679,0.5122795088604131,0.7352520184649208,2.1057160359664335,0.1606081169483365,0.0010318396977065185,undisturbed,Tong et al. (2024): undisturbed cores for Ks and bulk density; retention taken to be on the same cores
TG_462_0,TG_462,silt loam,0.31787472523788274,1.5989378297740613,0.04405386959807659,0.4686291760180515,6.056060560605607,81.28581285812858,12.658126581265813,1.7999999999999998,5.0,37.78494,112.18261,Tong_YellowRiver,,,,1.28,0.0017210472517945822,11,0.04876990546961806,0.47091593923153224,0.26695430883141996,1.421003373164678,0.4679247996836508,0.0009034441289973736,undisturbed,Tong et al. (2024): undisturbed cores for Ks and bulk density; retention taken to be on the same cores
TG_463_0,TG_463,silt loam,0.3634222626971564,1.4548628090333267,0.07830013980278193,0.4914790175315033,7.265047731373675,69.69082972953902,23.044122539087308,4.38,5.0,37.95336,111.95039,Tong_YellowRiver,,,,1.28,0.0006309947494933737,11,0.07495939892892142,0.49067017987546624,0.39110796136770304,1.539545672099435,0.28239609994477743,0.00028632579264932273,undisturbed,Tong et al. (2024): undisturbed cores for Ks and bulk density; retention taken to be on the same cores
TG_464_0,TG_464,silt loam,0.3064472341489136,1.6562302206610557,0.04144154009254968,0.46176648668294257,8.87408874088741,79.79379793797939,11.332113321133212,1.38,5.0,38.30336,111.69481,Tong_YellowRiver,,,,1.354,0.0009752062760947864,11,0.043679335390762936,0.463039754581325,0.2801270421476496,1.5505906634595736,0.4472980692244069,0.0005357149469657022,undisturbed,Tong et al. (2024): undisturbed cores for Ks and bulk density; retention taken to be on the same cores
TG_465_0,TG_465,silt loam,0.5374654454649462,1.5335602300197708,0.04615135847667778,0.4876765208462819,7.161817048402341,78.1093526915884,14.728830260009246,2.76,5.0,38.34414,112.05408,Tong_YellowRiver,,,,1.287,0.004773476802484455,11,0.029375713626564156,0.48232006058848154,0.7979128723959985,2.5734351131462008,0.16228218030033142,0.0012248238919417428,undisturbed,Tong et al. (2024): undisturbed cores for Ks and bulk density; retention taken to be on the same cores
TG_466_0,TG_466,silt loam,0.4535111488802731,1.5115323151593383,0.06480862276387579,0.4666082977206878,7.820156403128062,80.08660173203462,12.093241864837296,1.14,5.0,38.38292,112.51328,Tong_YellowRiver,,,,1.412,0.005740731335595124,11,0.04038023161524959,0.4594934236367753,0.742375236373432,3.26589234721607,0.11280767575390391,0.0017402134687587605,undisturbed,Tong et al. (2024): undisturbed cores for Ks and bulk density; retention taken to be on the same cores
TG_467_0,TG_467,silty clay loam,0.37442222702172573,1.193722822844227,0.012657257267574095,0.452688552491486,3.254082612872238,68.89809478065962,27.847822606468142,0.6599999999999999,5.0,38.46789,112.77253,Tong_YellowRiver,,,,1.418,0.0006041064920797951,11,3.815261283291921e-09,0.4520154579187417,0.4093670377423608,1.275543333772894,0.14195780935255448,0.0003187147409368601,undisturbed,Tong et al. (2024): undisturbed cores for Ks and bulk density; retention taken to be on the same cores
TG_468_0,TG_468,silt loam,0.3813492383392787,1.5677655590644668,0.06414269643378412,0.5098661641962572,5.4430000000000005,80.44800000000001,14.109000000000004,1.38,5.0,38.65906,113.18278,Tong_YellowRiver,,,,1.313,0.0026533055716980855,11,0.05546006693597079,0.5066145689957401,0.4769097795264015,1.9429691878119677,0.25390065580940246,0.0012043301806056166,undisturbed,Tong et al. (2024): undisturbed cores for Ks and bulk density; retention taken to be on the same cores
TG_469_0,TG_469,silt loam,0.8892560676722359,1.2725750458661387,0.015492549183135706,0.47564569597105233,7.624142437112055,75.08167265599477,17.294184906893175,2.46,5.0,38.019,113.35875,Tong_YellowRiver,,,,1.268,0.004987257912721038,11,0.04488275560802956,0.47642374035227136,0.5453309038809274,1.01,0.3521128456647066,0.00322899274470048,undisturbed,Tong et al. (2024): undisturbed cores for Ks and bulk density; retention taken to be on the same cores
TG_470_0,TG_470,silt loam,0.6408441583375838,1.4588231422220723,0.035439419460863625,0.4942193131033021,6.48311189370898,79.9623819433328,13.554506162958218,3.7199999999999998,5.0,37.94367,113.13597,Tong_YellowRiver,,,,1.217,0.003075344878324295,11,0.04801911829544743,0.4970135525893632,0.41784343162124477,1.1453354856852738,0.49924677203498197,0.0010818930836993532,undisturbed,Tong et al. (2024): undisturbed cores for Ks and bulk density; retention taken to be on the same cores
TG_471_0,TG_471,silt loam,0.4280073889521264,1.3311019946094529,0.04857581311617338,0.4958061959475722,4.309172366894676,74.14396575863034,21.546861874474978,1.02,5.0,37.85669,113.37733,Tong_YellowRiver,,,,1.379,0.0026346014279551265,11,0.018593334743306215,0.492553514800985,0.5942909332998109,1.816007299361038,0.14554002725130813,0.0009503068570359296,undisturbed,Tong et al. (2024): undisturbed cores for Ks and bulk density; retention taken to be on the same cores
TG_472_0,TG_472,silt loam,0.8971926024425133,1.2788573652292201,6.1174604228255035e-21,0.48519144070660697,8.070305606801957,75.40506938317158,16.524625010026472,2.28,5.0,37.70814,113.68108,Tong_YellowRiver,,,,1.133,0.007600770314308555,11,0.02461642001690285,0.4861833171752524,0.5679160612488103,1.01,0.34722129378092476,0.005707549107867031,undisturbed,Tong et al. (2024): undisturbed cores for Ks and bulk density; retention taken to be on the same cores
TG_473_0,TG_473,silt loam,0.6991975061347819,1.3689740314671601,3.3663311868657796e-12,0.4079844303041866,3.3782900361061663,71.61592694284363,25.005783021050203,2.04,5.0,37.37303,113.63578,Tong_YellowRiver,,,,1.376,0.001076827604999295,11,0.0021698883982662195,0.4091989840845386,0.6206207610846184,1.230803991387284,0.3143294722660016,0.0002587709946601642,undisturbed,Tong et al. (2024): undisturbed cores for Ks and bulk density; retention taken to be on the same cores
TG_474_0,TG_474,silt loam,0.37876357105792574,1.341907190934502,2.957299713743013e-10,0.4172582233127248,4.358160045311109,73.52941176470588,22.11242818998301,0.6599999999999999,5.0,37.21339,113.50072,Tong_YellowRiver,,,,1.361,0.00047761032644325936,11,0.0018673015216104432,0.41802034190234144,0.35965524668225846,1.2824449559039623,0.27346735547833445,0.00017310851849783264,undisturbed,Tong et al. (2024): undisturbed cores for Ks and bulk density; retention taken to be on the same cores
TG_475_0,TG_475,silt loam,0.5739225607341145,1.3383082245942723,0.03805726831495335,0.4909543231039664,4.106945421650417,73.88782792240426,22.005226655945325,1.5,5.0,36.977,113.34264,Tong_YellowRiver,,,,1.237,0.0023551331748617407,11,0.015387769655750519,0.4884361276816993,0.7716154501699898,1.7826110801265598,0.15747520487662608,0.0006486356611376894,undisturbed,Tong et al. (2024): undisturbed cores for Ks and bulk density; retention taken to be on the same cores
