layer_id,profile_id,texture_class,alpha_kpa,n,thetar,thetas,sand,silt,clay,ksat_cmh,depth_cm,rmse,sample_type,sample_type_source,thetar_m,thetas_m,alpha_kpa_m,n_m,m,rmse_m
UNSODA_1010,UNSODA_P101,loamy sand,0.2807914519426291,2.336203248124778,0.0690000009999994,0.3703300171165841,83.0,14.000000000000002,3.0,7.129166666666666,12.0,0.0120089774635264,undisturbed,UNSODA lab comment: undisturbed samples,0.0690000009999999,0.3640239706670997,0.3417161178185059,3.3251310991467085,0.346656656841083,0.0116212591274608
UNSODA_1011,UNSODA_P101,loamy sand,0.2977550399999048,2.848546080451305,0.0573000009999999,0.4038802118029133,82.5,14.499999999999998,3.0,12.916666666666666,41.0,0.0143634209764136,undisturbed,UNSODA lab comment: undisturbed samples,0.0573000009999999,0.3935924984228252,0.3997207569758376,5.926470666710817,0.228000081017758,0.0118064734914321
UNSODA_1012,UNSODA_P101,loamy sand,0.3158867241390962,2.613976554408468,0.0479000009999999,0.3748266402319131,82.5,15.0,2.5,8.625,75.0,0.014169064401843,undisturbed,UNSODA lab comment: undisturbed samples,0.0479000009999999,0.364262004718084,0.4210548086321518,5.320442419154731,0.2308463339592047,0.0121859452150895
UNSODA_1013,UNSODA_P101,loamy sand,0.350489017010424,2.509807925522308,0.0314000009999999,0.37494625444816,85.0,13.0,2.0,6.708333333333333,107.5,0.0102766375059062,undisturbed,UNSODA lab comment: undisturbed samples,0.0314000009999999,0.3636061048503925,0.4775775286825863,5.65965178838943,0.1993003682426075,0.0074459084008074
UNSODA_1014,UNSODA_P101,sand,0.3222328287605208,2.6281200435131034,0.0265000009999999,0.3671864491276275,87.0,11.0,2.0,8.291666666666666,128.5,0.0079591716644785,undisturbed,UNSODA lab comment: undisturbed samples,0.0265000009999999,0.360102603230302,0.4271763548158402,4.5294093337882515,0.2722861898264037,0.0048654985073403
UNSODA_1015,UNSODA_P101,loamy sand,0.3832586864207385,1.5986821080874898,0.1042227324986313,0.2632998606182024,82.0,12.0,6.0,2.5166666666666666,144.0,0.0030782620021651,undisturbed,UNSODA lab comment: undisturbed samples,0.0893245743572613,0.2626051424293689,0.557538126122383,2.2323705539894725,0.1894272285699873,0.0028879300656112
UNSODA_1020,UNSODA_P102,sand,0.5993533900419312,2.271154393691911,0.0955000009999913,0.4037624955673093,90.0,5.500000000000001,4.5,,11.5,0.0092354643644549,undisturbed,UNSODA lab comment: undisturbed samples,0.0955000009999999,0.4081589306544957,0.4901882036874079,1.8566501613406667,0.7858604797164266,0.0090155488051907
UNSODA_1021,UNSODA_P102,sand,1.0541998608953376,1.86920245833571,0.0693234570037708,0.3646481216889454,89.0,5.0,6.0,,32.0,0.0056713125363025,undisturbed,UNSODA lab comment: undisturbed samples,0.0607020614694641,0.3620994502900886,1.453256130038181,2.6724573110049876,0.2537690077612708,0.0051632316807412
UNSODA_1022,UNSODA_P102,sand,1.1647354208637608,1.8768629055472223,0.0513753047136597,0.3666173221783466,89.3,6.4,4.3,,61.0,0.0055220983743075,undisturbed,UNSODA lab comment: undisturbed samples,0.0447843706285244,0.3642877412800003,1.526720014107096,2.533726915584992,0.28338159423261,0.0050513071523221
UNSODA_1023,UNSODA_P102,sand,1.386416983300071,1.901770759502734,0.0390000009999999,0.3406792928398235,94.0,4.0,2.0,,93.5,0.0080103849292612,undisturbed,UNSODA lab comment: undisturbed samples,0.0140085037040185,0.3350849679894771,2.4583370297084124,10.999999374827132,0.0497229106437506,0.0026657989192419
UNSODA_1024,UNSODA_P102,sand,1.2085417848191091,2.022153923879664,0.0430000009999999,0.3197361983431122,95.0,3.0000000000000004,2.0,,115.5,0.0050442525612801,undisturbed,UNSODA lab comment: undisturbed samples,0.0339159551151026,0.3157850133857981,1.7281758325558476,3.368468332704847,0.2244294659552632,0.003082530373437
UNSODA_1030,UNSODA_P103,loamy sand,0.309544175941245,1.7938174428015836,0.0400000009999999,0.3878979943729198,79.0,13.7,7.3,,7.5,0.0180311494349386,undisturbed,"UNSODA lab comment: undisturbed cores for the wet end, disturbed material for the dry end",0.0400000009999999,0.3628979187050989,0.415356291991827,10.999999997952573,0.0579643973857387,0.0121921288758959
UNSODA_1031,UNSODA_P103,loamy sand,0.2790857314247433,1.823160144491702,0.0400000009999999,0.362366521807934,79.0,13.2,7.8,,28.0,0.0158199168397394,undisturbed,"UNSODA lab comment: undisturbed cores for the wet end, disturbed material for the dry end",0.0400000009999999,0.341042065852106,0.3912278967085254,10.999999999998977,0.0582327982301851,0.0092387016183936
UNSODA_1032,UNSODA_P103,loamy sand,0.3023154125019777,1.7023877647246166,0.0363000009999999,0.362703659563147,80.0,12.2,7.8,,56.0,0.0117784060441403,undisturbed,"UNSODA lab comment: undisturbed cores for the wet end, disturbed material for the dry end",0.0293990987644794,0.3461793303809659,0.438487466075406,5.762980127510456,0.0917111368892016,0.0074886668574184
UNSODA_1041,UNSODA_P104,sand,0.2530053974788292,3.84610438779768,0.0633000009999999,0.3265560803106349,93.0,5.0,2.0,22.620833333333337,44.5,0.0034741062106559,undisturbed,"UNSODA lab comment: undisturbed cores for the wet end, disturbed material for the dry end",0.0633000009999999,0.3218684267713675,0.2909008992083142,5.023160499528834,0.4596651337839407,0.0021800010724336
UNSODA_1042,UNSODA_P104,sand,0.2524050852656674,4.026349297628555,0.0526000009999999,0.3348259451454723,96.0,1.0000000000000002,3.0,27.758333333333336,99.0,0.0030576987394371,undisturbed,"UNSODA lab comment: undisturbed cores for the wet end, disturbed material for the dry end",0.0526000009999999,0.3304049261972087,0.2872237873871931,5.14460815136623,0.4801118469019541,0.0015167678117645
UNSODA_1043,UNSODA_P104,sand,0.2269908151428883,4.489369558647763,0.0398000009999999,0.3146972453800359,93.0,4.000000000000001,3.0,28.829166666666666,154.5,0.0038860193651838,undisturbed,"UNSODA lab comment: undisturbed cores for the wet end, disturbed material for the dry end",0.0398000009999999,0.3097743877189789,0.2622467180132638,6.260729510416348,0.4320806557104188,0.002429843380062
UNSODA_1050,UNSODA_P105,sand,0.4394996742233997,3.1229592350886044,0.0659000009999999,0.3681973627294088,92.2,4.6,3.2,29.5,10.0,0.0081485587786765,undisturbed,UNSODA lab comment: undisturbed samples,0.0659000009999999,0.3637983550613184,0.5349815291526149,4.913811290457431,0.3501884681292936,0.0075907953305379
UNSODA_1051,UNSODA_P105,loamy sand,0.6246805361505524,2.885977610112098,0.0659000009999992,0.374363989022029,87.1,4.7,8.200000000000001,30.916666666666668,35.5,0.0083153385654313,undisturbed,UNSODA lab comment: undisturbed samples,0.0659000009999999,0.3774744987137631,0.5058298267335235,2.3735964054414556,0.979999996889926,0.0080912858120172
UNSODA_1052,UNSODA_P105,sand,0.7035537997184298,3.1345834645335016,0.0567000009999999,0.3534319715030659,90.9,2.5999999999999996,6.5,46.541666666666664,74.0,0.008304898644843,undisturbed,UNSODA lab comment: undisturbed samples,0.0567000009999999,0.3480904889899661,0.9425755622124417,6.328907327838639,0.2486647472324739,0.0067898287153651
UNSODA_1053,UNSODA_P105,sand,0.7173555828776746,3.418102165070154,0.0341000009999999,0.3419487627995412,95.1,1.2000000000000004,3.7,116.0,109.5,0.0108379705186672,undisturbed,UNSODA lab comment: undisturbed samples,0.0341000009999999,0.3398958383394725,0.8016069517130412,4.118300625444977,0.5177696027706753,0.0107585930283559
UNSODA_1054,UNSODA_P105,sand,0.7452432424589042,3.997671587964293,0.0248000009999999,0.3484586106781731,97.2,0.2999999999999999,2.5,174.0,137.0,0.0094167705267938,undisturbed,UNSODA lab comment: undisturbed samples,0.0248000009999999,0.3453673616905008,1.0326198994658895,9.7435362340048,0.2020177795050545,0.0084523605875329
UNSODA_1060,UNSODA_P106,sand,0.4095730539472827,3.167308181956936,0.0590000009999999,0.3549740112728966,93.0,5.0,2.0,35.5,10.0,0.0072622245618223,undisturbed,UNSODA lab comment: undisturbed samples,0.0590000009999999,0.3494325813829431,0.5516346758002869,8.258773417012328,0.1875140243547979,0.0048167667642747
UNSODA_1061,UNSODA_P106,sand,0.4612327302999192,3.3350359362793576,0.0455000009999999,0.3384162747575978,91.0,5.0,4.0,29.083333333333332,29.0,0.0083809731474704,undisturbed,UNSODA lab comment: undisturbed samples,0.0455000009999999,0.3322643263222112,0.5992342827027072,10.999999999915133,0.157836520247155,0.0068094853126908
UNSODA_1062,UNSODA_P106,loamy sand,0.4899897381004114,3.049429519927756,0.0659000009999996,0.3295152898614519,88.0,4.999999999999999,7.000000000000001,43.458333333333336,57.0,0.0053746414468865,undisturbed,UNSODA lab comment: undisturbed samples,0.0659000009999999,0.3279321256757604,0.5357357192981045,3.5363679836896376,0.5293948182055788,0.0052729496507226
UNSODA_1063,UNSODA_P106,sand,0.510877353921484,3.256695558540768,0.0401000009999999,0.3547464120900885,93.0,3.0000000000000004,4.0,68.91666666666667,114.0,0.0083422313952177,undisturbed,UNSODA lab comment: undisturbed samples,0.0401000009999999,0.3527011961562803,0.5598972134592847,3.836560239574758,0.532092214835047,0.0082340006420823
UNSODA_1070,UNSODA_P107,sand,0.5981923679181913,2.5273273753826393,0.0747377354472079,0.4505221641393686,92.8,4.99999999999999,2.1999999999999997,100.0,7.5,0.0055212796292827,undisturbed,UNSODA lab comment: undisturbed samples,0.0751000009999999,0.4511818137626674,0.5788502887253059,2.439320770533837,0.64492200514614,0.0055075130513136
UNSODA_1071,UNSODA_P107,sand,0.5003964025222195,2.8616800893574617,0.0558000009999999,0.3055072907888129,91.8,3.5000000000000004,4.7,19.791666666666668,22.5,0.0054492716131888,undisturbed,UNSODA lab comment: undisturbed samples,0.0558000009999999,0.3032041003451279,0.5594951047457521,3.4982348983582083,0.4786761044688369,0.005241887154019
UNSODA_1072,UNSODA_P107,sand,0.6251709306380143,2.6718898095860952,0.0496000009999999,0.3184327443907062,92.5,2.1999999999999997,5.3,58.208333333333336,50.5,0.0043751073589349,undisturbed,UNSODA lab comment: undisturbed samples,0.0496000009999999,0.3191658622504372,0.5988040048636639,2.5366545168562853,0.6837409083537882,0.0043547837890771
UNSODA_1073,UNSODA_P107,sand,0.6680929877128825,2.9163825178718374,0.0300000009999979,0.3114021147996479,96.4,0.5999999999999999,3.0,86.91666666666667,81.0,0.005652784889326,undisturbed,UNSODA lab comment: undisturbed samples,0.0300000009999999,0.3104500653981626,0.7041288925738622,3.1459060264510557,0.5798916207164554,0.0056248438048767
UNSODA_1074,UNSODA_P107,sand,0.9183161322787758,2.5785029427736355,0.0241000009999999,0.3525493096560569,97.3,0.1999999999999998,2.5,153.0,101.5,0.0042349198057378,undisturbed,UNSODA lab comment: undisturbed samples,0.0241000009999999,0.3566093353703068,0.7447610830192389,2.091131589260442,0.8867797242883179,0.0036963816553028
UNSODA_1075,UNSODA_P107,sand,0.8535908407658497,2.5857955694760753,0.0494000009999918,0.3517099784308876,94.1,0.5999999999999999,5.3,117.0,131.0,0.0075767057156606,undisturbed,UNSODA lab comment: undisturbed samples,0.0494000009999999,0.3574411812067896,0.6551454190155306,1.9768933518951637,0.98,0.0066473125330755
UNSODA_1090,UNSODA_P109,loamy sand,0.5200802784160695,1.5308392245882791,0.0435922534995335,0.3769628064205906,78.5,16.499999999999996,5.0,3.6,12.5,0.0090775099277832,undisturbed,UNSODA lab comment: undisturbed samples,0.0341784612781216,0.3663652430644141,0.6941994343018941,3.1679861773963864,0.1373575229769392,0.0077668605344193
UNSODA_1091,UNSODA_P109,sandy loam,0.7401663101468509,1.2847386727949546,0.0660823639750758,0.3043980550183736,67.0,17.0,16.0,3.1208333333333336,38.0,0.0039586245013398,undisturbed,UNSODA lab comment: undisturbed samples,0.0566733351565131,0.3012431032146812,0.9121836794070212,1.7665396100073958,0.1395233817497543,0.0037650904370767
UNSODA_1092,UNSODA_P109,sandy clay loam,0.2951205070687247,1.085649008283632,1.1162916159919375e-16,0.3529545927464795,57.49999999999999,14.499999999999996,28.000000000000004,0.2304166666666667,74.0,0.0044465816622683,undisturbed,UNSODA lab comment: undisturbed samples,1.493098626220215e-18,0.353607306764571,0.2783610293330365,1.01,0.0864058708774231,0.0042000528495923
UNSODA_1100,UNSODA_P110,sand,0.3657812882294459,2.959408953969728,0.0810000009999999,0.3036740575662242,88.8,5.9,5.3,,13.5,0.0091798052681875,undisturbed,UNSODA lab comment: cores sampled in the field,0.0810000009999999,0.2991493916156217,0.5618724015321833,10.999999998454207,0.113825122784943,0.0045253882289301
UNSODA_1101,UNSODA_P110,sandy loam,0.8670251166735632,1.5801756722799645,0.0925906026135081,0.2455220636834135,80.3,8.3,11.4,,32.5,0.0060000558242357,undisturbed,UNSODA lab comment: cores sampled in the field,0.0779220793952973,0.2445161670651053,1.5343185622712818,10.976681805329376,0.0344619331322367,0.0055582186742002
UNSODA_1102,UNSODA_P110,sandy clay loam,1.6219060945565544,1.2972887363375267,0.1217463808092439,0.3467433515185977,69.7,7.999999999999999,22.3,,45.5,0.005168905024902,undisturbed,UNSODA lab comment: cores sampled in the field,0.143669203840402,0.3465434126806774,0.8775296636636017,1.01,0.4327843375573504,0.0049889357444572
UNSODA_1103,UNSODA_P110,sandy clay loam,0.8545554165485295,1.6195767022713796,0.2319349085508225,0.4103182483279491,65.2,5.699999999999999,29.1,,80.0,0.0038756430198462,undisturbed,UNSODA lab comment: cores sampled in the field,0.2162117482684852,0.409009111875406,1.5037706987040491,10.91238825485563,0.037123244991044,0.0028526562457543
UNSODA_1104,UNSODA_P110,sandy clay loam,1.4510123213704955,1.1577254826068435,0.1325492479167928,0.3839179600581153,68.10000000000001,2.200000000000002,29.7,,129.5,0.0047968946584499,undisturbed,UNSODA lab comment: cores sampled in the field,0.0057310851196877,0.3834729496523816,2.523872653026638,4.054835482433716,0.0200000000000234,0.0045692766269926
UNSODA_1110,UNSODA_P111,sand,0.234509568489371,2.8092339337091987,0.0849000009999999,0.3157172408446131,88.4,10.500000000000002,1.1,,9.0,0.0126030410831054,undisturbed,UNSODA lab comment: cores sampled in the field,0.0849000009999999,0.3079700730520864,0.3020709577372224,5.479747932728173,0.2550669216627037,0.0120847603559442
UNSODA_1111,UNSODA_P111,loamy sand,0.6076453260224123,1.56774534177177,0.0531389538907258,0.2940480473358328,83.7,14.2,2.1,,25.5,0.007323653402356,undisturbed,UNSODA lab comment: cores sampled in the field,0.0700859308897372,0.2972188328052171,0.233396279712253,1.0817072968091943,0.98,0.0063642973287065
UNSODA_1112,UNSODA_P111,sandy loam,5.556084655341943,1.118402902252564,1.01518511849207e-11,0.3948162793555401,66.8,15.300000000000002,17.9,,43.0,0.0124188621260381,undisturbed,UNSODA lab comment: cores sampled in the field,3.8609355186804536e-14,0.394666763132016,5.18263318640714,1.0100000003875116,0.1187558560756785,0.0123355142163157
UNSODA_1113,UNSODA_P111,sandy clay loam,7.361014995993678,1.0850278360570933,8.863371674672581e-10,0.4442567954026546,63.2,9.399999999999997,27.4,,61.0,0.0042452736881726,undisturbed,UNSODA lab comment: cores sampled in the field,1.642107033670081e-11,0.4441837795822413,7.072131954931488,1.0100000235502966,0.0847651192642072,0.0041508298891969
UNSODA_1115,UNSODA_P111,sandy clay loam,7.492307557073727,1.0544780292618643,4.4670738365415014e-13,0.4466098361414441,55.3,13.2,31.5,,95.5,0.0060323995131118,undisturbed,UNSODA lab comment: cores sampled in the field,6.091221305569377e-18,0.446506381749404,7.245158998356248,1.01,0.0542311710674003,0.0059865604526669
UNSODA_1116,UNSODA_P111,sandy clay loam,7.087543627606522,1.05067420439627,1.1114476249182977e-16,0.3986230111456089,59.9,11.900000000000006,28.199999999999996,,122.0,0.0089323003902295,undisturbed,UNSODA lab comment: cores sampled in the field,6.23449359151134e-17,0.3984435154586247,6.767310137025656,1.0100000000000005,0.0505363940846423,0.0088958687191969
UNSODA_1117,UNSODA_P111,sandy clay loam,7.5891788767269475,1.0552164253687983,6.368029565821841e-10,0.3770158302622822,66.19999999999999,9.500000000000004,24.3,,144.5,0.0088255656514507,undisturbed,UNSODA lab comment: cores sampled in the field,4.684224328084507e-20,0.3768380522547604,7.238870075592078,1.01,0.0550766816247003,0.0087870129560641
UNSODA_1120,UNSODA_P112,sandy loam,0.1262906172474016,1.881301225478871,0.0795147218434982,0.2893989198449517,61.4,30.00000000000001,8.599999999999989,1.5791666666666666,10.5,0.0051133381166152,undisturbed,UNSODA lab comment: undisturbed samples,0.0795242861119591,0.289405552070995,0.1261786233043992,1.8798961439835271,0.469085015705745,0.0051133366994079
UNSODA_1121,UNSODA_P112,sandy loam,0.0359631452814596,1.3324935547695729,8.348764816993985e-31,0.3240552044477244,55.00000000000001,26.9,18.1,0.2970833333333333,53.5,0.012647907292762,undisturbed,UNSODA lab comment: undisturbed samples,8.443004299081354e-19,0.3272253585773243,0.0208050607638206,1.01,0.4074195699826228,0.0100956262157957
UNSODA_1122,UNSODA_P112,sandy clay loam,0.1530273034581051,1.0524630568791076,2.1505982741387542e-14,0.3599840357110439,46.5,26.6,26.9,0.1216666666666666,103.0,0.0043317593789061,undisturbed,UNSODA lab comment: undisturbed samples,2.916387131386515e-20,0.3602472936527581,0.1489331254182251,1.01,0.052438534842668,0.0042821618114115
UNSODA_1123,UNSODA_P112,clay loam,0.0797703617340542,1.0568909457927038,9.264716226062733e-16,0.3600346487683552,34.599999999999994,33.6,31.8,0.0308333333333333,135.0,0.0029376870312263,undisturbed,UNSODA lab comment: undisturbed samples,3.1467154113931927e-21,0.3602581182007854,0.0759079116445408,1.01,0.0572205250261018,0.0028517909594317
UNSODA_1130,UNSODA_P113,sandy loam,0.6636783874095064,1.2925328180592952,1.8537438037053248e-15,0.3992336000605364,71.10000000000001,22.199999999999996,6.7,0.1141666666666666,10.0,0.0060146192445949,undisturbed,UNSODA lab comment: undisturbed samples,3.0225674911673324e-14,0.3991969388635104,0.5454120628862761,1.010000000113782,0.3031277694158737,0.0056305503723885
UNSODA_1131,UNSODA_P113,sandy loam,0.1687071604815232,1.2110483999995216,1.089516707599659e-15,0.2383874636190319,70.8,21.699999999999996,7.5,0.156,31.5,0.0044951331087712,undisturbed,UNSODA lab comment: undisturbed samples,2.831804954262396e-23,0.2392079912042884,0.1370164122436573,1.01,0.2222269452986524,0.003952151874693
UNSODA_1132,UNSODA_P113,sandy clay loam,0.0520738165019526,1.186074015027107,1.7844311491689748e-19,0.334921278325712,57.8,20.7,21.5,0.0172916666666666,58.5,0.0113641376250646,undisturbed,UNSODA lab comment: undisturbed samples,0.1360368918221104,0.3285077996474404,0.0088949521546832,1.01,0.9432857916822676,0.0107993343414627
UNSODA_1133,UNSODA_P113,sandy clay loam,0.007218874912539,3.184083596516934,0.2027163419150178,0.3223734621450198,56.099999999999994,15.300000000000002,28.6,0.0037916666666666,94.0,0.0032763139942291,undisturbed,UNSODA lab comment: undisturbed samples,0.2035429862211051,0.3229296660427387,0.0060024159912408,2.7732658060381694,0.98,0.0030132297664346
UNSODA_1134,UNSODA_P113,sandy clay,0.0089384386228029,2.345088352077009,0.2660345560854623,0.3667230246598238,48.9,10.599999999999998,40.5,0.0007916666666666,125.5,0.0040715620288748,undisturbed,UNSODA lab comment: undisturbed samples,0.2680311412106408,0.3678598430255659,0.0063101203205979,1.902945734642524,0.98,0.0035661658519683
UNSODA_1135,UNSODA_P113,sandy clay,0.0099844708915227,2.4745014325941854,0.2647687014725484,0.4103304394466502,50.0,9.000000000000002,41.0,0.0059166666666666,160.0,0.0041170302396234,undisturbed,UNSODA lab comment: undisturbed samples,0.2671237107840811,0.4116043615553966,0.0073177101448918,2.036203027973076,0.9799999999998024,0.0036957801068145
UNSODA_1140,UNSODA_P114,sand,0.2652013280112784,3.7765428219688055,0.0681000009999998,0.3786126329881408,92.0,6.0,2.0,7.391666666666667,11.5,0.0084409568507302,undisturbed,UNSODA lab comment: undisturbed samples,0.0681000009999998,0.3730768144041879,0.354527458901283,9.64803155964998,0.1863538837698481,0.0044700227124853
UNSODA_1141,UNSODA_P114,sand,0.2225117778374116,3.5722668622901232,0.0807000009999998,0.2903706206264622,90.0,8.0,2.0,1.6083333333333334,29.5,0.0074175676063265,undisturbed,UNSODA lab comment: undisturbed samples,0.0794066582648848,0.286372277268841,0.2948014108552583,8.153126326610586,0.2122998976073413,0.0055495027870716
UNSODA_1142,UNSODA_P114,sand,0.1952136061844945,3.0146145011708403,0.0942000009999999,0.2390779301563534,87.0,10.0,3.0,0.5583333333333333,46.0,0.0051524719021858,undisturbed,UNSODA lab comment: undisturbed samples,0.0893619337075352,0.2354378054397252,0.2795002888593779,9.45645560279984,0.1344065250651785,0.0035983834320943
UNSODA_1143,UNSODA_P114,loamy sand,0.2595843435750694,2.23226849736949,0.1343474838525805,0.2627017429487397,81.0,9.0,10.0,0.9791666666666666,62.5,0.005199720799415,undisturbed,UNSODA lab comment: undisturbed samples,0.1382251266087548,0.2643655979460629,0.1806482705668295,1.7756303135499336,0.98,0.0051244984332727
UNSODA_1160,UNSODA_P116,loamy sand,1.170166585757239,1.4203439051681197,0.0505000009999997,0.404794497896658,79.0,13.0,8.0,23.25,10.5,0.0114025097108897,undisturbed,"UNSODA lab comment: undisturbed cores for the wet end, disturbed material for the dry end",0.0505000009999987,0.3578154306106598,1.0015223359557093,5.800191594820715,0.0687540481654294,0.0096009717610453
UNSODA_1161,UNSODA_P116,sandy loam,1.3450592237190584,1.3170684218667748,0.1446000009999999,0.2855467869289502,64.0,18.0,18.0,2.4,26.5,0.0177216376070823,undisturbed,"UNSODA lab comment: undisturbed cores for the wet end, disturbed material for the dry end",0.1446000009999999,0.2658849266486666,0.9281865793283168,5.249349335573976,0.059242382483765,0.0174985089730691
UNSODA_1162,UNSODA_P116,clay,0.4169186952990625,1.287271863586348,0.2899000009999997,0.4138845384191019,38.0,13.0,49.0,3.891666666666667,40.5,0.0134479661614466,undisturbed,"UNSODA lab comment: undisturbed cores for the wet end, disturbed material for the dry end",0.280094137959315,0.4064297144588003,0.4906419880417799,4.218738154826845,0.053353675616229,0.0132474588335572
UNSODA_1163,UNSODA_P116,clay,1.5003320061871748,1.0970616331262764,0.1810160636711431,0.4122576624330528,41.0,12.0,47.0,4.625,64.5,0.0072186272286742,undisturbed,"UNSODA lab comment: undisturbed cores for the wet end, disturbed material for the dry end",0.1539446247550331,0.4009331409486695,1.1023734037443016,2.815439879180447,0.0285200267586998,0.0071475513749811
UNSODA_1164,UNSODA_P116,sandy clay loam,0.0732633983743844,1.0814148990249712,8.910631619894703e-15,0.3636163890902135,50.0,18.0,32.0,0.0267916666666666,95.0,0.0061258739285301,undisturbed,"UNSODA lab comment: undisturbed cores for the wet end, disturbed material for the dry end",1.1489981124257816e-14,0.3641228319297621,0.0678188843861863,1.01,0.0826178607702076,0.006046206228603
UNSODA_1165,UNSODA_P116,sandy clay loam,0.6631895468511128,1.0423601810873795,2.8019191882676375e-15,0.3541013745470292,56.00000000000001,19.0,25.0,0.0595833333333333,127.5,0.0153859204167504,undisturbed,"UNSODA lab comment: undisturbed cores for the wet end, disturbed material for the dry end",6.704066043630826e-12,0.3543425398032943,0.6569129202924123,1.0100000022427331,0.0421497223746072,0.0153846982009261
UNSODA_1166,UNSODA_P116,sandy clay loam,0.3553940554520001,1.2757501962161228,0.2177000009999999,0.3646151683295383,61.0,19.0,20.0,0.4875,187.5,0.0188411926449352,undisturbed,"UNSODA lab comment: undisturbed cores for the wet end, disturbed material for the dry end",0.2177000009999999,0.3541025982960236,0.3595512724899881,8.262437953852388,0.0310970613889943,0.0183099288437485
UNSODA_1170,UNSODA_P117,sandy loam,0.2229676064591077,2.073606150938553,0.1637311889359721,0.3257359120888976,73.1,20.0,6.9,,10.5,0.0043130541582575,undisturbed,UNSODA lab comment: cores sampled in the field,0.1385928211367611,0.3212972389431552,0.3906528215607544,10.14027413822938,0.0532315869092116,0.003216203273339
UNSODA_1171,UNSODA_P117,sandy clay loam,5.24778941951027,1.1435141168408938,0.1403302528748786,0.3902660873902007,60.8,18.000000000000004,21.2,,29.5,0.002594676891858,undisturbed,UNSODA lab comment: cores sampled in the field,0.1522459839097628,0.3902505924153193,4.50669039617532,1.010000000000001,0.1575182533206913,0.0025790851816472
UNSODA_1172,UNSODA_P117,clay loam,20.88911858019419,1.0472596413350308,0.0858741773368001,0.5186856698839064,41.7,19.59999999999999,38.7,,56.5,0.0024221766021709,undisturbed,UNSODA lab comment: cores sampled in the field,0.1027840133989583,0.5186833785020375,20.02075191150936,1.0100000000000005,0.0493570864317155,0.0024206708084591
UNSODA_1173,UNSODA_P117,clay loam,0.5058517265720236,1.155527498545042,0.3015090282650134,0.4785075791741613,38.0,23.0,39.0,,92.5,0.0018360803179084,undisturbed,UNSODA lab comment: cores sampled in the field,0.3685495708217511,0.4781196207696742,0.2309303112114381,1.01,0.3983929824867097,0.0017149275215466
UNSODA_1174,UNSODA_P117,sandy clay,0.2176388749089178,1.399091895465498,0.3423779647384492,0.4718702784085035,53.0,11.099999999999998,35.9,,,0.0021212668838599,undisturbed,UNSODA lab comment: cores sampled in the field,0.3721202682519139,0.472446975339387,0.076561847225965,1.0981226422607568,0.9799999999944649,0.0016146705628543
UNSODA_1180,UNSODA_P118,clay loam,31.622776601683196,1.0923215376067077,0.1214590216355416,0.4888109569333271,40.0,21.999999999999996,38.0,8.958333333333334,12.5,0.0043091909673355,undisturbed,UNSODA lab comment: undisturbed samples,0.1208428360030369,0.4888735107803685,31.622776601655776,1.0100000443551478,0.0911878251389606,0.0042837410287183
UNSODA_1181,UNSODA_P118,clay,31.62277660168378,1.0605684605672356,0.0262143211872323,0.5401656253725401,30.000000000000004,21.999999999999996,48.0,7.416666666666667,37.5,0.0093865396131895,undisturbed,UNSODA lab comment: undisturbed samples,0.0255181920881091,0.5402190149191032,31.62277660168378,1.01,0.0598701863679833,0.0093777022553444
UNSODA_1182,UNSODA_P118,clay,23.971764507209112,1.0460136230906234,2.6612468257362287e-21,0.5772684230753968,32.99999999999999,13.0,54.0,0.0520833333333333,62.5,0.0069613015562371,undisturbed,UNSODA lab comment: undisturbed samples,1.8196831827173003e-15,0.5772594668925874,23.810939333336847,1.01,0.0455953890947507,0.0069582502261466
UNSODA_1183,UNSODA_P118,sandy clay loam,8.465039424338878,1.07542328641461,0.1755922758135648,0.5214787135135025,50.0,18.0,32.0,0.005375,90.0,0.003743425653497,undisturbed,UNSODA lab comment: undisturbed samples,0.161443556701208,0.5213013078093565,9.42211400740992,3.5187764968439654,0.0200000000485776,0.0036647140992678
UNSODA_1184,UNSODA_P118,sandy clay loam,5.054125776678504,1.0762578973491383,1.7736324251710552e-13,0.5322602539216993,47.0,20.0,33.0,0.0093333333333333,122.5,0.0095627997307282,undisturbed,UNSODA lab comment: undisturbed samples,3.695581449038097e-12,0.5320549752190061,4.8418887689026215,1.0100000000000144,0.0759857048060161,0.0094729032997527
UNSODA_1190,UNSODA_P119,loam,0.1215007524405483,3.5511157532567297,0.2776996970322167,0.3558697547099113,31.999999999999996,46.00000000000001,22.0,,12.5,0.0011896256283386,undisturbed,UNSODA lab comment: cores sampled in the field,0.1184561162452332,0.3550627782454862,0.1995640956291435,7.53457811473558,0.0369112789763082,0.0007357935511226
UNSODA_1191,UNSODA_P119,clay loam,0.4718876205665382,2.219753309112165,0.307900001,0.3791700643424758,24.0,40.3,35.699999999999996,,29.0,0.0047053493599411,undisturbed,UNSODA lab comment: cores sampled in the field,0.307900001,0.381434684134845,0.3127688246711909,1.6775461340485405,0.9799999999999498,0.004651694662053
UNSODA_1192,UNSODA_P119,clay loam,0.6287110671869517,1.3054604485796857,0.3299223875428193,0.3956941713378041,24.5,36.0,39.5,,52.0,0.0031752938856185,undisturbed,UNSODA lab comment: cores sampled in the field,0.323402496567293,0.3944179917426109,0.7382926010317269,1.5903087709616814,0.1537140063439696,0.0031744025861666
UNSODA_1193,UNSODA_P119,clay loam,0.1328497663952266,1.073999015077246,2.3516669771212705e-10,0.3857361491002039,34.3,31.7,34.0,,87.5,0.0011984975475416,undisturbed,UNSODA lab comment: cores sampled in the field,0.0003325264917521,0.3861341229636365,0.1180858639927154,1.01,0.0769678238419321,0.0011710839040856
UNSODA_1194,UNSODA_P119,clay loam,0.0880137939026963,1.0926823863044597,8.701938004026349e-06,0.4033084729157895,36.0,28.300000000000004,35.699999999999996,,130.5,0.0014324744657223,undisturbed,UNSODA lab comment: cores sampled in the field,0.106024425835298,0.4037878944914374,0.066614514437002,1.01,0.1458055788665888,0.0014092144975202
UNSODA_1200,UNSODA_P120,sandy loam,0.1022747630283143,2.5834256731191467,0.1695655415359711,0.3307301233178891,60.7,24.800000000000004,14.499999999999998,,15.0,0.0019303513573453,undisturbed,UNSODA lab comment: cores sampled in the field,0.1145460643992431,0.329377893557566,0.1530602183549544,3.5631891328288208,0.1814790346033036,0.0015441032552419
UNSODA_1201,UNSODA_P120,sandy clay loam,0.4555444595729993,1.096968242299376,1.976768810795463e-13,0.3728534860592122,52.7,23.5,23.799999999999997,,53.0,0.0018184691069538,undisturbed,UNSODA lab comment: cores sampled in the field,1.3122496127493072e-08,0.3737610341689809,0.4123904905620337,1.0100000000006222,0.0999468971037071,0.0017943331155936
UNSODA_1202,UNSODA_P120,sandy loam,0.1731162845971545,1.8588173647038115,0.1946358323655173,0.2917117417668337,64.7,17.299999999999997,18.0,,87.5,0.0005251098438026,undisturbed,UNSODA lab comment: cores sampled in the field,0.184110199771999,0.2914042017831233,0.2145048184507781,2.0688031864262477,0.3012640762878267,0.000494969618234
UNSODA_1203,UNSODA_P120,loamy sand,0.1640131457450305,2.293417635611073,0.1213165017670748,0.2899531263222254,80.3,11.7,8.0,,111.0,0.0009317290028068,undisturbed,UNSODA lab comment: cores sampled in the field,0.1161388636078276,0.2895153603046634,0.1819108957909508,2.453537105483131,0.4537921309879676,0.0008907177940017
UNSODA_1204,UNSODA_P120,sandy loam,0.17663366041813,2.173716836268032,0.1331272004769403,0.2768951187810575,77.7,9.3,13.0,,137.5,0.0006822253171435,undisturbed,UNSODA lab comment: cores sampled in the field,0.1222962413458754,0.2762611034093669,0.2181232804487606,2.499232602866808,0.34550087564436,0.0005282313158957
UNSODA_1210,UNSODA_P121,sandy loam,0.081322958167755,3.1325191980753355,0.2181006392403849,0.3394920725437669,56.7,30.6,12.7,,12.5,0.0013935946731086,undisturbed,UNSODA lab comment: cores sampled in the field,0.215546904282164,0.3393416849026364,0.089061797084206,3.310554700607059,0.5390611330347008,0.0013869501415279
UNSODA_1211,UNSODA_P121,loam,0.0646463328587792,1.4408075726394267,0.0445002874660279,0.3975400104390237,49.7,30.8,19.5,,42.5,0.0163264784091698,undisturbed,UNSODA lab comment: cores sampled in the field,1.907925656783938e-12,0.3972674544335389,0.0724494734542277,1.481779215646971,0.2374596802114558,0.0163256496015332
UNSODA_1212,UNSODA_P121,loam,0.1017484518378077,1.613283257607883,0.2270935347298379,0.4136705894969755,48.2,30.600000000000005,21.2,,81.5,0.0042519694006873,undisturbed,UNSODA lab comment: cores sampled in the field,0.2652650582568007,0.4144674462508629,0.055996852054784,1.4282682139570753,0.9793926203919092,0.0042361474490196
UNSODA_1213,UNSODA_P121,clay loam,0.1878526853608446,1.4124626345164704,0.3354578913218395,0.4669558709207597,32.3,34.0,33.7,,123.0,0.0018919371267157,undisturbed,UNSODA lab comment: cores sampled in the field,0.368036649708533,0.4685752853822778,0.0745112766100216,1.133478536321464,0.9799997224200856,0.0017576957160586
UNSODA_1280,UNSODA_P128,silt loam,0.0641437132685749,1.5305271253983797,0.0537591476082931,0.4110218230648658,24.66976744186047,61.730232558139534,13.6,0.8708333333333332,17.5,0.0080015056210806,undisturbed,"UNSODA lab comment: undisturbed cores for the wet end, disturbed material for the dry end",0.0720692557885186,0.4182712855783051,0.0367836560038976,1.1526217397425125,0.6644246643586875,0.0074646296256973
UNSODA_1281,UNSODA_P128,silt loam,0.0483660550649259,1.8425169544225224,0.0758265000219561,0.3894588212917376,17.848837209302324,62.85116279069767,19.3,0.4375,45.0,0.011906053671499,undisturbed,"UNSODA lab comment: undisturbed cores for the wet end, disturbed material for the dry end",0.0834000009999997,0.3993286529620022,0.0263204553224529,1.2857798804839025,0.9799999999998348,0.0110583812818724
UNSODA_1282,UNSODA_P128,silt loam,0.1736780706989696,1.127738870305355,1.4372065413241308e-15,0.3995089317697037,18.655813953488376,56.64418604651162,24.7,18.208333333333332,100.0,0.0062331447786418,undisturbed,"UNSODA lab comment: undisturbed cores for the wet end, disturbed material for the dry end",4.447083793539769e-16,0.4017900443877519,0.1640481688258551,1.01,0.129421538524895,0.0059841031339838
UNSODA_1290,UNSODA_P129,sand,0.3213866558301646,3.0906621424858005,0.0900000009999998,0.4107833377705215,90.27049180327867,5.429508196721312,4.3,5.041666666666667,12.5,0.0092515734600311,undisturbed,GSHP disturbed_undisturbed field,0.0900000009999999,0.4099693488823675,0.4040998105796004,8.012998251061099,0.2058015074354319,0.0082687811795339
UNSODA_1300,UNSODA_P130,clay loam,0.3281250095815367,1.2338808407356316,3.1623886812229246e-17,0.3970746449409675,38.8,29.799999999999997,31.4,,,0.009271257993467,disturbed,UNSODA lab comment: packed or disturbed samples,2.579545022037896e-16,0.4043204008194568,0.2520707497117148,1.0100000000000016,0.2642429230154451,0.0092185247134096
UNSODA_1301,UNSODA_P130,clay loam,0.1723339008927832,1.6897315124818335,0.2089571147854566,0.373790189059731,38.8,29.799999999999997,31.4,,,0.0059203370760419,disturbed,UNSODA lab comment: packed or disturbed samples,3.631126906859621e-15,0.3719203510726094,0.3320083140501798,2.4094487476367803,0.0625837334003337,0.0058636486313495
UNSODA_1310,UNSODA_P131,sand,0.2545447491498608,7.249696182199624,0.0366029238373077,0.1509110015510509,95.6,2.4,2.0,,,0.0038277461023495,disturbed,UNSODA lab comment: packed or disturbed samples,0.0204910014296522,0.1471551228044531,0.2872980268263437,10.15620046222514,0.3201803563125341,0.0037769248776173
UNSODA_1320,UNSODA_P132,clay,0.0029732495360344,3.0006872353141585,0.2597755262211697,0.3220090129707834,7.441860465116279,38.058139534883715,54.50000000000001,,37.5,1.1979930242147776e-05,unknown,no preparation stated in UNSODA or GSHP,0.022314411189041,0.3220033835259452,0.0062064095792453,3.929598805367806,0.025228923371912,4.493877322904146e-06
UNSODA_1330,UNSODA_P133,silt loam,0.0322411644465022,1.7266761011483265,0.0600000009999777,0.3858318002897767,22.183606557377058,68.61639344262295,9.2,1.4583333333333333,17.5,0.0238273658524571,unknown,no preparation stated in UNSODA or GSHP,0.0600000009999999,0.3786234613840449,0.0393046404465223,2.6217087591734387,0.2524856772646349,0.0233835770809764
UNSODA_1331,UNSODA_P133,silt loam,0.2637803429598253,1.1188513199534575,4.342676953066734e-21,0.3856451894872814,17.98360655737705,59.01639344262295,23.0,1.6666666666666667,67.5,0.0074457567310638,undisturbed,GSHP disturbed_undisturbed field,3.2601489957847522e-18,0.3890262741386562,0.2691284470821534,1.01,0.1188371590532303,0.0073117245494447
UNSODA_1340,UNSODA_P134,silt loam,0.1117811427528175,1.219797700261608,1.0982193520332449e-17,0.383579679347968,28.749999999999996,55.05,16.2,,15.0,0.0042620581287748,undisturbed,UNSODA lab comment: undisturbed samples,0.0046752865358623,0.3885231982580227,0.0949860579630888,1.01,0.2347469379077112,0.0036539835481811
UNSODA_1341,UNSODA_P134,silt loam,0.2260553521314186,1.2241994693108706,3.4889229709290685e-24,0.3858980680942018,24.324999999999996,60.075,15.6,,37.0,0.0063710186412022,undisturbed,UNSODA lab comment: undisturbed samples,6.424192280218076e-22,0.3924017891582322,0.2044505637275102,1.01,0.2314278680208732,0.0057633267005113
UNSODA_1342,UNSODA_P134,silt loam,0.3116629971876924,1.2136889652652054,1.7778479965039702e-23,0.3929774607665149,22.424999999999994,61.275,16.3,,47.0,0.0078609496066511,undisturbed,UNSODA lab comment: undisturbed samples,1.3771347122124562e-24,0.3993763684384467,0.2860767570838324,1.0100000000000002,0.2196339190427249,0.0073179324226285
UNSODA_1350,UNSODA_P135,silt loam,0.394417014849509,1.2273382702501188,8.13294800066244e-12,0.4685433683469566,29.525,53.474999999999994,17.0,,15.0,0.006916742051176,undisturbed,UNSODA lab comment: undisturbed samples,4.4088316223685545e-11,0.4796284680753005,0.3819349301171383,1.0100000000025728,0.2317959837552937,0.0066007233808867
UNSODA_1351,UNSODA_P135,silt loam,0.1113284302245455,1.2666986968330562,0.0382740825967327,0.375656904738577,27.249999999999996,55.75,17.0,,37.0,0.0042860885952586,undisturbed,UNSODA lab comment: undisturbed samples,0.0796555098923861,0.3786089984368,0.0622031068793917,1.01,0.4050031983059828,0.0034249098900717
UNSODA_1352,UNSODA_P135,silt loam,0.1221865032067799,1.3122422396676925,0.0524058049454775,0.3848594028562561,25.875000000000004,56.725,17.4,,47.0,0.0052551377834739,undisturbed,UNSODA lab comment: undisturbed samples,0.0884446527921981,0.3885136042503618,0.0621843601685642,1.01,0.4892347646649239,0.0040461085623164
UNSODA_1360,UNSODA_P136,clay,0.0418447618983302,1.111183176310142,3.790535966434038e-17,0.4467971946249985,18.5953488372093,37.9046511627907,43.5,0.0708333333333333,10.0,0.0043550901037213,undisturbed,"UNSODA lab comment: undisturbed cores for the wet end, disturbed material for the dry end",1.1746335449439152e-10,0.4480645232620158,0.0378790612519436,1.0100000000000022,0.1137374699985623,0.0042656495117167
UNSODA_1361,UNSODA_P136,silty clay,0.0438883903318902,1.2577715349645509,0.1645984153883065,0.4330691897880428,19.534883720930228,40.16511627906977,40.3,0.5708333333333333,10.0,0.0051666105598016,undisturbed,"UNSODA lab comment: undisturbed cores for the wet end, disturbed material for the dry end",0.2174092473317907,0.4349478531867295,0.0209181024589252,1.010000000000666,0.4851430136873852,0.0048776424362012
UNSODA_1362,UNSODA_P136,clay loam,0.2645101229802439,1.1272475824361574,8.122744775051846e-14,0.4734275748988115,23.102325581395355,44.69767441860464,32.2,9.458333333333334,17.5,0.0064842128237452,undisturbed,"UNSODA lab comment: undisturbed cores for the wet end, disturbed material for the dry end",3.9503844399797616e-08,0.4769836474674994,0.2600488560262859,1.0100000003383445,0.1279636004215041,0.0064009083002776
UNSODA_1370,UNSODA_P137,loam,0.0891867282746211,1.1427959075362537,9.45057102604385e-18,0.5662896856230213,45.75581395348838,28.34418604651162,25.9,2.4583333333333335,7.0,0.0111842373322664,undisturbed,"UNSODA lab comment: undisturbed cores for the wet end, disturbed material for the dry end",5.523877288220657e-22,0.5695343244532216,0.0807880628229284,1.01,0.1463620046731952,0.0107117870055353
UNSODA_1371,UNSODA_P137,clay loam,0.0277639109373836,1.379782002924027,0.2080914484085836,0.4071093234683719,23.227906976744183,42.872093023255815,33.900000000000006,0.0708333333333333,24.5,0.0036959783407783,undisturbed,"UNSODA lab comment: undisturbed cores for the wet end, disturbed material for the dry end",0.2426286836433172,0.4099520006748186,0.0094110926768368,1.0100000000000025,0.876798442822021,0.0032197460771933
UNSODA_1372,UNSODA_P137,clay loam,0.0305125940730451,1.11422344782288,3.182017979705535e-11,0.4509014886970915,20.351162790697675,44.54883720930233,35.099999999999994,,52.5,0.0062344992121457,undisturbed,"UNSODA lab comment: undisturbed cores for the wet end, disturbed material for the dry end",1.312423387854523e-13,0.4514334749852643,0.0290954993716213,1.0664221856135216,0.1088134474434291,0.0062318278592412
UNSODA_1380,UNSODA_P138,sandy loam,0.0382141535477538,1.298016555535182,1.5058714738290882e-10,0.3600192957433276,53.516279069767435,38.68372093023255,7.8,1.0,12.5,0.0047173145448347,undisturbed,"UNSODA lab comment: undisturbed cores for the wet end, disturbed material for the dry end",2.481907535680985e-13,0.3696208089342248,0.0313402326629719,1.0100000012154662,0.3199135444884718,0.0043284961728648
UNSODA_1381,UNSODA_P138,sandy loam,0.1304839007793705,1.1826397431559417,2.1035746422728648e-16,0.3144179096279315,55.02093023255814,33.77906976744187,11.2,0.9958333333333332,30.0,0.0050934917585351,undisturbed,"UNSODA lab comment: undisturbed cores for the wet end, disturbed material for the dry end",3.967389254653077e-22,0.317255335514633,0.1149379613461148,1.01,0.1889912174455488,0.004450076914202
UNSODA_1382,UNSODA_P138,sandy clay loam,0.1681687713592043,1.112663479165113,1.2272655061948904e-08,0.344694249230408,52.3953488372093,20.804651162790694,26.8,0.9958333333333332,47.5,0.007433925303595,undisturbed,"UNSODA lab comment: undisturbed cores for the wet end, disturbed material for the dry end",2.0591765272123533e-11,0.3461860423716213,0.1598593114515989,1.0100000250438528,0.1137780005614938,0.0073638116011867
UNSODA_1383,UNSODA_P138,silty clay,0.0211537324793659,1.1055616998231064,1.459141599460743e-23,0.3150810397471799,8.193023255813959,51.10697674418605,40.7,0.02,80.0,0.008150783337505,undisturbed,"UNSODA lab comment: undisturbed cores for the wet end, disturbed material for the dry end",5.009813977265591e-24,0.3156695329632457,0.0181689069327644,1.01,0.1102623337370348,0.0079498344730086
UNSODA_1390,UNSODA_P139,sandy loam,0.563297620831178,1.2550459199384298,2.832242383855664e-14,0.3676528848830355,65.22950819672131,28.17049180327869,6.6000000000000005,8.583333333333334,17.5,0.0063746089210327,undisturbed,"UNSODA lab comment: undisturbed cores for the wet end, disturbed material for the dry end",4.931442482080235e-20,0.3814449310957435,0.5763988739792885,1.0100000000027949,0.2590165816587538,0.0061956104306142
UNSODA_1391,UNSODA_P139,sandy loam,0.3281228586566492,1.2689498691554817,7.153769198314504e-17,0.3356505242175458,65.22950819672131,28.17049180327869,6.6000000000000005,22.416666666666668,17.5,0.0082530406205073,undisturbed,"UNSODA lab comment: undisturbed cores for the wet end, disturbed material for the dry end",2.3817301138607903e-16,0.3446391590469616,0.2990327606916212,1.0100000000088014,0.2786776599165806,0.0078177150605522
UNSODA_1392,UNSODA_P139,sandy loam,0.5177242097785504,1.2670212478844318,9.178602433746876e-09,0.3382284823756801,65.22950819672131,28.17049180327869,6.6000000000000005,12.458333333333334,17.5,0.0063096209690489,undisturbed,"UNSODA lab comment: undisturbed cores for the wet end, disturbed material for the dry end",0.0092458254537821,0.3484797227689127,0.4520324152850633,1.010000000000004,0.2956353853245064,0.0061826072666173
UNSODA_1400,UNSODA_P140,clay,0.0374480109717447,1.094993862591185,6.606634642434887e-17,0.4487073749297514,5.618604651162795,36.28139534883721,58.099999999999994,0.0208333333333333,47.5,0.0030214342571446,undisturbed,"UNSODA lab comment: undisturbed cores for the wet end, disturbed material for the dry end",3.1142038685736097e-10,0.44954878922513,0.0339588626887156,1.01,0.0971050618312407,0.002717886278042
UNSODA_1420,UNSODA_P142,silty clay loam,0.0957548542566394,1.3604653916112894,0.1330978818540959,0.5274134683968512,19.999999999999996,48.00000000000001,32.0,,15.0,0.005028270582715,disturbed,UNSODA lab comment: packed or disturbed samples,0.0534396438752092,0.5188750815250792,0.1582210293785741,2.600885547889301,0.0842520694420111,0.0036779386764142
UNSODA_1461,UNSODA_P146,sand,1.7906493597376565,2.507304625199339,0.0130000009999999,0.9999997585698976,99.06046511627908,0.6395348837209303,0.3,83.33333333333333,,0.0052856398846397,disturbed,UNSODA lab comment: packed or disturbed samples,0.0130000009999999,0.999998531083004,1.852918792507979,8.979250024540121,0.1655049033938036,0.0051745529286236
UNSODA_1462,UNSODA_P146,sand,1.237565125185788,2.416953646212104,0.0090000009999998,0.9999999999993467,96.61162790697676,1.7883720930232556,1.6,41.666666666666664,,0.0056356305733878,disturbed,UNSODA lab comment: packed or disturbed samples,0.0090000009999998,0.9999951015598958,1.341580651910652,10.445050120843966,0.130547447582825,0.0051264666050165
UNSODA_1463,UNSODA_P146,sand,0.598889868717036,2.562426972070632,0.0150000009999999,0.6597200512111938,97.23255813953487,1.6674418604651169,1.1,28.833333333333332,,0.0116456601997783,disturbed,UNSODA lab comment: packed or disturbed samples,0.0150000009999999,0.3904894758872786,0.4350655880445525,10.999999998246976,0.1418755252944319,0.0111647977671674
UNSODA_1464,UNSODA_P146,sand,0.2971255131070314,2.652053073871804,0.0130000009999999,0.405679885985162,93.1325581395349,4.26744186046511,2.6,8.333333333333334,90.0,0.0214606035825277,disturbed,UNSODA lab comment: packed or disturbed samples,0.0130000009999999,0.3510838398838425,0.3218790732189928,10.99999999998757,0.1330181956854774,0.0179738149302065
UNSODA_1465,UNSODA_P146,loamy sand,0.2257645042264458,1.7746188598773407,0.0230000009999825,0.3243817689418356,83.11162790697675,13.688372093023254,3.2,1.6666666666666667,,0.0028891440671565,disturbed,UNSODA lab comment: packed or disturbed samples,0.0218401030937487,0.3172012962055809,0.2416929718110611,2.0461182060749143,0.3569461569406033,0.002811389657229
UNSODA_1466,UNSODA_P146,sand,0.1485690057095511,4.447156384657485,0.0190000009999999,0.3916263265743658,91.88139534883722,6.71860465116279,1.4,8.916666666666666,,0.0111116755037463,disturbed,UNSODA lab comment: packed or disturbed samples,0.0190000009999999,0.3792888211951513,0.1878861939677357,10.999999999999762,0.2028190987825842,0.0079322598629061
UNSODA_1467,UNSODA_P146,sand,0.5212481721940232,1.3756496351205567,9.048009008995084e-23,0.314605804315387,88.79767441860466,6.202325581395349,5.0,0.4583333333333333,,0.0035524228728398,disturbed,UNSODA lab comment: packed or disturbed samples,1.8408610547208048e-17,0.3481752679710858,0.5820131644456006,1.0100000000035334,0.3855746571680061,0.0033629702188774
UNSODA_1490,UNSODA_P149,silt loam,0.0762177383370325,1.2247988249939912,0.0259561632682781,0.3980668200980387,20.27209302325582,63.927906976744175,15.8,0.3708333333333333,83.0,0.0058501019241513,undisturbed,"UNSODA lab comment: undisturbed cores for the wet end, disturbed material for the dry end",0.0637584138614408,0.4010359168981939,0.0549795409322175,1.037785360816013,0.2855066152892532,0.0057807380580318
UNSODA_2000,UNSODA_P200,loam,0.0650005319394897,1.1614274782159637,3.3567305798631696e-18,0.3578533920272657,28.15000000000001,49.95,21.9,,15.0,0.0075245809186152,undisturbed,UNSODA lab comment: undisturbed samples,1.4464213361867096e-22,0.360273229691893,0.057547618052222,1.0100000000000076,0.1667954493992313,0.0070923113520112
UNSODA_2001,UNSODA_P200,silt loam,0.1958712500404483,1.1384579841133793,1.0982394374466823e-16,0.3610827289874275,18.699999999999996,57.8,23.5,,37.0,0.006176218849281,undisturbed,UNSODA lab comment: undisturbed samples,1.90911121017807e-15,0.3632477346101455,0.1820386381951614,1.0100000018375002,0.1407783469313343,0.0059393625958944
UNSODA_2002,UNSODA_P200,silt loam,0.1173904854285143,1.1322411052711685,1.7157717619297008e-15,0.3688836749479525,16.025,59.075,24.9,,47.0,0.0062889890978063,undisturbed,UNSODA lab comment: undisturbed samples,2.0935414723285674e-20,0.3709189296283871,0.1090105180111811,1.01,0.1345678871356541,0.0060580332544112
UNSODA_2010,UNSODA_P201,loam,0.709199485588435,1.13260636151995,1.172894847031241e-21,0.4069701586717835,27.0,47.7,25.3,,15.0,0.0066376546418266,undisturbed,UNSODA lab comment: undisturbed samples,2.2671394973998136e-19,0.4106253797169183,0.7027235190485435,1.01,0.1333007481933591,0.0064342408358462
UNSODA_2011,UNSODA_P201,loam,0.0664917530424931,1.1423566784365409,2.582048350019083e-19,0.3700749296116501,24.750000000000007,49.64999999999999,25.6,,37.0,0.0077390328693252,undisturbed,UNSODA lab comment: undisturbed samples,3.4797672248218993e-20,0.3716034315547213,0.0574408801873138,1.01,0.1477864330752428,0.0072690991704996
UNSODA_2012,UNSODA_P201,loam,0.1852084134456939,1.1749495927916025,0.0313865767920843,0.3942872844017597,25.5,49.1,25.4,,47.0,0.003572585226788,undisturbed,UNSODA lab comment: undisturbed samples,0.0740116941855065,0.3960591271247562,0.1327364151372584,1.01,0.2304656228384987,0.003233872409243
UNSODA_2020,UNSODA_P202,clay,0.6713342430031856,1.4810189278047827,0.5058050479403402,0.685077622241134,4.400000000000004,33.599999999999994,62.0,12.420833333333334,23.0,0.0028478906633754,undisturbed,UNSODA lab comment: undisturbed samples,0.3171978544952485,0.6838510940741093,1.5271347180305614,6.293155785985948,0.02,0.0014409852390373
UNSODA_2021,UNSODA_P202,clay,0.4304958650433791,1.696231544044033,0.5632123244388763,0.6477154548692433,4.400000000000004,33.599999999999994,62.0,9.3625,61.0,0.0017299924326497,undisturbed,UNSODA lab comment: undisturbed samples,0.4501109724495271,0.6463722215933171,1.0133256611017711,6.739245245020642,0.02,0.0004135781321475
UNSODA_2022,UNSODA_P202,clay,0.5663191110211089,1.903227159742588,0.5545597678166507,0.6723406327373697,4.400000000000004,33.599999999999994,62.0,4.708333333333333,107.0,0.0031155953952062,undisturbed,UNSODA lab comment: undisturbed samples,0.5106359874555668,0.6705813107070414,1.1262113810995056,5.881584269211433,0.0582995822695377,0.0019600975464652
UNSODA_2100,UNSODA_P210,sand,0.6295997136694753,1.5746432296139614,0.0162291812529617,0.3717206395306496,92.4,3.4999999999999996,4.1000000000000005,15.416666666666666,15.0,0.0047860321020313,disturbed,UNSODA lab comment: packed or disturbed samples,0.0234366780523131,0.3742988170352238,0.3134315225484463,1.1401159382617458,0.7251996904720018,0.0025079317153588
UNSODA_2101,UNSODA_P210,loamy sand,1.2647743026308471,1.4088389461391635,1.1358053973128195e-10,0.4057841575494879,87.4,5.6,7.000000000000001,19.708333333333332,40.5,0.0057495041934675,disturbed,UNSODA lab comment: packed or disturbed samples,1.1358053973128195e-10,0.4057841575494879,1.2647743026308471,1.4088389461391635,0.2901956588150559,
UNSODA_2102,UNSODA_P210,loamy sand,0.9304036922881748,1.5921896289178448,0.0326878623269931,0.4158294106662022,85.2,4.3,10.5,29.833333333333332,61.0,0.0046893888517002,disturbed,UNSODA lab comment: packed or disturbed samples,0.0266772860447478,0.4150106551277459,1.3893208530457744,2.633009233743054,0.1846226317116849,0.0038701362150042
UNSODA_2103,UNSODA_P210,loamy sand,1.05475542149307,1.5062189857493706,0.0308954705546262,0.4010681436939957,84.0,5.8999999999999995,10.1,20.791666666666668,85.0,0.0068356353555753,disturbed,UNSODA lab comment: packed or disturbed samples,0.0380446539033826,0.4019419338999115,0.4341380733153686,1.01,0.7403907385694927,0.005613733437321
UNSODA_2104,UNSODA_P210,loamy sand,0.7299419095767122,1.6201072641064682,0.0331860772883125,0.3950432762031208,87.5,3.9000000000000106,8.599999999999989,23.014375,127.0,0.0068083811750804,disturbed,UNSODA lab comment: packed or disturbed samples,0.0409247447921086,0.3976118044726624,0.2627735547070232,1.0711796610680715,0.9799999999999994,0.0017852767014816
UNSODA_2105,UNSODA_P210,loamy sand,0.6510209227318686,1.5516443553716095,0.0285893424703419,0.3871062804838111,87.2,4.5,8.3,19.083333333333332,217.5,0.0152158987324373,disturbed,UNSODA lab comment: packed or disturbed samples,0.037817482070374,0.3898003897689521,0.2041993363673686,1.0100000000000853,0.9799999999998864,0.0112188463699542
UNSODA_2110,UNSODA_P211,loamy sand,0.2252962193991018,2.1607890660703335,0.1455871796162174,0.3504067225156436,78.0,18.0,4.0,0.68,11.5,0.0074525598025662,undisturbed,UNSODA lab comment: undisturbed samples,0.1210858408945649,0.3463496311271457,0.3462287389445366,4.1785213338217755,0.1614895789612058,0.0071120684535841
UNSODA_2111,UNSODA_P211,sandy loam,0.4885583071861629,1.3407491416999886,0.0881431747249777,0.2907578998780877,73.0,20.0,7.000000000000001,0.7599999999999999,29.5,0.00375230404813,undisturbed,UNSODA lab comment: undisturbed samples,0.1274940473520394,0.292794686111794,0.2194756575920463,1.03742447051101,0.665109446328017,0.0036745148639973
UNSODA_2120,UNSODA_P212,sand,0.3731243936039189,4.00144768167201,0.0620000009999999,0.3677451615159846,91.0,6.0,3.0,19.7,7.5,0.0110703737945609,undisturbed,UNSODA lab comment: undisturbed samples,0.0620000009999999,0.3632969937534757,0.5011576056272898,10.99999999999965,0.1745965021774139,0.0062648370329939
UNSODA_2121,UNSODA_P212,sand,0.3716387293533135,3.840668260269237,0.0670000009999999,0.3462605859689414,92.0,5.0,3.0,12.0,21.5,0.0090554638113133,undisturbed,UNSODA lab comment: undisturbed samples,0.0670000009999999,0.3433067215128467,0.4570309027874864,6.1039591412308125,0.3456911549964458,0.0082607096475193
UNSODA_2122,UNSODA_P212,loamy sand,0.4043027658189012,3.10928513949342,0.0900000009999999,0.3551425529672226,87.0,6.0,7.000000000000001,19.2,36.5,0.0083501335831729,undisturbed,UNSODA lab comment: undisturbed samples,0.0900000009999999,0.3508047423742631,0.5175999356556393,5.677717841115503,0.282396054138492,0.0074009202398863
UNSODA_2123,UNSODA_P212,loamy sand,0.4997399184524289,3.3188937721995946,0.0750000009999999,0.3922425104647727,88.0,4.999999999999999,7.000000000000001,32.2,53.0,0.0082107385520968,undisturbed,UNSODA lab comment: undisturbed samples,0.0750000009999999,0.386892302941713,0.6045270874998538,5.708480466487599,0.3289565691167064,0.0075147394677568
UNSODA_2124,UNSODA_P212,sand,0.4941000712041218,3.3820540268406116,0.0550000009999999,0.3746615422342437,90.0,5.0,5.0,42.3,79.0,0.0090896734106946,undisturbed,UNSODA lab comment: undisturbed samples,0.0550000009999999,0.373969938009854,0.5091322315977819,3.55700062505262,0.6477735804620692,0.0090810441594572
UNSODA_2125,UNSODA_P212,sand,0.4951146176283005,3.4823245963279827,0.0490000009999999,0.3476659952755661,92.0,3.0,5.0,48.7,114.5,0.0075978442347286,undisturbed,UNSODA lab comment: undisturbed samples,0.0490000009999999,0.3475777605069078,0.4973183214314004,3.507083306795834,0.7042073699605893,0.0075976558900665
UNSODA_2126,UNSODA_P212,sand,0.5830001879030224,3.0876102959876284,0.0350000009999992,0.3602174358241757,95.0,2.0000000000000004,3.0,45.8,142.0,0.008576927209497,undisturbed,UNSODA lab comment: undisturbed samples,0.0350000009999999,0.3611844228600751,0.5573774787006329,2.907913894757733,0.7509031509000915,0.008559720246561
UNSODA_2130,UNSODA_P213,sandy loam,2.289302208056553,1.1595385592612295,1.8039263379777296e-22,0.3998605211688213,71.0,20.999999999999996,8.0,1.0829166666666663,11.5,0.009378328319435,undisturbed,UNSODA lab comment: undisturbed samples,1.0310914811736568e-22,0.4006285849115605,1.9382355980453032,1.01,0.165639550947609,0.0088259041701539
UNSODA_2131,UNSODA_P213,sandy loam,1.5873771803386143,1.12514566867405,5.11588613524221e-22,0.2998084074344945,71.0,15.999999999999998,13.0,0.65,29.5,0.0038479819327826,undisturbed,UNSODA lab comment: undisturbed samples,1.9785980275861704e-19,0.3003408142842293,1.3932563891743075,1.01,0.1288932920697226,0.0035006048548465
UNSODA_2132,UNSODA_P213,sandy loam,0.4655342568032603,1.1499989042243792,1.6222452510022525e-17,0.3004217269199645,68.0,18.0,14.000000000000002,0.2299999999999999,46.0,0.0040839621373826,undisturbed,UNSODA lab comment: undisturbed samples,3.266301487570332e-08,0.3016112718807864,0.3859532256314221,1.01,0.1592830211224283,0.0038064307015644
UNSODA_2160,UNSODA_P216,loam,2.3154533898883924,1.0464727076810312,1.1819932942719428e-09,0.6855350617723972,24.7,49.5,25.8,,25.0,0.0032255102413504,undisturbed,UNSODA lab comment: undisturbed samples,1.0887936907288795e-09,0.685508274475721,2.2298884991305186,1.01,0.0463808422366031,0.0031307963463595
UNSODA_2161,UNSODA_P216,silt loam,2.4230044323696953,1.061841878055373,2.3871889599247737e-14,0.781077074722235,19.966666666666665,64.43333333333334,15.6,,35.0,0.0021078595199964,undisturbed,UNSODA lab comment: undisturbed samples,7.754772790764336e-15,0.7811115203240383,2.3159989175448192,1.010000000005007,0.0618246534135083,0.0019139682380501
UNSODA_2170,UNSODA_P217,silt loam,0.5224697985161252,1.77817027651196,0.3441936899389983,0.4806116470922801,25.60606060606061,52.39393939393939,22.0,,25.0,0.0007440433508891,undisturbed,UNSODA lab comment: undisturbed samples,0.3441936899389983,0.4806116470922801,0.5224697985161252,1.77817027651196,0.4376241616401386,
UNSODA_2171,UNSODA_P217,clay loam,0.4475921943591625,2.087620403491265,0.3989697598407944,0.4581441083981548,24.62121212121212,39.37878787878788,36.0,,60.0,0.0005270837335701,undisturbed,UNSODA lab comment: undisturbed samples,0.3989697598407944,0.4581441083981548,0.4475921943591625,2.087620403491265,0.5209857125712921,
UNSODA_2181,UNSODA_P218,clay,0.3656247142733205,2.6532352880090246,0.4852307637249299,0.6574740112186673,11.818181818181817,39.18181818181819,49.0,,60.0,0.0016518492494762,undisturbed,UNSODA lab comment: undisturbed samples,0.4852307637249299,0.6574740112186673,0.3656247142733205,2.6532352880090246,0.623101650833841,
UNSODA_2190,UNSODA_P219,sand,0.4212820858670498,1.986508581831533,2.298584830653057e-12,0.3759290606427265,92.0,5.0,3.0,,,0.0157960248937481,disturbed,UNSODA lab comment: packed or disturbed samples,0.0236079450699597,0.387626625410738,0.2741327375836332,1.5809807447492148,0.9799999999999996,0.0152536583977333
UNSODA_2192,UNSODA_P219,sand,0.8812133233814674,3.035562791921434,0.0854156100042629,0.3867402371808665,92.0,5.0,3.0,,,0.0067351000245888,disturbed,UNSODA lab comment: packed or disturbed samples,0.0899363026771869,0.3947348743770791,0.7522785482535667,2.591576554221114,0.98,0.0060849090328133
UNSODA_2200,UNSODA_P220,sand,0.3601934008945706,3.3643708450916443,0.0049185830428203,0.3763741186928186,97.2,0.8,2.0,,,0.003462898155556,unknown,no preparation stated in UNSODA or GSHP,5.473379453435208e-18,0.3761300211447551,0.3778988278966881,3.4552963126282705,0.6147055474771539,0.0034529952614237
UNSODA_2201,UNSODA_P220,sand,0.9662264545403272,3.8286303904666856,0.0807085241933042,0.3652340811728291,97.2,0.8,2.0,,,0.0050540556674813,unknown,no preparation stated in UNSODA or GSHP,0.0912490633948856,0.3660735268164551,0.8871972477822877,3.620616186496357,0.979999999999955,0.0048943240212096
UNSODA_2202,UNSODA_P220,sand,0.4750973433096114,7.821844894861405,2.6199574441661397e-12,0.2558336609750059,97.2,0.8,2.0,,,0.0050514383097006,unknown,no preparation stated in UNSODA or GSHP,2.6199574441661397e-12,0.2558336609750059,0.4750973433096114,7.821844894861405,0.8721529238380891,
UNSODA_2203,UNSODA_P220,sand,0.8556525017662213,3.086718584743621,1.429471496068201e-23,0.3707330225238524,97.2,0.8,2.0,,,0.0056984075717803,unknown,no preparation stated in UNSODA or GSHP,1.263072190490059e-10,0.3722477611278098,0.7205915810088731,2.817806994333524,0.9799999999380888,0.0053513009087795
UNSODA_2210,UNSODA_P221,sand,1.3864622779002809,2.0934178052491013,0.0595123278204772,0.9975135307843868,92.7,3.4999999999999996,3.8,10.583333333333334,50.0,0.0021381639333918,disturbed,UNSODA lab comment: packed or disturbed samples,0.0594749131020935,0.6657735055526808,0.9375534283091576,5.420062603121626,0.2011308482141847,0.0021356637655556
UNSODA_2211,UNSODA_P221,sand,0.1766456783407514,3.4973201619352463,0.0625812929858581,0.1335048446498542,92.7,3.4999999999999996,3.8,19.333333333333332,50.0,0.0028880713848299,disturbed,UNSODA lab comment: packed or disturbed samples,0.0629519342086673,0.1020391080270866,0.1493257895112795,10.999999999972667,0.2164880413862632,0.0028139534762226
UNSODA_2213,UNSODA_P221,sand,0.071705999710333,9.55102381345028,0.0791290985032954,0.1083984861714991,92.7,3.4999999999999996,3.8,15.375,50.0,0.0005665373043321,disturbed,UNSODA lab comment: packed or disturbed samples,0.0781404822731857,0.1081567874144144,0.0765221992756553,10.999999674399952,0.5346319534905308,0.00053030963717
UNSODA_2320,UNSODA_P232,loam,3.2686808831386513,1.062377455548402,5.400455424205579e-22,0.3230594231949874,40.860465116279066,44.139534883720934,15.0,0.4166666666666667,15.0,0.0040986378461092,undisturbed,UNSODA lab comment: undisturbed samples,2.8061609388789567e-10,0.3229851696874943,3.066859931751859,1.010000000000865,0.0626160704685337,0.0040367773820792
UNSODA_2321,UNSODA_P232,loam,1.0557039387579792,1.1694798763592034,0.2138158185731375,0.3716909881528369,44.25581395348837,35.744186046511636,20.0,0.2083333333333333,45.0,0.0017149686841242,undisturbed,UNSODA lab comment: undisturbed samples,0.2615547121986976,0.3715273995589829,0.5271836493806672,1.010000000000005,0.3582923274492993,0.0016057207976415
UNSODA_2340,UNSODA_P234,clay,0.4276816184188047,1.189682165430277,0.2359699457266886,0.5086294737824719,35.302325581395344,15.697674418604656,49.0,3.625,30.0,0.0025948921714745,undisturbed,UNSODA lab comment: undisturbed samples,4.317142373235832e-21,0.5076356222381158,0.7563269857937663,1.78201669262613,0.0413943022012488,0.0022062116502754
UNSODA_2341,UNSODA_P234,sandy clay loam,0.3845612082460988,1.264108901222473,0.1824308835814604,0.3999474115248057,49.11627906976744,20.883720930232556,30.0,0.875,52.5,0.0033559951906852,undisturbed,UNSODA lab comment: undisturbed samples,6.090825773933126e-05,0.398047787291783,0.7373879748237121,2.3766504339488868,0.0402643067677341,0.0027304758581445
UNSODA_2342,UNSODA_P234,sand,0.2883714074510258,2.732399611701312,0.0900000009999998,0.3375053565392147,97.6046511627907,2.395348837209302,0.0,3.3333333333333335,75.0,0.0070858663773145,undisturbed,UNSODA lab comment: undisturbed samples,0.0869599903433719,0.3335385754904053,0.4151101752009558,10.999999827233768,0.1084442057543967,0.0051021344638545
UNSODA_2350,UNSODA_P235,clay,0.4427170103329976,1.800932921595622,0.4566844907883209,0.5548938223557616,15.16279069767441,39.83720930232559,45.0,0.3333333333333333,40.0,0.0009632407311799,undisturbed,UNSODA lab comment: undisturbed samples,0.4465846199983885,0.5539781009237713,0.671959628101108,2.6231048495602662,0.1967663453024872,0.0002005786397498
UNSODA_2351,UNSODA_P235,silt loam,0.8252473603995804,1.059766310791649,0.0041946810574144,0.4861857171912274,29.97674418604651,54.02325581395348,16.0,0.0416666666666666,62.5,0.0030629074969419,undisturbed,UNSODA lab comment: undisturbed samples,2.1431162913167757e-46,0.4851658822553941,1.3175218918895135,2.294119997775214,0.0224029648992963,0.0028331797933475
UNSODA_2360,UNSODA_P236,clay,0.2129642339171294,1.072573314584665,1.5596323812196819e-10,0.4932225775289613,21.53488372093023,33.46511627906977,45.0,0.2083333333333333,15.0,0.003610311969477,undisturbed,UNSODA lab comment: undisturbed samples,3.040691430655186e-16,0.4936934909730975,0.2022197841890208,1.0100000000000329,0.0728553105795227,0.0035751410550352
UNSODA_2361,UNSODA_P236,clay,0.0455644627698173,1.0834806654695543,1.3604453078132936e-17,0.5512825489116373,5.3255813953488325,37.67441860465117,56.99999999999999,0.0833333333333333,45.0,0.005897997985077,undisturbed,UNSODA lab comment: undisturbed samples,3.799629633366807e-16,0.551723879584207,0.0408767241293203,1.01,0.0854070388291994,0.0056264616859596
UNSODA_2362,UNSODA_P236,clay,0.0083875307038333,1.1125822515783594,3.649955004889503e-10,0.5542889991733723,5.209302325581399,31.7906976744186,63.0,0.0166666666666666,75.0,0.0026017292692951,undisturbed,UNSODA lab comment: undisturbed samples,0.2033336666541945,0.5547482595101486,0.0054814127120423,1.01,0.2278892540533482,0.0025286485617029
UNSODA_2370,UNSODA_P237,sandy clay loam,0.1525521208465559,1.552445739208535,0.110792417004882,0.4221483357901681,58.00000000000001,18.999999999999996,23.0,,7.5,0.0047190324846694,undisturbed,UNSODA lab comment: undisturbed samples,2.636782388671253e-28,0.4160429531424953,0.2798805860254049,2.944534368775647,0.0852078052651463,0.0032369304786029
UNSODA_2371,UNSODA_P237,sandy clay loam,0.5159561592994589,1.2745812708928446,3.980194584258157e-19,0.3999005951973516,56.00000000000001,20.0,24.0,,22.5,0.0128888334221846,undisturbed,UNSODA lab comment: undisturbed samples,8.523150383729999e-94,0.3805238767728487,0.6224694700318442,10.978893994315822,0.021829014089283,0.0121650811352226
UNSODA_2372,UNSODA_P237,sandy clay loam,0.4601764919957893,1.7963357911648217,0.0460000009999999,0.3736036276070046,62.0,12.0,26.0,,45.5,0.0180111323451864,undisturbed,UNSODA lab comment: undisturbed samples,0.0460000009999999,0.3531678725268526,0.5393907679441423,10.99999999863963,0.0648875365516167,0.0145736187600791
UNSODA_2373,UNSODA_P237,sandy loam,0.8112540227181214,1.791151470371574,0.1080000009996264,0.4068485693385761,84.0,1.9999999999999991,14.000000000000002,,76.0,0.0169457413028601,undisturbed,UNSODA lab comment: undisturbed samples,0.0960013395068188,0.3814079962090607,1.0633517774254146,10.999999999999382,0.0538741221590438,0.0151073685039471
UNSODA_2374,UNSODA_P237,sandy loam,3.8701190743965728,1.3172974835838802,0.0481459611361914,0.5610401729380787,75.0,6.0,19.0,,121.5,0.0269712364397581,undisturbed,UNSODA lab comment: undisturbed samples,0.1026904525258664,0.438495477800192,1.3232289311821028,10.999999991384204,0.0418487529952831,0.0254194456702765
UNSODA_2380,UNSODA_P238,sandy loam,0.2243371299178314,2.9157756093141627,0.1510000009999988,0.4050118213985141,75.0,17.0,8.0,,7.5,0.0042275246309271,undisturbed,UNSODA lab comment: undisturbed samples,0.1510000009999999,0.4027036320219478,0.2518063794731163,3.5149894750786586,0.4850090919393812,0.0039150894506333
UNSODA_2381,UNSODA_P238,sandy loam,0.2531820718596989,2.527500402784588,0.1434074663683111,0.3771149754436513,69.0,21.0,10.0,,22.5,0.0023718532716773,undisturbed,UNSODA lab comment: undisturbed samples,0.1380802869998439,0.3749636225911154,0.3053233619587704,3.12656206878636,0.390768180159095,0.0019125736640753
UNSODA_2382,UNSODA_P238,sandy loam,0.2396566398240806,3.1814281234341832,0.0890000009999998,0.3526957235263124,56.00000000000001,30.0,14.000000000000002,,45.5,0.0029209165789125,undisturbed,UNSODA lab comment: undisturbed samples,0.0890000009999996,0.353217999285271,0.2325403684763749,3.0740594175500657,0.7359132408367682,0.0028964330220546
UNSODA_2383,UNSODA_P238,sandy loam,0.2378677408985069,5.184267179457339,0.0390000009999999,0.3636910084968349,77.0,16.0,7.000000000000001,,76.0,0.0045390816395513,undisturbed,UNSODA lab comment: undisturbed samples,0.0390000009999999,0.3639663675367413,0.2328165703053495,5.037119819174027,0.8689258470082297,0.004524053690519
UNSODA_2384,UNSODA_P238,sand,0.2321744337072228,4.1472828212265505,0.0690000009999994,0.364309785816413,93.0,6.000000000000001,1.0,,106.5,0.0043741571138667,undisturbed,UNSODA lab comment: undisturbed samples,0.0690000009999999,0.3629568046575789,0.2525530004197022,4.69174446039411,0.5827685711833182,0.0041189347210428
UNSODA_2385,UNSODA_P238,sand,0.1922530245710768,4.680073675396666,0.0820000009999999,0.3935600435507591,93.0,6.000000000000001,1.0,,137.0,0.003318224904745,undisturbed,UNSODA lab comment: undisturbed samples,0.0820000009999999,0.3906545827065138,0.2163166557529672,6.01439466008498,0.4891073728951567,0.0018599129669939
UNSODA_2390,UNSODA_P239,clay loam,0.1311965914999446,1.9409050350435568,0.2257378124807859,0.4404772415900114,42.00000000000001,26.999999999999996,31.0,,7.5,0.0012041840478236,undisturbed,UNSODA lab comment: undisturbed samples,0.015965834811594,0.4396497267180969,0.2094650449129875,2.319025445637405,0.1130503445811377,0.0011161538371212
UNSODA_2391,UNSODA_P239,clay loam,0.2448238773063018,1.4375526691256435,0.1311565457273355,0.4269399145445042,34.0,33.0,33.0,,22.5,0.0014259365362757,undisturbed,UNSODA lab comment: undisturbed samples,2.1962584543050163e-14,0.4250255713092032,0.3589832309135567,1.7169591873419183,0.1279586774150807,0.001269924674004
UNSODA_2392,UNSODA_P239,silty clay loam,0.3027201983819658,1.2661089754088752,0.0467424002430717,0.4279268298178528,19.999999999999996,45.00000000000001,35.0,,45.5,0.0018485468628426,undisturbed,UNSODA lab comment: undisturbed samples,2.3651557337616542e-09,0.4256214842850669,0.3817751842219646,1.465593022311082,0.1400315590487506,0.0017797391796683
UNSODA_2393,UNSODA_P239,clay loam,0.1616492060494324,3.219871051079509,0.1059738703374673,0.342296407593625,43.99999999999999,28.000000000000004,28.000000000000004,,76.0,0.0017469721416878,undisturbed,UNSODA lab comment: undisturbed samples,0.105900847590336,0.3422897447320062,0.1618489043241511,3.222755011132698,0.6872296984210233,0.0017469628632249
UNSODA_2394,UNSODA_P239,sandy clay loam,0.1562679007460175,3.1838389126824307,0.0992958265381196,0.3502403371248928,64.0,12.999999999999998,23.0,,106.5,0.0021283537648319,undisturbed,UNSODA lab comment: undisturbed samples,0.1072736564451145,0.3510074242800873,0.135051813582412,2.9137002530943947,0.9799998791472444,0.0019908445595646
UNSODA_2395,UNSODA_P239,sandy clay loam,0.0672422786191617,2.8713196392497107,5.025122221259643e-23,0.4070857882458957,48.0,24.0,28.000000000000004,,137.0,0.0030410583010509,undisturbed,UNSODA lab comment: undisturbed samples,0.0352114276424862,0.4074410529915446,0.0583655509532122,2.748047769178758,0.98,0.0029436803219569
UNSODA_2400,UNSODA_P240,loam,0.1600185986976019,1.583026163697827,0.1967239664205541,0.4541443013169499,46.0,38.0,16.0,,7.5,0.0029156581935441,undisturbed,UNSODA lab comment: undisturbed samples,0.2417474607578549,0.4566892908214059,0.0789409782083924,1.3016981383615709,0.9799982483435126,0.0026221432226143
UNSODA_2401,UNSODA_P240,loam,0.2746014205981388,1.4659137748905384,0.1501220093811197,0.4150359685161521,43.00000000000001,39.99999999999999,17.0,,22.5,0.0018120091535831,undisturbed,UNSODA lab comment: undisturbed samples,0.1987544317082318,0.4197559110549728,0.1085724191788642,1.1092139662642306,0.9799992122372378,0.0012778949926652
UNSODA_2402,UNSODA_P240,loam,0.322359753655457,1.434169014338405,0.1698260300156861,0.4448211334072428,29.000000000000004,46.0,25.0,,45.5,0.001707819665105,undisturbed,UNSODA lab comment: undisturbed samples,0.18454305576336,0.4460492736952534,0.2735769730714795,1.3292772229914238,0.3865552590901435,0.0016983546837842
UNSODA_2403,UNSODA_P240,sandy loam,0.0522156836646214,1.4723546684344564,2.5031894485687922e-17,0.4260252905541247,57.00000000000001,32.0,11.0,,76.0,0.00660046532732,undisturbed,UNSODA lab comment: undisturbed samples,2.17793999560851e-14,0.4307862733154307,0.0154228704165925,1.0931955222750347,0.9799999999999977,0.0052004751072651
UNSODA_2404,UNSODA_P240,silt loam,0.0331774363145715,1.3928010055706344,8.110913194564915e-16,0.463157293483955,40.0,54.99999999999999,5.0,,106.5,0.0044024006731214,undisturbed,UNSODA lab comment: undisturbed samples,1.2922588597722223e-11,0.4659633330410364,0.0085219798986883,1.0977723232803434,0.9799999999993372,0.003477610737928
UNSODA_2405,UNSODA_P240,silt loam,0.0440549514242151,4.104509413604585,0.1836305739715146,0.4463322451030862,40.0,54.99999999999999,5.0,,137.0,0.0070690790518779,undisturbed,UNSODA lab comment: undisturbed samples,0.1902491764152638,0.4467080154769662,0.0406611208149652,3.877721096316169,0.9799999999998696,0.0067158811007367
UNSODA_2410,UNSODA_P241,sandy loam,0.1616315232071074,2.039513050874791,0.1909491164599261,0.4363353899764853,56.00000000000001,26.0,18.0,,7.5,0.0051836517291344,undisturbed,UNSODA lab comment: undisturbed samples,0.2188158350137911,0.4374644173012355,0.1130245377470662,1.8277015726824009,0.98,0.0047193605596022
UNSODA_2411,UNSODA_P241,sandy clay loam,0.1622141513556352,1.9583888616677816,0.23743365636042,0.3964374919088983,54.0,25.0,21.0,,22.5,0.0017634871939446,undisturbed,UNSODA lab comment: undisturbed samples,0.2575328546529283,0.3971217286307914,0.1097175699374116,1.7506887624840703,0.98,0.0014691689336374
UNSODA_2412,UNSODA_P241,sandy clay loam,0.1830589643830968,1.3456670190299913,3.221437124602413e-08,0.4009143212753079,47.0,25.0,28.000000000000004,,45.5,0.001824431041465,undisturbed,UNSODA lab comment: undisturbed samples,0.100485555493467,0.4056114957532801,0.0577840687733961,1.0340439410477906,0.9799977964170872,0.0013998032273218
UNSODA_2413,UNSODA_P241,sandy loam,0.0712943983337769,3.0630559129793387,2.2449588713217857e-21,0.3915361679564869,76.0,17.0,7.000000000000001,,76.0,0.0052498058839944,undisturbed,UNSODA lab comment: undisturbed samples,2.9516723668695003e-16,0.392180354217649,0.0599049947664587,2.834817971005317,0.979999999999982,0.0050238016081196
UNSODA_2414,UNSODA_P241,sandy loam,0.077795491215629,2.4386754839446905,2.664466037778336e-16,0.409741557558777,65.99999999999999,30.000000000000004,4.0,,106.5,0.0018375526146866,undisturbed,UNSODA lab comment: undisturbed samples,6.19134226635036e-16,0.4098759062043446,0.0602910071795296,2.3543862543692526,0.9799999999960912,0.0017739324476635
UNSODA_2415,UNSODA_P241,sandy loam,0.0531908977006279,2.455658811696755,2.0598267106093386e-13,0.4378440782571487,65.99999999999999,30.000000000000004,4.0,,137.0,0.0010764584182275,undisturbed,UNSODA lab comment: undisturbed samples,7.268431311479013e-11,0.4379065028683814,0.0418192652310069,2.3965529298052815,0.9799998950579588,0.0010477857721181
UNSODA_2420,UNSODA_P242,loamy sand,0.2124353907772344,3.0097358803185235,0.1730000009999999,0.401350150501541,81.0,11.0,8.0,,7.5,0.0062638758040349,undisturbed,UNSODA lab comment: undisturbed samples,0.1730000009999999,0.3941793058330454,0.2749700937277769,6.400117778804761,0.2375931187740737,0.0036476522798652
UNSODA_2421,UNSODA_P242,loamy sand,0.2072956312363501,2.9151261198173115,0.1340000009999999,0.3419959998706819,80.0,12.000000000000002,8.0,,22.5,0.0048792697428972,undisturbed,UNSODA lab comment: undisturbed samples,0.1322608312071602,0.3358199463396972,0.2727299215857541,6.040961105665684,0.2330680489147291,0.0025000143958015
UNSODA_2422,UNSODA_P242,loamy sand,0.2595375345694563,3.680226019687456,0.1040000009999999,0.3766609921466347,87.0,7.000000000000001,6.0,,45.5,0.0070241537578426,undisturbed,UNSODA lab comment: undisturbed samples,0.1040000009999999,0.3708599534041237,0.3181812846313749,6.32256010028648,0.321983238146752,0.0053842856498541
UNSODA_2423,UNSODA_P242,sand,0.1889434651246902,3.4636718707268503,0.1380000009999999,0.3426970523886032,89.0,5.0,6.0,,76.0,0.0044928757705004,undisturbed,UNSODA lab comment: undisturbed samples,0.1380000009999999,0.3381195240964119,0.2348623998645256,6.019826084439408,0.3109363017835492,0.0026578302245168
UNSODA_2424,UNSODA_P242,sand,0.1730603631223847,4.371499471895504,0.1050000009999999,0.3606821088173869,93.0,4.000000000000001,3.0,,106.5,0.0048641482008324,undisturbed,UNSODA lab comment: undisturbed samples,0.1050000009999999,0.3572971471081143,0.2052030172138491,6.520155615956595,0.3881856264425794,0.0033230702965072
UNSODA_2425,UNSODA_P242,sand,0.176545277211666,3.88414288041696,0.0710000009999998,0.3590515360455088,93.0,4.000000000000001,3.0,,137.0,0.0143328087068853,undisturbed,UNSODA lab comment: undisturbed samples,0.0710000009999998,0.3500705701799897,0.2292353661168043,10.999999998837602,0.1742940949802634,0.0097373379390012
UNSODA_2430,UNSODA_P243,clay loam,0.1936406338035616,1.700062177502697,0.2168477044444082,0.4411516459075872,31.999999999999996,37.00000000000001,31.0,,7.5,0.0011654504018631,undisturbed,UNSODA lab comment: undisturbed samples,4.1203183887465374e-14,0.4394133980068141,0.3368017822187197,2.241218842938996,0.0891658537538747,0.0008517359366784
UNSODA_2431,UNSODA_P243,clay loam,0.247208790829641,1.6007679411818074,0.2103956600327044,0.4312112866807196,23.0,43.0,34.0,,22.5,0.0030794292739652,undisturbed,UNSODA lab comment: undisturbed samples,2.0055229417237975e-21,0.4273562115245112,0.4733468749673341,2.7828114160264987,0.06053308088767,0.0026559287807761
UNSODA_2432,UNSODA_P243,clay,0.4073515876662962,1.5202703267043485,0.2049997714437189,0.3936866210268537,20.999999999999996,37.00000000000001,42.0,,45.5,0.0008581486031966,undisturbed,UNSODA lab comment: undisturbed samples,0.0849409650067803,0.3900395710852298,0.7056941186884895,2.368956100664144,0.0825401720756769,0.0005389831551918
UNSODA_2433,UNSODA_P243,clay loam,0.3350886706884387,1.3225707608031383,0.1193864056289989,0.3601847177837273,31.000000000000007,34.99999999999999,34.0,,76.5,0.0010962593892273,undisturbed,UNSODA lab comment: undisturbed samples,0.1943763511488069,0.3620218809524294,0.1513535152965947,1.111518054202956,0.7701499499180826,0.0010619748770683
UNSODA_2434,UNSODA_P243,sandy clay loam,0.1260714149620832,1.4428072066723006,0.0540164710804639,0.3143350253086677,53.0,23.0,24.0,,107.0,0.0008165247360619,undisturbed,UNSODA lab comment: undisturbed samples,0.1458030214374991,0.3147618824785961,0.0688195743059955,1.3387038659206731,0.95827354402016,0.0008071069074011
UNSODA_2435,UNSODA_P243,sandy clay loam,0.3708005193437882,1.8053755230815216,0.1443546363555573,0.3528757243055981,57.00000000000001,19.0,24.0,,137.0,0.0013209326613148,undisturbed,UNSODA lab comment: undisturbed samples,0.1345709100295386,0.3519578039905283,0.4230114685345413,1.9533234541333253,0.3487231131642435,0.0012989687395692
UNSODA_2440,UNSODA_P244,sandy loam,0.1332343312453529,2.870925109688476,0.2309012985602609,0.3689733194083166,74.0,17.0,9.0,,7.5,0.0036464994824492,undisturbed,UNSODA lab comment: undisturbed samples,1.2715029803974548e-07,0.3667000028911972,0.250320685913839,10.99999639952462,0.0217301703234721,0.0017777457946238
UNSODA_2441,UNSODA_P244,sandy loam,0.1897885765018033,2.5401595989835424,0.1557706808939503,0.3516965881408592,70.0,15.0,15.0,,22.5,0.0015824766724631,undisturbed,UNSODA lab comment: undisturbed samples,0.1164857578052895,0.3499919538647626,0.2753870260872573,3.499250227158737,0.2217656128639376,0.0010137874636014
UNSODA_2442,UNSODA_P244,sandy loam,0.3732516166795444,3.954046532037152,0.0780000009999999,0.356616252834884,82.0,4.999999999999999,13.0,,45.5,0.0050971334816187,undisturbed,UNSODA lab comment: undisturbed samples,0.0772525417117437,0.3531584841191926,0.4482221687159691,5.86328883034643,0.3815686888322969,0.0034961672832648
UNSODA_2443,UNSODA_P244,loamy sand,0.2868607038191957,4.914073956375886,0.0690000009999999,0.3529963129813951,86.0,3.0000000000000013,11.0,,76.0,0.0097231091511162,undisturbed,UNSODA lab comment: undisturbed samples,0.0690000009999999,0.3476194676053794,0.3517863433359416,10.99999999999408,0.243786796925068,0.0055548241148338
UNSODA_2444,UNSODA_P244,loamy sand,0.3187797569021033,6.161087799837732,0.0910000009999999,0.3910951267036839,88.0,0.9999999999999996,11.0,,106.5,0.0080063211575366,undisturbed,UNSODA lab comment: undisturbed samples,0.0910000009999999,0.3873855781675994,0.3735901855430981,10.999999999932252,0.3102210336619734,0.0063236343686117
UNSODA_2445,UNSODA_P244,loamy sand,0.4543534781971462,4.823278470146941,0.1230000009999999,0.4384518162454447,88.0,0.9999999999999996,11.0,,137.0,0.0037715773109451,undisturbed,UNSODA lab comment: undisturbed samples,0.1230000009999999,0.4371489373492659,0.505025800349465,5.972888723744586,0.531173800868682,0.0035516780538836
UNSODA_2450,UNSODA_P245,loam,0.1583415722809685,2.1704410541417856,0.3279342243617786,0.501143256623152,44.99999999999999,39.0,16.0,,7.5,0.0030216610937068,undisturbed,UNSODA lab comment: undisturbed samples,0.3424422363644397,0.5022163282319241,0.114115150377227,1.9024223718218805,0.98,0.0029533412415217
UNSODA_2451,UNSODA_P245,sandy loam,0.5216461829420004,1.1267101731659772,1.6650160525495672e-15,0.4777414200103813,60.0,21.000000000000004,19.0,,22.5,0.0017007527645123,undisturbed,UNSODA lab comment: undisturbed samples,4.788970741257962e-10,0.4798501533965693,0.4569022059241525,1.01,0.132628122145109,0.0015277567535189
UNSODA_2452,UNSODA_P245,sandy clay loam,0.1867758219229628,2.1960656105095273,0.3214290341183762,0.4657326219350238,53.0,23.0,24.0,,45.5,0.0018088677289769,undisturbed,UNSODA lab comment: undisturbed samples,0.0496527061082592,0.4632986993575242,0.3867567157233832,6.264834284221953,0.0254858719361223,0.0007803067831065
UNSODA_2453,UNSODA_P245,sandy clay loam,0.3339513727182765,2.29220131278339,0.3561420472792905,0.4486979343618757,51.0,27.0,22.0,,76.0,0.0034201267689483,undisturbed,UNSODA lab comment: undisturbed samples,0.3350809578477174,0.4462918857254664,0.5775663229230322,10.999999999995948,0.0519703104247001,0.0019680692060594
UNSODA_2454,UNSODA_P245,sandy loam,0.2938855709953153,2.1116165067979704,0.3265063659809935,0.3963466865716498,58.00000000000001,24.999999999999996,17.0,,106.5,0.000537005036842,undisturbed,UNSODA lab comment: undisturbed samples,0.3292044986572252,0.3965866517958115,0.2445258562302003,1.9289424624648237,0.7228890896999495,0.0005237077049992
UNSODA_2455,UNSODA_P245,sandy loam,0.352196344953009,1.7677340943875093,0.3115423834159971,0.3862923008550516,58.00000000000001,24.999999999999996,17.0,,137.0,0.0007098255012633,undisturbed,UNSODA lab comment: undisturbed samples,0.246892621639955,0.3850009437444926,0.7406395258694108,10.050033762450132,0.0200000631858186,0.0003274207227854
UNSODA_2460,UNSODA_P246,silty clay loam,0.2095827297933553,1.152647922751138,8.455336823940481e-23,0.6996987498937186,3.0000000000000027,59.0,38.0,,3.5,0.0069706164692154,undisturbed,"UNSODA lab comment: undisturbed cores for the wet end, disturbed material for the dry end",2.406948219151749e-12,0.7034614299093204,0.1886717916636131,1.01,0.1559869221986227,0.0060477264730973
UNSODA_2461,UNSODA_P246,silty clay loam,0.2873608016180259,1.119440677290396,2.8211039239981748e-21,0.6423780136722902,3.0000000000000027,59.0,38.0,,10.5,0.0098897401422187,undisturbed,"UNSODA lab comment: undisturbed cores for the wet end, disturbed material for the dry end",6.482811195147016e-17,0.6442652715907131,0.263044279301866,1.01,0.1212114382571122,0.009313988559177
UNSODA_2462,UNSODA_P246,silty clay loam,0.7575786282741991,1.1045773783135284,4.604975722252918e-15,0.6227077377788239,3.0000000000000027,59.0,38.0,,17.5,0.0077529588351556,undisturbed,"UNSODA lab comment: undisturbed cores for the wet end, disturbed material for the dry end",3.039470460307646e-16,0.6256429169039065,0.7472461866005462,1.010000000000001,0.1046787285778586,0.007526007917208
UNSODA_2463,UNSODA_P246,silty clay loam,0.5620048819305192,1.0931066129452178,3.9460564706163017e-29,0.2373827052340221,19.625000000000004,50.37499999999999,30.0,,45.0,0.0028350862256212,undisturbed,UNSODA lab comment: undisturbed samples,3.47240892821363e-36,0.2378270600101782,0.5246869593899859,1.01,0.0937240684860955,0.0027736415022304
UNSODA_2464,UNSODA_P246,silt loam,0.2182932535467178,1.1380976419450255,0.0004456254530353,0.171932377224408,19.125000000000004,58.375,22.5,,75.0,0.0007620569035816,undisturbed,UNSODA lab comment: undisturbed samples,0.0154247507232928,0.1728204880619832,0.1780539947098831,1.0100014302025777,0.1645245266123061,0.0007189156715624
UNSODA_2470,UNSODA_P247,silty clay loam,1.097815880495442,1.1174525272943177,6.031588582864072e-15,0.7118034907137363,3.0000000000000027,59.0,38.0,,3.5,0.0097219648181058,undisturbed,"UNSODA lab comment: undisturbed cores for the wet end, disturbed material for the dry end",3.9697831392135804e-20,0.7173058307545931,1.1103305174347695,1.01,0.117425359656222,0.009485849444543
UNSODA_2471,UNSODA_P247,silty clay loam,1.6610631703880436,1.0944215140149185,3.982676137102003e-17,0.6411082177801855,3.0000000000000027,59.0,38.0,,8.5,0.0095553747159911,undisturbed,"UNSODA lab comment: undisturbed cores for the wet end, disturbed material for the dry end",3.172884069334161e-12,0.6449896120637469,1.7057541309657909,1.0100000000008391,0.0940806443044397,0.0094492236556002
UNSODA_2472,UNSODA_P247,silty clay loam,1.0755297145614209,1.0897674533231398,7.386881920088934e-13,0.5971071332395752,3.0000000000000027,59.0,38.0,,14.5,0.0090868898757604,undisturbed,"UNSODA lab comment: undisturbed cores for the wet end, disturbed material for the dry end",2.7100923638510678e-14,0.5996998268714618,1.082600307094042,1.010000000000023,0.0895337153054491,0.0089888828380246
UNSODA_2491,UNSODA_P249,silt loam,0.9062181161260836,1.2068574629073954,0.1367671683127528,0.4902341938787572,10.999999999999998,64.5,24.5,18.975,27.5,0.0015161918083309,undisturbed,UNSODA lab comment: undisturbed samples,0.0001374381020557,0.4900140567080393,1.3005963343054676,1.4540090469129223,0.0833068577996559,0.0014023487595467
UNSODA_2492,UNSODA_P249,silt loam,0.9062181161260836,1.2068574629073954,0.1367671683127528,0.4902341938787572,10.999999999999998,64.5,24.5,18.975,27.5,0.0015161918083309,undisturbed,UNSODA lab comment: undisturbed samples,0.0001374381020557,0.4900140567080393,1.3005963343054676,1.4540090469129223,0.0833068577996559,0.0014023487595467
UNSODA_2493,UNSODA_P249,silty clay loam,3.966890504325831,1.1554377606068034,0.289682655576776,0.4521209222035688,8.999999999999996,63.0,28.000000000000004,1.897375,52.5,0.0023399297706881,undisturbed,UNSODA lab comment: undisturbed samples,0.2689153868396358,0.4520000543878856,5.2545184244840835,6.173245666452661,0.0200002757045952,0.0022444100507015
UNSODA_2530,UNSODA_P253,loam,0.2207918340189355,1.4570119372538692,0.1449912133988987,0.4345875866443496,44.99999999999999,33.0,22.000000000000004,0.53725,12.5,0.0102948171174373,undisturbed,UNSODA lab comment: undisturbed samples,0.1120952048825215,0.4192621269687427,0.3393455263833526,7.705629623678964,0.038201832957825,0.007415584649453
UNSODA_2531,UNSODA_P253,loam,0.0718229234546819,1.281597561040579,0.0812164557893501,0.3962913369870428,41.0,43.25,15.75,0.9719166666666668,87.5,0.0028619492155391,undisturbed,UNSODA lab comment: undisturbed samples,0.0318392461564433,0.3942468437093178,0.0994257274866552,1.6043937250709803,0.1254010122417346,0.0026684623898
UNSODA_2532,UNSODA_P253,sandy loam,0.0400501164098636,1.5071694513442586,0.100318457018123,0.4238850149517075,60.0,26.75,13.25,0.6,152.5,0.0032579382371106,undisturbed,UNSODA lab comment: undisturbed samples,0.068437142666691,0.4198685279073898,0.0601095958298881,2.1050261656106866,0.16988078832849,0.0027481458370366
UNSODA_2540,UNSODA_P254,sandy loam,0.1406733407047591,1.154457923208932,9.333575159803344e-20,0.267386014463208,66.08333333333334,16.916666666666664,17.0,0.1579166666666666,12.5,0.0024781592364013,undisturbed,UNSODA lab comment: undisturbed samples,7.39628375873854e-10,0.2684387646805907,0.1217794009351517,1.01,0.1588221299238766,0.0019619182925506
UNSODA_2541,UNSODA_P254,sandy loam,0.4358863922480287,1.1267557061601554,1.257760023756217e-12,0.3202720117473596,63.03030303030304,22.46969696969697,14.499999999999998,1.507083333333333,62.5,0.0016742652862053,undisturbed,UNSODA lab comment: undisturbed samples,2.4237909593302183e-14,0.3206747793642818,0.4201396676366988,1.0682878229617545,0.1197601450970312,0.0016523364193844
UNSODA_2542,UNSODA_P254,sandy loam,0.0721650429743159,1.1126833072175508,0.0192830137125702,0.3068426113323454,59.583333333333336,23.416666666666668,17.0,0.0474999999999999,87.5,0.0011734179128304,undisturbed,UNSODA lab comment: undisturbed samples,0.1043197128260068,0.3070821046152409,0.0479639622443224,1.010000000000005,0.20040292166901,0.0009387419768468
UNSODA_2550,UNSODA_P255,sandy loam,0.3761525525862826,1.3914551277435705,0.0321263163115526,0.3369936417985585,72.97727272727272,15.822727272727278,11.2,2.2808333333333333,12.5,0.002800428862602,undisturbed,UNSODA lab comment: undisturbed samples,0.0215686915936057,0.3350170682342935,0.4797851630959034,1.7359682489356114,0.191867284108382,0.0024352782973112
UNSODA_2551,UNSODA_P255,sandy loam,0.2089912004290279,1.66806113815154,0.1340000009999901,0.2804023111579809,68.8409090909091,18.259090909090908,12.9,0.7554166666666666,42.5,0.0029279482215603,undisturbed,UNSODA lab comment: undisturbed samples,0.1294929204503977,0.2778626684989809,0.3120682536318683,2.8675365832926984,0.1747802886776524,0.0023455107975343
UNSODA_2552,UNSODA_P255,sandy loam,0.5379355817143732,1.176422963691241,0.191043346883305,0.3166922435997214,52.49242424242424,30.407575757575756,17.1,1.3745833333333335,97.5,0.0006668306050293,undisturbed,UNSODA lab comment: undisturbed samples,0.1561322112744867,0.3160042796437456,0.8719787241693362,1.9008058325927155,0.0575088223487064,0.0002674553090615
UNSODA_2560,UNSODA_P256,sandy loam,1.0532515549365853,1.3935785736775297,0.0909389174948406,0.4822144902638194,71.6,18.999999999999996,9.4,47.879999999999995,35.0,0.0063857693652628,unknown,no preparation stated in UNSODA or GSHP,0.080949224737607,0.4740883681834567,1.3315939884845842,2.0435758304176677,0.1664800920049851,0.0056952359056168
UNSODA_2561,UNSODA_P256,sand,1.476425169856552,1.4283005574609136,0.0593017149443111,0.4047539430579422,87.1,12.9,0.0,126.0,124.0,0.0075441249789041,unknown,no preparation stated in UNSODA or GSHP,0.0563573799665938,0.4011703034301246,1.69035053324788,1.7959272298080766,0.2226318288481595,0.007528723977836
UNSODA_2562,UNSODA_P256,sand,0.5936579169469975,2.7088268089858056,0.0300000009999999,0.2658606810798677,98.9,1.1,0.0,1152.0,145.0,0.0034680355751319,unknown,no preparation stated in UNSODA or GSHP,0.0300000009999999,0.2638727456993849,0.6996506936472817,3.388193053012333,0.4320180781256316,0.0029467780935294
UNSODA_2570,UNSODA_P257,loamy sand,0.7113561792316311,1.604646869513789,0.1030000009999999,0.5674059619723435,81.3,9.6,9.1,71.64,10.0,0.0155992996864721,unknown,no preparation stated in UNSODA or GSHP,0.1030000009999999,0.5526453430471097,0.8629137959071106,2.609631734084799,0.2108367212640988,0.0141922198244582
UNSODA_2571,UNSODA_P257,loamy sand,0.7310003381250493,1.592600533314613,0.0530000009999998,0.4837964122914523,82.3,10.1,7.6,70.92,35.0,0.011223600245368,unknown,no preparation stated in UNSODA or GSHP,0.0530000009999999,0.4737925000590471,0.8751423500310482,2.264595726820798,0.2400208403407307,0.0102596908079029
UNSODA_2572,UNSODA_P257,sand,0.5566329429854259,1.845688977109181,0.0530000009999999,0.4808762059614445,89.2,6.6000000000000005,4.2,66.96,60.0,0.0147093716792333,unknown,no preparation stated in UNSODA or GSHP,0.0530000009999999,0.4673012043718841,0.7035297043318326,3.197540844061823,0.2310280285796466,0.0131824899108156
UNSODA_2573,UNSODA_P257,loamy sand,0.5255437715090426,1.864830518988985,0.0470000009999999,0.4505845121768362,87.5,7.200000000000001,5.3,39.6,80.0,0.0208904910197615,unknown,no preparation stated in UNSODA or GSHP,0.0470000009999999,0.4283287322684134,0.6719048035431257,10.999999999549065,0.068055085145943,0.0168812759488482
UNSODA_2574,UNSODA_P257,sand,0.7183957980636008,2.4925052730674193,0.0493181268649463,0.2953554999631264,93.5,6.000000000000001,0.5,244.44000000000003,115.0,0.0037387360095107,unknown,no preparation stated in UNSODA or GSHP,0.0493181268649463,0.2953554999631264,0.7183957980636008,2.4925052730674193,0.5987972379415099,
UNSODA_2580,UNSODA_P258,loam,2.581885813620795,1.0852283663017452,5.409099461606758e-20,0.6388543237506488,33.599999999999994,48.1,18.3,0.864,10.0,0.0205028387129669,unknown,no preparation stated in UNSODA or GSHP,8.434104081842265e-14,0.6402597399537575,2.5095715193646786,1.0100000000000011,0.0851431457307383,0.0204313261020618
UNSODA_2582,UNSODA_P258,silt loam,0.0168656844069354,1.2398512152106926,2.980915905774783e-16,0.4945226858533446,18.999999999999993,63.000000000000014,18.0,0.2052083333333333,90.0,0.0145872307138659,unknown,no preparation stated in UNSODA or GSHP,0.1844374009290344,0.495373038829915,0.0043861285090174,1.01,0.9408688398548604,0.0136729167545738
UNSODA_2583,UNSODA_P258,sandy loam,0.3568473793529055,1.2675654629470854,7.64104180194455e-18,0.460038828976047,68.30000000000001,23.7,8.0,0.648,150.0,0.0218075512392983,unknown,no preparation stated in UNSODA or GSHP,2.1292960815590698e-26,0.444913947725187,0.4544111076223807,4.737049904611753,0.0516644042706948,0.0208648276268606
UNSODA_2584,UNSODA_P258,sand,0.7243540925387222,1.9814820040019323,0.0350000009999999,0.2865426128070583,92.7,6.999999999999999,0.3,205.2,180.0,0.0039613089797571,unknown,no preparation stated in UNSODA or GSHP,0.0350000009999999,0.2860722698069086,0.7719407381854894,2.1033375132977747,0.4475805925421283,0.0039257012110189
UNSODA_2590,UNSODA_P259,loam,0.9833688606933452,1.1296715364656291,1.0970526259263555e-20,0.5113884639286514,48.7,32.6,18.7,17.028000000000002,5.0,0.0240011394523477,unknown,no preparation stated in UNSODA or GSHP,1.945778662051673e-25,0.51146982843925,0.838750299525544,1.01,0.1328425166424104,0.0236092037632509
UNSODA_2591,UNSODA_P259,loam,1.2391635404500947,1.107003787928915,3.675722719761757e-26,0.4003547082104913,49.1,29.100000000000005,21.8,1.4400000000000002,50.0,0.0163727167542519,unknown,no preparation stated in UNSODA or GSHP,3.7193394633944843e-34,0.400225965393444,1.083528505719721,1.01,0.1088192281195239,0.0161315675404022
UNSODA_2592,UNSODA_P259,silt loam,0.0764446226350654,1.0965987943237476,3.477919438318663e-35,0.3707510387929455,4.300000000000004,70.89999999999999,24.8,0.4679999999999999,100.0,0.0098904459718007,unknown,no preparation stated in UNSODA or GSHP,5.004635312456793e-47,0.371060086526647,0.0658666453450025,1.01,0.0999347576490087,0.0095266015545215
UNSODA_2593,UNSODA_P259,silty clay loam,0.2366919498899387,1.0669376559032857,2.6756677934681557e-30,0.3902175460259006,5.400000000000005,59.3,35.3,0.072,140.0,0.0060631785924923,unknown,no preparation stated in UNSODA or GSHP,5.212557453356277e-35,0.3904094062750151,0.2197420982954057,1.01,0.0675402396309646,0.0058748756889186
UNSODA_2601,UNSODA_P260,loam,1.0444958215994364,1.1287701334649394,7.828630926789508e-19,0.5561377095647891,32.699999999999996,41.1,26.200000000000003,9.72,40.0,0.0126695219583131,unknown,no preparation stated in UNSODA or GSHP,4.3781879818700585e-17,0.5423131799275561,1.159185461003197,3.1029016069445388,0.0391558975230803,0.0118745813964515
UNSODA_2602,UNSODA_P260,loam,0.2479393190188127,1.1297458467366706,3.3792334894789144e-16,0.4851942757433563,33.9,41.8,24.3,4.68,62.5,0.01329453797906,unknown,no preparation stated in UNSODA or GSHP,1.2846814242053748e-18,0.4863519327938876,0.2160577727367607,1.01,0.1330369040237192,0.0128718884462683
UNSODA_2603,UNSODA_P260,loam,0.0766397062894246,1.1317479453361694,2.749746699091814e-29,0.4359972814362809,45.099999999999994,38.4,16.5,0.7883333333333334,92.5,0.0155627197439314,unknown,no preparation stated in UNSODA or GSHP,5.0512473275462645e-30,0.4364031829310228,0.0606378759162247,1.01,0.1392842106284693,0.0150031418115363
UNSODA_2604,UNSODA_P260,loam,1.10784786283483,1.1790094362879384,0.0377785459661474,0.4191986636492408,45.49999999999999,38.4,16.1,0.4645833333333333,130.0,0.0076502706120025,unknown,no preparation stated in UNSODA or GSHP,2.1414907174443243e-12,0.4072932596335401,1.3671488133529437,3.190220191988772,0.044378078243265,0.006271244741332
UNSODA_2605,UNSODA_P260,loam,0.4924821727501891,1.1932867967675815,8.871628323273963e-20,0.3963750697394163,46.8,40.400000000000006,12.8,0.2537916666666667,160.0,0.0097654435041079,unknown,no preparation stated in UNSODA or GSHP,7.614053824077904e-17,0.3992431626633503,0.4211792046043982,1.01,0.1996480880470115,0.0091875818892024
UNSODA_2610,UNSODA_P261,clay loam,0.7800038064428323,1.253081770644628,0.127302175731851,0.8368831139019265,23.799999999999997,48.8,27.4,7.5,10.0,0.0123191684651687,unknown,no preparation stated in UNSODA or GSHP,0.0637773615809654,0.8196134571055603,1.069843140648959,2.360572133260948,0.082763619694914,0.0102491800210879
UNSODA_2611,UNSODA_P261,loam,0.1800430518419959,1.142430723778351,5.7369628456756704e-27,0.4877092747051487,27.500000000000004,48.0,24.5,1.6595833333333332,35.0,0.0149864012973166,unknown,no preparation stated in UNSODA or GSHP,6.0952748702689655e-37,0.4888023260720111,0.1484632117139484,1.01,0.1487526929746268,0.0140946904421719
UNSODA_2612,UNSODA_P261,silt loam,0.0250724450287968,1.2479765864641268,4.525471753981069e-21,0.4162293772708478,27.700000000000003,50.8,21.5,2.2966666666666664,80.0,0.0148215876921746,unknown,no preparation stated in UNSODA or GSHP,3.955907118677051e-12,0.4186119811875388,0.017229756315539,1.01,0.2788737195563827,0.0135056773030942
UNSODA_2613,UNSODA_P261,silt loam,0.0156662492747093,1.3022964787007691,3.637793119452433e-18,0.3734151003456515,27.200000000000003,52.3,20.5,0.254875,140.0,0.0146598505490753,unknown,no preparation stated in UNSODA or GSHP,3.5934975514387474e-20,0.3759878305187979,0.009579053467384,1.01,0.3580778780295904,0.0135906405787434
UNSODA_2614,UNSODA_P261,loam,0.0194680307409503,1.2052406275898324,6.134371422693253e-20,0.3643031496825443,27.700000000000003,49.5,22.8,0.0027083333333333,212.5,0.0104725749199246,unknown,no preparation stated in UNSODA or GSHP,1.4446597901612605e-13,0.3655379836995752,0.0135308347175611,1.01,0.2303834552640849,0.009647898460594
UNSODA_2620,UNSODA_P262,clay,0.1897271970610035,1.1287977316748168,2.469615069540546e-29,0.553855957585212,16.600000000000005,35.6,47.8,0.3132083333333333,5.0,0.0131106113761501,unknown,no preparation stated in UNSODA or GSHP,2.49808360170688e-26,0.5553481362320748,0.1673395522912612,1.01,0.1319004573187917,0.012297370453429
UNSODA_2621,UNSODA_P262,clay,0.152339896916359,1.0837877502145894,2.1755642634283234e-19,0.4989548863127869,17.700000000000003,32.8,49.5,0.1655833333333333,40.0,0.0087175768406871,unknown,no preparation stated in UNSODA or GSHP,4.1232797389587836e-21,0.4995474289951672,0.1419086703004529,1.01,0.0845637296185267,0.0084058513148565
UNSODA_2622,UNSODA_P262,clay,0.1953127902364127,1.0684401145487492,6.843785917045469e-15,0.4377718379055493,23.2,29.90000000000001,46.9,0.02375,65.0,0.0052358965961061,unknown,no preparation stated in UNSODA or GSHP,6.925430802730196e-19,0.4381935105624247,0.1857417184228486,1.01,0.06870132214061,0.0050734165646954
UNSODA_2630,UNSODA_P263,sandy clay loam,0.4501473698912559,1.191204366287177,3.509011940796297e-27,0.4863682073975491,55.00000000000001,19.2,25.8,3.096,50.0,0.0197439161048278,unknown,no preparation stated in UNSODA or GSHP,2.02026167718616e-21,0.4888410752264415,0.3739357867951533,1.01,0.1985718126860186,0.0188830993364182
UNSODA_2631,UNSODA_P263,sandy clay loam,0.4159914548524083,1.163781253946166,9.661473699206208e-18,0.469817721790374,59.00000000000001,16.7,24.3,0.3527916666666666,72.5,0.0066381152895119,unknown,no preparation stated in UNSODA or GSHP,5.553694558116257e-13,0.4730169703729483,0.3786904274138782,1.01,0.1667629796692069,0.0059544102173105
UNSODA_2640,UNSODA_P264,loamy sand,0.8373883189521385,1.307878012441237,4.78653057568805e-10,0.4354595865718504,85.8,9.6,4.6,0.5112083333333334,50.0,0.0063927444097091,unknown,no preparation stated in UNSODA or GSHP,8.482432132177478e-20,0.4316782267256012,0.9530772075670728,1.6192466219324082,0.1828407903687264,0.0060601858226577
UNSODA_2641,UNSODA_P264,loamy sand,2.312846844115944,1.12445451872888,1.295449140900152e-26,0.5031291620209893,83.8,7.1000000000000005,9.1,8.676,100.0,0.0257209314922006,unknown,no preparation stated in UNSODA or GSHP,1.749614396861014e-24,0.5052886856695441,2.1504025153961828,1.01,0.1255822904403087,0.0255421578839276
UNSODA_2642,UNSODA_P264,sandy loam,0.1133047868573818,1.1617083229056355,5.217152828345612e-16,0.3721894499591835,75.9,11.2,12.9,3.1032083333333333,150.0,0.0109218489087716,unknown,no preparation stated in UNSODA or GSHP,2.3047382522234368e-20,0.373636305418205,0.0988216533276603,1.01,0.1666918845125243,0.0103850982968837
UNSODA_2650,UNSODA_P265,loam,1.3539105939418332,1.1781845371719015,1.787882602942393e-33,0.5510716048577943,36.0,49.8,14.2,53.28,10.0,0.0265492001410382,unknown,no preparation stated in UNSODA or GSHP,1.03087224307261e-34,0.5528560153429423,1.1313466298213026,1.01,0.1838533831666941,0.0257289536241499
UNSODA_2651,UNSODA_P265,loam,7.535327337219323,1.146681823012761,6.728794863872025e-20,0.537833303531092,38.0,47.5,14.499999999999998,15.3,40.0,0.0124732290515136,unknown,no preparation stated in UNSODA or GSHP,1.6404856002364003e-16,0.5458604939242431,7.901706081815464,1.01,0.1464495970445768,0.0123499966303995
UNSODA_2652,UNSODA_P265,loam,0.1907910091118615,1.1249485611840182,8.481714946188031e-20,0.4208196658312603,31.000000000000007,47.0,22.0,1.6992083333333332,75.0,0.0088170637614554,unknown,no preparation stated in UNSODA or GSHP,3.066153978920606e-16,0.4218120987030185,0.1681522702604784,1.01,0.1278240162809034,0.008561730955371
UNSODA_2653,UNSODA_P265,loamy sand,1.5955626036973631,1.0910990974530277,2.9547664440272896e-08,0.3440692941681711,81.0,12.5,6.5,2.7144166666666667,205.0,0.0038907712013931,unknown,no preparation stated in UNSODA or GSHP,1.1105249618545362e-14,0.341365202349874,1.6063278449228624,1.337525927095076,0.0670418150984975,0.00385409597622
UNSODA_2660,UNSODA_P266,clay,2.4550940201525933,1.0395267678092384,3.837861862949209e-11,0.6268317081978478,15.200000000000005,26.9,57.9,2.1635833333333334,45.0,0.0104433461329951,unknown,no preparation stated in UNSODA or GSHP,5.695605907456688e-12,0.6270986446863442,2.427942708614954,1.0100000000020497,0.039278186910169,0.0104263547829627
UNSODA_2661,UNSODA_P266,clay loam,0.0057398678716253,1.1738186519435394,4.065540784030679e-35,0.4517731287932739,25.7,35.099999999999994,39.2,0.233625,125.0,0.0137079305679272,unknown,no preparation stated in UNSODA or GSHP,3.92754183054512e-18,0.4524856061373892,0.0033950638413295,1.01,0.2182495477497549,0.0128922056085005
UNSODA_2670,UNSODA_P267,silt loam,0.0168920425732588,1.2710819530958988,1.821408487695506e-18,0.4082020441879534,20.699999999999996,58.3,21.0,3.200416666666667,100.0,0.0141765006320792,unknown,no preparation stated in UNSODA or GSHP,6.984006527360374e-24,0.4102832363350408,0.0104057807339725,1.01,0.3210689805165684,0.0126719362807871
UNSODA_2671,UNSODA_P267,silt loam,0.0364150026544237,1.2503894862812874,6.25670297053635e-35,0.4462715288516282,18.700000000000006,63.99999999999999,17.299999999999997,6.515999999999999,150.0,0.0200696125978091,unknown,no preparation stated in UNSODA or GSHP,3.61737916664367e-27,0.4477676053794852,0.0223329331959949,1.01,0.2923361139637178,0.0180520576518721
UNSODA_2680,UNSODA_P268,loam,1.3032756402355208,1.2046735107624162,0.0396817363226082,0.6122778663876586,50.8,31.6,17.599999999999998,24.12,10.0,0.0224822603835742,unknown,no preparation stated in UNSODA or GSHP,0.0258712187673232,0.5934682769975377,1.4588525116531108,9.284719523073688,0.0200000000011374,0.0176623500759552
UNSODA_2681,UNSODA_P268,clay,5.672328440224555,1.1884412185423274,0.1711606539336023,0.5268144982133336,30.700000000000006,28.999999999999993,40.3,2.232,60.0,0.0084413033039611,unknown,no preparation stated in UNSODA or GSHP,0.170486876340168,0.5040047717637117,4.313803798523637,8.520065080196986,0.0217565908083596,0.0081144411180169
UNSODA_2682,UNSODA_P268,clay loam,3.664761064504885,1.093340318750737,1.8973623756490677e-18,0.503584287777116,41.7,19.899999999999995,38.4,0.5435833333333333,115.0,0.0091410424163727,unknown,no preparation stated in UNSODA or GSHP,2.3807269477072134e-24,0.5059310615355289,3.7254834064918447,1.0100151370584665,0.0928948466308843,0.0091429203242588
UNSODA_2683,UNSODA_P268,clay loam,0.7374927608809654,1.3398998716049717,0.1369513288449515,0.4765401535998774,42.2,22.299999999999997,35.5,1.4795833333333333,155.0,0.0102739396930618,unknown,no preparation stated in UNSODA or GSHP,0.1035036918510302,0.4671868040972501,1.233215368518295,10.999999999926056,0.0216441016315817,0.0065571408419766
UNSODA_2690,UNSODA_P269,clay,3.5969124522759097,1.2007255348490324,0.162288346213984,0.7418410071852998,8.699999999999996,28.000000000000004,63.3,540.0,10.0,0.0179039371023657,unknown,no preparation stated in UNSODA or GSHP,0.162288346213984,0.7418410071852998,3.5969124522759097,1.2007255348490324,0.1671702058657974,
UNSODA_2691,UNSODA_P269,clay,0.5138270738372004,1.4919564230701647,0.1714788581695024,0.6226589807080212,25.2,31.2,43.6,320.40000000000003,40.0,0.0080705306205009,unknown,no preparation stated in UNSODA or GSHP,0.1714788581695024,0.6226589807080212,0.5138270738372004,1.4919564230701647,0.3297391367891371,
UNSODA_2700,UNSODA_P270,clay loam,0.4828733983279482,1.4008660671236262,0.2271173401797955,0.7639804071938668,20.699999999999996,47.0,32.300000000000004,280.8,10.0,0.0126433041769366,unknown,no preparation stated in UNSODA or GSHP,0.2271173401797955,0.7639804071938668,0.4828733983279482,1.4008660671236262,0.2861558835147727,
UNSODA_2701,UNSODA_P270,clay loam,0.7846838149886868,1.377669676875709,0.144064193324882,0.5622527155943928,21.299999999999997,47.5,31.2,349.2,35.0,0.0066842480167841,unknown,no preparation stated in UNSODA or GSHP,0.144064193324882,0.5622527155943928,0.7846838149886868,1.377669676875709,0.2741365969033967,
UNSODA_2710,UNSODA_P271,silt loam,1.30811419368139,1.2207505363440476,1.2950549682618876e-12,0.5801511042118256,17.500000000000004,65.99999999999999,16.5,5.3999999999999995,10.0,0.0166789543540975,unknown,no preparation stated in UNSODA or GSHP,8.806406306423237e-37,0.5836587845346868,1.2645367397749692,1.1087448381686842,0.2014657073097031,0.0166655342110317
UNSODA_2711,UNSODA_P271,silt loam,0.2821504733268267,1.2140392789648051,4.615868620380508e-19,0.4798680570431688,15.000000000000004,66.80000000000001,18.200000000000003,1.5119999999999998,27.5,0.0123166410499068,unknown,no preparation stated in UNSODA or GSHP,9.18687968648718e-20,0.4842461975168472,0.2457930334604593,1.01,0.220519854480199,0.011639824199097
UNSODA_2712,UNSODA_P271,silt loam,0.092583305419526,1.2037494426337838,7.599489739518196e-15,0.4022341192948546,13.900000000000002,62.0,24.1,0.7999999999999999,42.5,0.0154373155387684,unknown,no preparation stated in UNSODA or GSHP,7.491034685673896e-23,0.4044173637181409,0.073458371601145,1.01,0.215750619043493,0.0146695278961721
UNSODA_2713,UNSODA_P271,silt loam,0.1594603100289521,1.119415584492677,3.644764574061778e-23,0.3709258019197594,12.5,65.5,22.0,0.2555833333333333,95.0,0.0131537757382674,unknown,no preparation stated in UNSODA or GSHP,1.6892675017188962e-22,0.3714625077663371,0.1397802609494191,1.01,0.1221765098484651,0.0130364286520007
UNSODA_2720,UNSODA_P272,silt loam,1.0189239500029628,1.170004987251213,8.73244701276085e-22,0.5837316187257746,19.799999999999997,65.2,15.0,8.64,10.0,0.0246343841278292,unknown,no preparation stated in UNSODA or GSHP,1.2772993563853097e-21,0.5839909022421895,0.8623870136592532,1.01,0.1743020201331843,0.0238555847902639
UNSODA_2721,UNSODA_P272,silt loam,0.1465915563131791,1.2475438515400403,1.939809586727824e-16,0.4722821090189973,24.2,60.0,15.8,1.836,35.0,0.0141619761591536,unknown,no preparation stated in UNSODA or GSHP,1.251536498672712e-23,0.4762497545748658,0.1125916729316976,1.0100000000000031,0.2645398451057141,0.012704420156244
UNSODA_2722,UNSODA_P272,silt loam,0.0653414993949256,1.2304288193589046,5.576732849025795e-31,0.4024253280383704,27.800000000000004,54.7,17.5,0.3959999999999999,75.0,0.016289704035118,unknown,no preparation stated in UNSODA or GSHP,1.0374964442331351e-31,0.4039592653714142,0.0449293648876372,1.01,0.255695286487602,0.0149297983546067
UNSODA_2723,UNSODA_P272,silt loam,0.0226257786208238,1.2576773684947282,8.181978628864069e-25,0.3907456953080424,28.300000000000004,56.49999999999999,15.2,0.0684166666666666,125.0,0.0121931996448025,unknown,no preparation stated in UNSODA or GSHP,2.17996669248877e-21,0.3925484187701152,0.013938208843673,1.01,0.3028220748528606,0.0106971834481863
UNSODA_2732,UNSODA_P273,silt loam,0.0514603913786178,1.1967725466408414,6.306170901310938e-33,0.3791227721506433,25.7,56.8,17.5,0.18,80.0,0.0169833121976118,unknown,no preparation stated in UNSODA or GSHP,3.3623323316793476e-39,0.3803391360216868,0.0370126624654246,1.01,0.215820319335868,0.0159716310493092
UNSODA_2740,UNSODA_P274,clay loam,1.0935219546959645,1.1720718914281243,1.1456310965802987e-09,0.7103694615067794,30.700000000000006,39.599999999999994,29.7,20.88,17.5,0.0110339231616261,unknown,no preparation stated in UNSODA or GSHP,2.3123059274460655e-14,0.6994617678421484,1.1686469907299264,1.6091681503646589,0.1036928605367361,0.0106030317121767
UNSODA_2741,UNSODA_P274,loam,0.5432701834592473,1.2254226610872876,0.0008005579185078,0.6731977538874001,31.299999999999994,45.70000000000001,23.0,18.358333333333334,50.0,0.00371420029806,unknown,no preparation stated in UNSODA or GSHP,1.3604488175141226e-21,0.6723550303197907,0.551590816432753,1.2545695320904002,0.1784706120943576,0.0037006900475529
UNSODA_2742,UNSODA_P274,loam,0.7731683743560563,1.223447194850642,0.0361280742767508,0.6623211462851255,37.4,38.0,24.6,24.84,80.0,0.0070808308505235,unknown,no preparation stated in UNSODA or GSHP,0.0184355027402905,0.6584312221346167,0.8641713023843585,1.3920225802597683,0.1479380293489895,0.0069841756046155
UNSODA_2743,UNSODA_P274,clay loam,0.9002562584385199,1.2130237576764822,0.0860136641428969,0.7117783318798824,26.700000000000003,42.3,31.0,13.32,110.0,0.0057097881374869,unknown,no preparation stated in UNSODA or GSHP,0.0233984879929297,0.6995426193646799,1.2061364368897718,2.0629363518130233,0.0804291016099785,0.003993477653694
UNSODA_2750,UNSODA_P275,loam,1.2210097961691269,1.129930114386355,7.8065170309692e-24,0.6133179652980465,51.7,29.799999999999997,18.5,7.920000000000001,15.0,0.0150620866116952,unknown,no preparation stated in UNSODA or GSHP,1.4878317057934681e-16,0.6165439049480436,1.1595125554325618,1.0100000000523257,0.1308175316005471,0.0148856971610183
UNSODA_2751,UNSODA_P275,sandy loam,0.21569443380236,1.112381532990525,2.874604938079318e-38,0.4846536015978663,55.400000000000006,26.0,18.6,1.08,45.0,0.0184620360851306,unknown,no preparation stated in UNSODA or GSHP,1.577128889643082e-57,0.4841827062812328,0.1710725788841892,1.01,0.1173853661114242,0.017969891035874
UNSODA_2752,UNSODA_P275,loam,0.0334973047734181,1.2168449818019529,9.832061594014034e-22,0.436002840635659,50.0,31.0,19.0,0.6227916666666666,80.0,0.0185086297465322,unknown,no preparation stated in UNSODA or GSHP,4.3322443088070054e-21,0.4380750297329744,0.0241302177740505,1.01,0.2396204633313541,0.017162930971899
UNSODA_2753,UNSODA_P275,sandy loam,0.025358771377661,1.2657991719118784,7.420017256453302e-15,0.4377163763090976,54.400000000000006,28.300000000000004,17.299999999999997,0.18,110.0,0.019559078013023,unknown,no preparation stated in UNSODA or GSHP,5.286091805102731e-19,0.4408600830783425,0.0175508963579872,1.01,0.2992869687371796,0.0179831364908261
UNSODA_2760,UNSODA_P276,silt loam,0.5963954391346016,1.088545685770908,7.704656046845066e-25,0.4996728401672233,39.4,54.99999999999999,5.6000000000000005,15.336,10.0,0.0164853536283691,unknown,no preparation stated in UNSODA or GSHP,1.1409319272307866e-25,0.499693475163192,0.5307345478436934,1.01,0.0897735180581195,0.0162872727453379
UNSODA_2761,UNSODA_P276,silt loam,0.3386325577522928,1.1960453403728455,2.7959607773787003e-30,0.4860855509984934,40.7,54.2,5.1,8.532,30.0,0.0222380638962649,unknown,no preparation stated in UNSODA or GSHP,4.5762680916420346e-37,0.4872965142670756,0.256664273867457,1.01,0.2082769031092724,0.0211236817059536
UNSODA_2762,UNSODA_P276,sandy loam,0.6544939274932051,1.287856254892794,0.0112157411608152,0.4690783297580033,64.1,30.9,5.0,32.76,52.5,0.0062746844099696,unknown,no preparation stated in UNSODA or GSHP,4.92855018271954e-19,0.4646950350416307,0.7520059744254858,1.540082564852019,0.1704399794073327,0.0060731258365467
UNSODA_2763,UNSODA_P276,loamy sand,0.2461550418056853,1.8190248850102215,0.0490000009999999,0.4635775169249791,76.9,20.3,2.8000000000000003,16.236,75.0,0.0157414503682582,unknown,no preparation stated in UNSODA or GSHP,0.0490000009999999,0.4519419228610116,0.3242243943703102,3.621223911552492,0.194152550409287,0.0139024193446809
UNSODA_2764,UNSODA_P276,sandy loam,0.2456112980504674,1.646443132603295,0.0690000009999999,0.4953002254915361,68.9,27.500000000000004,3.5999999999999996,7.956,100.0,0.0096763976072645,undisturbed,UNSODA lab comment: undisturbed samples,0.0690000009999999,0.492538270902504,0.2668263356035529,1.845044494884263,0.3377011891465076,0.0095697322726216
UNSODA_2765,UNSODA_P276,sandy loam,0.1538105307025846,1.3058914942127302,1.6387490050415382e-16,0.4582713055951675,60.0,37.2,2.8000000000000003,0.8784166666666667,127.5,0.0070969311382423,undisturbed,UNSODA lab comment: undisturbed samples,1.2674944561562018e-29,0.4644123750672685,0.115576161671864,1.010000005696425,0.3294415493826494,0.0064877022527364
UNSODA_3000,UNSODA_P300,sandy loam,0.3238882709862654,1.0557036598885572,3.0262242633359167e-06,0.3978898616781889,67.9,20.725,11.375,,5.0,0.0009364385614929,undisturbed,UNSODA lab comment: undisturbed samples,3.0262242633359167e-06,0.3978898616781889,0.3238882709862654,1.0557036598885572,0.0527644849639314,
UNSODA_3010,UNSODA_P301,sandy loam,0.1508652127455169,1.1268610877012477,7.946769336210147e-06,0.4257746791204387,50.1,44.175,5.7250000000000005,,6.0,0.0008602727705491,undisturbed,UNSODA lab comment: undisturbed samples,7.946769336210147e-06,0.4257746791204387,0.1508652127455169,1.1268610877012477,0.1125791715463696,
UNSODA_3020,UNSODA_P302,sand,0.18319111032323,2.408687761014229,0.1916579407801899,0.4490060996088106,86.2,13.375,0.425,,5.0,0.0014947352036405,undisturbed,UNSODA lab comment: undisturbed samples,0.1916579407801899,0.4490060996088106,0.18319111032323,2.408687761014229,0.5848361850026884,
UNSODA_3030,UNSODA_P303,silty clay,0.345905368049844,1.234543877438679,0.4148277701499612,0.579962881033656,2.200000000000002,48.0,49.8,,11.0,0.0002897235841774,undisturbed,UNSODA lab comment: undisturbed samples,0.4293723538916394,0.5799847276965293,0.2953682324028927,1.17269870628763,0.2411892255048203,0.0002839793092658
UNSODA_3031,UNSODA_P303,clay loam,1.2098412960328166,1.127246520492588,0.1976741600066168,0.5257911220688698,21.299999999999997,43.275000000000006,35.425000000000004,,30.0,0.0019562890023174,undisturbed,UNSODA lab comment: undisturbed samples,0.2505721338744087,0.5257180894770456,0.9091046418950124,1.0100000000002305,0.1715474563280085,0.0018958110833686
UNSODA_3032,UNSODA_P303,clay loam,0.5092709472113015,1.1153915793938862,0.0308387044740795,0.5461336963282516,34.699999999999996,29.625,35.675000000000004,,64.0,0.0029958516050251,undisturbed,UNSODA lab comment: undisturbed samples,0.2166954997214689,0.5456708128579928,0.3051758642999364,1.01,0.2396680758042383,0.0028240576075857
UNSODA_3033,UNSODA_P303,clay loam,0.2453817205581192,1.7718684835600649,0.2724714649574664,0.568998891548995,28.000000000000004,34.12499999999999,37.875,,145.0,0.0049936286623962,undisturbed,UNSODA lab comment: undisturbed samples,0.2813446406898153,0.5697771778462654,0.197159062741036,1.5837553973370515,0.5895385427897433,0.0049142441968111
UNSODA_3050,UNSODA_P305,loamy sand,1.1965947835863824,1.5754366534067694,4.116393712196498e-16,0.9813295058019512,74.25625,22.843750000000004,2.9000000000000004,0.8114583333333334,,0.0042842357801944,undisturbed,UNSODA lab comment: undisturbed samples,4.170967738669861e-16,0.9999999999996472,1.155347616033777,1.425390389864364,0.4147463437678798,0.0042815664485608
UNSODA_3090,UNSODA_P309,silty clay,0.2567601996436174,1.1998455678180702,2.613264989278067e-16,0.4238013850798514,2.100000000000002,54.925,42.975,0.8125,10.0,0.0076992649272134,undisturbed,UNSODA lab comment: undisturbed samples,2.9746957066884894e-19,0.431087483192596,0.2532798506404169,1.0100000000000997,0.2008221082596883,0.0076201712809581
UNSODA_3091,UNSODA_P309,silty clay,0.0001,1.407447165486404,2.026424872603784e-17,0.1447077162965868,2.300000000000002,53.6,44.1,0.6416666666666667,32.0,0.0045940925870739,undisturbed,UNSODA lab comment: undisturbed samples,2.026424872603784e-17,0.1447077162965868,0.0001,1.407447165486404,0.2894937554160998,
UNSODA_3100,UNSODA_P310,silty clay loam,0.0721020014546419,3.020269719514986,0.3455673713835974,0.6509107045790895,14.3,51.425,34.275,7.0,5.5,0.0072463829960515,undisturbed,UNSODA lab comment: undisturbed samples,0.3455673713835974,0.6509107045790895,0.0721020014546419,3.020269719514986,0.6689037427556019,
UNSODA_3101,UNSODA_P310,silty clay loam,0.2064703532733521,1.346538477534336,0.1549248895903187,0.8157165316704379,10.299999999999995,52.325,37.375,2.3249999999999997,24.0,0.0023103513871533,undisturbed,UNSODA lab comment: undisturbed samples,0.2767658576299515,0.8301346154957864,0.0910531197739252,1.0100000772093989,0.693092276231043,0.0008515771711052
UNSODA_3102,UNSODA_P310,silty clay loam,0.474465640819029,1.3792466590630643,0.1605623482344695,0.6758460177221448,11.3,52.075,36.625,4.541666666666667,55.0,0.0023684642356158,undisturbed,UNSODA lab comment: undisturbed samples,0.2044980111398326,0.6988882575443878,0.2952058508044847,1.0100000003914562,0.5416280100623767,0.001550719930398
UNSODA_3103,UNSODA_P310,silty clay loam,0.4534204669382832,1.345949911019442,0.1130380957479466,0.6801609283782205,5.700000000000005,58.14999999999999,36.150000000000006,,90.0,0.005183800909654,undisturbed,UNSODA lab comment: undisturbed samples,0.1750312814721626,0.699325736543851,0.2681244176605278,1.01,0.5221097236610266,0.0046009207803346
UNSODA_3110,UNSODA_P311,silty clay loam,0.0866153079575867,1.2058065726460203,0.0614053129421094,0.5712941488579057,12.4,53.5,34.099999999999994,3.7916666666666665,10.0,0.0008901659544342,undisturbed,UNSODA lab comment: undisturbed samples,0.0037976785379679,0.5710254421824333,0.094152416605577,1.2334589550793642,0.1411537294558222,0.0008890741748245
UNSODA_3111,UNSODA_P311,silty clay loam,0.2666734673501517,1.1367257790910434,5.064151617430841e-09,0.60256625035699,6.2999999999999945,55.60000000000001,38.1,4.083333333333333,22.5,0.0017920579731836,undisturbed,UNSODA lab comment: undisturbed samples,0.0001699741813455,0.606833155662543,0.2432865444968242,1.010000420029107,0.1411099649843809,0.0016253115080251
UNSODA_3112,UNSODA_P311,silty clay loam,0.0741300742026938,1.2878963281472515,4.6374312630975746e-27,0.591367190068016,7.299999999999995,55.925,36.775000000000006,4.541666666666667,45.0,0.0158305638269478,undisturbed,UNSODA lab comment: undisturbed samples,7.768235510322845e-20,0.5951827268137047,0.0340377961139687,1.01,0.4156884037783792,0.0137542495742037
UNSODA_3113,UNSODA_P311,silty clay loam,0.1891237130589161,1.7372912928415285,0.2313811882485337,0.5765138992759733,5.700000000000005,58.14999999999999,36.150000000000006,,87.5,0.0059414742866373,undisturbed,UNSODA lab comment: undisturbed samples,0.2224408915351426,0.5729615938791656,0.2162548460376369,1.9684661764108689,0.3290963067827062,0.005878601063485
UNSODA_3120,UNSODA_P312,silty clay,0.2420826267772414,1.2332331660359022,1.9618747942703218e-15,0.641483373393508,11.848484848484851,44.65151515151515,43.5,0.1458333333333333,7.5,0.0214995396462302,disturbed,UNSODA lab comment: packed or disturbed samples,8.413729512911319e-20,0.6445647157041537,0.1757777859514531,1.01,0.2519711880848453,0.019587149223029
UNSODA_3130,UNSODA_P313,sand,0.2745486421542831,2.4487027832444075,0.1120000009999978,0.4996064494563673,87.1,9.9,3.0,,7.5,0.0094857833982497,undisturbed,UNSODA lab comment: undisturbed samples,0.1111811409717006,0.4798878488531576,0.3557191479912301,5.622917474825029,0.2020150103900478,0.0062550477782683
UNSODA_3131,UNSODA_P313,loamy sand,0.2332133141595149,2.707570621958807,0.1170000009999999,0.4135053663616492,85.2,9.3,5.5,,22.5,0.009478587669562,undisturbed,UNSODA lab comment: undisturbed samples,0.1170000009999999,0.3757793877110422,0.2803535402950949,10.999999999999998,0.1200049291734167,0.0044930578325285
UNSODA_3132,UNSODA_P313,sand,0.2984314387507226,2.7866255923607555,0.0620000009999999,0.3080661718758961,90.1,5.500000000000001,4.3999999999999995,,53.5,0.0042109967780197,undisturbed,UNSODA lab comment: undisturbed samples,0.0612753464918481,0.298558612356895,0.376436599980429,5.015254013814466,0.2795324220574841,0.0024477649412652
UNSODA_3141,UNSODA_P314,sand,0.2711441367368662,2.338754021925475,0.0819328431251243,0.3525993544830715,91.6,5.1000000000000005,3.3000000000000003,,22.5,0.0053457039462517,undisturbed,UNSODA lab comment: undisturbed samples,0.0722314612718525,0.3425308181780617,0.3645759174275516,4.088415469600164,0.2330001499661172,0.0043432972758247
UNSODA_3142,UNSODA_P314,sand,0.3310673169930607,2.5020753898003028,0.0670000009999999,0.3822589762233329,92.3,4.199999999999999,3.5000000000000004,,38.0,0.0082663080477602,undisturbed,UNSODA lab comment: undisturbed samples,0.0657534539249972,0.3620854264330639,0.4464314612400747,7.355205812797718,0.152101638543629,0.00388638291555
UNSODA_3143,UNSODA_P314,sand,0.292557384655661,3.1346604508210474,0.0530000009999999,0.3503070202130601,93.4,3.0000000000000004,3.5999999999999996,,68.5,0.0055754022381663,undisturbed,UNSODA lab comment: undisturbed samples,0.0530000009999999,0.3389810658716488,0.3678362866163405,6.310399915276395,0.2606303598127357,0.00254810709168
UNSODA_3144,UNSODA_P314,sand,0.2808318778527382,3.1279460568615525,0.0640000009999999,0.3516567299963296,94.8,4.1,1.1,,98.5,0.0044051136963484,undisturbed,UNSODA lab comment: undisturbed samples,0.0640000009999964,0.3429719551836411,0.3417625444015895,5.2128067165594505,0.328063935391457,0.0025500022157823
UNSODA_3150,UNSODA_P315,loamy sand,0.2630899857108428,2.0261804905721235,0.1374417598249136,0.4579098384216998,83.8,5.800000000000001,10.4,,7.5,0.0020366582440855,undisturbed,UNSODA lab comment: undisturbed samples,0.1278376908034548,0.429886570448295,0.3053356150559693,3.2933837110547186,0.2483908839962142,0.0015907156739763
UNSODA_3151,UNSODA_P315,loamy sand,0.254152248146735,2.156761709037714,0.1055194306710719,0.4329709869798173,85.7,9.1,5.2,,22.5,0.0034961299604327,undisturbed,UNSODA lab comment: undisturbed samples,0.0887113745787088,0.4207997890421273,0.3555024888932659,3.948203484605001,0.201112725000783,0.0013053048237868
UNSODA_3152,UNSODA_P315,loamy sand,0.3135202052525875,2.275312249514528,0.0935512336703805,0.4182737570397599,84.5,11.1,4.3999999999999995,,38.0,0.0041349140048273,undisturbed,UNSODA lab comment: undisturbed samples,0.0874225530927403,0.351619025561395,0.3307262891471931,10.999999999883071,0.0914898446996955,0.002060251741878
UNSODA_3153,UNSODA_P315,sand,0.3269142491236181,2.616120025811167,0.0750000009999999,0.4179728658208029,88.6,7.800000000000002,3.5999999999999996,,68.5,0.0073776272656031,undisturbed,UNSODA lab comment: undisturbed samples,0.0684160408531322,0.3981393428217329,0.452176571745936,7.565769638189869,0.1487342791549969,0.0011248787481071
UNSODA_3154,UNSODA_P315,sand,0.2893257080743987,2.640875306433375,0.0670000009999999,0.4171883112955474,89.1,6.4,4.5,,83.5,0.0045365594816385,undisturbed,UNSODA lab comment: undisturbed samples,0.0628104517901041,0.4038805193625684,0.3689953323642473,4.65960747478686,0.2709207694087787,0.0012960994469949
UNSODA_3155,UNSODA_P315,sand,0.317489787656909,3.11110136979179,0.0630000009999999,0.3832260164300712,92.2,4.3999999999999995,3.4000000000000004,,114.0,0.0064892714015909,undisturbed,UNSODA lab comment: undisturbed samples,0.063000000999006,0.3691301852400398,0.4060314352538021,6.691620366555673,0.2391169824758806,0.0014412519792782
UNSODA_3160,UNSODA_P316,loamy sand,0.3905799767842527,2.3166267210990954,0.1190287576290059,0.6813113289305042,85.2,10.1,4.7,,7.5,0.0058651159651278,undisturbed,UNSODA lab comment: undisturbed samples,0.1147201856145543,0.5227512325514383,0.3563380042616894,10.9999999527191,0.1033257303343553,0.0043718153526043
UNSODA_3161,UNSODA_P316,loamy sand,0.2247166295780049,3.12667588730844,0.1090000009999999,0.5422648271012426,85.3,8.9,5.800000000000001,,22.5,0.0116886273405018,undisturbed,UNSODA lab comment: undisturbed samples,0.1090000009999999,0.4998393097346074,0.2801527910978043,10.999999999999998,0.1409219862496996,0.0053403919856786
UNSODA_3162,UNSODA_P316,sand,0.2080463077130497,3.22446583549963,0.0820000009999998,0.4224426889036847,88.1,8.9,3.0,,53.5,0.0082519319632941,undisturbed,UNSODA lab comment: undisturbed samples,0.0820000009999999,0.3947757723343362,0.2686314826451157,10.999999747487152,0.1400613204154118,0.0031930077857368
UNSODA_3163,UNSODA_P316,sand,0.179181689403939,3.420556814264583,0.0740000009999998,0.4101251669976779,91.0,6.2,2.8000000000000003,,76.0,0.009843955644312,undisturbed,UNSODA lab comment: undisturbed samples,0.0740000009999999,0.4038101436715355,0.2141088114877673,4.783045411351087,0.3983151477390262,0.0090664974839699
UNSODA_3164,UNSODA_P316,sand,0.1684980206563066,4.428821913649846,0.0790000009999999,0.3905524908954434,91.40000000000002,6.1999999999999895,2.4,,106.5,0.0041920393512113,undisturbed,UNSODA lab comment: undisturbed samples,0.0790000009999999,0.3884341357231394,0.1767863252223574,4.804980661714716,0.6534750781861348,0.0040887270892785
UNSODA_3165,UNSODA_P316,sand,0.2173564711378298,3.02776048552968,0.0850000009999999,0.4000108269523525,89.60000000000001,7.3,3.1,,136.5,0.0061579973116953,undisturbed,UNSODA lab comment: undisturbed samples,0.0850000009999987,0.3920328239230312,0.2669931736517921,4.528080844061705,0.3520297736412692,0.0046110986757952
UNSODA_3170,UNSODA_P317,loamy sand,0.2734352605452789,2.4429119069428653,0.0960000009999998,0.4309265647402395,81.60000000000001,13.4,5.0,,7.5,0.0058080401356104,undisturbed,UNSODA lab comment: undisturbed samples,0.0943428304340936,0.4225397984880762,0.3224097289557217,3.2148944316968477,0.3815757321250809,0.0052511056665146
UNSODA_3171,UNSODA_P317,loamy sand,0.1598919800116479,3.346715188288235,0.0900000009999999,0.3660443287847758,85.0,9.4,5.6000000000000005,,38.0,0.003734833562296,undisturbed,UNSODA lab comment: undisturbed samples,0.0900000009999999,0.3582930649111605,0.1874397199425461,4.533865095168272,0.4143307864286307,0.0026324028444024
UNSODA_3172,UNSODA_P317,sand,0.1780338807872983,3.57896914164221,0.0810000009999999,0.3785873027613373,90.6,4.8,4.6,,53.5,0.0041680005507262,undisturbed,UNSODA lab comment: undisturbed samples,0.0810000009999999,0.3687278036135941,0.2114711480730879,5.222346346643373,0.3814629281179616,0.0026234220328556
UNSODA_3173,UNSODA_P317,sand,0.1561986600387281,2.761679927027389,0.0950000009999999,0.3455474169775392,91.5,3.6000000000000005,4.9,,76.0,0.0055361898783397,undisturbed,UNSODA lab comment: undisturbed samples,0.0950000009999999,0.3387901466387925,0.1966281387284153,4.238916357115995,0.3247094708523435,0.0042499162482077
UNSODA_3174,UNSODA_P317,sand,0.1572690241826611,2.619225224759993,0.1303786372512258,0.3723829406650878,91.7,8.1,0.2,,106.5,0.0034195425294767,undisturbed,UNSODA lab comment: undisturbed samples,0.1280069284013398,0.3709028024598846,0.1725306920956138,2.871172693337926,0.5020728788038926,0.0033566849339335
UNSODA_3175,UNSODA_P317,sand,0.6020030136961294,4.002875750400031,0.0320000009999999,1.0,97.0,2.8,0.2,,137.0,0.006651031542509,undisturbed,UNSODA lab comment: undisturbed samples,0.0320000009999999,1.0,0.6571807431860949,10.999999993993658,0.2518955141631213,0.005853372956808
UNSODA_3180,UNSODA_P318,sandy clay loam,0.2812273725645474,3.043062216349908,0.2411000009999999,0.4440509495381364,63.6,16.4,20.0,,38.0,0.0067921603597903,undisturbed,UNSODA lab comment: undisturbed samples,0.2251344137747337,0.4332348406370042,0.3918660342686882,10.999999999883457,0.1059466517868322,0.0038817220949867
UNSODA_3181,UNSODA_P318,sand,0.1736321229266549,4.072861116501626,0.0796000009999999,0.4211376235735283,89.0,4.6,6.4,,76.0,0.0100096927998858,undisturbed,UNSODA lab comment: undisturbed samples,0.0796000009999999,0.4122315463751808,0.2148463832587378,7.38103893162092,0.2939492767738878,0.0079047815379993
UNSODA_3182,UNSODA_P318,sand,0.270169326523374,3.4025970647236536,0.0880000009999998,0.3931934685333245,92.0,5.2,2.8000000000000003,,106.5,0.0115207680022232,undisturbed,UNSODA lab comment: undisturbed samples,0.0880000009999998,0.3786184325998172,0.35758819935538,10.999999999999876,0.1499059209629217,0.0065116869456456
UNSODA_3183,UNSODA_P318,sand,0.331069772189337,3.547979269724358,0.0760000009999999,0.4560385960951157,93.3,5.0,1.7000000000000002,,167.0,0.0090148530834654,undisturbed,UNSODA lab comment: undisturbed samples,0.0760000009999999,0.3754741720374664,0.3339077824508372,10.999999999999032,0.2094680083037967,0.0075993167847749
UNSODA_3190,UNSODA_P319,loam,0.2479878091704929,1.6537679388406994,0.2232569875741493,0.5683497009320113,47.9,35.6,16.5,,7.5,0.0031067402612281,undisturbed,UNSODA lab comment: undisturbed samples,0.1922645306791321,0.560545463322739,0.3309596262756848,2.2344328258872936,0.2114282816368776,0.0028932050263292
UNSODA_3191,UNSODA_P319,loam,0.2649250201695192,1.6985502353647228,0.222518466361712,0.5444119738650478,47.7,36.1,16.2,,22.5,0.0031741028040534,undisturbed,UNSODA lab comment: undisturbed samples,0.1765658416133345,0.5311719358496202,0.3985309361656577,3.2015497226395877,0.132671721498731,0.0024270382335724
UNSODA_3192,UNSODA_P319,loam,0.3465595931513134,1.346516547946254,0.1720086940621003,0.5090815855563621,44.2,39.5,16.3,,37.5,0.0089201914749323,undisturbed,UNSODA lab comment: undisturbed samples,0.0560272551601925,0.495615065396848,0.5003355985469458,2.383481742116055,0.0781431342658091,0.0088198473455537
UNSODA_3193,UNSODA_P319,loam,0.1813692625532246,1.1962564290075677,5.1946912822176984e-15,0.4256747454994768,41.400000000000006,44.9,13.7,,53.5,0.0067164267427267,undisturbed,UNSODA lab comment: undisturbed samples,0.205984520244548,0.4260442701737177,0.0486036863467682,1.01000000000002,0.9799999911206706,0.006217690063614
UNSODA_3194,UNSODA_P319,loam,0.4260532854431214,1.1755677671914564,2.239442615977063e-19,0.4553472450434835,45.7,45.600000000000016,8.69999999999999,,106.5,0.0030233501254453,undisturbed,UNSODA lab comment: undisturbed samples,2.3092079336164512e-09,0.4618956552934868,0.3971298334555549,1.0100000000032283,0.1813113342332154,0.0028130105082957
UNSODA_3195,UNSODA_P319,loam,0.5710149359758432,1.148395485922115,7.793503209568015e-09,0.3441369991328355,44.9,47.2,7.9,,137.0,0.0027574560209487,undisturbed,UNSODA lab comment: undisturbed samples,3.897357322557829e-11,0.3485860555396113,0.5613811661768828,1.010000582420816,0.1508555354822976,0.0027464167214157
UNSODA_3200,UNSODA_P320,sandy loam,0.2159226882419594,2.426578563549896,0.1870000009999999,0.5429856507064554,65.2,19.499999999999996,15.3,,7.5,0.00511454425841,undisturbed,UNSODA lab comment: undisturbed samples,0.1818305058884737,0.5290702793493754,0.2700800172065892,3.73917587972986,0.3007480619237075,0.0035862269099282
UNSODA_3201,UNSODA_P320,sandy loam,0.1302495843859712,1.9074166479019257,0.2106916761953901,0.3735137448561776,67.9,17.0,15.1,,22.5,0.0034193035188206,undisturbed,UNSODA lab comment: undisturbed samples,0.1984230584321905,0.3706667851858312,0.1694855053929546,2.4525658055824024,0.2687112552562406,0.0033462960219194
UNSODA_3202,UNSODA_P320,sandy clay loam,0.1379940573599635,2.2929273481643815,0.1960000009999999,0.3654174643994353,62.5,14.8,22.7,,38.0,0.0033747906263268,undisturbed,UNSODA lab comment: undisturbed samples,0.1872534493573441,0.3615210556402102,0.182285064658,3.294252887605125,0.2777748430454343,0.0029880241463525
UNSODA_3203,UNSODA_P320,sandy loam,0.1128888999095381,2.7108811212568114,0.1580000009999994,0.3469225729552823,76.3,13.2,10.5,,53.5,0.0059934127503759,undisturbed,UNSODA lab comment: undisturbed samples,0.1564244980224261,0.341233604713522,0.1587475685520229,6.4493866101765995,0.1834803292633018,0.0036407769061123
UNSODA_3204,UNSODA_P320,sandy loam,0.1571627462941946,2.2895791476469283,0.1550000009999999,0.3284503534832237,75.4,16.299999999999997,8.3,,68.5,0.0041034136259284,undisturbed,UNSODA lab comment: undisturbed samples,0.1460810283072825,0.3217447503017446,0.2162774565371758,4.158319361971043,0.2109556068461579,0.0034775139209334
UNSODA_3205,UNSODA_P320,sandy loam,0.229758053927449,1.7791251885434,0.1340000009999991,0.3020627039018375,76.3,15.499999999999996,8.200000000000001,,83.5,0.0119799608187644,undisturbed,UNSODA lab comment: undisturbed samples,0.1340000009999999,0.2901694741121271,0.2936344096289447,7.677807329809042,0.0856133936256964,0.0114362682531428
UNSODA_3206,UNSODA_P320,sand,0.2675864873836375,1.892068832871548,0.138233946951517,0.3370020987851023,94.0,4.3,1.7000000000000002,,99.0,0.0080734935256993,undisturbed,UNSODA lab comment: undisturbed samples,0.1229445215848308,0.3222205114512518,0.3685977803707062,10.999999999922997,0.0542348768723769,0.0063367553924871
UNSODA_3210,UNSODA_P321,silt loam,0.0603488155670604,1.9646079027694705,0.3255106122695059,0.470388470132656,32.99999999999999,50.7,16.3,,7.5,0.0027286774538213,undisturbed,UNSODA lab comment: undisturbed samples,3.212143821927977e-07,0.4679035024926798,0.1358819814416148,5.112046488756866,0.0225624839968493,0.0015013244805689
UNSODA_3211,UNSODA_P321,loam,0.1175862185253178,1.6324662917454265,0.2041355057427843,0.4531288901918263,36.4,49.0,14.6,,22.5,0.0024270770630107,undisturbed,UNSODA lab comment: undisturbed samples,0.1485853630384329,0.4495731441178707,0.1715350407507117,2.1216609680183387,0.1739410418715447,0.0022757522003514
UNSODA_3212,UNSODA_P321,silty clay loam,0.2136554435083187,1.6524616082662342,0.2450453793321763,0.4472361235956975,8.399999999999997,64.0,27.6,,38.0,0.0031197195167362,undisturbed,UNSODA lab comment: undisturbed samples,0.2419452753595125,0.4461193420517319,0.2271683974005289,1.7387831244322611,0.3518159489428951,0.0031167647521147
UNSODA_3213,UNSODA_P321,silt loam,0.1225675815758333,1.6078809627148385,0.3050945397119839,0.5298714247022703,15.800000000000002,70.6,13.6,,68.5,0.0016467249985471,undisturbed,UNSODA lab comment: undisturbed samples,0.3361719368187547,0.534191730719934,0.0597125198545362,1.259998000911967,0.9799999999999988,0.0012567507454535
UNSODA_3214,UNSODA_P321,silt,0.367890327184025,1.1237648405848455,0.0211832129721288,0.6325565740283668,1.7000000000000015,87.0,11.3,,91.5,0.0040306447135081,undisturbed,UNSODA lab comment: undisturbed samples,9.845654441009348e-70,0.6030475419476159,0.3733567972023454,4.579267554805595,0.0223231506862651,0.0036281491585845
UNSODA_3220,UNSODA_P322,silt loam,0.184052106209794,1.566691379772219,0.2418763269666691,0.4035935619265667,30.90000000000001,50.7,18.4,,7.5,0.0032682277425072,undisturbed,UNSODA lab comment: undisturbed samples,0.1642342147699408,0.3952948790675293,0.3124335363524776,3.896919486900691,0.0582631894391948,0.0027716061447011
UNSODA_3221,UNSODA_P322,loam,0.2595513223014038,2.0112066271142255,0.1993682999124791,0.4447479472377357,34.099999999999994,46.1,19.8,,53.5,0.0069066467058646,undisturbed,UNSODA lab comment: undisturbed samples,0.1790746376954229,0.4217801968564843,0.3673309867161022,10.999999999999998,0.0575327943217371,0.0033863596337686
UNSODA_3222,UNSODA_P322,silt loam,0.4018176099331128,1.5409078113601438,0.277312396795846,0.4610884284505855,15.400000000000002,59.099999999999994,25.5,,83.5,0.0022053328907143,undisturbed,UNSODA lab comment: undisturbed samples,0.2858223542109064,0.4710545848789053,0.2936888215870696,1.1711079743751889,0.5984286518865921,0.0021837939639398
UNSODA_3223,UNSODA_P322,silt loam,0.4099087188159692,1.343082347220138,0.2993649416284437,0.5080256241415301,6.999999999999995,73.9,19.1,,98.5,0.0016931315334021,undisturbed,UNSODA lab comment: undisturbed samples,0.2945514510333839,0.5063337627795428,0.4313507409246174,1.4308412412883529,0.2250434517601275,0.0016924214118604
UNSODA_3224,UNSODA_P322,silt loam,0.3223974358715953,1.1234380820468952,1.2411972621287228e-11,0.5431306224781223,5.800000000000005,78.99999999999999,15.2,,129.5,0.0053914108245142,undisturbed,UNSODA lab comment: undisturbed samples,1.5361674553298846e-18,0.5463940850667968,0.2946024708215681,1.01,0.1274550793808837,0.0052069025993999
UNSODA_3225,UNSODA_P322,silt loam,0.8469350831538267,1.32884950847674,0.2851931722709848,0.5751594084862239,3.8000000000000034,79.19999999999999,17.0,,144.5,0.0056433470093368,undisturbed,UNSODA lab comment: undisturbed samples,0.2750429246018517,0.5180871351393779,0.5263773426227921,9.991657063770212,0.0287519468826851,0.0048169648911674
UNSODA_3240,UNSODA_P324,silt loam,0.1879604155866309,1.186728739497864,2.854792569327499e-12,0.5092500973840552,1.4000000000000012,74.3,24.3,0.0766666666666666,4.0,0.0017976081319223,undisturbed,UNSODA lab comment: cores sampled in the field,5.135328945943934e-12,0.5200844238876302,0.18572645747836,1.0100000000001472,0.1907804263148209,0.0014058698683401
UNSODA_3241,UNSODA_P324,silty clay loam,0.1027166523517776,1.4114847309002636,0.1357165921602779,0.5487260960365227,0.0,72.89999999999999,27.1,0.0954166666666666,33.5,0.0028334912183946,undisturbed,UNSODA lab comment: cores sampled in the field,0.1643352173210738,0.5664761888082105,0.0588753000130368,1.010000017962605,0.5929235302606802,0.0019147049917398
UNSODA_3242,UNSODA_P324,silt loam,0.1337034463881829,1.3721072717816811,0.1319478291473572,0.5158698677843112,0.7000000000000007,79.30000000000001,20.000000000000004,1.3041666666666667,75.0,0.0034715150814562,undisturbed,UNSODA lab comment: cores sampled in the field,0.1593896296088705,0.5297687432909504,0.0796789182922991,1.01,0.5233463982417738,0.0025926354858345
UNSODA_3243,UNSODA_P324,silt loam,0.187085220400721,1.3201957564769655,0.1107533480064765,0.5915901824621823,2.0000000000000018,80.69999999999999,17.299999999999997,0.29125,106.5,0.0068054821663579,undisturbed,UNSODA lab comment: cores sampled in the field,0.1493517417693468,0.6014990662691663,0.1107238222033605,1.01,0.4478750368267267,0.0061185233001211
UNSODA_3250,UNSODA_P325,silt loam,0.1330476807895293,1.254503770223809,0.0054333047740826,0.5427822699510637,1.0000000000000009,80.5,18.5,0.0629166666666666,6.5,0.0099293344492873,undisturbed,UNSODA lab comment: cores sampled in the field,0.0729840891008811,0.5494576775041746,0.0897676075477039,1.0349950722203036,0.3504618170490454,0.0098526846469157
UNSODA_3251,UNSODA_P325,silty clay loam,0.3737288231899073,1.1097285943363386,1.6350812596211373e-22,0.5105039775811219,0.5000000000000004,70.5,28.999999999999996,0.1141666666666666,41.0,0.0109342169533066,undisturbed,UNSODA lab comment: cores sampled in the field,3.998797130255506e-28,0.5128036752908139,0.3541567934348688,1.01,0.1108778210577948,0.0107178098644721
UNSODA_3252,UNSODA_P325,silt loam,0.0545535938778093,1.3677640059663616,0.1725159799276232,0.4578587751340526,0.5000000000000004,77.0,22.5,0.0059999999999999,86.5,0.012121538342117,undisturbed,UNSODA lab comment: cores sampled in the field,0.2253248673358819,0.4602683581758054,0.0148399490951137,1.010000000000007,0.98,0.0105342961466792
UNSODA_3253,UNSODA_P325,silt loam,0.089063111319981,1.259814554452111,0.0765279559724145,0.4902403314779557,0.0,79.5,20.5,0.0615,115.5,0.0145477849384094,undisturbed,UNSODA lab comment: cores sampled in the field,0.1944401602537566,0.4863141329009104,0.0169576203002624,1.01,0.98,0.0129724184062915
UNSODA_3260,UNSODA_P326,silt loam,0.111314976177152,1.593847564544533,0.0708687692638102,0.4490306646016743,12.0,79.0,9.0,0.45,9.0,0.0081993624353765,undisturbed,UNSODA lab comment: cores sampled in the field,0.0894780826200753,0.464523194806862,0.0445950601714109,1.0408595105399858,0.979999999978341,0.0047655265353422
UNSODA_3261,UNSODA_P326,silt loam,0.1085064754530631,1.718813150998768,0.0704413412369322,0.4538617638408739,21.999999999999996,69.0,9.0,1.3333333333333333,25.5,0.0095369817935725,undisturbed,UNSODA lab comment: cores sampled in the field,0.0825450111995322,0.468448561105029,0.0512593065641028,1.1604773738214926,0.9799999999999958,0.0061206452358035
UNSODA_3262,UNSODA_P326,silt loam,0.0829787711117541,1.7948349924282123,0.0733285742711067,0.4046040476162797,20.999999999999996,69.0,10.0,1.4708333333333332,48.0,0.0096386103373929,undisturbed,UNSODA lab comment: cores sampled in the field,0.082671536286019,0.4153353873951829,0.0426855090233338,1.2490126540877684,0.9799999999999904,0.0072911343006086
UNSODA_3263,UNSODA_P326,silt loam,0.0767537762532494,1.65784860499863,0.0829754750974177,0.4274295823187637,26.0,64.0,10.0,2.25,72.0,0.0109946918202223,undisturbed,UNSODA lab comment: cores sampled in the field,0.0987178280708479,0.4391701018301765,0.0340354338125302,1.1231817675177018,0.98,0.0080793715459406
UNSODA_3264,UNSODA_P326,silt loam,0.0771348367020663,1.6514539917988036,0.1071489239136325,0.4863030863982004,10.999999999999998,76.0,13.0,2.4208333333333334,102.5,0.0104091783310066,undisturbed,UNSODA lab comment: cores sampled in the field,0.1257580287823076,0.4964751345373425,0.0332663152323676,1.1462984514834094,0.98,0.0068114883227268
UNSODA_3281,UNSODA_P328,clay,0.5217534461027072,1.079640680236065,2.4031043056580864e-24,0.3637279602891127,21.750000000000004,29.45,48.8,0.5625,23.5,0.0057026939713798,undisturbed,UNSODA lab comment: cores sampled in the field,1.647852593230273e-18,0.363556129767691,0.4790615721366669,1.0100000000000002,0.0801257079407109,0.0055110787736634
UNSODA_3282,UNSODA_P328,clay,0.6048605312992157,1.0667491236407038,2.4637268732018945e-17,0.4076348352562532,17.799999999999994,28.200000000000003,54.0,0.125,37.5,0.0050367564926408,undisturbed,UNSODA lab comment: cores sampled in the field,3.416093022464325e-15,0.4075524735208,0.5705158153752363,1.0100000000000011,0.0667933991849653,0.0049234158483723
UNSODA_3283,UNSODA_P328,clay loam,0.7352330040152516,1.0857724908305744,3.25530855421791e-11,0.4004687623876007,26.53333333333333,40.86666666666667,32.6,,90.0,0.0056368907133531,undisturbed,UNSODA lab comment: cores sampled in the field,3.2438230136460733e-13,0.4003288579265169,0.683338252037734,1.010000000000033,0.0860508737052504,0.0054420717246355
UNSODA_3290,UNSODA_P329,sandy loam,1.0882554520727905,1.2273106581237276,1.507302468730253e-13,0.4503820048489974,58.5046511627907,30.695348837209306,10.8,13.333333333333334,10.0,0.0093505691268423,undisturbed,GSHP disturbed_undisturbed field,7.679143818215678e-19,0.4710283614233654,1.21892159720353,1.0100000000000058,0.2288398377200378,0.0092523056666493
UNSODA_3291,UNSODA_P329,sandy loam,0.2890455173687726,1.2458091522280872,6.219657397917826e-16,0.3662167238303425,60.302325581395344,28.997674418604653,10.7,4.291666666666667,30.0,0.0089312644892844,undisturbed,GSHP disturbed_undisturbed field,5.089020523774087e-18,0.3734846143182178,0.251579302168669,1.01,0.2571109669225846,0.0082103389619608
UNSODA_3292,UNSODA_P329,sandy clay loam,0.454528129606881,1.1228156388013868,2.9989159809221557e-21,0.317571097119769,51.597674418604655,24.602325581395352,23.799999999999997,45.52916666666667,50.0,0.0083805940329523,undisturbed,GSHP disturbed_undisturbed field,3.57284596894489e-17,0.319371953940522,0.4295256475596178,1.01,0.124312864016408,0.0081944451205325
UNSODA_3293,UNSODA_P329,sandy clay loam,0.1780404858363195,1.1392174304752838,4.6952999716570125e-12,0.3373184693319024,50.093023255813954,23.006976744186048,26.9,8.458333333333334,90.0,0.00430035932932,undisturbed,GSHP disturbed_undisturbed field,6.796535839172743e-21,0.3392614581045158,0.1629078066697968,1.01,0.141772647319907,0.0039179900668937
UNSODA_3300,UNSODA_P330,sandy loam,0.2734313074709592,1.223555892742796,4.930717027258667e-19,0.3784727960206853,59.74883720930233,29.651162790697676,10.6,4.375,10.0,0.0105214517231451,undisturbed,GSHP disturbed_undisturbed field,7.186113102162313e-18,0.3844935211910122,0.2392443459623019,1.0100000000000182,0.2327103731919034,0.009903731564929
UNSODA_3301,UNSODA_P330,sandy loam,0.1942185445582724,1.224009163784689,1.66783007035976e-16,0.3435686909661781,60.42325581395349,27.476744186046513,12.1,1.3208333333333333,30.0,0.0065505682803224,undisturbed,GSHP disturbed_undisturbed field,4.196444438903155e-20,0.3483628256948231,0.1667050622262916,1.0100000000000846,0.2335755506926692,0.0058630404256049
UNSODA_3302,UNSODA_P330,sandy clay loam,0.2587758028393395,1.1549443865737332,6.4239355291922475e-18,0.3571365403901709,55.806976744186045,23.793023255813953,20.4,3.9958333333333336,50.0,0.0065184466197543,undisturbed,GSHP disturbed_undisturbed field,3.162358701363181e-18,0.3600338545232249,0.2379530694552658,1.01,0.1581084885144698,0.0060911086393473
UNSODA_3303,UNSODA_P330,sandy loam,0.1273159776940337,1.1767002225887224,2.2522844295508258e-17,0.3391990219986283,54.162790697674424,27.23720930232558,18.6,2.1166666666666667,90.0,0.0047648714759027,undisturbed,GSHP disturbed_undisturbed field,2.385670620881741e-13,0.3417427189372695,0.1102865008181068,1.0100000000000002,0.1825368405823242,0.004222298129502
UNSODA_3310,UNSODA_P331,sandy loam,0.2286258795894246,1.229752531910996,1.0204169379940427e-17,0.3902344206274477,64.88837209302325,24.111627906976747,11.0,4.791666666666667,10.0,0.0102503945182195,undisturbed,GSHP disturbed_undisturbed field,5.7413270427708245e-24,0.3960376469889285,0.1948124244835083,1.0100000000000022,0.2405598020591269,0.0095207790856541
UNSODA_3311,UNSODA_P331,sandy loam,0.3290201764352439,1.213477361746028,3.3083161046592373e-18,0.3690873981883852,64.9767441860465,22.923255813953492,12.1,12.041666666666666,31.0,0.0061406122478948,undisturbed,GSHP disturbed_undisturbed field,5.18925325216828e-29,0.3760823219231156,0.3082253895065627,1.0100000000000218,0.2186750698279446,0.0057861643938611
UNSODA_3312,UNSODA_P331,sandy clay loam,1.4839718149399663,1.1458680009149431,4.1294330765098384e-19,0.4369175560002682,53.92325581395349,21.576744186046515,24.5,26.0,50.0,0.0076091499980597,undisturbed,GSHP disturbed_undisturbed field,9.917981962064968e-14,0.4453196872875357,1.5967794246875275,1.0100000000000382,0.1459841345840051,0.0074956996909739
UNSODA_3313,UNSODA_P331,sandy clay loam,2.2091399631596196,1.1292172649276009,1.5465944586906058e-17,0.4220878571789088,56.14883720930233,21.151162790697672,22.7,8.125,70.0,0.0061405033264138,undisturbed,GSHP disturbed_undisturbed field,1.3212396097755944e-14,0.4306383424554837,2.4953445868686326,1.0100000000001126,0.1286587300748894,0.0061031094596252
UNSODA_3320,UNSODA_P332,sandy loam,0.0953821601557598,1.303412844712402,2.5258687182064857e-16,0.3691001936331774,71.11627906976744,20.98372093023256,7.9,6.166666666666667,10.0,0.0068434437737903,undisturbed,GSHP disturbed_undisturbed field,2.7891693973750098e-15,0.3748909583528753,0.0695290309771896,1.01,0.331899324002777,0.0055421301739125
UNSODA_3321,UNSODA_P332,sandy loam,0.2417863845216302,1.2966441431877116,1.8372454675770434e-09,0.4006010387746569,70.33720930232559,21.76279069767442,7.9,4.333333333333333,30.0,0.0058097943968348,undisturbed,GSHP disturbed_undisturbed field,1.792652024897105e-26,0.3973645058605393,0.2501941738412854,1.4199251313956125,0.2055816824784313,0.0057936312980926
UNSODA_3322,UNSODA_P332,sandy loam,1.149980188882333,1.2046347804896251,1.7550680551097436e-12,0.3596584247115462,67.5813953488372,19.01860465116279,13.4,19.75,50.0,0.0024752951351562,undisturbed,GSHP disturbed_undisturbed field,7.656150794319586e-12,0.3742087616879972,1.3066263792594095,1.0100000200001271,0.2051332899233177,0.0023445041246655
UNSODA_3323,UNSODA_P332,sandy loam,0.1447906796884976,1.2455103162497607,1.3806904298155074e-19,0.2735017014579716,70.65116279069767,19.048837209302327,10.3,2.704166666666667,70.0,0.0089458902174884,undisturbed,GSHP disturbed_undisturbed field,1.9724270713316701e-19,0.2763891045458405,0.1096145761957106,1.01,0.2657716610500709,0.0079552534473133
UNSODA_3330,UNSODA_P333,sand,0.9996569387290344,1.4720703774766777,0.0445345023846959,0.4550663058030017,89.73720930232558,6.062790697674418,4.2,19.208333333333332,5.0,0.0116622327427489,undisturbed,GSHP disturbed_undisturbed field,0.0424543229013949,0.3665554671936455,0.7120155326476381,10.999999999999998,0.0398228747493893,0.0077678996255952
UNSODA_3331,UNSODA_P333,sand,0.5495984449872059,2.191803871647518,0.0240000009999999,0.437838227830489,93.90232558139536,2.597674418604651,3.5000000000000004,63.75,50.0,0.0174684423380809,undisturbed,GSHP disturbed_undisturbed field,0.0240000009999999,0.3799883485887949,0.6819913815255038,10.999999999999938,0.087103302157115,0.0114346936482587
UNSODA_3332,UNSODA_P333,sand,0.426123155632835,3.05516485838472,0.0180000009999999,0.3763884929581277,96.30232558139537,1.1976744186046508,2.5,93.08333333333331,90.0,0.0141538034578556,undisturbed,GSHP disturbed_undisturbed field,0.0180000009999999,0.3555547961265843,0.6437516903122183,10.99999999999648,0.1221075429716273,0.0096080793456836
UNSODA_3340,UNSODA_P334,sand,0.504815242752985,2.174011551997773,0.0080000009999999,0.3325998235647682,93.88297872340424,4.617021276595745,1.5,,23.0,0.015682212859259,undisturbed,UNSODA lab comment: undisturbed samples,0.0080000009999999,0.3121447653662474,0.6481254058537046,6.190093950510549,0.1529838852411237,0.0128730987538978
UNSODA_3360,UNSODA_P336,silt loam,0.0943858076866864,1.2234369808346754,1.4744184783082455e-16,0.3574906216486313,17.725,67.175,15.1,2.875,15.0,0.0087497829405931,undisturbed,UNSODA lab comment: undisturbed samples,6.1314956215858e-22,0.3611102711586086,0.0763559352037736,1.01,0.2374207596492669,0.007858596274109
UNSODA_3361,UNSODA_P336,silt loam,0.0915432577055601,1.3038926365466124,0.0303141942622174,0.3589539252069261,17.825000000000003,67.77499999999999,14.4,2.75,25.0,0.0060760426606547,undisturbed,UNSODA lab comment: undisturbed samples,0.0702001697373491,0.3628579775623337,0.0472899092416724,1.01,0.4847913407586717,0.0054909618603166
UNSODA_3380,UNSODA_P338,silt loam,0.0566995090346398,1.3007896624815114,7.091271964377695e-20,0.3751731690014738,19.67241379310345,68.02758620689656,12.3,,15.0,0.0096372169465141,undisturbed,UNSODA lab comment: undisturbed samples,1.623182840123329e-23,0.3815147679435483,0.0408562573195811,1.01,0.3370968347118315,0.0080221797006189
UNSODA_3381,UNSODA_P338,silt loam,0.1898650016794976,1.1812708379537722,0.00015599255139,0.4147791734074941,27.34137931034484,58.75862068965516,13.900000000000002,,35.0,0.0006398897241845,undisturbed,UNSODA lab comment: undisturbed samples,4.2763699466529365e-05,0.4196487417999639,0.1523130298317789,1.0100000000018146,0.201089433268909,0.0006195804405491
UNSODA_3390,UNSODA_P339,silt loam,0.3010572517739859,1.1918909637308328,9.661200854206222e-19,0.415131306502775,19.275862068965523,66.12413793103448,14.6,,15.0,0.0066108089869967,undisturbed,UNSODA lab comment: undisturbed samples,3.459127275085763e-14,0.4202501139602486,0.2599192476574967,1.0100000000000005,0.2016279853026457,0.0061746186868491
UNSODA_3391,UNSODA_P339,silt loam,0.2917584475880069,2.002192579104172,0.3122857452979184,0.3968435711003504,19.14137931034483,63.55862068965517,17.299999999999997,,35.0,0.0003945740205756,undisturbed,UNSODA lab comment: undisturbed samples,0.2981018182189641,0.3954674780514918,0.3695896865107108,2.35852445092067,0.2727491381861112,0.0003887508462465
UNSODA_3392,UNSODA_P339,silt loam,0.0688124037087552,1.1591465864197414,1.9178699489924792e-21,0.3761149997849395,16.648275862068974,59.75172413793103,23.6,,70.0,0.0030287738906778,undisturbed,UNSODA lab comment: undisturbed samples,2.9621724061957208e-15,0.3788054689268992,0.0616688460868336,1.01,0.16398298554984,0.0024857146268495
UNSODA_3393,UNSODA_P339,silt loam,0.0541156356273648,1.1193394892260151,1.0423966099439494e-12,0.3554056354332869,16.234482758620693,57.76551724137931,26.0,,100.0,0.0045301654673231,undisturbed,UNSODA lab comment: undisturbed samples,8.048402274624807e-10,0.356454269822632,0.0482529101945806,1.0100000000000484,0.1224632486494372,0.0042529076371293
UNSODA_3395,UNSODA_P339,silt loam,0.0134105865652804,1.289964500556251,2.8027512351079474e-20,0.3445814884489447,16.437931034482766,65.46206896551723,18.1,,175.0,0.0046479140209953,undisturbed,UNSODA lab comment: undisturbed samples,1.5671831257306412e-22,0.3472415010008815,0.0079509897631369,1.0100000000000016,0.3579182520539933,0.0031921804309094
UNSODA_4000,UNSODA_P400,sand,0.2259727748214151,2.1995955167359535,0.0390000009999999,0.3813430072651267,92.2,6.3,1.5,3.9916666666666663,40.0,0.0096805966983034,undisturbed,"UNSODA lab comment: undisturbed cores for the wet end, disturbed material for the dry end",0.0382902476010816,0.3770465684048445,0.3813770567978869,10.99999999968615,0.0764668243962903,0.0059639350133208
UNSODA_4001,UNSODA_P400,sand,0.1934312464951031,2.0378323365129507,0.0260485428585659,0.3421549485835098,95.9,2.8000000000000003,1.3,2.1875,62.0,0.0046354693079223,undisturbed,"UNSODA lab comment: undisturbed cores for the wet end, disturbed material for the dry end",0.0235656569865041,0.3406892556749037,0.2335943248901201,2.4586240647078825,0.3660086468948812,0.0043751270573982
UNSODA_4010,UNSODA_P401,sandy loam,0.0934937598823374,3.5235310726639213,0.0760000009999999,0.4260710069445659,75.5,18.5,6.0,1.4583333333333333,10.0,0.0128317431240422,undisturbed,"UNSODA lab comment: undisturbed cores for the wet end, disturbed material for the dry end",0.0760000009999999,0.4247806910895212,0.1256820801408764,10.999999999821435,0.1594281502823314,0.0123555625382525
UNSODA_4011,UNSODA_P401,sandy loam,0.2200613940565056,1.7038350781425646,0.0565229609071212,0.414529003216009,76.2,17.299999999999997,6.5,0.7833333333333333,35.0,0.009916915294118,undisturbed,"UNSODA lab comment: undisturbed cores for the wet end, disturbed material for the dry end",0.0553571295671716,0.413924806891393,0.2336061710222178,1.7925892953082223,0.3779573726643366,0.009900352316986
UNSODA_4020,UNSODA_P402,loamy sand,0.2379354682215866,1.9948805695758616,0.0700000009999995,0.4100048009461108,85.2,11.3,3.5000000000000004,8.916666666666666,7.5,0.0086510153070361,undisturbed,"UNSODA lab comment: undisturbed cores for the wet end, disturbed material for the dry end",0.0648615546493409,0.4050172400235113,0.4030525730570524,10.999999781450857,0.0635765607351436,0.0064681202340035
UNSODA_4021,UNSODA_P402,sand,0.2285448274115608,2.1460068811578363,0.0330000009999921,0.4046118650700108,87.4,10.1,2.5,6.833333333333333,50.0,0.0052257971541197,undisturbed,"UNSODA lab comment: undisturbed cores for the wet end, disturbed material for the dry end",0.0330000009999999,0.4044819610586957,0.2317560008534001,2.1733175343321864,0.5223800038201858,0.0052239774955606
UNSODA_4030,UNSODA_P403,silt loam,0.1162879469499039,1.3247404335768955,0.0415349782227626,0.4153612275378722,18.999999999999993,68.5,12.5,0.1708333333333333,12.5,0.0094609608858347,undisturbed,"UNSODA lab comment: undisturbed cores for the wet end, disturbed material for the dry end",0.0393707048451048,0.4151665830570467,0.1198971916665915,1.3522047053590334,0.2352548954165795,0.0094603901060258
UNSODA_4031,UNSODA_P403,sandy loam,0.2556802526528581,1.3161760602644594,0.0519796726030665,0.4285555674653065,68.30000000000001,20.4,11.3,0.2266666666666666,37.5,0.0116823109556558,undisturbed,"UNSODA lab comment: undisturbed cores for the wet end, disturbed material for the dry end",0.0798292472826873,0.4327965227340721,0.146993222245387,1.0100000000003724,0.4396693606863677,0.0109189823625143
UNSODA_4032,UNSODA_P403,silt loam,0.2783275085498422,1.2584287217557744,1.691055654081706e-21,0.4078561249196835,18.200000000000006,68.8,13.0,0.5666666666666667,71.5,0.0130752275052866,undisturbed,"UNSODA lab comment: undisturbed cores for the wet end, disturbed material for the dry end",0.0040905970129206,0.4124482776259532,0.2232660729855264,1.01,0.2785044062274535,0.0121863520769061
UNSODA_4033,UNSODA_P403,silt loam,0.1064861199218455,1.1515195586879727,4.101167940695101e-28,0.4066494958810192,7.9999999999999964,68.0,24.0,5.958333333333333,46.5,0.0127802862456224,undisturbed,"UNSODA lab comment: undisturbed cores for the wet end, disturbed material for the dry end",1.274242849911596e-30,0.4074308191171789,0.085442199800668,1.01,0.1597009679719192,0.0120213237117708
UNSODA_4040,UNSODA_P404,silt loam,0.0556681812526576,1.3213808367157809,0.0022175213217997,0.3907315730794992,25.0,65.0,10.0,18.416666666666668,15.0,0.0145511464348068,undisturbed,"UNSODA lab comment: undisturbed cores for the wet end, disturbed material for the dry end",0.0826969032183801,0.3907684828239171,0.0127251431065045,1.0100000000000036,0.98,0.0124039141543323
UNSODA_4041,UNSODA_P404,silt loam,0.0953195395922736,1.3757491350993036,0.0338183110517064,0.3945336878020602,23.799999999999997,64.7,11.5,1.0041666666666669,40.0,0.0113859233640756,undisturbed,"UNSODA lab comment: undisturbed cores for the wet end, disturbed material for the dry end",0.0639518033492184,0.3978406522841646,0.0437387500632841,1.0100000014306147,0.5936021277026561,0.0110955253888086
UNSODA_4042,UNSODA_P404,silt loam,0.028814250747221,1.6305315852966475,0.0405931241377195,0.3907243879546762,22.499999999999996,66.0,11.5,5.75,60.0,0.0132903715840631,undisturbed,"UNSODA lab comment: undisturbed cores for the wet end, disturbed material for the dry end",0.0629485107424858,0.394485243484188,0.0121475694808949,1.1719250094979017,0.98,0.0103742981098921
UNSODA_4043,UNSODA_P404,silt loam,0.0254356411344048,1.5464536690014237,0.0774646025287655,0.3942708777710404,24.4,58.599999999999994,17.0,5.125,,0.0144316387621784,undisturbed,"UNSODA lab comment: undisturbed cores for the wet end, disturbed material for the dry end",0.1044641202425929,0.3985933949386315,0.0096323924828071,1.0736720587854789,0.98,0.0121579820163062
UNSODA_4050,UNSODA_P405,loamy sand,0.1879498124505412,1.880105092726161,0.0650000009999999,0.4449598694781014,83.89999999999999,13.6,2.5,9.625,6.0,0.0127023678903655,undisturbed,"UNSODA lab comment: undisturbed cores for the wet end, disturbed material for the dry end",0.0544241819833772,0.4378650635268689,0.3394355906057673,10.999999999999998,0.0531276204679943,0.0052833427523374
UNSODA_4051,UNSODA_P405,sand,0.204166906779046,3.154080585412778,0.0270000009999999,0.4201726246548681,90.8,6.4,2.8000000000000003,14.1125,19.0,0.0073032091119573,undisturbed,"UNSODA lab comment: undisturbed cores for the wet end, disturbed material for the dry end",0.0270000009999999,0.4190069588414564,0.3413699849542023,10.999999999999984,0.1222775051601376,0.006344015858665
UNSODA_4052,UNSODA_P405,sand,0.191305002485725,1.8484724661377696,0.013111451944484,0.3304939040405958,89.5,8.5,2.0,5.070833333333334,48.0,0.0057921876483736,undisturbed,"UNSODA lab comment: undisturbed cores for the wet end, disturbed material for the dry end",0.0163479420364468,0.3328122389270776,0.1421037788166056,1.5225713544421116,0.6760007470614888,0.0055072273929856
UNSODA_4060,UNSODA_P406,sand,0.1254261514393508,1.3707474181121773,2.4267639016803923e-08,0.3865552673654047,87.9,8.799999999999999,3.3000000000000003,0.125,10.0,0.0137752302320325,undisturbed,"UNSODA lab comment: undisturbed cores for the wet end, disturbed material for the dry end",0.0356037431788203,0.3891644323489897,0.0514782247190524,1.0100000000001306,0.630413359856495,0.0131594835249615
UNSODA_4061,UNSODA_P406,sand,0.1870266569828883,2.1202410236217446,0.0250000009999999,0.3038213320157675,95.5,0.9999999999999996,3.5000000000000004,1.2875,30.0,0.0050340384433744,undisturbed,"UNSODA lab comment: undisturbed cores for the wet end, disturbed material for the dry end",0.0226383081321279,0.3016231080833134,0.2698389140156367,3.3243217886366994,0.2553991150228318,0.0034966628464716
UNSODA_4062,UNSODA_P406,loamy sand,0.2341832002354224,1.3902097318408453,3.4638188150658034e-21,0.3110647526539079,85.5,9.0,5.5,0.5416666666666666,75.0,0.0110130025689416,undisturbed,"UNSODA lab comment: undisturbed cores for the wet end, disturbed material for the dry end",3.091825602762226e-28,0.3161431144067925,0.1612728863631151,1.018648158001883,0.431604879938258,0.0107954901517199
UNSODA_4070,UNSODA_P407,silt loam,0.0399638243994597,1.648820200312156,0.0671649027820086,0.3989550498203552,34.8,54.7,10.5,1.2125,15.0,0.0073734789236625,undisturbed,"UNSODA lab comment: undisturbed cores for the wet end, disturbed material for the dry end",0.0864460839332634,0.4008073151990182,0.016656625556925,1.230785786149077,0.9799999999999988,0.0057776171109914
UNSODA_4071,UNSODA_P407,silt loam,0.0532640539377869,1.336602770163473,2.169736215876285e-19,0.4115876657678988,27.500000000000004,62.7,9.8,3.8708333333333336,50.0,0.0111056598786564,undisturbed,"UNSODA lab comment: undisturbed cores for the wet end, disturbed material for the dry end",0.079690480279108,0.4123229688609214,0.0128046171825698,1.01,0.977023394644328,0.0085841795751527
UNSODA_4080,UNSODA_P408,silt loam,0.0392885362971089,1.3191107229136705,3.5146467369224413e-16,0.4042571945545961,13.4,71.6,15.0,13.25,12.5,0.0156587090302188,undisturbed,"UNSODA lab comment: undisturbed cores for the wet end, disturbed material for the dry end",0.0892577983749497,0.405195852647104,0.0094509753937593,1.0100000000000389,0.979999999994432,0.0132975770931065
UNSODA_4081,UNSODA_P408,silt loam,0.0623178210786177,1.2640541647523702,1.7054671188994525e-17,0.3912638457000916,8.299999999999997,74.7,17.0,,50.0,0.0139929772781315,undisturbed,"UNSODA lab comment: undisturbed cores for the wet end, disturbed material for the dry end",0.0948367834598546,0.3907008680288426,0.0163526350552925,1.01,0.7622924687543983,0.0125110610120091
UNSODA_4082,UNSODA_P408,silt loam,0.0629325129048568,1.279732331705427,0.0045765768150567,0.404507032111512,7.699999999999996,76.8,15.5,3.7541666666666664,75.0,0.007906753674624,undisturbed,"UNSODA lab comment: undisturbed cores for the wet end, disturbed material for the dry end",0.0815825484240517,0.4057914715719684,0.0238858434455369,1.01,0.594405595348152,0.0064536360027408
UNSODA_4090,UNSODA_P409,silt loam,0.042942487768383,1.4756910527897082,0.0233762643163498,0.4131768502355923,12.0,76.7,11.3,0.9120833333333334,20.0,0.0162822925394125,undisturbed,"UNSODA lab comment: undisturbed cores for the wet end, disturbed material for the dry end",0.0628919217236132,0.4173082595256239,0.0138030686141539,1.0350750871108054,0.98,0.0127772934066055
UNSODA_4091,UNSODA_P409,silt loam,0.1471273748755486,1.2521471484959277,6.5224799525414765e-24,0.3932390426787168,8.999999999999996,77.7,13.3,34.229166666666664,55.0,0.0168118141885711,undisturbed,"UNSODA lab comment: undisturbed cores for the wet end, disturbed material for the dry end",4.3277199926086e-22,0.3968463459005134,0.1156929285253924,1.01,0.269154497989673,0.0154893178978143
UNSODA_4092,UNSODA_P409,silt loam,0.0579673563294018,1.28475471946846,2.815058241098411e-15,0.3946224549561701,9.699999999999998,74.0,16.3,36.0,75.0,0.014566149688312,undisturbed,"UNSODA lab comment: undisturbed cores for the wet end, disturbed material for the dry end",0.0974818846750187,0.3939581937542741,0.0121969514476229,1.01,0.9799999999979098,0.0125331945618592
UNSODA_4100,UNSODA_P410,sandy loam,0.0216776805342029,1.470532913843891,0.0640255345835178,0.3657622708786733,53.1,35.9,11.0,1.5541666666666665,12.5,0.0089204289442039,undisturbed,"UNSODA lab comment: undisturbed cores for the wet end, disturbed material for the dry end",0.1047513534072337,0.3680772917411484,0.0075483550938371,1.0897139912208471,0.98,0.0071249855732634
UNSODA_4101,UNSODA_P410,loam,0.1473657384345764,1.150918565459375,4.324247354573161e-18,0.3831625454711878,41.6,42.099999999999994,16.3,0.3866666666666666,52.5,0.012102210687114,undisturbed,"UNSODA lab comment: undisturbed cores for the wet end, disturbed material for the dry end",8.080795604148914e-38,0.3838086395957655,0.1180400552891264,1.01,0.1588497989726058,0.011345483674758
UNSODA_4102,UNSODA_P410,loam,0.1404498896864421,1.1334419365784365,5.50487327344335e-17,0.3731913275195037,40.0,41.7,18.3,4.416666666666667,,0.0097284409128895,undisturbed,"UNSODA lab comment: undisturbed cores for the wet end, disturbed material for the dry end",2.5449557613562178e-23,0.3738313744193894,0.1178218443430305,1.01,0.1386046218693833,0.0091514536374347
UNSODA_4110,UNSODA_P411,sandy loam,0.0173459982442496,1.7650015403704495,0.1040641294964996,0.3812810055139238,54.6,34.400000000000006,11.0,10.025,12.5,0.0132074800769437,undisturbed,"UNSODA lab comment: undisturbed cores for the wet end, disturbed material for the dry end",0.1145863521757908,0.3854662714169279,0.0086794146005315,1.2107274025209556,0.98,0.0113510903906204
UNSODA_4111,UNSODA_P411,loam,0.0194132397468332,1.4940004086839909,0.0792218064897825,0.3636981538522288,52.0,36.0,12.0,0.1041666666666666,52.5,0.0087824058499256,undisturbed,"UNSODA lab comment: undisturbed cores for the wet end, disturbed material for the dry end",0.1154798725034124,0.3659535131575094,0.0070941933136349,1.1082937312786392,0.98,0.0072038346925458
UNSODA_4112,UNSODA_P411,sandy loam,0.1873869821445449,1.37886265178813,0.080109558293436,0.4190069197214022,55.400000000000006,28.800000000000004,15.8,1.9458333333333335,90.0,0.0107910042992571,undisturbed,"UNSODA lab comment: undisturbed cores for the wet end, disturbed material for the dry end",0.0504372240212124,0.415328523997544,0.2788710145052934,2.185407184680173,0.1282789395779397,0.0100333446698467
UNSODA_4120,UNSODA_P412,clay,0.40424645192045,1.0902195082049786,1.1665329473084799e-16,0.5142981461486283,14.2,35.0,50.8,2.1166666666666667,11.5,0.0133629064517459,undisturbed,"UNSODA lab comment: undisturbed cores for the wet end, disturbed material for the dry end",2.5298634202694424e-20,0.5154549313018705,0.3878915107599394,1.01,0.0905651789051316,0.0130893345780344
UNSODA_4121,UNSODA_P412,clay,0.0613130568974836,1.1381613570958735,4.960948710744812e-16,0.5485616640921432,8.599999999999996,38.2,53.2,2.21625,34.5,0.0137484718294315,undisturbed,"UNSODA lab comment: undisturbed cores for the wet end, disturbed material for the dry end",0.2778769254396363,0.5451991184738939,0.0090350340637195,1.01,0.98,0.0124150441223031
UNSODA_4130,UNSODA_P413,loamy sand,0.081960677273634,1.818739635919244,0.0627750160420405,0.3778614482186688,81.80000000000001,12.8,5.4,2.50375,15.0,0.0052936434310975,undisturbed,"UNSODA lab comment: undisturbed cores for the wet end, disturbed material for the dry end",0.065022417490095,0.3788106544777921,0.0700210878643905,1.6278001794434045,0.5567563399971774,0.0052256378036318
UNSODA_4131,UNSODA_P413,sand,0.1051315705696567,1.6375426895128005,0.0040909393261348,0.3512549122158311,93.9,1.8000000000000005,4.3,0.4579166666666667,36.5,0.0089966143689912,undisturbed,"UNSODA lab comment: undisturbed cores for the wet end, disturbed material for the dry end",0.0164929500299821,0.3562865052355661,0.0417326877037645,1.094151056652917,0.9799999999999238,0.0081315753389921
UNSODA_4132,UNSODA_P413,sand,0.0984351414175077,3.964691490525489,0.0290000009999999,0.3224100962237557,89.4,3.7999999999999994,6.800000000000001,3.3245833333333334,55.5,0.0072153431732555,undisturbed,"UNSODA lab comment: undisturbed cores for the wet end, disturbed material for the dry end",0.0290000009999999,0.3228252433853094,0.0886505573057029,3.4470333552625996,0.9799999999999932,0.0071116989815224
UNSODA_4140,UNSODA_P414,sand,0.2092875826255495,1.5906034760583951,0.0593236788058685,0.4187725602471081,87.6,8.9,3.5000000000000004,18.791666666666668,16.5,0.0143155003410959,undisturbed,"UNSODA lab comment: undisturbed cores for the wet end, disturbed material for the dry end",0.0337684617634489,0.4122019012591443,0.3852429355836294,10.99999999999966,0.0351772824726244,0.0116767816707375
UNSODA_4141,UNSODA_P414,sand,0.3800720046765341,1.485101588946092,0.0161564532082905,0.4140482041395152,91.8,4.9,3.3000000000000003,15.5,48.0,0.0168910634460567,undisturbed,"UNSODA lab comment: undisturbed cores for the wet end, disturbed material for the dry end",0.0004848374008486,0.4044665733484098,0.557387417686682,4.004684104812568,0.0952330917242932,0.015483088062104
UNSODA_4142,UNSODA_P414,sand,0.1887316908053346,2.500391436451098,0.0160000009999999,0.3465425514785878,95.8,2.4000000000000004,1.7999999999999998,7.291666666666667,74.0,0.0073960741388918,undisturbed,"UNSODA lab comment: undisturbed cores for the wet end, disturbed material for the dry end",0.0160000009999988,0.3447924631789832,0.2658839354029461,3.743107455775323,0.2995995560860627,0.0064643094469467
UNSODA_4150,UNSODA_P415,sand,0.2661532590657106,1.281713314330199,3.9495237033766317e-11,0.424540477774175,87.7,8.799999999999999,3.5000000000000004,6.375,17.5,0.0222671650832595,undisturbed,"UNSODA lab comment: undisturbed cores for the wet end, disturbed material for the dry end",3.395015724373342e-60,0.421452796710592,0.3134469146229323,1.6414454277014243,0.1631310451812455,0.0222396182773962
UNSODA_4151,UNSODA_P415,sand,0.271064191189156,1.3890617286282128,1.5315766029302153e-21,0.3627608289680676,93.0,3.5000000000000004,3.5000000000000004,4.583333333333333,47.5,0.020797132673932,undisturbed,"UNSODA lab comment: undisturbed cores for the wet end, disturbed material for the dry end",5e-324,0.3550016278071423,0.4169553203562431,10.266364430021849,0.0324418223638251,0.0206250571056939
UNSODA_4152,UNSODA_P415,sand,0.1557707330923848,1.8234056405731964,0.0220929958429787,0.3426239340422623,93.7,2.8,3.5000000000000004,3.483333333333334,75.0,0.0081855554257241,undisturbed,"UNSODA lab comment: undisturbed cores for the wet end, disturbed material for the dry end",0.0146114925511082,0.339383979648967,0.2164460493164491,2.7899482162356186,0.2316297962928219,0.0072050265727358
UNSODA_4160,UNSODA_P416,sandy loam,0.3963773199130737,1.1846702129708315,3.291861420400016e-23,0.3482912347887668,66.3,22.500000000000004,11.2,0.0441666666666666,15.0,0.0158790759096223,undisturbed,"UNSODA lab comment: undisturbed cores for the wet end, disturbed material for the dry end",7.01678787878103e-25,0.3504865863561208,0.3364231079663307,1.01,0.1920183111360213,0.0151440633400625
UNSODA_4161,UNSODA_P416,sandy loam,0.1377152428636715,1.5349257545317858,0.0868234628867589,0.3610604857413141,64.8,23.5,11.7,0.2258333333333333,47.5,0.0043881087538612,undisturbed,"UNSODA lab comment: undisturbed cores for the wet end, disturbed material for the dry end",0.0899649275882588,0.361792208149456,0.1192997674769495,1.4012630176109284,0.4163884908888411,0.0043557037787591
UNSODA_4162,UNSODA_P416,sandy loam,0.1585109698171993,1.2373310071830723,2.373969508296048e-19,0.4482072636953863,64.9,15.699999999999998,19.4,1.5708333333333335,82.5,0.02089285440392,undisturbed,"UNSODA lab comment: undisturbed cores for the wet end, disturbed material for the dry end",0.043421445525501,0.4494484711669363,0.089929404160636,1.010000000000057,0.3346809964643386,0.0199365337996318
UNSODA_4170,UNSODA_P417,sandy loam,0.1204963197307154,1.4593157935354195,0.0651489138484001,0.4018863128223006,67.7,21.3,11.0,1.9708333333333332,14.5,0.0085659584928903,undisturbed,"UNSODA lab comment: undisturbed cores for the wet end, disturbed material for the dry end",0.0938644143814983,0.4055958526535668,0.0384813123493492,1.01,0.9221205321670236,0.0053663222857041
UNSODA_4171,UNSODA_P417,sandy loam,0.1120532947180227,1.4868122060189872,0.0729327114667594,0.3887806904536219,65.10000000000001,23.2,11.7,2.0454166666666667,41.0,0.009029478394385,undisturbed,"UNSODA lab comment: undisturbed cores for the wet end, disturbed material for the dry end",0.0978881448202917,0.392953666178947,0.0353563090534669,1.01,0.9799999999999957,0.0057628342928768
UNSODA_4172,UNSODA_P417,sandy loam,0.1089615330291335,1.4680934238998526,0.0526196607044274,0.3970266573201662,64.9,15.699999999999998,19.4,1.3458333333333332,66.5,0.0105998280299775,undisturbed,"UNSODA lab comment: undisturbed cores for the wet end, disturbed material for the dry end",0.0789953966351971,0.4015741665286103,0.0387736183414592,1.01,0.8646471860841664,0.0084089145006598
UNSODA_4180,UNSODA_P418,silt loam,0.0439616473516932,1.7021941197659909,0.0599878102433992,0.3953067549158619,32.099999999999994,56.7,11.2,31.479166666666668,14.0,0.0093812070798272,undisturbed,"UNSODA lab comment: undisturbed cores for the wet end, disturbed material for the dry end",0.0744185817458226,0.3984315208479669,0.0195861257981057,1.2320814435578034,0.98,0.0062399713100761
UNSODA_4181,UNSODA_P418,silt loam,0.1385272075513499,1.350063913554136,0.010353656473309,0.4047505950714944,27.800000000000004,58.3,13.900000000000002,2.025,34.0,0.0133257770146512,undisturbed,"UNSODA lab comment: undisturbed cores for the wet end, disturbed material for the dry end",0.0615185018482541,0.4069604817863992,0.0474345947418052,1.01,0.7179982941431962,0.0106570799860732
UNSODA_4182,UNSODA_P418,silt loam,0.1253222118415499,1.305786769893079,2.0855437983847107e-16,0.4111730040915514,26.5,59.9,13.6,2.525,50.0,0.0165274518249221,undisturbed,"UNSODA lab comment: undisturbed cores for the wet end, disturbed material for the dry end",0.0550885350172838,0.4124203640258733,0.0482912899318786,1.01,0.5755307669742993,0.0144577458237332
UNSODA_4183,UNSODA_P418,silt loam,0.2253982941759384,1.142362383421765,1.9139377339175192e-20,0.389587590283554,28.800000000000004,50.0,21.2,14.954166666666666,80.0,0.0068444233182793,undisturbed,"UNSODA lab comment: undisturbed cores for the wet end, disturbed material for the dry end",3.2171125117004957e-16,0.3911256572743191,0.2038464511977105,1.01,0.1450512239727665,0.0063498446197924
UNSODA_4190,UNSODA_P419,clay,0.1319343726380174,3.0928177188425985,0.3431201678340095,0.458712648882658,24.0,33.0,43.0,,,0.0030395816520713,disturbed,UNSODA lab comment: packed or disturbed samples,0.351978066686601,0.4588489013379316,0.1170862982694491,2.961828423305045,0.98,0.0029978126347985
UNSODA_4210,UNSODA_P421,clay,0.8258882697710013,1.0463166630558116,1.4739458841747348e-06,0.5068359678597344,24.0,33.0,43.0,,,0.0020213218943448,disturbed,UNSODA lab comment: packed or disturbed samples,9.810087988943995e-08,0.5071701297242233,0.7900677080260342,1.0100000000000002,0.0467516000046291,0.0020129643972958
UNSODA_4241,UNSODA_P424,sand,0.2280594147935103,1.742427508591305,0.0151013520574753,0.4211044951424953,92.5,4.7,2.8000000000000003,,35.0,0.0220855522199652,undisturbed,UNSODA lab comment: undisturbed samples,0.0616775735304389,0.4239150631905686,0.1254111311212172,1.431793477489265,0.9799999999999572,0.0219951029223473
UNSODA_4242,UNSODA_P424,sand,0.1205298173792585,7.316667159011708,0.0960585124233849,0.3092969568871758,92.5,5.1,2.4,,110.0,0.0163822436661558,undisturbed,UNSODA lab comment: undisturbed samples,1.0958516813068888e-15,0.308834161709793,0.1492156290080985,10.999999999999998,0.1556198746521147,0.0153118406121726
UNSODA_4243,UNSODA_P424,sand,0.1458609968324131,5.316054320909358,1.191956809120198e-21,0.300380315238116,94.0,3.5999999999999996,2.4,,140.0,0.0105130945379967,undisturbed,UNSODA lab comment: undisturbed samples,4.110313761979765e-22,0.3008211408806761,0.1387086368467955,5.025328963789434,0.979999999998618,0.0104227306888109
UNSODA_4251,UNSODA_P425,loamy sand,0.1269145042053443,2.5421011485604468,0.0446096395775354,0.3527314996042671,84.3,12.8,2.9000000000000004,,25.0,0.0217479556885459,undisturbed,UNSODA lab comment: undisturbed samples,0.0542236923192016,0.3536993304168444,0.0975421873074701,2.199388477540825,0.979999999999996,0.0210498847206189
UNSODA_4252,UNSODA_P425,sand,0.1479672219266015,3.484158311411326,3.6036835867785914e-21,0.3117678092264469,93.8,3.6000000000000005,2.6,,60.0,0.0107421219520782,undisturbed,UNSODA lab comment: undisturbed samples,4.389548083200667e-20,0.3136841018944077,0.1295339304416924,3.116366091495254,0.9799999999975746,0.0103419700382581
UNSODA_4253,UNSODA_P425,sand,0.2913802233493837,2.074523309625815,0.1014770193294278,0.3379567862053789,91.9,5.800000000000001,2.3,,100.0,0.0243568075869043,undisturbed,UNSODA lab comment: undisturbed samples,0.0007874317745856,0.3365102325027781,0.4464103566172923,2.552455655375552,0.174634810342301,0.0243478240160953
UNSODA_4261,UNSODA_P426,sand,0.4494701697530417,2.3265252701297943,0.0590000009999998,0.3871376439218602,93.3,3.8000000000000007,2.9000000000000004,,67.5,0.013075528118411,undisturbed,UNSODA lab comment: undisturbed samples,0.0590000009999999,0.381500748394801,0.4960985001638566,10.999999501642424,0.1141075567594464,0.0127433697168002
UNSODA_4262,UNSODA_P426,sand,0.3415478412648666,3.793233826670579,0.0300000009999998,0.3596184792185774,95.9,1.8000000000000005,2.3,,125.0,0.0065661664560267,undisturbed,UNSODA lab comment: undisturbed samples,0.0300000009999999,0.3590242871348994,0.3987993788343135,4.454519920569794,0.522939920607731,0.0064760826006447
UNSODA_4263,UNSODA_P426,sand,0.2396049421041374,2.777305221515048,0.0596402476843666,0.3187656329556978,95.0,2.4000000000000004,2.6,,200.0,0.0167054499068844,undisturbed,UNSODA lab comment: undisturbed samples,0.0648732998988158,0.3200285964307964,0.192469395014014,2.426359577544324,0.9799999999999998,0.0160749210605745
UNSODA_4271,UNSODA_P427,sand,0.2142866562451962,1.857935006940724,0.0355169121319834,0.335144893749342,95.4,2.0,2.6,,50.0,0.0246337532993825,undisturbed,UNSODA lab comment: undisturbed samples,0.0630262600188235,0.3348768201526372,0.1246484207526091,1.6542929885008018,0.98,0.0236955275975076
UNSODA_4272,UNSODA_P427,sand,0.1668489274920645,2.490115277813545,0.0116462487310444,0.3148464587015849,92.1,6.1,1.7999999999999998,,80.0,0.0203715512884093,undisturbed,UNSODA lab comment: undisturbed samples,0.0208114823090783,0.3159214166034568,0.1269181098905362,2.193596546898017,0.9799999999999986,0.0198373995044206
UNSODA_4273,UNSODA_P427,sand,0.1832666345868186,2.2621450009394137,0.0153086249105444,0.3191244032438137,94.1,4.3999999999999995,1.5,,120.0,0.0293208995591973,undisturbed,UNSODA lab comment: undisturbed samples,0.0077633668900789,0.3185847437229184,0.2057336390991314,2.418208890275352,0.4459274585946067,0.0293164442126322
UNSODA_4281,UNSODA_P428,sand,0.2373486657452929,2.459793455673349,0.0640000009999999,0.3792673501236754,94.3,3.900000000000001,1.7999999999999998,,15.0,0.0233488480213079,undisturbed,UNSODA lab comment: undisturbed samples,0.0640000009999999,0.3715444159487839,0.3461887058993432,5.911580847669609,0.1716225635621576,0.0220584180499944
UNSODA_4282,UNSODA_P428,sand,0.2057591781746089,2.7661944931835696,0.0205597171984099,0.3289360595446698,92.6,4.7,2.7,,65.0,0.0138684639280412,undisturbed,UNSODA lab comment: undisturbed samples,0.0210000009997295,0.329871613349704,0.1946918505138271,2.6252220979916565,0.7152905921174684,0.0138532761165508
UNSODA_4283,UNSODA_P428,sandy loam,0.1404752024938044,2.350221533848192,0.319808989629095,0.4210585906394558,52.5,28.299999999999997,19.2,,95.0,0.023493561810775,undisturbed,UNSODA lab comment: undisturbed samples,0.3228568216177498,0.4211505969151156,0.102061875822752,1.9066402650213283,0.98,0.0234573579098272
UNSODA_4291,UNSODA_P429,sandy clay loam,0.8697536180444457,1.090805119198783,3.229752005962328e-12,0.6088684046052926,56.2,9.9,33.900000000000006,,90.0,0.0272665740684979,undisturbed,UNSODA lab comment: undisturbed samples,1.1008913229987658e-06,0.611331212491231,0.8458580115930411,1.0100000000002791,0.0915668029293633,0.0272566235883325
UNSODA_4450,UNSODA_P445,silty clay loam,0.3767232551834802,1.1110806792505086,6.954735572551633e-15,0.3403686453860896,11.2,61.8,27.0,0.0499999999999999,15.5,0.0097481576474198,undisturbed,GSHP disturbed_undisturbed field,1.3695927581936343e-14,0.34302161487631,0.3763758595488806,1.0100000000158853,0.1117736484875621,0.0097140742612688
UNSODA_4510,UNSODA_P451,silt loam,0.0698219512911536,1.2930516720069734,1.3211432754401538e-15,0.4133341639812621,34.8741935483871,54.4258064516129,10.7,,40.0,0.0106768045549416,undisturbed,"UNSODA lab comment: undisturbed cores for the wet end, disturbed material for the dry end",2.3902619349070702e-26,0.4074919173974047,0.0965259386597951,1.959268672440439,0.1368225758900899,0.0100775912406471
UNSODA_4511,UNSODA_P451,silt loam,0.1126941617694951,1.1459463561788743,2.2374357415893223e-14,0.4132049850610174,34.8741935483871,54.4258064516129,10.7,,40.0,0.0016149021677799,undisturbed,"UNSODA lab comment: undisturbed cores for the wet end, disturbed material for the dry end",1.5272062992488164e-12,0.4136767608008267,0.0483216712301162,1.01,0.2514613363826326,0.001495727387791
UNSODA_4512,UNSODA_P451,silt loam,0.1126941617694951,1.1459463561788743,2.2374357415893223e-14,0.4132049850610174,34.8741935483871,54.4258064516129,10.7,,40.0,0.0016149021677799,undisturbed,"UNSODA lab comment: undisturbed cores for the wet end, disturbed material for the dry end",1.5272062992488164e-12,0.4136767608008267,0.0483216712301162,1.01,0.2514613363826326,0.001495727387791
UNSODA_4514,UNSODA_P451,silt loam,0.1126941617694951,1.1459463561788743,2.2374357415893223e-14,0.4132049850610174,34.8741935483871,54.4258064516129,10.7,,40.0,0.0016149021677799,undisturbed,"UNSODA lab comment: undisturbed cores for the wet end, disturbed material for the dry end",1.5272062992488164e-12,0.4136767608008267,0.0483216712301162,1.01,0.2514613363826326,0.001495727387791
UNSODA_4520,UNSODA_P452,sand,0.2133415819430003,4.46940998505603,0.005000001,0.3559684631955827,98.92580645161291,0.3741935483870927,0.7000000000000001,,80.0,0.0149912259593932,undisturbed,"UNSODA lab comment: undisturbed cores for the wet end, disturbed material for the dry end",0.005000001,0.3498715425242563,0.282357915497489,10.999999999338751,0.1887454208913075,0.0105582827749032
UNSODA_4521,UNSODA_P452,sand,0.2133415819430003,4.46940998505603,0.005000001,0.3559684631955827,98.92580645161291,0.3741935483870927,0.7000000000000001,,80.0,0.0149912259593932,undisturbed,"UNSODA lab comment: undisturbed cores for the wet end, disturbed material for the dry end",0.005000001,0.3498715425242563,0.282357915497489,10.999999999338751,0.1887454208913075,0.0105582827749032
UNSODA_4522,UNSODA_P452,sand,0.1950009503293151,6.961606531787663,0.005000001,0.3559256383136761,98.92580645161291,0.3741935483870927,0.7000000000000001,,80.0,0.0259422332435837,undisturbed,"UNSODA lab comment: undisturbed cores for the wet end, disturbed material for the dry end",0.005000001,0.3531370324598677,0.2356397748963487,10.999999999999998,0.2824097796867578,0.0211722135451291
UNSODA_4523,UNSODA_P452,sand,0.1950009503293151,6.961606531787663,0.005000001,0.3559256383136761,98.92580645161291,0.3741935483870927,0.7000000000000001,,80.0,0.0259422332435837,undisturbed,"UNSODA lab comment: undisturbed cores for the wet end, disturbed material for the dry end",0.005000001,0.3531370324598677,0.2356397748963487,10.999999999999998,0.2824097796867578,0.0211722135451291
UNSODA_4530,UNSODA_P453,loam,0.1704248142123282,1.1520160526312178,1.1093451116258991e-32,0.4085677044714229,24.048387096774192,49.15161290322581,26.8,,45.0,0.0255230115785138,undisturbed,"UNSODA lab comment: undisturbed cores for the wet end, disturbed material for the dry end",8.966902246890646e-49,0.4068034308427626,0.1181831340608664,1.01,0.1621497028133714,0.0248375910241582
UNSODA_4531,UNSODA_P453,loam,0.1704248142123282,1.1520160526312178,1.1093451116258991e-32,0.4085677044714229,24.048387096774192,49.15161290322581,26.8,,45.0,0.0255230115785138,undisturbed,"UNSODA lab comment: undisturbed cores for the wet end, disturbed material for the dry end",8.966902246890646e-49,0.4068034308427626,0.1181831340608664,1.01,0.1621497028133714,0.0248375910241582
UNSODA_4532,UNSODA_P453,loam,0.1704248142123282,1.1520160526312178,1.1093451116258991e-32,0.4085677044714229,24.048387096774192,49.15161290322581,26.8,,45.0,0.0255230115785138,undisturbed,"UNSODA lab comment: undisturbed cores for the wet end, disturbed material for the dry end",8.966902246890646e-49,0.4068034308427626,0.1181831340608664,1.01,0.1621497028133714,0.0248375910241582
UNSODA_4533,UNSODA_P453,loam,0.1704248142123282,1.1520160526312178,1.1093451116258991e-32,0.4085677044714229,24.048387096774192,49.15161290322581,26.8,,45.0,0.0255230115785138,undisturbed,"UNSODA lab comment: undisturbed cores for the wet end, disturbed material for the dry end",8.966902246890646e-49,0.4068034308427626,0.1181831340608664,1.01,0.1621497028133714,0.0248375910241582
UNSODA_4550,UNSODA_P455,silty clay loam,1.256850548102748,2.087255439710595,0.1020000009999999,0.9999999999986128,11.6,50.35000000000001,38.05,,11.0,0.0056240438701647,undisturbed,UNSODA lab comment: undisturbed samples,0.1020000009999999,0.9999947763214012,1.3564456595030543,10.30198765375907,0.102440533583638,0.0051027988207142
UNSODA_4551,UNSODA_P455,silty clay,1.1245715831524958,1.7824900976902958,0.1387771587694565,0.562410581743429,8.799999999999997,48.9,42.3,,27.0,0.0023710479471173,undisturbed,UNSODA lab comment: undisturbed samples,0.1397766785121723,0.8999202715550809,1.9649999153887103,1.0100000413919736,0.8177276163253661,0.0023638049361409
UNSODA_4552,UNSODA_P455,silty clay loam,0.2466303761436149,3.002169382470355,0.1169998215568711,0.284896670754161,10.2,57.1,32.70000000000001,,58.5,0.0012765018384606,undisturbed,UNSODA lab comment: undisturbed samples,0.1170000009999999,0.2914505587723408,0.2317086433373285,2.590194113837252,0.8236914648249801,0.0012644423053021
UNSODA_4553,UNSODA_P455,silt loam,3.350198703394093,2.433793555578222,0.2070000009999999,0.9999999999048036,16.1,58.85,25.05,,105.0,0.0017096837170096,undisturbed,UNSODA lab comment: undisturbed samples,0.2070000009999999,0.9999208101377264,3.371643424001922,4.467789863589024,0.3202901814476954,0.0017067812624789
UNSODA_4560,UNSODA_P456,silty clay loam,0.2255551615115478,1.7457213432560923,0.2399367950336832,0.4905559637247944,11.6,50.35000000000001,38.05,,9.0,0.0045815241805618,undisturbed,UNSODA lab comment: undisturbed samples,0.2544482574781915,0.508030256772057,0.1257082942256061,1.215408902617348,0.9799999999999552,0.0040138930286794
UNSODA_4561,UNSODA_P456,silty clay,0.3666274453745172,1.3345235170706735,0.2750662664259936,0.3495328711162892,8.799999999999997,48.9,42.3,,28.0,0.0008667159635434,undisturbed,UNSODA lab comment: undisturbed samples,0.2864996185177084,0.351279430082499,0.1860465182134899,1.0100000001128115,0.5830502134910981,0.000829824209383
UNSODA_4562,UNSODA_P456,silt loam,13.66201907030127,1.718620642558828,0.2514289788692979,0.9987093211361432,16.1,58.85,25.05,,65.0,0.0017657947916946,undisturbed,UNSODA lab comment: undisturbed samples,0.2514190335411277,0.82631535788483,9.52466373467088,2.622107574578991,0.2737807175706391,0.001764538791716
UNSODA_4564,UNSODA_P456,silt loam,0.29620707672128,1.206698023358472,0.1275504537647883,0.3803280030363934,15.800000000000002,58.975,25.225,,101.0,0.0021917556969197,undisturbed,UNSODA lab comment: undisturbed samples,0.1968885826095211,0.3815462994230267,0.1545887388397439,1.0100000000017468,0.4173133598592459,0.0021343256106713
UNSODA_4570,UNSODA_P457,silt loam,0.2627265624131032,1.1481014860392968,2.1272424416326664e-25,0.4069103907849498,16.400000000000002,73.50000000000001,10.099999999999993,1.1666666666666667,7.5,0.0065560878841055,undisturbed,UNSODA lab comment: undisturbed samples,1.426597133912459e-17,0.4077812499826994,0.2045683234012359,1.01,0.1601836506466672,0.0060817051266823
UNSODA_4571,UNSODA_P457,silt loam,0.153641581020943,1.2172918460609492,6.557464366845794e-30,0.4037355681047898,18.799999999999994,71.72500000000002,9.474999999999993,,20.0,0.0085381365002797,undisturbed,UNSODA lab comment: undisturbed samples,4.0605596604673144e-29,0.4053051165554494,0.0973938640844354,1.01,0.2590344089615154,0.0074682587371026
UNSODA_4572,UNSODA_P457,silt loam,0.8707593384723328,1.1421559057910555,1.635179047310961e-09,0.401940139094889,13.600000000000003,69.60000000000001,16.8,,27.5,0.0052497643870639,undisturbed,UNSODA lab comment: undisturbed samples,3.519357253419623e-09,0.4048869509899521,0.8224790192581193,1.0100000000002554,0.1444818582767887,0.0052018875226467
UNSODA_4573,UNSODA_P457,silt loam,31.622764552572107,1.1158272932518825,0.1729366100638734,0.3655986336961812,18.600000000000005,54.7,26.700000000000003,,34.0,0.0022628472933842,undisturbed,UNSODA lab comment: undisturbed samples,0.1634275675718298,0.3620095325250558,31.621670252123927,5.209117424412567,0.0201691996009875,0.0022365177031471
UNSODA_4574,UNSODA_P457,silt loam,0.4342053016044002,1.377080091267472,0.2140000009999999,0.3114783033367473,17.700000000000003,57.99999999999999,24.3,,45.0,0.0136554118082063,undisturbed,UNSODA lab comment: undisturbed samples,0.2140000009999999,0.3137519451324038,0.2994302438678944,1.0100000003421512,0.4286393298995576,0.0136170075338593
UNSODA_4575,UNSODA_P457,loam,2.9212580430216826,1.0394761658302294,3.656592438606264e-08,0.4195706893358861,46.0,31.800000000000004,22.2,,70.0,0.0046996462621822,undisturbed,UNSODA lab comment: undisturbed samples,3.0139776011150335e-14,0.4199857761063461,2.95155523649594,1.0100000013485666,0.0391971493055642,0.0046969896842527
UNSODA_4580,UNSODA_P458,loamy sand,1.1993609189870469,1.9108212033671976,0.0476723867868924,0.9999999999915828,83.0,9.175,7.825,23.75,20.0,0.0021705785799715,undisturbed,UNSODA lab comment: undisturbed samples,0.046963649748623,0.979975688435391,1.2333186589500214,6.409420473440088,0.1391433377787187,0.002093336108292
UNSODA_4581,UNSODA_P458,loamy sand,0.7690370256785227,2.2767503916587137,0.0587407945534469,0.9999935530690596,81.4,10.725,7.875,21.666666666666668,60.0,0.0039963157543856,undisturbed,UNSODA lab comment: undisturbed samples,0.0582876729773365,0.9999999257784896,0.8120283564855155,8.080450609427043,0.1539371638563807,0.0038908844340986
UNSODA_4582,UNSODA_P458,sandy loam,19.760909746429903,1.3524334918299483,0.0089550690812807,0.9999999999997828,65.3,18.4,16.3,16.666666666666668,100.0,0.0040444319717394,undisturbed,UNSODA lab comment: undisturbed samples,0.0089537622072412,0.897196434751013,14.53401438036946,3.338182590071222,0.1055204031919326,0.0040407411278012
UNSODA_4583,UNSODA_P458,sand,0.3582229560919552,3.635774717087093,0.0230000009999999,0.9999999999999962,90.5,4.75,4.75,25.0,150.0,0.0062546729112186,undisturbed,UNSODA lab comment: undisturbed samples,0.0230000009999999,0.99999889655916,0.3814633760011207,10.999999999999998,0.2282910336742821,0.0061448407938873
UNSODA_4590,UNSODA_P459,loam,0.9564385657266944,1.1234344111218009,1.1862808964543067e-11,0.5081065983646077,42.896551724137936,33.10344827586207,24.0,,7.5,0.0009773345507043,undisturbed,UNSODA lab comment: undisturbed samples,5.240903633156921e-10,0.5147511218641664,1.001174372994077,1.010000030261432,0.12380660961393,0.0008539717027655
UNSODA_4591,UNSODA_P459,loam,0.118186825517383,1.237975825161212,0.1470047801353659,0.4702995001439523,42.896551724137936,33.10344827586207,24.0,,7.5,0.0004138585299992,undisturbed,UNSODA lab comment: undisturbed samples,0.1526397255079201,0.4862995592089529,0.1253842620135442,1.0100448772166477,0.250816674477489,0.0003432321053928
UNSODA_4592,UNSODA_P459,loam,0.2199870571248941,1.1768947936145475,0.09172114287433,0.4441983069440539,42.896551724137936,33.10344827586207,24.0,,7.5,0.0004544869330157,undisturbed,UNSODA lab comment: undisturbed samples,0.1048853590196034,0.4514841933012445,0.2113087999305399,1.0100000312846085,0.1922307925974055,0.0003598658158381
UNSODA_4600,UNSODA_P460,loam,0.0909391577401632,1.152281875794049,0.0909100888087734,0.4663939096707753,42.896551724137936,33.10344827586207,24.0,,7.5,0.0016409797742792,undisturbed,UNSODA lab comment: undisturbed samples,0.1032833303940769,0.470793505614555,0.0847684059326595,1.0100000000811449,0.1636058290995925,0.0014708956905377
UNSODA_4601,UNSODA_P460,loam,0.0875171696532794,1.1170868759187305,2.005912985441092e-23,0.4504003840236777,43.72413793103448,32.27586206896552,24.0,,17.5,0.0029553049247663,undisturbed,UNSODA lab comment: undisturbed samples,1.3135702414116787e-11,0.4533102434461674,0.0859380174633398,1.0100000029492917,0.1174756766916879,0.0025523838746387
UNSODA_4602,UNSODA_P460,loam,0.1293525685673005,1.1122937919138156,3.0374600256514e-19,0.4436318826758806,43.72413793103448,32.27586206896552,24.0,,22.5,0.0040678382474452,undisturbed,UNSODA lab comment: undisturbed samples,0.0120536056998057,0.4452856852323668,0.1181907288475001,1.01,0.1184872557119443,0.0037298606192687
UNSODA_4610,UNSODA_P461,loam,0.049283588429342,1.235587306129191,0.1349287877371691,0.4456045512100609,42.896551724137936,33.10344827586207,24.0,,7.5,0.0179354643024593,undisturbed,UNSODA lab comment: undisturbed samples,1.823575816245037e-15,0.439758335007938,0.1102051898656476,5.483310064877671,0.0200000000000018,0.0173836454884485
UNSODA_4611,UNSODA_P461,loam,0.0889784486131817,1.1354624122066164,0.0025513343621683,0.4735394751920609,43.72413793103448,32.27586206896552,24.0,,17.5,0.0016088563234416,undisturbed,UNSODA lab comment: undisturbed samples,0.0217730439722005,0.477887012747636,0.0826379747418706,1.0100000000014795,0.146787995249392,0.0014144836222499
UNSODA_4612,UNSODA_P461,loam,0.1110579747116357,1.133242028828655,2.549406688187425e-11,0.3762287157815155,43.72413793103448,32.27586206896552,24.0,,22.5,0.0020585297422585,undisturbed,UNSODA lab comment: undisturbed samples,1.0008705115315939e-16,0.3793824497661435,0.107712645971625,1.01,0.1346124922502421,0.0017148367443127
UNSODA_4620,UNSODA_P462,loam,0.3326267855205401,1.1098684971957986,1.2487007323006906e-16,0.4130594445506328,42.896551724137936,33.10344827586207,24.0,,7.5,0.0048542379842488,undisturbed,UNSODA lab comment: undisturbed samples,1.1563375564024425e-19,0.4145577247550213,0.3167949423022773,1.01,0.110419214495668,0.0044817471301331
UNSODA_4621,UNSODA_P462,loam,0.3244767696702755,1.1038845807781084,9.176515609068973e-19,0.4542012956257123,43.72413793103448,32.27586206896552,24.0,,17.5,0.0044046728919759,undisturbed,UNSODA lab comment: undisturbed samples,1.3336522463228403e-22,0.4560649899456283,0.3126212978951451,1.01,0.1043302935947384,0.0040431697794329
UNSODA_4622,UNSODA_P462,loam,0.4836387796632997,1.1005771770219208,1.2086133997706994e-24,0.4560543463184059,43.72413793103448,32.27586206896552,24.0,,22.5,0.0059166710676883,undisturbed,UNSODA lab comment: undisturbed samples,6.538647921602126e-23,0.4573804924058354,0.4598679633000823,1.01,0.1010154805510147,0.0054898634946921
UNSODA_4650,UNSODA_P465,sand,0.4804152192942473,1.9877112223037112,0.0190000009999999,0.383873698579768,93.25,5.75,1.0,0.4079166666666666,25.0,0.01274838549361,undisturbed,UNSODA lab comment: undisturbed samples,0.0190000009999999,0.3709948968110514,0.6940635724967377,6.518347622654749,0.1202339509008164,0.0084741494359243
UNSODA_4651,UNSODA_P465,sand,0.4778940115423461,2.1828161147964003,0.0590000009999969,0.3569078106747622,95.5,3.5000000000000004,1.0,7.920000000000001,60.0,0.0078629121901778,undisturbed,UNSODA lab comment: undisturbed samples,0.0590000009999999,0.3633015229983134,0.3117571274912061,1.6023068522102903,0.9799999999999992,0.0066174269098177
UNSODA_4660,UNSODA_P466,sand,1.4933944970360122,1.4851332230375776,0.0487336738450183,0.4359529374994148,91.5,4.500000000000001,4.0,26.063999999999997,20.0,0.0134888923242642,undisturbed,UNSODA lab comment: undisturbed samples,0.0550000009999971,0.4504613864243285,0.8851224684556281,1.0100000000020453,0.6093798448059929,0.0117331259011775
UNSODA_4661,UNSODA_P466,sand,1.0484579083261971,1.804784729666912,0.0360000009999999,0.4084159872950432,92.75,4.250000000000001,3.0,47.52,35.0,0.0078833028264218,undisturbed,UNSODA lab comment: undisturbed samples,0.0360000009999999,0.4201812702701134,0.7158019515428764,1.309272747517114,0.7422551341414328,0.0067708327121522
UNSODA_4670,UNSODA_P467,silt loam,0.0542094043320854,1.4062900502310796,9.47530174225881e-22,0.4413701944857146,18.000000000000004,75.0,7.000000000000001,3.708,25.0,0.0194069870946501,undisturbed,UNSODA lab comment: undisturbed samples,0.0622454565608452,0.4445607246668179,0.0149953127973149,1.01,0.9799999999999996,0.0167542453418644
UNSODA_4671,UNSODA_P467,silt loam,0.0419185270696692,1.359453629501375,2.4128936060378994e-15,0.4037408507482489,18.500000000000007,72.5,9.0,0.5112083333333334,45.0,0.0159389104864124,undisturbed,UNSODA lab comment: undisturbed samples,0.0799752131219585,0.406213376316436,0.0114748147815867,1.01,0.9799999999999984,0.0141081946256158
UNSODA_4672,UNSODA_P467,silt loam,0.0742446177973838,1.1501046475234835,1.2518363150879122e-08,0.3912320666054973,18.500000000000007,63.5,18.0,0.1007916666666666,80.0,0.0041090003663429,undisturbed,UNSODA lab comment: undisturbed samples,1.3038341405125041e-08,0.3924408868912311,0.0631427940644353,1.010000000000702,0.1559209101320489,0.0038161624435023
UNSODA_4673,UNSODA_P467,silt loam,0.0177324243663183,1.7540836516227565,0.112820864559866,0.4013228478047495,18.75,67.25,14.000000000000002,0.1803749999999999,120.0,0.0104543713078617,undisturbed,UNSODA lab comment: undisturbed samples,0.1311801251734961,0.403887533588156,0.0090386313315234,1.314131205421836,0.98,0.0088689359372794
UNSODA_4680,UNSODA_P468,clay,0.0549340997890471,1.1212345454691457,8.938682971873913e-12,0.5501990439615282,14.774999999999991,37.92500000000001,47.3,160.20000000000002,22.5,0.0032458665795488,undisturbed,UNSODA lab comment: undisturbed samples,8.580719017221716e-11,0.551296517977946,0.048146919930593,1.01,0.1248761190657768,0.0027964418112867
UNSODA_4681,UNSODA_P468,clay,0.019494738321657,1.1348599460029902,3.7848490863133633e-16,0.5705405770174742,13.324999999999998,32.275,54.400000000000006,69.48,37.5,0.0063137505158835,undisturbed,UNSODA lab comment: undisturbed samples,2.897549345346521e-13,0.5713443277059523,0.0154213167165435,1.01,0.1448129248484931,0.0056793048741484
UNSODA_4690,UNSODA_P469,silt loam,0.6034712282357222,1.3306395056138332,0.0477476909669351,0.3896807576343147,23.799999999999997,53.0,23.200000000000003,0.0442916666666666,12.5,0.0031311524871853,disturbed,UNSODA lab comment: packed or disturbed samples,7.409765483627773e-33,0.3459169856016987,0.554494305095777,4.155348026260487,0.0564528181312641,0.0030363493104784
UNSODA_4700,UNSODA_P470,silty clay loam,0.1500213695166728,5.950169164529032,0.2221392892235645,0.3232121812826847,11.6,55.3,33.10000000000001,0.0335833333333333,12.5,0.0016992577649908,disturbed,UNSODA lab comment: packed or disturbed samples,0.1727198721319267,0.3220566707292849,0.1943725103727591,10.99999896927493,0.121595254380816,0.0011253854048978
UNSODA_4710,UNSODA_P471,loam,0.220566469320102,2.503993585188825,0.0940296697490215,0.3701312503740834,50.8,36.4,12.8,0.1466666666666666,12.5,0.0034026889114208,unknown,no preparation stated in UNSODA or GSHP,0.1004875208688152,0.3777189528838314,0.1906790597488651,2.1848249969318743,0.8358668488048674,0.0033905725524583
UNSODA_4720,UNSODA_P472,sand,0.927622017896986,2.9993559095485844,0.0340000009999999,0.9999999939984632,90.9,4.5,4.6,0.36,12.5,0.0223714252700749,disturbed,UNSODA lab comment: packed or disturbed samples,0.0340000009999999,0.1802144722075214,0.3478661718334004,10.999999159965952,0.2025117532086485,0.0222087590615753
UNSODA_4770,UNSODA_P477,loam,0.3104851653910592,1.9763821729645268,0.5606625307188119,0.7777049799114432,43.833333333333336,32.166666666666664,24.0,,37.5,0.0081635758309275,disturbed,UNSODA lab comment: packed or disturbed samples,0.5190389755724417,0.7700469654214747,0.5346719612596785,10.999999999999568,0.0438571644001461,0.0041114384959848
UNSODA_4780,UNSODA_P478,loam,0.3237286463345877,2.4839831614204617,0.4980000009999999,0.837266422526527,42.333333333333336,31.666666666666664,26.0,39.583333333333336,54.0,0.0100684190898512,disturbed,UNSODA lab comment: packed or disturbed samples,0.4980000009999993,0.8258048272338041,0.4265446959319776,4.993925355170072,0.2343682789508389,0.0076045515040394
UNSODA_4790,UNSODA_P479,sandy clay loam,0.1472179758395173,3.3442228087121415,0.1470000009999997,0.5136169147315759,61.66666666666667,11.333333333333334,27.0,1.475,17.5,0.0082716543671681,disturbed,UNSODA lab comment: packed or disturbed samples,0.1052311691051912,0.5042045984141653,0.2172793820367831,7.811474175597102,0.1435109306795544,0.0014199939477989
UNSODA_4791,UNSODA_P479,sandy clay loam,0.1104431338370202,3.669841944608824,0.1349117543815794,0.4535751360678183,64.99999999999999,12.000000000000002,23.0,,,0.0041737558691433,disturbed,UNSODA lab comment: packed or disturbed samples,0.112289688301427,0.4501873042397077,0.1420848970819982,5.158009889092883,0.3085311609902584,0.0021967908258723
UNSODA_4800,UNSODA_P480,loam,0.1836072284685585,2.3151479389778125,0.3734030601204027,0.646930538110014,43.833333333333336,32.166666666666664,24.0,,17.5,0.0089324357603655,disturbed,UNSODA lab comment: packed or disturbed samples,0.3165087093503851,0.6347616103630765,0.3061453927557286,10.999999999999991,0.0534317571461054,0.0049049297451304
UNSODA_4801,UNSODA_P480,loam,0.1419261835916703,1.8849378219815267,0.2103878640534174,0.59054960725752,43.833333333333336,32.166666666666664,24.0,,27.5,0.0055786656620834,disturbed,UNSODA lab comment: packed or disturbed samples,0.1903072236937316,0.5897641652449969,0.1620888229434096,2.0165020020123645,0.365237413141837,0.0055461465559221
